Phi[deg],Theta[deg],dB(GainTotal),Array_Data
-180,-180,16.0906,"1,1,1,0,0,0,0,1,0,1,1,1,0,0,1;1,1,0,1,1,0,0,1,0,1,0,1,0,0,0;1,0,1,0,1,0,1,0,0,1,1,0,0,0,1;0,0,1,1,1,1,0,0,0,1,1,0,0,0,0;1,1,1,1,1,1,1,1,1,0,1,0,0,0,1;0,0,1,0,0,1,0,1,1,0,0,1,1,1,1;0,1,0,0,0,0,0,0,1,0,1,0,1,1,0;0,0,0,1,1,0,1,0,0,1,0,0,0,0,0;0,0,1,0,0,1,0,1,0,0,1,1,0,1,1;0,1,0,1,1,1,0,0,0,0,1,1,0,0,0;1,0,0,1,0,0,0,0,1,0,0,0,1,0,1;1,0,0,1,0,0,0,1,1,0,1,0,0,1,0;0,0,1,1,1,0,0,1,1,1,0,0,1,1,0;1,1,0,1,1,0,0,0,0,1,0,1,0,0,1;0,1,0,0,1,1,1,0,0,0,0,1,0,1,1"
-178,-180,16.0906,
-176,-180,16.0906,
-174,-180,16.0906,
-172,-180,16.0906,
-170,-180,16.0906,
-168,-180,16.0906,
-166,-180,16.0906,
-164,-180,16.0906,
-162,-180,16.0906,
-160,-180,16.0906,
-158,-180,16.0906,
-156,-180,16.0906,
-154,-180,16.0906,
-152,-180,16.0906,
-150,-180,16.0906,
-148,-180,16.0906,
-146,-180,16.0906,
-144,-180,16.0906,
-142,-180,16.0906,
-140,-180,16.0906,
-138,-180,16.0906,
-136,-180,16.0906,
-134,-180,16.0906,
-132,-180,16.0906,
-130,-180,16.0906,
-128,-180,16.0906,
-126,-180,16.0906,
-124,-180,16.0906,
-122,-180,16.0906,
-120,-180,16.0906,
-118,-180,16.0906,
-116,-180,16.0906,
-114,-180,16.0906,
-112,-180,16.0906,
-110,-180,16.0906,
-108,-180,16.0906,
-106,-180,16.0906,
-104,-180,16.0906,
-102,-180,16.0906,
-100,-180,16.0906,
-98,-180,16.0906,
-96,-180,16.0906,
-94,-180,16.0906,
-92,-180,16.0906,
-90,-180,16.0906,
-88,-180,16.0906,
-86,-180,16.0906,
-84,-180,16.0906,
-82,-180,16.0906,
-80,-180,16.0906,
-78,-180,16.0906,
-76,-180,16.0906,
-74,-180,16.0906,
-72,-180,16.0906,
-70,-180,16.0906,
-68,-180,16.0906,
-66,-180,16.0906,
-64,-180,16.0906,
-62,-180,16.0906,
-60,-180,16.0906,
-58,-180,16.0906,
-56,-180,16.0906,
-54,-180,16.0906,
-52,-180,16.0906,
-50,-180,16.0906,
-48,-180,16.0906,
-46,-180,16.0906,
-44,-180,16.0906,
-42,-180,16.0906,
-40,-180,16.0906,
-38,-180,16.0906,
-36,-180,16.0906,
-34,-180,16.0906,
-32,-180,16.0906,
-30,-180,16.0906,
-28,-180,16.0906,
-26,-180,16.0906,
-24,-180,16.0906,
-22,-180,16.0906,
-20,-180,16.0906,
-18,-180,16.0906,
-16,-180,16.0906,
-14,-180,16.0906,
-12,-180,16.0906,
-10,-180,16.0906,
-8,-180,16.0906,
-6,-180,16.0906,
-4,-180,16.0906,
-2,-180,16.0906,
0,-180,16.0906,
2,-180,16.0906,
4,-180,16.0906,
6,-180,16.0906,
8,-180,16.0906,
10,-180,16.0906,
12,-180,16.0906,
14,-180,16.0906,
16,-180,16.0906,
18,-180,16.0906,
20,-180,16.0906,
22,-180,16.0906,
24,-180,16.0906,
26,-180,16.0906,
28,-180,16.0906,
30,-180,16.0906,
32,-180,16.0906,
34,-180,16.0906,
36,-180,16.0906,
38,-180,16.0906,
40,-180,16.0906,
42,-180,16.0906,
44,-180,16.0906,
46,-180,16.0906,
48,-180,16.0906,
50,-180,16.0906,
52,-180,16.0906,
54,-180,16.0906,
56,-180,16.0906,
58,-180,16.0906,
60,-180,16.0906,
62,-180,16.0906,
64,-180,16.0906,
66,-180,16.0906,
68,-180,16.0906,
70,-180,16.0906,
72,-180,16.0906,
74,-180,16.0906,
76,-180,16.0906,
78,-180,16.0906,
80,-180,16.0906,
82,-180,16.0906,
84,-180,16.0906,
86,-180,16.0906,
88,-180,16.0906,
90,-180,16.0906,
92,-180,16.0906,
94,-180,16.0906,
96,-180,16.0906,
98,-180,16.0906,
100,-180,16.0906,
102,-180,16.0906,
104,-180,16.0906,
106,-180,16.0906,
108,-180,16.0906,
110,-180,16.0906,
112,-180,16.0906,
114,-180,16.0906,
116,-180,16.0906,
118,-180,16.0906,
120,-180,16.0906,
122,-180,16.0906,
124,-180,16.0906,
126,-180,16.0906,
128,-180,16.0906,
130,-180,16.0906,
132,-180,16.0906,
134,-180,16.0906,
136,-180,16.0906,
138,-180,16.0906,
140,-180,16.0906,
142,-180,16.0906,
144,-180,16.0906,
146,-180,16.0906,
148,-180,16.0906,
150,-180,16.0906,
152,-180,16.0906,
154,-180,16.0906,
156,-180,16.0906,
158,-180,16.0906,
160,-180,16.0906,
162,-180,16.0906,
164,-180,16.0906,
166,-180,16.0906,
168,-180,16.0906,
170,-180,16.0906,
172,-180,16.0906,
174,-180,16.0906,
176,-180,16.0906,
178,-180,16.0906,
180,-180,16.0906,
-180,-178,13.5863,
-178,-178,13.5704,
-176,-178,13.555,
-174,-178,13.5402,
-172,-178,13.5259,
-170,-178,13.5123,
-168,-178,13.4992,
-166,-178,13.4866,
-164,-178,13.4745,
-162,-178,13.4629,
-160,-178,13.4518,
-158,-178,13.441,
-156,-178,13.4306,
-154,-178,13.4204,
-152,-178,13.4105,
-150,-178,13.4009,
-148,-178,13.3915,
-146,-178,13.3822,
-144,-178,13.3732,
-142,-178,13.3643,
-140,-178,13.3556,
-138,-178,13.3471,
-136,-178,13.339,
-134,-178,13.3311,
-132,-178,13.3237,
-130,-178,13.3167,
-128,-178,13.3104,
-126,-178,13.3047,
-124,-178,13.2997,
-122,-178,13.2957,
-120,-178,13.2927,
-118,-178,13.2909,
-116,-178,13.2903,
-114,-178,13.2911,
-112,-178,13.2933,
-110,-178,13.2972,
-108,-178,13.3028,
-106,-178,13.3102,
-104,-178,13.3194,
-102,-178,13.3306,
-100,-178,13.3436,
-98,-178,13.3586,
-96,-178,13.3755,
-94,-178,13.3944,
-92,-178,13.415,
-90,-178,13.4375,
-88,-178,13.4616,
-86,-178,13.4872,
-84,-178,13.5142,
-82,-178,13.5425,
-80,-178,13.5718,
-78,-178,13.602,
-76,-178,13.6328,
-74,-178,13.6641,
-72,-178,13.6956,
-70,-178,13.7271,
-68,-178,13.7584,
-66,-178,13.7892,
-64,-178,13.8194,
-62,-178,13.8487,
-60,-178,13.877,
-58,-178,13.904,
-56,-178,13.9295,
-54,-178,13.9535,
-52,-178,13.9758,
-50,-178,13.9963,
-48,-178,14.0148,
-46,-178,14.0314,
-44,-178,14.0459,
-42,-178,14.0583,
-40,-178,14.0686,
-38,-178,14.0768,
-36,-178,14.083,
-34,-178,14.0872,
-32,-178,14.0894,
-30,-178,14.0898,
-28,-178,14.0884,
-26,-178,14.0853,
-24,-178,14.0807,
-22,-178,14.0747,
-20,-178,14.0674,
-18,-178,14.059,
-16,-178,14.0495,
-14,-178,14.0392,
-12,-178,14.0281,
-10,-178,14.0164,
-8,-178,14.0042,
-6,-178,13.9916,
-4,-178,13.9787,
-2,-178,13.9656,
0,-178,13.9523,
2,-178,13.9391,
4,-178,13.9258,
6,-178,13.9126,
8,-178,13.8994,
10,-178,13.8864,
12,-178,13.8735,
14,-178,13.8606,
16,-178,13.8479,
18,-178,13.8354,
20,-178,13.8228,
22,-178,13.8104,
24,-178,13.798,
26,-178,13.7856,
28,-178,13.7733,
30,-178,13.7609,
32,-178,13.7485,
34,-178,13.7361,
36,-178,13.7237,
38,-178,13.7113,
40,-178,13.6989,
42,-178,13.6866,
44,-178,13.6743,
46,-178,13.6622,
48,-178,13.6503,
50,-178,13.6387,
52,-178,13.6274,
54,-178,13.6166,
56,-178,13.6063,
58,-178,13.5967,
60,-178,13.5878,
62,-178,13.5798,
64,-178,13.5727,
66,-178,13.5666,
68,-178,13.5617,
70,-178,13.558,
72,-178,13.5556,
74,-178,13.5547,
76,-178,13.5551,
78,-178,13.557,
80,-178,13.5604,
82,-178,13.5654,
84,-178,13.5718,
86,-178,13.5797,
88,-178,13.589,
90,-178,13.5996,
92,-178,13.6115,
94,-178,13.6246,
96,-178,13.6386,
98,-178,13.6536,
100,-178,13.6693,
102,-178,13.6855,
104,-178,13.7021,
106,-178,13.7189,
108,-178,13.7358,
110,-178,13.7524,
112,-178,13.7687,
114,-178,13.7844,
116,-178,13.7994,
118,-178,13.8135,
120,-178,13.8265,
122,-178,13.8383,
124,-178,13.8487,
126,-178,13.8576,
128,-178,13.8649,
130,-178,13.8706,
132,-178,13.8746,
134,-178,13.8767,
136,-178,13.8771,
138,-178,13.8757,
140,-178,13.8725,
142,-178,13.8675,
144,-178,13.8609,
146,-178,13.8527,
148,-178,13.8429,
150,-178,13.8318,
152,-178,13.8193,
154,-178,13.8057,
156,-178,13.7911,
158,-178,13.7755,
160,-178,13.7593,
162,-178,13.7424,
164,-178,13.7251,
166,-178,13.7075,
168,-178,13.6898,
170,-178,13.672,
172,-178,13.6543,
174,-178,13.6368,
176,-178,13.6195,
178,-178,13.6027,
180,-178,13.5863,
-180,-176,3.62947,
-178,-176,3.61607,
-176,-176,3.62689,
-174,-176,3.6597,
-172,-176,3.71171,
-170,-176,3.77977,
-168,-176,3.86042,
-166,-176,3.95008,
-164,-176,4.04515,
-162,-176,4.14209,
-160,-176,4.23748,
-158,-176,4.32813,
-156,-176,4.41105,
-154,-176,4.48353,
-152,-176,4.54313,
-150,-176,4.58768,
-148,-176,4.61529,
-146,-176,4.62437,
-144,-176,4.61358,
-142,-176,4.58187,
-140,-176,4.52845,
-138,-176,4.45283,
-136,-176,4.35478,
-134,-176,4.23438,
-132,-176,4.09203,
-130,-176,3.92848,
-128,-176,3.74484,
-126,-176,3.54267,
-124,-176,3.32397,
-122,-176,3.09127,
-120,-176,2.84768,
-118,-176,2.59689,
-116,-176,2.34325,
-114,-176,2.09176,
-112,-176,1.84802,
-110,-176,1.61816,
-108,-176,1.40866,
-106,-176,1.22617,
-104,-176,1.07716,
-102,-176,0.967577,
-100,-176,0.902506,
-98,-176,0.885781,
-96,-176,0.919725,
-94,-176,1.00499,
-92,-176,1.14052,
-90,-176,1.3237,
-88,-176,1.55053,
-86,-176,1.81595,
-84,-176,2.11418,
-82,-176,2.43898,
-80,-176,2.78401,
-78,-176,3.14298,
-76,-176,3.50991,
-74,-176,3.87919,
-72,-176,4.24568,
-70,-176,4.60479,
-68,-176,4.95243,
-66,-176,5.28504,
-64,-176,5.59959,
-62,-176,5.89347,
-60,-176,6.16457,
-58,-176,6.41112,
-56,-176,6.63175,
-54,-176,6.82543,
-52,-176,6.99142,
-50,-176,7.12928,
-48,-176,7.23884,
-46,-176,7.32019,
-44,-176,7.37364,
-42,-176,7.39978,
-40,-176,7.39942,
-38,-176,7.37362,
-36,-176,7.32367,
-34,-176,7.25114,
-32,-176,7.15781,
-30,-176,7.04573,
-28,-176,6.91721,
-26,-176,6.77478,
-24,-176,6.62121,
-22,-176,6.45945,
-20,-176,6.29263,
-18,-176,6.12398,
-16,-176,5.95678,
-14,-176,5.79427,
-12,-176,5.63959,
-10,-176,5.49564,
-8,-176,5.36505,
-6,-176,5.24999,
-4,-176,5.1522,
-2,-176,5.07282,
0,-176,5.01244,
2,-176,4.97104,
4,-176,4.94799,
6,-176,4.94214,
8,-176,4.95186,
10,-176,4.97509,
12,-176,5.0095,
14,-176,5.05251,
16,-176,5.10142,
18,-176,5.15347,
20,-176,5.20595,
22,-176,5.25621,
24,-176,5.30175,
26,-176,5.34023,
28,-176,5.36951,
30,-176,5.38766,
32,-176,5.39298,
34,-176,5.38401,
36,-176,5.35952,
38,-176,5.31852,
40,-176,5.26029,
42,-176,5.18434,
44,-176,5.09044,
46,-176,4.97864,
48,-176,4.84929,
50,-176,4.70304,
52,-176,4.54086,
54,-176,4.36412,
56,-176,4.17456,
58,-176,3.97437,
60,-176,3.7662,
62,-176,3.55318,
64,-176,3.33896,
66,-176,3.12765,
68,-176,2.92382,
70,-176,2.73238,
72,-176,2.55847,
74,-176,2.40723,
76,-176,2.28362,
78,-176,2.19211,
80,-176,2.1364,
82,-176,2.11921,
84,-176,2.14208,
86,-176,2.20525,
88,-176,2.30772,
90,-176,2.44729,
92,-176,2.62078,
94,-176,2.82424,
96,-176,3.05317,
98,-176,3.30277,
100,-176,3.56811,
102,-176,3.8443,
104,-176,4.1266,
106,-176,4.41052,
108,-176,4.69186,
110,-176,4.96677,
112,-176,5.23173,
114,-176,5.4836,
116,-176,5.71956,
118,-176,5.93716,
120,-176,6.13427,
122,-176,6.30906,
124,-176,6.46004,
126,-176,6.58596,
128,-176,6.68589,
130,-176,6.75915,
132,-176,6.80533,
134,-176,6.82427,
136,-176,6.81611,
138,-176,6.78121,
140,-176,6.72025,
142,-176,6.63418,
144,-176,6.52425,
146,-176,6.39203,
148,-176,6.23944,
150,-176,6.06872,
152,-176,5.88249,
154,-176,5.6837,
156,-176,5.47565,
158,-176,5.26197,
160,-176,5.04654,
162,-176,4.83343,
164,-176,4.62682,
166,-176,4.43084,
168,-176,4.24947,
170,-176,4.08633,
172,-176,3.94457,
174,-176,3.82668,
176,-176,3.7344,
178,-176,3.66865,
180,-176,3.62947,
-180,-174,0.880769,
-178,-174,0.664983,
-176,-174,0.355836,
-174,-174,-0.042036,
-172,-174,-0.523079,
-170,-174,-1.07976,
-168,-174,-1.70114,
-166,-174,-2.37121,
-164,-174,-3.0671,
-162,-174,-3.75817,
-160,-174,-4.40743,
-158,-174,-4.97704,
-156,-174,-5.4381,
-154,-174,-5.78123,
-152,-174,-6.02182,
-150,-174,-6.19616,
-148,-174,-6.3516,
-146,-174,-6.53668,
-144,-174,-6.7953,
-142,-174,-7.16478,
-140,-174,-7.6755,
-138,-174,-8.34864,
-136,-174,-9.18619,
-134,-174,-10.1414,
-132,-174,-11.0517,
-130,-174,-11.5624,
-128,-174,-11.2566,
-126,-174,-10.0981,
-124,-174,-8.47876,
-122,-174,-6.77557,
-120,-174,-5.17241,
-118,-174,-3.72788,
-116,-174,-2.44838,
-114,-174,-1.32299,
-112,-174,-0.336842,
-110,-174,0.524318,
-108,-174,1.27274,
-106,-174,1.91849,
-104,-174,2.4696,
-102,-174,2.93235,
-100,-174,3.31143,
-98,-174,3.61022,
-96,-174,3.83086,
-94,-174,3.97441,
-92,-174,4.04089,
-90,-174,4.02934,
-88,-174,3.93784,
-86,-174,3.76349,
-84,-174,3.50242,
-82,-174,3.14978,
-80,-174,2.69978,
-78,-174,2.14591,
-76,-174,1.48134,
-74,-174,0.700096,
-72,-174,-0.200446,
-70,-174,-1.21428,
-68,-174,-2.31615,
-66,-174,-3.44306,
-64,-174,-4.47163,
-62,-174,-5.21931,
-60,-174,-5.52177,
-58,-174,-5.36132,
-56,-174,-4.88687,
-54,-174,-4.29535,
-52,-174,-3.73465,
-50,-174,-3.28966,
-48,-174,-3.00365,
-46,-174,-2.89928,
-44,-174,-2.99166,
-42,-174,-3.29599,
-40,-174,-3.83248,
-38,-174,-4.6306,
-36,-174,-5.73353,
-34,-174,-7.20159,
-32,-174,-9.10207,
-30,-174,-11.4136,
-28,-174,-13.5418,
-26,-174,-13.6854,
-24,-174,-11.6068,
-22,-174,-9.15095,
-20,-174,-7.06697,
-18,-174,-5.40777,
-16,-174,-4.10402,
-14,-174,-3.08818,
-12,-174,-2.30957,
-10,-174,-1.73181,
-8,-174,-1.32886,
-6,-174,-1.08196,
-4,-174,-0.977606,
-2,-174,-1.00612,
0,-174,-1.16073,
2,-174,-1.43683,
4,-174,-1.83144,
6,-174,-2.34253,
8,-174,-2.96826,
10,-174,-3.70573,
12,-174,-4.54893,
14,-174,-5.48538,
16,-174,-6.49081,
18,-174,-7.5221,
20,-174,-8.5113,
22,-174,-9.36923,
24,-174,-10.0102,
26,-174,-10.395,
28,-174,-10.5584,
30,-174,-10.5924,
32,-174,-10.6046,
34,-174,-10.6878,
36,-174,-10.9144,
38,-174,-11.3429,
40,-174,-12.0266,
42,-174,-13.0182,
44,-174,-14.3544,
46,-174,-15.9572,
48,-174,-17.2802,
50,-174,-17.0462,
52,-174,-15.0076,
54,-174,-12.4324,
56,-174,-10.0456,
58,-174,-7.98326,
60,-174,-6.2185,
62,-174,-4.70146,
64,-174,-3.38859,
66,-174,-2.24606,
68,-174,-1.24821,
70,-174,-0.375606,
72,-174,0.386584,
74,-174,1.04971,
76,-174,1.62249,
78,-174,2.11152,
80,-174,2.52176,
82,-174,2.85679,
84,-174,3.11903,
86,-174,3.30993,
88,-174,3.4301,
90,-174,3.47942,
92,-174,3.45718,
94,-174,3.36216,
96,-174,3.19283,
98,-174,2.94752,
100,-174,2.62478,
102,-174,2.22384,
104,-174,1.74543,
106,-174,1.19293,
108,-174,0.574271,
110,-174,-0.0956564,
112,-174,-0.791955,
114,-174,-1.47745,
116,-174,-2.10369,
118,-174,-2.61898,
120,-174,-2.98448,
122,-174,-3.19183,
124,-174,-3.26962,
126,-174,-3.27354,
128,-174,-3.26873,
130,-174,-3.31622,
132,-174,-3.46816,
134,-174,-3.76969,
136,-174,-4.26436,
138,-174,-5.00176,
140,-174,-6.04839,
142,-174,-7.50615,
144,-174,-9.54838,
146,-174,-12.4909,
148,-174,-16.7517,
150,-174,-19.4342,
152,-174,-15.0438,
154,-174,-10.83,
156,-174,-7.84139,
158,-174,-5.63557,
160,-174,-3.9443,
162,-174,-2.61915,
164,-174,-1.57224,
166,-174,-0.74797,
168,-174,-0.109152,
170,-174,0.370105,
172,-174,0.70842,
174,-174,0.919501,
176,-174,1.01363,
178,-174,0.99867,
180,-174,0.880769,
-180,-172,3.32864,
-178,-172,2.82086,
-176,-172,2.2117,
-174,-172,1.49941,
-172,-172,0.682112,
-170,-172,-0.240746,
-168,-172,-1.2656,
-166,-172,-2.37971,
-164,-172,-3.55261,
-162,-172,-4.7243,
-160,-172,-5.79637,
-158,-172,-6.64485,
-156,-172,-7.17403,
-154,-172,-7.38384,
-152,-172,-7.37704,
-150,-172,-7.29767,
-148,-172,-7.27256,
-146,-172,-7.3944,
-144,-172,-7.73107,
-142,-172,-8.34065,
-140,-172,-9.28338,
-138,-172,-10.6224,
-136,-172,-12.3757,
-134,-172,-14.2464,
-132,-172,-14.9418,
-130,-172,-13.2973,
-128,-172,-10.6345,
-126,-172,-8.12822,
-124,-172,-6.01181,
-122,-172,-4.24994,
-120,-172,-2.77461,
-118,-172,-1.52793,
-116,-172,-0.465489,
-114,-172,0.446549,
-112,-172,1.2343,
-110,-172,1.91824,
-108,-172,2.51458,
-106,-172,3.03618,
-104,-172,3.49307,
-102,-172,3.89283,
-100,-172,4.24089,
-98,-172,4.54066,
-96,-172,4.79372,
-94,-172,4.99994,
-92,-172,5.15766,
-90,-172,5.26375,
-88,-172,5.31376,
-86,-172,5.30194,
-84,-172,5.22133,
-82,-172,5.06367,
-80,-172,4.81939,
-78,-172,4.47748,
-76,-172,4.02529,
-74,-172,3.44843,
-72,-172,2.73079,
-70,-172,1.85507,
-68,-172,0.80492,
-66,-172,-0.428774,
-64,-172,-1.83131,
-62,-172,-3.32516,
-60,-172,-4.70268,
-58,-172,-5.60616,
-56,-172,-5.7612,
-54,-172,-5.30423,
-52,-172,-4.62714,
-50,-172,-4.03675,
-48,-172,-3.68958,
-46,-172,-3.66071,
-44,-172,-4.00175,
-42,-172,-4.77418,
-40,-172,-6.07219,
-38,-172,-8.03262,
-36,-172,-10.7029,
-34,-172,-12.8604,
-32,-172,-11.2116,
-30,-172,-7.72418,
-28,-172,-4.74368,
-26,-172,-2.43709,
-24,-172,-0.649763,
-22,-172,0.745227,
-20,-172,1.83306,
-18,-172,2.67087,
-16,-172,3.29815,
-14,-172,3.74299,
-12,-172,4.02588,
-10,-172,4.16199,
-8,-172,4.16258,
-6,-172,4.03592,
-4,-172,3.78786,
-2,-172,3.42221,
0,-172,2.94094,
2,-172,2.34441,
4,-172,1.63143,
6,-172,0.799562,
8,-172,-0.154479,
10,-172,-1.23388,
12,-172,-2.43975,
14,-172,-3.76714,
16,-172,-5.1974,
18,-172,-6.68521,
20,-172,-8.14214,
22,-172,-9.43236,
24,-172,-10.4147,
26,-172,-11.0372,
28,-172,-11.3926,
30,-172,-11.663,
32,-172,-12.0296,
34,-172,-12.6383,
36,-172,-13.6083,
38,-172,-15.0329,
40,-172,-16.8595,
42,-172,-18.2756,
44,-172,-17.3659,
46,-172,-14.5324,
48,-172,-11.5932,
50,-172,-9.0835,
52,-172,-6.99848,
54,-172,-5.25765,
56,-172,-3.79023,
58,-172,-2.54262,
60,-172,-1.47454,
62,-172,-0.554885,
64,-172,0.241261,
66,-172,0.934527,
68,-172,1.54247,
70,-172,2.08022,
72,-172,2.56084,
74,-172,2.99528,
76,-172,3.39234,
78,-172,3.75843,
80,-172,4.09749,
82,-172,4.41096,
84,-172,4.69794,
86,-172,4.95543,
88,-172,5.17873,
90,-172,5.36185,
92,-172,5.49786,
94,-172,5.57919,
96,-172,5.59783,
98,-172,5.54544,
100,-172,5.41339,
102,-172,5.19271,
104,-172,4.87414,
106,-172,4.44812,
108,-172,3.90506,
110,-172,3.23588,
112,-172,2.43339,
114,-172,1.49513,
116,-172,0.428957,
118,-172,-0.736892,
120,-172,-1.93886,
122,-172,-3.06595,
124,-172,-3.97619,
126,-172,-4.56899,
128,-172,-4.87039,
130,-172,-5.02915,
132,-172,-5.23276,
134,-172,-5.64777,
136,-172,-6.41987,
138,-172,-7.7093,
140,-172,-9.74307,
142,-172,-12.8094,
144,-172,-15.9821,
146,-172,-13.8532,
148,-172,-9.45229,
150,-172,-6.02827,
152,-172,-3.46785,
154,-172,-1.50067,
156,-172,0.0409104,
158,-172,1.25898,
160,-172,2.219,
162,-172,2.9653,
164,-172,3.52923,
166,-172,3.93376,
168,-172,4.1961,
170,-172,4.32938,
172,-172,4.34355,
174,-172,4.2461,
176,-172,4.04239,
178,-172,3.73595,
180,-172,3.32864,
-180,-170,-4.42048,
-178,-170,-5.26243,
-176,-170,-6.21004,
-174,-170,-7.32504,
-172,-170,-8.70256,
-170,-170,-10.4911,
-168,-170,-12.9439,
-166,-170,-16.5387,
-164,-170,-21.7448,
-162,-170,-21.7258,
-160,-170,-16.341,
-158,-170,-12.5933,
-156,-170,-10.0581,
-154,-170,-8.28281,
-152,-170,-7.04515,
-150,-170,-6.2312,
-148,-170,-5.78161,
-146,-170,-5.66855,
-144,-170,-5.88547,
-142,-170,-6.44195,
-140,-170,-7.35839,
-138,-170,-8.6494,
-136,-170,-10.2581,
-134,-170,-11.8419,
-132,-170,-12.489,
-130,-170,-11.5487,
-128,-170,-9.77076,
-126,-170,-8.01118,
-124,-170,-6.56192,
-122,-170,-5.45737,
-120,-170,-4.66816,
-118,-170,-4.15708,
-116,-170,-3.89103,
-114,-170,-3.84151,
-112,-170,-3.98218,
-110,-170,-4.28532,
-108,-170,-4.71737,
-106,-170,-5.23372,
-104,-170,-5.77383,
-102,-170,-6.26035,
-100,-170,-6.60819,
-98,-170,-6.74709,
-96,-170,-6.64768,
-94,-170,-6.33051,
-92,-170,-5.85022,
-90,-170,-5.27061,
-88,-170,-4.64837,
-86,-170,-4.02912,
-84,-170,-3.44974,
-82,-170,-2.94199,
-80,-170,-2.53518,
-78,-170,-2.25784,
-76,-170,-2.13883,
-74,-170,-2.20821,
-72,-170,-2.49767,
-70,-170,-3.03914,
-68,-170,-3.8568,
-66,-170,-4.93767,
-64,-170,-6.14268,
-62,-170,-7.03278,
-60,-170,-6.9324,
-58,-170,-5.73916,
-56,-170,-4.09753,
-54,-170,-2.54229,
-52,-170,-1.2779,
-50,-170,-0.351683,
-48,-170,0.23524,
-46,-170,0.487931,
-44,-170,0.40452,
-42,-170,-0.0289953,
-40,-170,-0.842266,
-38,-170,-2.08267,
-36,-170,-3.80551,
-34,-170,-5.99256,
-32,-170,-8.1502,
-30,-170,-8.66066,
-28,-170,-6.96596,
-26,-170,-4.75502,
-24,-170,-2.89957,
-22,-170,-1.50361,
-20,-170,-0.50869,
-18,-170,0.152089,
-16,-170,0.531024,
-14,-170,0.666455,
-12,-170,0.58627,
-10,-170,0.310794,
-8,-170,-0.14523,
-6,-170,-0.771399,
-4,-170,-1.56102,
-2,-170,-2.51105,
0,-170,-3.62272,
2,-170,-4.90313,
4,-170,-6.36806,
6,-170,-8.04626,
8,-170,-9.98381,
10,-170,-12.2393,
12,-170,-14.8193,
14,-170,-17.3335,
16,-170,-18.2814,
18,-170,-16.8177,
20,-170,-14.5752,
22,-170,-12.5868,
24,-170,-11.0232,
26,-170,-9.85455,
28,-170,-9.03461,
30,-170,-8.53054,
32,-170,-8.32254,
34,-170,-8.39813,
36,-170,-8.74194,
38,-170,-9.31429,
40,-170,-10.0047,
42,-170,-10.5586,
44,-170,-10.5819,
46,-170,-9.83262,
48,-170,-8.50966,
50,-170,-7.00268,
52,-170,-5.57391,
54,-170,-4.33421,
56,-170,-3.31536,
58,-170,-2.51838,
60,-170,-1.93487,
62,-170,-1.55509,
64,-170,-1.37064,
66,-170,-1.37478,
68,-170,-1.5616,
70,-170,-1.92372,
72,-170,-2.44765,
74,-170,-3.10467,
76,-170,-3.83458,
78,-170,-4.52361,
80,-170,-4.99603,
82,-170,-5.06787,
84,-170,-4.66949,
86,-170,-3.90417,
88,-170,-2.95646,
90,-170,-1.98069,
92,-170,-1.06858,
94,-170,-0.265218,
96,-170,0.409409,
98,-170,0.946161,
100,-170,1.339,
102,-170,1.58109,
104,-170,1.66286,
106,-170,1.57082,
108,-170,1.28681,
110,-170,0.787243,
112,-170,0.042882,
114,-170,-0.97927,
116,-170,-2.30547,
118,-170,-3.91426,
120,-170,-5.60622,
122,-170,-6.77051,
124,-170,-6.65638,
126,-170,-5.483,
128,-170,-4.0793,
130,-170,-2.90799,
132,-170,-2.10036,
134,-170,-1.6728,
136,-170,-1.61597,
138,-170,-1.91868,
140,-170,-2.56688,
142,-170,-3.52306,
144,-170,-4.66955,
146,-170,-5.70245,
148,-170,-6.11479,
150,-170,-5.61724,
152,-170,-4.52281,
154,-170,-3.31532,
156,-170,-2.2631,
158,-170,-1.4539,
160,-170,-0.897409,
162,-170,-0.577187,
164,-170,-0.469764,
166,-170,-0.550567,
168,-170,-0.795183,
170,-170,-1.17925,
172,-170,-1.67839,
174,-170,-2.26892,
176,-170,-2.93011,
178,-170,-3.648,
180,-170,-4.42048,
-180,-168,-4.80943,
-178,-168,-4.35317,
-176,-168,-4.17121,
-174,-168,-4.25912,
-172,-168,-4.63391,
-170,-168,-5.33689,
-168,-168,-6.44274,
-166,-168,-8.07877,
-164,-168,-10.4555,
-162,-168,-13.8009,
-160,-168,-16.8285,
-158,-168,-14.6993,
-156,-168,-10.848,
-154,-168,-7.9397,
-152,-168,-5.88228,
-150,-168,-4.44701,
-148,-168,-3.49147,
-146,-168,-2.93058,
-144,-168,-2.71002,
-142,-168,-2.78899,
-140,-168,-3.12563,
-138,-168,-3.66018,
-136,-168,-4.29438,
-134,-168,-4.87896,
-132,-168,-5.24419,
-130,-168,-5.29506,
-128,-168,-5.08899,
-126,-168,-4.79077,
-124,-168,-4.56911,
-122,-168,-4.54604,
-120,-168,-4.80206,
-118,-168,-5.39807,
-116,-168,-6.39528,
-114,-168,-7.86915,
-112,-168,-9.90231,
-110,-168,-12.4475,
-108,-168,-14.581,
-106,-168,-14.0805,
-104,-168,-11.6678,
-102,-168,-9.33893,
-100,-168,-7.54535,
-98,-168,-6.24338,
-96,-168,-5.34658,
-94,-168,-4.79313,
-92,-168,-4.54841,
-90,-168,-4.60102,
-88,-168,-4.96066,
-86,-168,-5.65841,
-84,-168,-6.74925,
-82,-168,-8.31217,
-80,-168,-10.4202,
-78,-168,-12.9238,
-76,-168,-14.6186,
-74,-168,-13.7591,
-72,-168,-11.6802,
-70,-168,-9.96171,
-68,-168,-8.93595,
-66,-168,-8.59859,
-64,-168,-8.89438,
-62,-168,-9.65891,
-60,-168,-10.3058,
-58,-168,-9.71248,
-56,-168,-7.7134,
-54,-168,-5.37701,
-52,-168,-3.3575,
-50,-168,-1.80472,
-48,-168,-0.71087,
-46,-168,-0.041542,
-44,-168,0.232662,
-42,-168,0.130761,
-40,-168,-0.337635,
-38,-168,-1.16901,
-36,-168,-2.35869,
-34,-168,-3.88277,
-32,-168,-5.65352,
-30,-168,-7.43308,
-28,-168,-8.78769,
-26,-168,-9.37031,
-24,-168,-9.3448,
-22,-168,-9.1523,
-20,-168,-9.07903,
-18,-168,-9.19829,
-16,-168,-9.44393,
-14,-168,-9.65969,
-12,-168,-9.65759,
-10,-168,-9.32344,
-8,-168,-8.69473,
-6,-168,-7.91346,
-4,-168,-7.12356,
-2,-168,-6.42173,
0,-168,-5.86153,
2,-168,-5.47215,
4,-168,-5.27353,
6,-168,-5.28597,
8,-168,-5.53641,
10,-168,-6.06395,
12,-168,-6.92674,
14,-168,-8.21167,
16,-168,-10.0425,
18,-168,-12.53,
20,-168,-15.229,
22,-168,-15.4855,
24,-168,-12.6683,
26,-168,-9.73044,
28,-168,-7.45956,
30,-168,-5.78674,
32,-168,-4.58627,
34,-168,-3.76585,
36,-168,-3.26051,
38,-168,-3.02024,
40,-168,-2.99967,
42,-168,-3.14888,
44,-168,-3.40533,
46,-168,-3.68961,
48,-168,-3.91259,
50,-168,-3.99994,
52,-168,-3.92491,
54,-168,-3.72193,
56,-168,-3.46693,
58,-168,-3.24398,
60,-168,-3.12383,
62,-168,-3.15919,
64,-168,-3.38929,
66,-168,-3.84683,
68,-168,-4.56442,
70,-168,-5.57938,
72,-168,-6.93433,
74,-168,-8.66104,
76,-168,-10.6938,
78,-168,-12.5592,
80,-168,-13.0721,
82,-168,-11.8123,
84,-168,-9.93869,
86,-168,-8.2429,
88,-168,-6.90206,
90,-168,-5.8982,
92,-168,-5.17469,
94,-168,-4.66939,
96,-168,-4.31775,
98,-168,-4.05309,
100,-168,-3.81317,
102,-168,-3.55524,
104,-168,-3.27277,
106,-168,-3.00146,
108,-168,-2.80971,
110,-168,-2.78289,
112,-168,-3.01415,
114,-168,-3.60833,
116,-168,-4.70202,
118,-168,-6.5116,
120,-168,-9.45049,
122,-168,-14.326,
124,-168,-17.8093,
126,-168,-12.0248,
128,-168,-7.73148,
130,-168,-5.07467,
132,-168,-3.40961,
134,-168,-2.43482,
136,-168,-1.99547,
138,-168,-1.99747,
140,-168,-2.36543,
142,-168,-3.01163,
144,-168,-3.80696,
146,-168,-4.56975,
148,-168,-5.1186,
150,-168,-5.39327,
152,-168,-5.51093,
154,-168,-5.67621,
156,-168,-6.07522,
158,-168,-6.8509,
160,-168,-8.13053,
162,-168,-10.0624,
164,-168,-12.8013,
166,-168,-15.9584,
168,-168,-16.3924,
170,-168,-13.3842,
172,-168,-10.4428,
174,-168,-8.2585,
176,-168,-6.6845,
178,-168,-5.56757,
180,-168,-4.80943,
-180,-166,-7.10014,
-178,-166,-6.44635,
-176,-166,-5.87095,
-174,-166,-5.49921,
-172,-166,-5.40591,
-170,-166,-5.64971,
-168,-166,-6.30431,
-166,-166,-7.49182,
-164,-166,-9.43753,
-162,-166,-12.5664,
-160,-166,-17.047,
-158,-166,-16.3491,
-156,-166,-11.1388,
-154,-166,-7.37913,
-152,-166,-4.80544,
-150,-166,-3.02121,
-148,-166,-1.8205,
-146,-166,-1.09453,
-144,-166,-0.784052,
-142,-166,-0.857159,
-140,-166,-1.29723,
-138,-166,-2.09307,
-136,-166,-3.22453,
-134,-166,-4.63376,
-132,-166,-6.17217,
-130,-166,-7.55185,
-128,-166,-8.44983,
-126,-166,-8.8226,
-124,-166,-8.97193,
-122,-166,-9.23283,
-120,-166,-9.78101,
-118,-166,-10.6171,
-116,-166,-11.5404,
-114,-166,-12.1263,
-112,-166,-11.9988,
-110,-166,-11.2835,
-108,-166,-10.4208,
-106,-166,-9.72083,
-104,-166,-9.29646,
-102,-166,-9.14979,
-100,-166,-9.22659,
-98,-166,-9.43237,
-96,-166,-9.63714,
-94,-166,-9.69928,
-92,-166,-9.52772,
-90,-166,-9.14547,
-88,-166,-8.68356,
-86,-166,-8.31519,
-84,-166,-8.2056,
-82,-166,-8.50726,
-80,-166,-9.38278,
-78,-166,-11.0233,
-76,-166,-13.4826,
-74,-166,-15.1807,
-72,-166,-12.8464,
-70,-166,-9.30476,
-68,-166,-6.58056,
-66,-166,-4.7268,
-64,-166,-3.6,
-62,-166,-3.10683,
-60,-166,-3.20293,
-58,-166,-3.8713,
-56,-166,-5.08148,
-54,-166,-6.66797,
-52,-166,-8.03957,
-50,-166,-8.22592,
-48,-166,-7.22747,
-46,-166,-6.00037,
-44,-166,-5.10764,
-42,-166,-4.67581,
-40,-166,-4.67515,
-38,-166,-5.02814,
-36,-166,-5.63759,
-34,-166,-6.40163,
-32,-166,-7.2354,
-30,-166,-8.0863,
-28,-166,-8.91136,
-26,-166,-9.61386,
-24,-166,-10.0133,
-22,-166,-9.96714,
-20,-166,-9.56219,
-18,-166,-9.07184,
-16,-166,-8.74764,
-14,-166,-8.71735,
-12,-166,-8.97217,
-10,-166,-9.33642,
-8,-166,-9.4418,
-6,-166,-8.92916,
-4,-166,-7.84469,
-2,-166,-6.56734,
0,-166,-5.41592,
2,-166,-4.53808,
4,-166,-3.97931,
6,-166,-3.74618,
8,-166,-3.83885,
10,-166,-4.26856,
12,-166,-5.07283,
14,-166,-6.33861,
16,-166,-8.25249,
18,-166,-11.2459,
20,-166,-16.5977,
22,-166,-27.0891,
24,-166,-16.2202,
26,-166,-10.4379,
28,-166,-7.06584,
30,-166,-4.82611,
32,-166,-3.28789,
34,-166,-2.25797,
36,-166,-1.63493,
38,-166,-1.36064,
40,-166,-1.40065,
42,-166,-1.73526,
44,-166,-2.35503,
46,-166,-3.25804,
48,-166,-4.44682,
50,-166,-5.92159,
52,-166,-7.66109,
54,-166,-9.56958,
56,-166,-11.3632,
58,-166,-12.5043,
60,-166,-12.607,
62,-166,-11.9649,
64,-166,-11.1288,
66,-166,-10.4188,
68,-166,-9.95121,
70,-166,-9.75689,
72,-166,-9.83792,
74,-166,-10.1835,
76,-166,-10.7675,
78,-166,-11.535,
80,-166,-12.3823,
82,-166,-13.1427,
84,-166,-13.6202,
86,-166,-13.6939,
88,-166,-13.4048,
90,-166,-12.9098,
92,-166,-12.3738,
94,-166,-11.9134,
96,-166,-11.5848,
98,-166,-11.3675,
100,-166,-11.126,
102,-166,-10.6033,
104,-166,-9.57735,
106,-166,-8.10946,
108,-166,-6.49919,
110,-166,-5.0309,
112,-166,-3.87308,
114,-166,-3.11237,
116,-166,-2.80216,
118,-166,-2.99509,
120,-166,-3.76712,
122,-166,-5.24803,
124,-166,-7.68069,
126,-166,-11.5426,
128,-166,-17.0985,
130,-166,-16.852,
132,-166,-12.5157,
134,-166,-10.0602,
136,-166,-9.02583,
138,-166,-8.99741,
140,-166,-9.71482,
142,-166,-10.8529,
144,-166,-11.8376,
146,-166,-12.1158,
148,-166,-11.8801,
150,-166,-11.799,
152,-166,-12.3415,
154,-166,-13.6949,
156,-166,-15.5478,
158,-166,-16.0461,
160,-166,-13.92,
162,-166,-11.3273,
164,-166,-9.38737,
166,-166,-8.16399,
168,-166,-7.54074,
170,-166,-7.38481,
172,-166,-7.53863,
174,-166,-7.7891,
176,-166,-7.88196,
178,-166,-7.64146,
180,-166,-7.10014,
-180,-164,-4.94932,
-178,-164,-3.6383,
-176,-164,-3.04482,
-174,-164,-3.02047,
-172,-164,-3.48162,
-170,-164,-4.37864,
-168,-164,-5.68111,
-166,-164,-7.36402,
-164,-164,-9.34496,
-162,-164,-11.1772,
-160,-164,-11.4911,
-158,-164,-9.55898,
-156,-164,-6.83634,
-154,-164,-4.34919,
-152,-164,-2.32551,
-150,-164,-0.769455,
-148,-164,0.349545,
-146,-164,1.05851,
-144,-164,1.37472,
-142,-164,1.30519,
-140,-164,0.846403,
-138,-164,-0.0168813,
-136,-164,-1.31506,
-134,-164,-3.10134,
-132,-164,-5.46882,
-130,-164,-8.58485,
-128,-164,-12.6912,
-126,-164,-16.973,
-124,-164,-15.8691,
-122,-164,-12.0146,
-120,-164,-9.02328,
-118,-164,-6.88059,
-116,-164,-5.40114,
-114,-164,-4.50756,
-112,-164,-4.19189,
-110,-164,-4.50016,
-108,-164,-5.55022,
-106,-164,-7.60189,
-104,-164,-11.2718,
-102,-164,-17.7083,
-100,-164,-16.1866,
-98,-164,-10.0921,
-96,-164,-6.61322,
-94,-164,-4.56261,
-92,-164,-3.40811,
-90,-164,-2.90428,
-88,-164,-2.91109,
-86,-164,-3.32339,
-84,-164,-4.03753,
-82,-164,-4.94559,
-80,-164,-5.97072,
-78,-164,-7.13458,
-76,-164,-8.57866,
-74,-164,-10.3773,
-72,-164,-11.6667,
-70,-164,-10.2461,
-68,-164,-7.0862,
-66,-164,-4.2248,
-64,-164,-2.08746,
-62,-164,-0.629217,
-60,-164,0.233448,
-58,-164,0.563471,
-56,-164,0.404271,
-54,-164,-0.21252,
-52,-164,-1.26023,
-50,-164,-2.71336,
-48,-164,-4.55079,
-46,-164,-6.7711,
-44,-164,-9.4114,
-42,-164,-12.4844,
-40,-164,-15.4307,
-38,-164,-16.1318,
-36,-164,-14.3348,
-34,-164,-12.1662,
-32,-164,-10.1679,
-30,-164,-8.17872,
-28,-164,-6.15477,
-26,-164,-4.2519,
-24,-164,-2.65526,
-22,-164,-1.4861,
-20,-164,-0.813092,
-18,-164,-0.689823,
-16,-164,-1.19049,
-14,-164,-2.45392,
-12,-164,-4.77363,
-10,-164,-8.83192,
-8,-164,-14.9916,
-6,-164,-11.2379,
-4,-164,-5.89999,
-2,-164,-2.74694,
0,-164,-0.827988,
2,-164,0.288569,
4,-164,0.804404,
6,-164,0.822399,
8,-164,0.39509,
10,-164,-0.456327,
12,-164,-1.73616,
14,-164,-3.47651,
16,-164,-5.74059,
18,-164,-8.5715,
20,-164,-11.5015,
22,-164,-12.1234,
24,-164,-9.66508,
26,-164,-6.84828,
28,-164,-4.57418,
30,-164,-2.8441,
32,-164,-1.56892,
34,-164,-0.679084,
36,-164,-0.125296,
38,-164,0.129121,
40,-164,0.113383,
42,-164,-0.147835,
44,-164,-0.632502,
46,-164,-1.31927,
48,-164,-2.18411,
50,-164,-3.19341,
52,-164,-4.29013,
54,-164,-5.371,
56,-164,-6.26818,
58,-164,-6.78718,
60,-164,-6.84116,
62,-164,-6.55405,
64,-164,-6.1776,
66,-164,-5.94919,
68,-164,-6.04483,
70,-164,-6.60259,
72,-164,-7.75549,
74,-164,-9.61928,
76,-164,-11.9746,
78,-164,-12.9192,
80,-164,-10.7249,
82,-164,-7.87667,
84,-164,-5.68505,
86,-164,-4.21823,
88,-164,-3.37909,
90,-164,-3.09338,
92,-164,-3.3209,
94,-164,-4.0468,
96,-164,-5.27137,
98,-164,-6.9949,
100,-164,-9.18259,
102,-164,-11.6645,
104,-164,-13.8598,
106,-164,-14.5188,
108,-164,-13.0362,
110,-164,-10.5424,
112,-164,-8.0774,
114,-164,-6.03467,
116,-164,-4.52544,
118,-164,-3.5708,
120,-164,-3.16341,
122,-164,-3.28057,
124,-164,-3.87072,
126,-164,-4.81376,
128,-164,-5.87026,
130,-164,-6.72523,
132,-164,-7.24619,
134,-164,-7.65634,
136,-164,-8.30288,
138,-164,-9.38754,
140,-164,-10.8491,
142,-164,-12.2894,
144,-164,-13.2733,
146,-164,-14.1187,
148,-164,-15.7915,
150,-164,-18.7204,
152,-164,-17.4372,
154,-164,-11.9609,
156,-164,-7.89696,
158,-164,-5.21291,
160,-164,-3.54346,
162,-164,-2.69649,
164,-164,-2.59483,
166,-164,-3.24889,
168,-164,-4.76969,
170,-164,-7.43002,
172,-164,-11.6645,
174,-164,-14.9705,
176,-164,-11.0267,
178,-164,-7.25621,
180,-164,-4.94932,
-180,-162,-5.07847,
-178,-162,-4.15382,
-176,-162,-3.90253,
-174,-162,-4.21341,
-172,-162,-5.02538,
-170,-162,-6.2765,
-168,-162,-7.82375,
-166,-162,-9.3108,
-164,-162,-10.1484,
-162,-162,-9.97452,
-160,-162,-8.9831,
-158,-162,-7.4697,
-156,-162,-5.62937,
-154,-162,-3.68416,
-152,-162,-1.8628,
-150,-162,-0.322595,
-148,-162,0.857599,
-146,-162,1.64759,
-144,-162,2.0399,
-142,-162,2.03541,
-140,-162,1.63717,
-138,-162,0.849461,
-136,-162,-0.320026,
-134,-162,-1.85692,
-132,-162,-3.74261,
-130,-162,-5.97669,
-128,-162,-8.61905,
-126,-162,-11.6636,
-124,-162,-13.6326,
-122,-162,-11.5339,
-120,-162,-8.08467,
-118,-162,-5.3689,
-116,-162,-3.52524,
-114,-162,-2.45939,
-112,-162,-2.12196,
-110,-162,-2.53474,
-108,-162,-3.8124,
-106,-162,-6.20683,
-104,-162,-9.91638,
-102,-162,-11.6128,
-100,-162,-7.56139,
-98,-162,-3.85832,
-96,-162,-1.39463,
-94,-162,0.171487,
-92,-162,1.06303,
-90,-162,1.3971,
-88,-162,1.22993,
-86,-162,0.581473,
-84,-162,-0.548041,
-82,-162,-2.15619,
-80,-162,-4.19185,
-78,-162,-6.46983,
-76,-162,-8.65936,
-74,-162,-10.7012,
-72,-162,-13.4777,
-70,-162,-19.7099,
-68,-162,-21.3279,
-66,-162,-11.1811,
-64,-162,-6.07757,
-62,-162,-2.91507,
-60,-162,-0.875337,
-58,-162,0.371068,
-56,-162,0.996977,
-54,-162,1.11199,
-52,-162,0.796072,
-50,-162,0.111297,
-48,-162,-0.895291,
-46,-162,-2.18509,
-44,-162,-3.69969,
-42,-162,-5.3038,
-40,-162,-6.76887,
-38,-162,-7.9707,
-36,-162,-9.17432,
-34,-162,-10.8332,
-32,-162,-12.3431,
-30,-162,-10.4972,
-28,-162,-6.54736,
-26,-162,-3.25948,
-24,-162,-0.94757,
-22,-162,0.526407,
-20,-162,1.27459,
-18,-162,1.34745,
-16,-162,0.732129,
-14,-162,-0.668977,
-12,-162,-3.11379,
-10,-162,-7.25947,
-8,-162,-14.1903,
-6,-162,-11.6456,
-4,-162,-5.94127,
-2,-162,-2.74024,
0,-162,-0.8659,
2,-162,0.174144,
4,-162,0.594421,
6,-162,0.493547,
8,-162,-0.0894146,
10,-162,-1.15238,
12,-162,-2.71798,
14,-162,-4.81102,
16,-162,-7.35527,
18,-162,-9.74022,
20,-162,-10.3276,
22,-162,-8.77172,
24,-162,-6.65325,
26,-162,-4.73702,
28,-162,-3.14562,
30,-162,-1.87707,
32,-162,-0.921212,
34,-162,-0.267773,
36,-162,0.0984951,
38,-162,0.200007,
40,-162,0.0659923,
42,-162,-0.268856,
44,-162,-0.765832,
46,-162,-1.38365,
48,-162,-2.08051,
50,-162,-2.81748,
52,-162,-3.56055,
54,-162,-4.27399,
56,-162,-4.89937,
58,-162,-5.3365,
60,-162,-5.47612,
62,-162,-5.30446,
64,-162,-4.96846,
66,-162,-4.70561,
68,-162,-4.74401,
70,-162,-5.28018,
72,-162,-6.52084,
74,-162,-8.74501,
76,-162,-12.1236,
78,-162,-13.7696,
80,-162,-9.95256,
82,-162,-6.13066,
84,-162,-3.46531,
86,-162,-1.67601,
88,-162,-0.55219,
90,-162,0.0168745,
92,-162,0.0790519,
94,-162,-0.360878,
96,-162,-1.33339,
98,-162,-2.9015,
100,-162,-5.14955,
102,-162,-8.09942,
104,-162,-11.2879,
106,-162,-13.1046,
108,-162,-13.1643,
110,-162,-13.312,
112,-162,-14.15,
114,-162,-14.1226,
116,-162,-11.6323,
118,-162,-8.61569,
120,-162,-6.30837,
122,-162,-4.76471,
124,-162,-3.80077,
126,-162,-3.2127,
128,-162,-2.8341,
130,-162,-2.58658,
132,-162,-2.49141,
134,-162,-2.61208,
136,-162,-2.97128,
138,-162,-3.49919,
140,-162,-4.06124,
142,-162,-4.60628,
144,-162,-5.33096,
146,-162,-6.69777,
148,-162,-9.51965,
150,-162,-16.097,
152,-162,-19.4912,
154,-162,-9.42195,
156,-162,-4.86684,
158,-162,-2.34205,
160,-162,-1.00708,
162,-162,-0.563002,
164,-162,-0.902061,
166,-162,-2.0286,
168,-162,-4.06213,
170,-162,-7.2928,
172,-162,-11.9876,
174,-162,-13.9733,
176,-162,-10.0097,
178,-162,-6.89799,
180,-162,-5.07847,
-180,-160,-11.2792,
-178,-160,-12.6046,
-176,-160,-14.0322,
-174,-160,-14.5323,
-172,-160,-13.5182,
-170,-160,-11.9545,
-168,-160,-10.6809,
-166,-160,-9.92022,
-164,-160,-9.68161,
-162,-160,-9.95249,
-160,-160,-10.6913,
-158,-160,-11.543,
-156,-160,-11.2868,
-154,-160,-9.11678,
-152,-160,-6.30972,
-150,-160,-3.89694,
-148,-160,-2.11454,
-146,-160,-0.955692,
-144,-160,-0.376303,
-142,-160,-0.335585,
-140,-160,-0.79419,
-138,-160,-1.69244,
-136,-160,-2.90376,
-134,-160,-4.17632,
-132,-160,-5.18379,
-130,-160,-5.82501,
-128,-160,-6.41402,
-126,-160,-7.42327,
-124,-160,-9.21496,
-122,-160,-11.6606,
-120,-160,-12.5179,
-118,-160,-10.1428,
-116,-160,-7.56335,
-114,-160,-5.96279,
-112,-160,-5.36088,
-110,-160,-5.70866,
-108,-160,-7.04858,
-106,-160,-9.48414,
-104,-160,-12.4466,
-102,-160,-12.1156,
-100,-160,-8.66941,
-98,-160,-5.71631,
-96,-160,-3.65339,
-94,-160,-2.28119,
-92,-160,-1.44805,
-90,-160,-1.07276,
-88,-160,-1.12502,
-86,-160,-1.61235,
-84,-160,-2.57147,
-82,-160,-4.05111,
-80,-160,-6.0379,
-78,-160,-8.16746,
-76,-160,-9.29061,
-74,-160,-8.78885,
-72,-160,-7.91322,
-70,-160,-7.70396,
-68,-160,-8.4983,
-66,-160,-10.0977,
-64,-160,-10.5834,
-62,-160,-8.05628,
-60,-160,-4.98007,
-58,-160,-2.67793,
-56,-160,-1.16995,
-54,-160,-0.295848,
-52,-160,0.0882398,
-50,-160,0.0950953,
-48,-160,-0.182076,
-46,-160,-0.640957,
-44,-160,-1.13489,
-42,-160,-1.49378,
-40,-160,-1.6626,
-38,-160,-1.82271,
-36,-160,-2.31403,
-34,-160,-3.50554,
-32,-160,-5.77424,
-30,-160,-9.1769,
-28,-160,-10.1522,
-26,-160,-6.51977,
-24,-160,-3.3926,
-22,-160,-1.49218,
-20,-160,-0.539545,
-18,-160,-0.330559,
-16,-160,-0.752195,
-14,-160,-1.75755,
-12,-160,-3.36051,
-10,-160,-5.64691,
-8,-160,-8.78061,
-6,-160,-12.7482,
-4,-160,-15.1896,
-2,-160,-13.0575,
0,-160,-10.3234,
2,-160,-8.40811,
4,-160,-7.17914,
6,-160,-6.47525,
8,-160,-6.22817,
10,-160,-6.43655,
12,-160,-7.13848,
14,-160,-8.39458,
16,-160,-10.2698,
18,-160,-12.7277,
20,-160,-14.9922,
22,-160,-14.6887,
24,-160,-11.9814,
26,-160,-9.15531,
28,-160,-6.87156,
30,-160,-5.16286,
32,-160,-3.98305,
34,-160,-3.28299,
36,-160,-3.01279,
38,-160,-3.11926,
40,-160,-3.54596,
42,-160,-4.23152,
44,-160,-5.09485,
46,-160,-5.99759,
48,-160,-6.71846,
50,-160,-7.05745,
52,-160,-7.06184,
54,-160,-7.03925,
56,-160,-7.32846,
58,-160,-8.17004,
60,-160,-9.7077,
62,-160,-11.9383,
64,-160,-14.3415,
66,-160,-15.4688,
68,-160,-15.0603,
70,-160,-14.7002,
72,-160,-15.2882,
74,-160,-17.0734,
76,-160,-19.4175,
78,-160,-18.5648,
80,-160,-14.7155,
82,-160,-11.2634,
84,-160,-8.58737,
86,-160,-6.49953,
88,-160,-4.87215,
90,-160,-3.65298,
92,-160,-2.83525,
94,-160,-2.43765,
96,-160,-2.49394,
98,-160,-3.04353,
100,-160,-4.10479,
102,-160,-5.58163,
104,-160,-7.02796,
106,-160,-7.60407,
108,-160,-7.15916,
110,-160,-6.58009,
112,-160,-6.56865,
114,-160,-7.37647,
116,-160,-8.89446,
118,-160,-10.1509,
120,-160,-9.42915,
122,-160,-7.34064,
124,-160,-5.35272,
126,-160,-3.8116,
128,-160,-2.6566,
130,-160,-1.82166,
132,-160,-1.28788,
134,-160,-1.02777,
136,-160,-0.944983,
138,-160,-0.882172,
140,-160,-0.743978,
142,-160,-0.63196,
144,-160,-0.808296,
146,-160,-1.56744,
148,-160,-3.19015,
150,-160,-5.91149,
152,-160,-9.09718,
154,-160,-8.84296,
156,-160,-5.98821,
158,-160,-3.92612,
160,-160,-2.95634,
162,-160,-2.87402,
164,-160,-3.49947,
166,-160,-4.66739,
168,-160,-6.16258,
170,-160,-7.66286,
172,-160,-8.80555,
174,-160,-9.46207,
176,-160,-9.87058,
178,-160,-10.3907,
180,-160,-11.2792,
-180,-158,-1.68928,
-178,-158,-2.32864,
-176,-158,-3.98017,
-174,-158,-6.88858,
-172,-158,-11.2187,
-170,-158,-13.474,
-168,-158,-10.2555,
-166,-158,-7.55441,
-164,-158,-6.14462,
-162,-158,-5.65844,
-160,-158,-5.86774,
-158,-158,-6.70667,
-156,-158,-8.25979,
-154,-158,-10.6982,
-152,-158,-13.6565,
-150,-158,-14.03,
-148,-158,-11.342,
-146,-158,-9.10177,
-144,-158,-8.03196,
-142,-158,-8.08677,
-140,-158,-9.27985,
-138,-158,-11.7784,
-136,-158,-15.4558,
-134,-158,-16.1698,
-132,-158,-12.5868,
-130,-158,-9.84883,
-128,-158,-8.50871,
-126,-158,-8.39936,
-124,-158,-9.51976,
-122,-158,-12.0729,
-120,-158,-16.1709,
-118,-158,-18.043,
-116,-158,-14.8502,
-114,-158,-12.5568,
-112,-158,-11.8865,
-110,-158,-12.6005,
-108,-158,-14.6024,
-106,-158,-17.8085,
-104,-158,-21.5685,
-102,-158,-23.9221,
-100,-158,-22.7933,
-98,-158,-18.0706,
-96,-158,-13.2146,
-94,-158,-9.51689,
-92,-158,-6.92243,
-90,-158,-5.24804,
-88,-158,-4.3561,
-86,-158,-4.15525,
-84,-158,-4.58844,
-82,-158,-5.62861,
-80,-158,-7.27625,
-78,-158,-9.49655,
-76,-158,-11.7841,
-74,-158,-12.3063,
-72,-158,-10.5774,
-70,-158,-8.70712,
-68,-158,-7.67448,
-66,-158,-7.64761,
-64,-158,-8.59286,
-62,-158,-10.0347,
-60,-158,-10.2199,
-58,-158,-8.21043,
-56,-158,-5.79647,
-54,-158,-3.91819,
-52,-158,-2.63032,
-50,-158,-1.82521,
-48,-158,-1.38286,
-46,-158,-1.14833,
-44,-158,-0.914912,
-42,-158,-0.528142,
-40,-158,-0.0523768,
-38,-158,0.251911,
-36,-158,0.102205,
-34,-158,-0.72357,
-32,-158,-2.41319,
-30,-158,-5.14051,
-28,-158,-8.67823,
-26,-158,-10.1804,
-24,-158,-7.86117,
-22,-158,-5.38335,
-20,-158,-3.71444,
-18,-158,-2.77104,
-16,-158,-2.4983,
-14,-158,-2.9299,
-12,-158,-4.12966,
-10,-158,-6.03132,
-8,-158,-7.83911,
-6,-158,-7.76422,
-4,-158,-6.20708,
-2,-158,-4.93389,
0,-158,-4.54904,
2,-158,-5.1662,
4,-158,-6.88442,
6,-158,-9.88445,
8,-158,-13.9071,
10,-158,-15.0627,
12,-158,-12.4937,
14,-158,-10.6276,
16,-158,-9.97622,
18,-158,-10.2995,
20,-158,-11.452,
22,-158,-13.454,
24,-158,-16.4232,
26,-158,-19.1193,
28,-158,-17.0584,
30,-158,-13.3328,
32,-158,-10.6152,
34,-158,-8.82514,
36,-158,-7.67002,
38,-158,-6.95531,
40,-158,-6.62908,
42,-158,-6.78247,
44,-158,-7.60336,
46,-158,-9.30235,
48,-158,-11.805,
50,-158,-13.2594,
52,-158,-11.4742,
54,-158,-9.17352,
56,-158,-7.85061,
58,-158,-7.54258,
60,-158,-8.07092,
62,-158,-9.1738,
64,-158,-10.4448,
66,-158,-11.4556,
68,-158,-12.1244,
70,-158,-12.6596,
72,-158,-13.0862,
74,-158,-13.2428,
76,-158,-13.2958,
78,-158,-13.8969,
80,-158,-16.0286,
82,-158,-22.1631,
84,-158,-25.1967,
86,-158,-14.2914,
88,-158,-9.26638,
90,-158,-6.26437,
92,-158,-4.37876,
94,-158,-3.24412,
96,-158,-2.67564,
98,-158,-2.58562,
100,-158,-2.96225,
102,-158,-3.85442,
104,-158,-5.32765,
106,-158,-7.3076,
108,-158,-9.12461,
110,-158,-9.52061,
112,-158,-8.82085,
114,-158,-8.44554,
116,-158,-9.05012,
118,-158,-10.7112,
120,-158,-12.5985,
122,-158,-12.1536,
124,-158,-9.55522,
126,-158,-6.98379,
128,-158,-4.93338,
130,-158,-3.38063,
132,-158,-2.27354,
134,-158,-1.51014,
136,-158,-0.898966,
138,-158,-0.250944,
140,-158,0.433709,
142,-158,0.940144,
144,-158,1.00791,
146,-158,0.447606,
148,-158,-0.841179,
150,-158,-2.82063,
152,-158,-5.06336,
154,-158,-6.48814,
156,-158,-6.5969,
158,-158,-6.34432,
160,-158,-6.4343,
162,-158,-6.97911,
164,-158,-7.97906,
166,-158,-9.55171,
168,-158,-11.5292,
170,-158,-11.6271,
172,-158,-8.52101,
174,-158,-5.33385,
176,-158,-3.15049,
178,-158,-1.96176,
180,-158,-1.68928,
-180,-156,-1.04548,
-178,-156,-1.67627,
-176,-156,-3.31476,
-174,-156,-6.08921,
-172,-156,-9.83769,
-170,-156,-11.6142,
-168,-156,-9.38391,
-166,-156,-7.19523,
-164,-156,-5.92526,
-162,-156,-5.2364,
-160,-156,-4.79879,
-158,-156,-4.50232,
-156,-156,-4.45877,
-154,-156,-4.84195,
-152,-156,-5.72996,
-150,-156,-6.97814,
-148,-156,-8.08496,
-146,-156,-8.40674,
-144,-156,-7.90381,
-142,-156,-7.05422,
-140,-156,-6.21427,
-138,-156,-5.57753,
-136,-156,-5.28541,
-134,-156,-5.42177,
-132,-156,-5.98165,
-130,-156,-6.88017,
-128,-156,-8.03425,
-126,-156,-9.48629,
-124,-156,-11.3643,
-122,-156,-13.2629,
-120,-156,-13.2717,
-118,-156,-11.2596,
-116,-156,-9.47852,
-114,-156,-8.82015,
-112,-156,-9.54651,
-110,-156,-12.027,
-108,-156,-16.2339,
-106,-156,-15.0629,
-104,-156,-10.5295,
-102,-156,-8.02677,
-100,-156,-7.32907,
-98,-156,-8.30705,
-96,-156,-11.1186,
-94,-156,-13.8864,
-92,-156,-10.4988,
-90,-156,-6.69668,
-88,-156,-4.55761,
-86,-156,-3.75099,
-84,-156,-4.03973,
-82,-156,-5.29667,
-80,-156,-7.37425,
-78,-156,-9.91024,
-76,-156,-12.3469,
-74,-156,-14.8335,
-72,-156,-18.5695,
-70,-156,-20.3961,
-68,-156,-15.2491,
-66,-156,-11.6482,
-64,-156,-10.0869,
-62,-156,-10.1716,
-60,-156,-11.8533,
-58,-156,-15.1762,
-56,-156,-17.1874,
-54,-156,-13.4424,
-52,-156,-9.82171,
-50,-156,-7.49931,
-48,-156,-6.0474,
-46,-156,-4.97946,
-44,-156,-3.84268,
-42,-156,-2.52951,
-40,-156,-1.34836,
-38,-156,-0.657958,
-36,-156,-0.661545,
-34,-156,-1.43123,
-32,-156,-2.95229,
-30,-156,-5.13606,
-28,-156,-7.81692,
-26,-156,-10.3516,
-24,-156,-10.1685,
-22,-156,-7.10195,
-20,-156,-4.25403,
-18,-156,-2.5037,
-16,-156,-1.90341,
-14,-156,-2.49166,
-12,-156,-4.46358,
-10,-156,-8.23427,
-8,-156,-12.2655,
-6,-156,-9.08655,
-4,-156,-5.47261,
-2,-156,-3.63817,
0,-156,-3.14409,
2,-156,-3.76758,
4,-156,-5.50582,
6,-156,-8.58107,
8,-156,-13.5229,
10,-156,-18.9519,
12,-156,-16.1661,
14,-156,-13.0452,
16,-156,-11.4645,
18,-156,-10.5395,
20,-156,-9.78564,
22,-156,-9.20691,
24,-156,-9.02081,
26,-156,-9.31005,
28,-156,-9.78924,
30,-156,-9.7236,
32,-156,-8.6196,
34,-156,-6.91713,
36,-156,-5.20995,
38,-156,-3.78338,
40,-156,-2.78435,
42,-156,-2.34104,
44,-156,-2.58389,
46,-156,-3.65018,
48,-156,-5.68234,
50,-156,-8.69961,
52,-156,-11.7348,
54,-156,-12.1953,
56,-156,-10.9993,
58,-156,-10.0773,
60,-156,-9.31693,
62,-156,-8.3363,
64,-156,-7.39046,
66,-156,-7.00504,
68,-156,-7.54019,
70,-156,-9.1284,
72,-156,-11.0848,
74,-156,-10.7137,
76,-156,-8.26941,
78,-156,-6.39363,
80,-156,-5.74487,
82,-156,-6.42208,
84,-156,-8.55065,
86,-156,-11.4538,
88,-156,-10.4464,
90,-156,-6.76099,
92,-156,-4.13542,
94,-156,-2.68579,
96,-156,-2.11414,
98,-156,-2.15668,
100,-156,-2.57168,
102,-156,-3.1862,
104,-156,-4.00754,
106,-156,-5.24851,
108,-156,-7.20627,
110,-156,-10.0157,
112,-156,-12.7972,
114,-156,-13.3195,
116,-156,-12.7093,
118,-156,-13.1749,
120,-156,-15.4665,
122,-156,-20.5414,
124,-156,-26.6762,
126,-156,-18.0614,
128,-156,-12.4919,
130,-156,-8.99538,
132,-156,-6.72077,
134,-156,-5.16322,
136,-156,-3.82016,
138,-156,-2.41124,
140,-156,-1.1162,
142,-156,-0.309388,
144,-156,-0.262612,
146,-156,-1.12501,
148,-156,-2.97059,
150,-156,-5.73742,
152,-156,-8.85357,
154,-156,-10.7664,
156,-156,-10.5004,
158,-156,-8.79189,
160,-156,-6.74622,
162,-156,-5.28219,
164,-156,-4.90419,
166,-156,-5.99043,
168,-156,-9.32107,
170,-156,-16.9612,
172,-156,-12.3966,
174,-156,-6.07108,
176,-156,-2.91699,
178,-156,-1.4068,
180,-156,-1.04548,
-180,-154,-7.21339,
-178,-154,-8.22963,
-176,-154,-9.65342,
-174,-154,-11.1559,
-172,-154,-12.0709,
-170,-154,-11.7819,
-168,-154,-10.5994,
-166,-154,-9.1579,
-164,-154,-7.68149,
-162,-154,-6.19941,
-160,-154,-4.83718,
-158,-154,-3.82247,
-156,-154,-3.36848,
-154,-154,-3.6208,
-152,-154,-4.65143,
-150,-154,-6.4094,
-148,-154,-8.53076,
-146,-154,-10.1201,
-144,-154,-10.3635,
-142,-154,-9.41213,
-140,-154,-7.88342,
-138,-154,-6.46381,
-136,-154,-5.66363,
-134,-154,-5.72567,
-132,-154,-6.70944,
-130,-154,-8.49666,
-128,-154,-10.6304,
-126,-154,-12.286,
-124,-154,-12.7933,
-122,-154,-11.5357,
-120,-154,-8.76718,
-118,-154,-5.98785,
-116,-154,-4.03966,
-114,-154,-3.15731,
-112,-154,-3.48001,
-110,-154,-5.28599,
-108,-154,-9.04207,
-106,-154,-11.8679,
-104,-154,-7.53885,
-102,-154,-4.08293,
-100,-154,-2.531,
-98,-154,-2.52242,
-96,-154,-4.07517,
-94,-154,-7.82631,
-92,-154,-17.1293,
-90,-154,-16.2115,
-88,-154,-8.50731,
-86,-154,-5.7344,
-84,-154,-5.04485,
-82,-154,-5.80615,
-80,-154,-7.71331,
-78,-154,-9.95178,
-76,-154,-10.7176,
-74,-154,-10.2498,
-72,-154,-10.4375,
-70,-154,-11.8451,
-68,-154,-13.0055,
-66,-154,-11.1852,
-64,-154,-8.56283,
-62,-154,-6.95608,
-60,-154,-6.45386,
-58,-154,-6.88885,
-56,-154,-8.10489,
-54,-154,-9.90061,
-52,-154,-11.8127,
-50,-154,-13.0563,
-48,-154,-13.1148,
-46,-154,-11.6504,
-44,-154,-8.93576,
-42,-154,-6.31703,
-40,-154,-4.65484,
-38,-154,-4.21797,
-36,-154,-5.09024,
-34,-154,-7.16566,
-32,-154,-9.40759,
-30,-154,-9.92559,
-28,-154,-10.0176,
-26,-154,-11.9264,
-24,-154,-14.979,
-22,-154,-11.1099,
-20,-154,-6.68271,
-18,-154,-4.41154,
-16,-154,-3.80862,
-14,-154,-4.64267,
-12,-154,-6.96983,
-10,-154,-11.1603,
-8,-154,-16.8374,
-6,-154,-15.7896,
-4,-154,-12.5545,
-2,-154,-11.2389,
0,-154,-11.3041,
2,-154,-12.3258,
4,-154,-13.9374,
6,-154,-15.5572,
8,-154,-16.3503,
10,-154,-15.9342,
12,-154,-14.6485,
14,-154,-12.8724,
16,-154,-10.8982,
18,-154,-9.03509,
20,-154,-7.55446,
22,-154,-6.64705,
24,-154,-6.43368,
26,-154,-6.96695,
28,-154,-8.14842,
30,-154,-9.44732,
32,-154,-9.75959,
34,-154,-8.70318,
36,-154,-7.09898,
38,-154,-5.55551,
40,-154,-4.35363,
42,-154,-3.72801,
44,-154,-3.90739,
46,-154,-5.12575,
48,-154,-7.68269,
50,-154,-11.9337,
52,-154,-16.4451,
54,-154,-15.4126,
56,-154,-13.1277,
58,-154,-10.9591,
60,-154,-8.12475,
62,-154,-5.44124,
64,-154,-3.64485,
66,-154,-2.96979,
68,-154,-3.58587,
70,-154,-5.94699,
72,-154,-11.7155,
74,-154,-19.585,
76,-154,-8.44733,
78,-154,-4.01299,
80,-154,-2.06689,
82,-154,-1.67829,
84,-154,-2.68602,
86,-154,-5.41059,
88,-154,-11.3233,
90,-154,-20.522,
92,-154,-9.7341,
94,-154,-5.45126,
96,-154,-3.63878,
98,-154,-3.18126,
100,-154,-3.57003,
102,-154,-4.30933,
104,-154,-4.88429,
106,-154,-5.21407,
108,-154,-5.76872,
110,-154,-7.04452,
112,-154,-9.23325,
114,-154,-11.8494,
116,-154,-13.2415,
118,-154,-12.9293,
120,-154,-12.2661,
122,-154,-11.781,
124,-154,-11.7432,
126,-154,-12.5834,
128,-154,-14.4184,
130,-154,-16.1707,
132,-154,-16.2056,
134,-154,-14.7644,
136,-154,-11.5486,
138,-154,-7.83953,
140,-154,-5.20296,
142,-154,-4.03449,
144,-154,-4.43887,
146,-154,-6.6767,
148,-154,-11.5731,
150,-154,-22.1061,
152,-154,-21.4081,
154,-154,-18.4052,
156,-154,-16.3205,
158,-154,-10.8657,
160,-154,-6.89405,
162,-154,-4.87147,
164,-154,-4.45205,
166,-154,-5.47518,
168,-154,-7.83944,
170,-154,-10.5863,
172,-154,-10.5451,
174,-154,-8.53758,
176,-154,-7.17871,
178,-154,-6.79846,
180,-154,-7.21339,
-180,-152,-12.2931,
-178,-152,-12.0988,
-176,-152,-12.8602,
-174,-152,-15.1285,
-172,-152,-16.6347,
-170,-152,-13.7964,
-168,-152,-10.642,
-166,-152,-8.62716,
-164,-152,-7.47101,
-162,-152,-6.84381,
-160,-152,-6.54945,
-158,-152,-6.59842,
-156,-152,-7.23252,
-154,-152,-8.88013,
-152,-152,-12.0086,
-150,-152,-14.932,
-148,-152,-12.3647,
-146,-152,-9.61553,
-144,-152,-8.9213,
-142,-152,-10.265,
-140,-152,-13.5013,
-138,-152,-15.8969,
-136,-152,-14.4551,
-134,-152,-14.0823,
-132,-152,-16.6452,
-130,-152,-19.6914,
-128,-152,-14.996,
-126,-152,-11.7519,
-124,-152,-11.2652,
-122,-152,-13.0562,
-120,-152,-13.205,
-118,-152,-8.50959,
-116,-152,-4.83137,
-114,-152,-2.9418,
-112,-152,-2.61932,
-110,-152,-3.86169,
-108,-152,-6.78323,
-106,-152,-9.48508,
-104,-152,-6.90675,
-102,-152,-3.79772,
-100,-152,-2.21711,
-98,-152,-1.94958,
-96,-152,-2.80076,
-94,-152,-4.69921,
-92,-152,-7.54283,
-90,-152,-10.3923,
-88,-152,-10.644,
-86,-152,-9.02538,
-84,-152,-7.91469,
-82,-152,-7.90327,
-80,-152,-9.13433,
-78,-152,-11.7723,
-76,-152,-15.326,
-74,-152,-15.7332,
-72,-152,-13.1953,
-70,-152,-11.3144,
-68,-152,-9.94058,
-66,-152,-8.43968,
-64,-152,-6.87253,
-62,-152,-5.65027,
-60,-152,-4.98242,
-58,-152,-4.86378,
-56,-152,-5.20029,
-54,-152,-5.8552,
-52,-152,-6.60698,
-50,-152,-7.13706,
-48,-152,-7.15839,
-46,-152,-6.50562,
-44,-152,-5.28532,
-42,-152,-4.06956,
-40,-152,-3.5525,
-38,-152,-4.26963,
-36,-152,-6.70742,
-34,-152,-10.8416,
-32,-152,-11.1594,
-30,-152,-8.14473,
-28,-152,-7.24367,
-26,-152,-8.90657,
-24,-152,-14.1874,
-22,-152,-24.5849,
-20,-152,-14.4667,
-18,-152,-10.5575,
-16,-152,-8.87207,
-14,-152,-7.72536,
-12,-152,-6.73405,
-10,-152,-6.22328,
-8,-152,-6.48984,
-6,-152,-7.5206,
-4,-152,-8.86129,
-2,-152,-9.71381,
0,-152,-10.0129,
2,-152,-10.6561,
4,-152,-12.3966,
6,-152,-15.3563,
8,-152,-16.8793,
10,-152,-14.1398,
12,-152,-11.2164,
14,-152,-9.25601,
16,-152,-8.08582,
18,-152,-7.58612,
20,-152,-7.73744,
22,-152,-8.56079,
24,-152,-10.0793,
26,-152,-12.1113,
28,-152,-13.2972,
30,-152,-11.8564,
32,-152,-9.62207,
34,-152,-8.23622,
36,-152,-7.92532,
38,-152,-8.4389,
40,-152,-9.22437,
42,-152,-9.88222,
44,-152,-10.9585,
46,-152,-13.7793,
48,-152,-20.3728,
50,-152,-18.029,
52,-152,-12.1691,
54,-152,-9.99539,
56,-152,-10.107,
58,-152,-11.2082,
60,-152,-9.845,
62,-152,-6.47098,
64,-152,-3.97826,
66,-152,-2.86615,
68,-152,-3.18493,
70,-152,-5.2488,
72,-152,-10.1804,
74,-152,-15.5028,
76,-152,-7.7996,
78,-152,-3.55799,
80,-152,-1.56876,
82,-152,-0.965666,
84,-152,-1.44317,
86,-152,-2.94437,
88,-152,-5.64348,
90,-152,-10.0329,
92,-152,-14.6249,
94,-152,-11.0322,
96,-152,-7.28404,
98,-152,-5.46041,
100,-152,-5.08372,
102,-152,-5.87322,
104,-152,-7.43274,
106,-152,-8.75844,
108,-152,-8.96273,
110,-152,-8.88823,
112,-152,-9.55615,
114,-152,-11.0832,
116,-152,-12.6515,
118,-152,-12.8126,
120,-152,-11.4117,
122,-152,-9.54202,
124,-152,-8.06343,
126,-152,-7.3441,
128,-152,-7.31378,
130,-152,-7.58786,
132,-152,-7.85787,
134,-152,-8.10332,
136,-152,-7.90437,
138,-152,-6.68975,
140,-152,-5.29326,
142,-152,-4.84503,
144,-152,-5.80352,
146,-152,-7.89668,
148,-152,-9.05716,
150,-152,-8.22162,
152,-152,-8.14544,
154,-152,-10.4311,
156,-152,-15.2301,
158,-152,-12.8322,
160,-152,-8.4333,
162,-152,-6.48442,
164,-152,-5.92849,
166,-152,-5.74352,
168,-152,-5.31363,
170,-152,-4.93241,
172,-152,-5.21082,
174,-152,-6.50645,
176,-152,-8.848,
178,-152,-11.4169,
180,-152,-12.2931,
-180,-150,-9.18739,
-178,-150,-7.90652,
-176,-150,-8.40845,
-174,-150,-11.0051,
-172,-150,-16.0726,
-170,-150,-18.4027,
-168,-150,-14.6593,
-166,-150,-12.8251,
-164,-150,-12.5252,
-162,-150,-12.6326,
-160,-150,-12.3369,
-158,-150,-11.732,
-156,-150,-11.268,
-154,-150,-10.9134,
-152,-150,-9.90239,
-150,-150,-7.82052,
-148,-150,-5.6396,
-146,-150,-4.2944,
-144,-150,-4.18349,
-142,-150,-5.54321,
-140,-150,-8.6295,
-138,-150,-13.0006,
-136,-150,-14.4536,
-134,-150,-14.0165,
-132,-150,-16.2509,
-130,-150,-18.5417,
-128,-150,-13.0162,
-126,-150,-9.36869,
-124,-150,-8.3546,
-122,-150,-9.8433,
-120,-150,-14.4067,
-118,-150,-14.1735,
-116,-150,-8.43923,
-114,-150,-5.69462,
-112,-150,-5.2597,
-110,-150,-6.91885,
-108,-150,-10.7316,
-106,-150,-12.411,
-104,-150,-8.53374,
-102,-150,-5.94323,
-100,-150,-4.96886,
-98,-150,-5.02049,
-96,-150,-5.59881,
-94,-150,-6.38043,
-92,-150,-7.42299,
-90,-150,-9.16064,
-88,-150,-12.1858,
-86,-150,-15.8881,
-84,-150,-14.0412,
-82,-150,-10.2941,
-80,-150,-8.27779,
-78,-150,-7.87402,
-76,-150,-8.97201,
-74,-150,-11.6616,
-72,-150,-15.5486,
-70,-150,-16.2957,
-68,-150,-13.5551,
-66,-150,-11.5135,
-64,-150,-10.2996,
-62,-150,-9.5044,
-60,-150,-8.94328,
-58,-150,-8.61819,
-56,-150,-8.63364,
-54,-150,-9.08692,
-52,-150,-9.84457,
-50,-150,-10.3299,
-48,-150,-9.83601,
-46,-150,-8.24856,
-44,-150,-6.13892,
-42,-150,-4.33685,
-40,-150,-3.42445,
-38,-150,-3.59649,
-36,-150,-4.51266,
-34,-150,-4.91637,
-32,-150,-4.10183,
-30,-150,-3.33596,
-28,-150,-3.53069,
-26,-150,-4.7368,
-24,-150,-6.59188,
-22,-150,-8.94362,
-20,-150,-13.1333,
-18,-150,-22.1978,
-16,-150,-11.5624,
-14,-150,-5.79705,
-12,-150,-3.02229,
-10,-150,-1.96501,
-8,-150,-2.19657,
-6,-150,-3.48431,
-4,-150,-5.46673,
-2,-150,-7.324,
0,-150,-8.38881,
2,-150,-9.41835,
4,-150,-11.6179,
6,-150,-15.6965,
8,-150,-19.0079,
10,-150,-16.6397,
12,-150,-14.5743,
14,-150,-12.9814,
16,-150,-10.8178,
18,-150,-8.83794,
20,-150,-7.83639,
22,-150,-7.93601,
24,-150,-8.74545,
26,-150,-9.14915,
28,-150,-8.17058,
30,-150,-6.52383,
32,-150,-5.1672,
34,-150,-4.4955,
36,-150,-4.68725,
38,-150,-5.86012,
40,-150,-8.0393,
42,-150,-11.011,
44,-150,-14.3821,
46,-150,-18.5352,
48,-150,-20.2689,
50,-150,-14.4715,
52,-150,-10.5547,
54,-150,-8.86452,
56,-150,-8.93425,
58,-150,-10.3572,
60,-150,-11.3534,
62,-150,-9.45653,
64,-150,-7.02929,
66,-150,-5.89017,
68,-150,-6.46638,
70,-150,-9.47628,
72,-150,-18.171,
74,-150,-14.6299,
76,-150,-7.40296,
78,-150,-4.35637,
80,-150,-3.19229,
82,-150,-3.18676,
84,-150,-3.90464,
86,-150,-5.0095,
88,-150,-6.45689,
90,-150,-8.79721,
92,-150,-13.5757,
94,-150,-20.2688,
96,-150,-11.2368,
98,-150,-6.39104,
100,-150,-4.11063,
102,-150,-3.44995,
104,-150,-4.09979,
106,-150,-5.88768,
108,-150,-8.41202,
110,-150,-10.6689,
112,-150,-12.0611,
114,-150,-13.466,
116,-150,-15.325,
118,-150,-16.6337,
120,-150,-15.826,
122,-150,-13.2191,
124,-150,-10.6772,
126,-150,-9.06728,
128,-150,-8.19168,
130,-150,-7.42575,
132,-150,-6.55378,
134,-150,-5.87129,
136,-150,-5.3245,
138,-150,-4.5247,
140,-150,-3.65646,
142,-150,-3.29182,
144,-150,-3.50214,
146,-150,-3.66003,
148,-150,-3.36799,
150,-150,-3.37127,
152,-150,-4.63072,
154,-150,-7.89534,
156,-150,-13.6162,
158,-150,-15.4115,
160,-150,-13.1426,
162,-150,-12.1122,
164,-150,-8.91425,
166,-150,-5.08907,
168,-150,-2.66068,
170,-150,-1.75407,
172,-150,-2.28668,
174,-150,-4.29868,
176,-150,-7.74166,
178,-150,-10.4436,
180,-150,-9.18739,
-180,-148,-13.0401,
-178,-148,-9.47129,
-176,-148,-8.65607,
-174,-148,-9.87001,
-172,-148,-12.5813,
-170,-148,-15.6105,
-168,-148,-17.3404,
-166,-148,-17.237,
-164,-148,-13.9941,
-162,-148,-10.269,
-160,-148,-7.88649,
-158,-148,-6.86651,
-156,-148,-6.94508,
-154,-148,-7.84468,
-152,-148,-9.21502,
-150,-148,-10.1632,
-148,-148,-9.52844,
-146,-148,-8.3075,
-144,-148,-8.21114,
-142,-148,-10.2029,
-140,-148,-14.3672,
-138,-148,-12.6775,
-136,-148,-8.41168,
-134,-148,-6.64025,
-132,-148,-6.95637,
-130,-148,-9.1344,
-128,-148,-12.6406,
-126,-148,-14.1241,
-124,-148,-13.321,
-122,-148,-14.6544,
-120,-148,-19.1767,
-118,-148,-14.5893,
-116,-148,-9.44325,
-114,-148,-7.52626,
-112,-148,-8.20096,
-110,-148,-12.0443,
-108,-148,-23.7601,
-106,-148,-16.2478,
-104,-148,-11.112,
-102,-148,-9.93486,
-100,-148,-10.7248,
-98,-148,-12.421,
-96,-148,-13.7837,
-94,-148,-14.3222,
-92,-148,-14.4534,
-90,-148,-14.2976,
-88,-148,-13.9521,
-86,-148,-13.2638,
-84,-148,-11.4737,
-82,-148,-8.92179,
-80,-148,-6.79055,
-78,-148,-5.65261,
-76,-148,-5.6826,
-74,-148,-7.03027,
-72,-148,-10.0515,
-70,-148,-15.8284,
-68,-148,-26.2585,
-66,-148,-18.8663,
-64,-148,-14.7478,
-62,-148,-12.8168,
-60,-148,-11.561,
-58,-148,-10.6361,
-56,-148,-10.223,
-54,-148,-10.5855,
-52,-148,-11.7977,
-50,-148,-13.6462,
-48,-148,-15.9837,
-46,-148,-17.8729,
-44,-148,-14.5562,
-42,-148,-10.3244,
-40,-148,-8.04018,
-38,-148,-7.2076,
-36,-148,-6.51542,
-34,-148,-5.05396,
-32,-148,-3.67853,
-30,-148,-3.16315,
-28,-148,-3.32466,
-26,-148,-3.41797,
-24,-148,-3.26051,
-22,-148,-3.73772,
-20,-148,-6.03138,
-18,-148,-12.6628,
-16,-148,-16.2064,
-14,-148,-6.18591,
-12,-148,-2.29347,
-10,-148,-0.729574,
-8,-148,-0.729674,
-6,-148,-2.16301,
-4,-148,-5.25275,
-2,-148,-10.6941,
0,-148,-18.1387,
2,-148,-16.7261,
4,-148,-15.9877,
6,-148,-18.8437,
8,-148,-20.64,
10,-148,-18.6435,
12,-148,-19.3668,
14,-148,-16.7323,
16,-148,-10.1529,
18,-148,-6.10597,
20,-148,-4.19642,
22,-148,-3.98541,
24,-148,-5.26309,
26,-148,-7.68682,
28,-148,-9.82649,
30,-148,-9.73742,
32,-148,-8.65173,
34,-148,-7.99935,
36,-148,-8.19925,
38,-148,-9.59509,
40,-148,-12.5317,
42,-148,-15.9413,
44,-148,-15.2943,
46,-148,-13.5457,
48,-148,-13.5417,
50,-148,-15.2689,
52,-148,-18.1498,
54,-148,-20.4831,
56,-148,-20.9795,
58,-148,-20.4287,
60,-148,-17.4618,
62,-148,-13.2487,
64,-148,-10.1827,
66,-148,-8.83118,
68,-148,-9.4195,
70,-148,-12.4498,
72,-148,-16.242,
74,-148,-11.8701,
76,-148,-8.12271,
78,-148,-6.66701,
80,-148,-6.87,
82,-148,-8.30671,
84,-148,-10.4089,
86,-148,-12.3497,
88,-148,-14.1771,
90,-148,-17.7293,
92,-148,-25.7767,
94,-148,-16.0344,
96,-148,-9.52446,
98,-148,-5.8118,
100,-148,-3.63027,
102,-148,-2.59376,
104,-148,-2.5862,
106,-148,-3.60563,
108,-148,-5.71839,
110,-148,-9.09729,
112,-148,-14.3037,
114,-148,-21.7726,
116,-148,-18.0287,
118,-148,-13.8052,
120,-148,-12.5519,
122,-148,-13.3765,
124,-148,-15.567,
126,-148,-17.4905,
128,-148,-15.7944,
130,-148,-11.6947,
132,-148,-8.62706,
134,-148,-7.12572,
136,-148,-6.65038,
138,-148,-6.23026,
140,-148,-5.51635,
142,-148,-4.985,
144,-148,-4.53721,
146,-148,-3.67298,
148,-148,-2.85915,
150,-148,-2.96645,
152,-148,-4.21866,
154,-148,-5.5231,
156,-148,-5.16304,
158,-148,-4.57735,
160,-148,-5.80141,
162,-148,-10.8246,
164,-148,-20.1899,
166,-148,-7.55927,
168,-148,-3.1442,
170,-148,-1.52927,
172,-148,-1.72184,
174,-148,-3.60435,
176,-148,-7.60235,
178,-148,-14.0802,
180,-148,-13.0401,
-180,-146,-13.1257,
-178,-146,-12.3986,
-176,-146,-11.8795,
-174,-146,-11.1441,
-172,-146,-9.76674,
-170,-146,-8.67292,
-168,-146,-8.57387,
-166,-146,-9.30737,
-164,-146,-9.41951,
-162,-146,-7.93507,
-160,-146,-6.50381,
-158,-146,-6.25928,
-156,-146,-7.35137,
-154,-146,-9.39161,
-152,-146,-11.5235,
-150,-146,-13.7732,
-148,-146,-17.5901,
-146,-146,-20.6312,
-144,-146,-18.4099,
-142,-146,-18.168,
-140,-146,-15.7023,
-138,-146,-10.0617,
-136,-146,-6.32518,
-134,-146,-4.46476,
-132,-146,-4.02117,
-130,-146,-4.68146,
-128,-146,-6.11778,
-126,-146,-7.78313,
-124,-146,-9.22151,
-122,-146,-10.7142,
-120,-146,-11.7943,
-118,-146,-10.3888,
-116,-146,-8.36683,
-114,-146,-7.98183,
-112,-146,-10.0062,
-110,-146,-15.6263,
-108,-146,-19.246,
-106,-146,-13.8051,
-104,-146,-12.519,
-102,-146,-14.4804,
-100,-146,-19.4776,
-98,-146,-24.74,
-96,-146,-27.061,
-94,-146,-23.1187,
-92,-146,-14.6302,
-90,-146,-10.0112,
-88,-146,-7.80106,
-86,-146,-7.30593,
-84,-146,-8.01384,
-82,-146,-8.88226,
-80,-146,-8.58766,
-78,-146,-7.72397,
-76,-146,-7.61413,
-74,-146,-8.82689,
-72,-146,-11.5654,
-70,-146,-14.9628,
-68,-146,-14.5827,
-66,-146,-11.9549,
-64,-146,-10.2651,
-62,-146,-9.47978,
-60,-146,-9.17828,
-58,-146,-9.08332,
-56,-146,-9.15139,
-54,-146,-9.45487,
-52,-146,-9.86383,
-50,-146,-10.033,
-48,-146,-10.1598,
-46,-146,-11.0193,
-44,-146,-12.7814,
-42,-146,-13.9272,
-40,-146,-13.4541,
-38,-146,-11.9724,
-36,-146,-9.16383,
-34,-146,-6.65643,
-32,-146,-5.70843,
-30,-146,-6.22703,
-28,-146,-6.37622,
-26,-146,-4.41184,
-24,-146,-2.4848,
-22,-146,-1.98241,
-20,-146,-3.2624,
-18,-146,-6.95916,
-16,-146,-13.0926,
-14,-146,-8.27612,
-12,-146,-3.63553,
-10,-146,-1.62822,
-8,-146,-1.38356,
-6,-146,-2.62432,
-4,-146,-5.23974,
-2,-146,-8.55393,
0,-146,-10.3447,
2,-146,-11.0011,
4,-146,-13.7651,
6,-146,-21.0386,
8,-146,-15.0531,
10,-146,-10.0219,
12,-146,-8.4719,
14,-146,-8.58578,
16,-146,-7.84749,
18,-146,-5.50652,
20,-146,-3.82738,
22,-146,-3.83347,
24,-146,-5.95842,
26,-146,-11.0663,
28,-146,-16.4006,
30,-146,-11.8012,
32,-146,-9.86651,
34,-146,-10.3865,
36,-146,-12.2087,
38,-146,-14.7126,
40,-146,-18.0545,
42,-146,-17.4787,
44,-146,-12.4829,
46,-146,-9.15324,
48,-146,-7.48445,
50,-146,-7.04661,
52,-146,-7.57312,
54,-146,-8.78737,
56,-146,-10.2719,
58,-146,-11.8276,
60,-146,-13.84,
62,-146,-15.593,
64,-146,-14.4107,
66,-146,-12.7996,
68,-146,-13.2298,
70,-146,-15.5936,
72,-146,-15.05,
74,-146,-11.6848,
76,-146,-10.1347,
78,-146,-10.7312,
80,-146,-13.3705,
82,-146,-17.6985,
84,-146,-21.4983,
86,-146,-24.1752,
88,-146,-24.1267,
90,-146,-17.3758,
92,-146,-12.8177,
94,-146,-10.1734,
96,-146,-8.60223,
98,-146,-7.54405,
100,-146,-6.68021,
102,-146,-5.97373,
104,-146,-5.61642,
106,-146,-5.89802,
108,-146,-7.14249,
110,-146,-9.81361,
112,-146,-14.9763,
114,-146,-20.5553,
116,-146,-13.6211,
118,-146,-9.68839,
120,-146,-8.36705,
122,-146,-9.06032,
124,-146,-11.8064,
126,-146,-17.3672,
128,-146,-20.0356,
130,-146,-12.8782,
132,-146,-9.03884,
134,-146,-7.697,
136,-146,-8.1548,
138,-146,-9.37854,
140,-146,-9.97923,
142,-146,-9.72754,
144,-146,-8.2022,
146,-146,-5.97442,
148,-146,-4.8499,
150,-146,-5.52484,
152,-146,-6.95053,
154,-146,-5.3983,
156,-146,-2.65083,
158,-146,-1.4265,
160,-146,-2.1108,
162,-146,-5.17696,
164,-146,-13.2373,
166,-146,-15.6163,
168,-146,-6.99452,
170,-146,-4.23382,
172,-146,-3.84936,
174,-146,-5.17331,
176,-146,-8.01876,
178,-146,-11.6542,
180,-146,-13.1257,
-180,-144,-13.7049,
-178,-144,-17.2388,
-176,-144,-16.8297,
-174,-144,-11.3118,
-172,-144,-8.22578,
-170,-144,-7.29018,
-168,-144,-8.30967,
-166,-144,-11.5109,
-164,-144,-14.3673,
-162,-144,-10.6474,
-160,-144,-7.79755,
-158,-144,-7.33182,
-156,-144,-8.81609,
-154,-144,-10.3437,
-152,-144,-9.06224,
-150,-144,-7.75465,
-148,-144,-8.27121,
-146,-144,-10.3874,
-144,-144,-12.3004,
-142,-144,-12.9611,
-140,-144,-14.9036,
-138,-144,-19.1429,
-136,-144,-16.3964,
-134,-144,-11.6963,
-132,-144,-9.30693,
-130,-144,-8.46339,
-128,-144,-8.54149,
-126,-144,-8.87147,
-124,-144,-9.159,
-122,-144,-9.68034,
-120,-144,-9.92197,
-118,-144,-8.84977,
-116,-144,-7.73813,
-114,-144,-8.2076,
-112,-144,-11.2864,
-110,-144,-18.9038,
-108,-144,-18.4869,
-106,-144,-13.8624,
-104,-144,-13.7416,
-102,-144,-16.9046,
-100,-144,-22.7335,
-98,-144,-24.7355,
-96,-144,-25.1494,
-94,-144,-20.3896,
-92,-144,-13.5677,
-90,-144,-9.47808,
-88,-144,-7.48218,
-86,-144,-7.26162,
-84,-144,-8.83686,
-82,-144,-12.1039,
-80,-144,-13.9746,
-78,-144,-12.2115,
-76,-144,-11.7268,
-74,-144,-14.1773,
-72,-144,-21.1041,
-70,-144,-19.3676,
-68,-144,-13.9065,
-66,-144,-12.0003,
-64,-144,-11.954,
-62,-144,-13.0092,
-60,-144,-14.6685,
-58,-144,-16.3864,
-56,-144,-17.4261,
-54,-144,-17.5568,
-52,-144,-16.8157,
-50,-144,-14.8426,
-48,-144,-12.7706,
-46,-144,-11.7443,
-44,-144,-11.6638,
-42,-144,-11.8456,
-40,-144,-11.9291,
-38,-144,-10.9789,
-36,-144,-8.53721,
-34,-144,-6.79936,
-32,-144,-7.23886,
-30,-144,-10.6605,
-28,-144,-12.1746,
-26,-144,-6.66714,
-24,-144,-3.56744,
-22,-144,-2.65843,
-20,-144,-3.43504,
-18,-144,-5.77643,
-16,-144,-8.90335,
-14,-144,-8.52277,
-12,-144,-5.7754,
-10,-144,-4.24142,
-8,-144,-4.11287,
-6,-144,-4.97561,
-4,-144,-6.17045,
-2,-144,-7.14413,
0,-144,-8.30807,
2,-144,-10.967,
4,-144,-18.2237,
6,-144,-19.8098,
8,-144,-10.4447,
10,-144,-7.03722,
12,-144,-6.3268,
14,-144,-7.87891,
16,-144,-10.7374,
18,-144,-9.20437,
20,-144,-6.1039,
22,-144,-5.27912,
24,-144,-6.9831,
26,-144,-10.2513,
28,-144,-8.77364,
30,-144,-5.86009,
32,-144,-5.19703,
34,-144,-6.61989,
36,-144,-9.47136,
38,-144,-11.8097,
40,-144,-12.9134,
42,-144,-15.661,
44,-144,-22.417,
46,-144,-16.8362,
48,-144,-11.2011,
50,-144,-8.59993,
52,-144,-7.68962,
54,-144,-7.83166,
56,-144,-8.55289,
58,-144,-9.75706,
60,-144,-11.9428,
62,-144,-15.3446,
64,-144,-17.2276,
66,-144,-17.3687,
68,-144,-21.8509,
70,-144,-23.5022,
72,-144,-13.8526,
74,-144,-10.4923,
76,-144,-10.3096,
78,-144,-13.027,
80,-144,-20.1355,
82,-144,-25.6042,
84,-144,-20.2871,
86,-144,-22.1551,
88,-144,-24.0205,
90,-144,-15.8764,
92,-144,-11.8598,
94,-144,-10.5444,
96,-144,-11.2188,
98,-144,-13.6266,
100,-144,-17.3268,
102,-144,-20.5976,
104,-144,-20.1215,
106,-144,-16.6237,
108,-144,-13.7961,
110,-144,-12.6396,
112,-144,-13.0075,
114,-144,-13.7731,
116,-144,-12.5775,
118,-144,-10.333,
120,-144,-9.26236,
122,-144,-10.09,
124,-144,-13.2132,
126,-144,-18.5153,
128,-144,-17.6165,
130,-144,-12.5743,
132,-144,-9.51778,
134,-144,-8.56931,
136,-144,-9.64084,
138,-144,-12.1479,
140,-144,-14.5833,
142,-144,-15.2518,
144,-144,-11.5394,
146,-144,-8.01437,
148,-144,-7.22333,
150,-144,-9.86013,
152,-144,-13.3474,
154,-144,-7.02711,
156,-144,-3.07338,
158,-144,-1.71921,
160,-144,-2.30762,
162,-144,-4.83839,
164,-144,-10.0603,
166,-144,-17.0173,
168,-144,-12.2814,
170,-144,-9.59972,
172,-144,-9.59855,
174,-144,-11.0216,
176,-144,-12.2147,
178,-144,-12.5084,
180,-144,-13.7049,
-180,-142,-18.8446,
-178,-142,-19.694,
-176,-142,-14.1737,
-174,-142,-10.2022,
-172,-142,-8.51965,
-170,-142,-8.8283,
-168,-142,-11.4356,
-166,-142,-17.2608,
-164,-142,-15.3924,
-162,-142,-9.82837,
-160,-142,-7.5633,
-158,-142,-7.90083,
-156,-142,-11.2494,
-154,-142,-15.5582,
-152,-142,-10.3038,
-150,-142,-7.26984,
-148,-142,-7.16739,
-146,-142,-8.62904,
-144,-142,-8.45701,
-142,-142,-6.46286,
-140,-142,-5.33049,
-138,-142,-5.51938,
-136,-142,-6.80478,
-134,-142,-8.87818,
-132,-142,-11.3259,
-130,-142,-14.0567,
-128,-142,-17.6171,
-126,-142,-19.5898,
-124,-142,-18.3387,
-122,-142,-19.0774,
-120,-142,-17.3347,
-118,-142,-12.1196,
-116,-142,-9.46164,
-114,-142,-9.55841,
-112,-142,-12.6538,
-110,-142,-19.7616,
-108,-142,-17.5632,
-106,-142,-12.993,
-104,-142,-11.5366,
-102,-142,-12.0926,
-100,-142,-14.7431,
-98,-142,-18.9947,
-96,-142,-17.3202,
-94,-142,-14.5095,
-92,-142,-14.4614,
-90,-142,-15.3774,
-88,-142,-13.529,
-86,-142,-11.58,
-84,-142,-12.2084,
-82,-142,-16.2401,
-80,-142,-15.3377,
-78,-142,-10.023,
-76,-142,-8.06402,
-74,-142,-9.03022,
-72,-142,-13.6498,
-70,-142,-28.954,
-68,-142,-16.4165,
-66,-142,-12.1732,
-64,-142,-11.1534,
-62,-142,-11.4657,
-60,-142,-12.4883,
-58,-142,-14.1281,
-56,-142,-16.0892,
-54,-142,-17.4783,
-52,-142,-18.8748,
-50,-142,-22.1865,
-48,-142,-23.102,
-46,-142,-18.0715,
-44,-142,-14.7296,
-42,-142,-13.226,
-40,-142,-13.2841,
-38,-142,-12.7418,
-36,-142,-9.8513,
-34,-142,-8.02642,
-32,-142,-9.02506,
-30,-142,-14.5188,
-28,-142,-16.0306,
-26,-142,-8.82848,
-24,-142,-6.09341,
-22,-142,-5.59315,
-20,-142,-6.49327,
-18,-142,-8.41238,
-16,-142,-10.4893,
-14,-142,-10.6919,
-12,-142,-9.58409,
-10,-142,-9.12382,
-8,-142,-9.48283,
-6,-142,-9.86815,
-4,-142,-9.92033,
-2,-142,-10.5331,
0,-142,-12.9774,
2,-142,-19.2826,
4,-142,-19.2737,
6,-142,-11.99,
8,-142,-8.53723,
10,-142,-7.09226,
12,-142,-7.29501,
14,-142,-9.63479,
16,-142,-15.5008,
18,-142,-13.8025,
20,-142,-8.16294,
22,-142,-6.4244,
24,-142,-7.73436,
26,-142,-11.1122,
28,-142,-9.30649,
30,-142,-6.05213,
32,-142,-5.45213,
34,-142,-7.18427,
36,-142,-9.0971,
38,-142,-7.42047,
40,-142,-5.47422,
42,-142,-5.17723,
44,-142,-6.59707,
46,-142,-9.93495,
48,-142,-15.935,
50,-142,-20.5593,
52,-142,-16.7657,
54,-142,-15.0374,
56,-142,-14.7745,
58,-142,-15.8737,
60,-142,-20.2164,
62,-142,-23.9226,
64,-142,-17.2759,
66,-142,-16.4214,
68,-142,-22.7713,
70,-142,-17.0313,
72,-142,-9.90395,
74,-142,-7.12468,
76,-142,-6.79819,
78,-142,-8.5591,
80,-142,-12.9963,
82,-142,-24.0039,
84,-142,-19.302,
86,-142,-14.2297,
88,-142,-13.8425,
90,-142,-16.7111,
92,-142,-19.7094,
94,-142,-16.8625,
96,-142,-16.1179,
98,-142,-18.6119,
100,-142,-16.4958,
102,-142,-12.098,
104,-142,-10.7347,
106,-142,-12.307,
108,-142,-15.9213,
110,-142,-14.5875,
112,-142,-11.4341,
114,-142,-10.4593,
116,-142,-11.0407,
118,-142,-11.9383,
120,-142,-12.4996,
122,-142,-14.0527,
124,-142,-18.0489,
126,-142,-19.95,
128,-142,-16.2385,
130,-142,-13.6357,
132,-142,-11.6843,
134,-142,-10.9201,
136,-142,-11.7493,
138,-142,-13.0033,
140,-142,-13.9742,
142,-142,-16.4097,
144,-142,-14.8765,
146,-142,-10.8377,
148,-142,-10.5251,
150,-142,-16.2056,
152,-142,-17.6009,
154,-142,-8.00585,
156,-142,-4.66873,
158,-142,-3.96037,
160,-142,-5.1592,
162,-142,-8.27076,
164,-142,-13.55,
166,-142,-16.6621,
168,-142,-14.3526,
170,-142,-14.2767,
172,-142,-17.7683,
174,-142,-26.9038,
176,-142,-21.2919,
178,-142,-17.8078,
180,-142,-18.8446,
-180,-140,-14.5468,
-178,-140,-15.7712,
-176,-140,-13.7528,
-174,-140,-11.2593,
-172,-140,-10.0122,
-170,-140,-9.88354,
-168,-140,-10.0349,
-166,-140,-9.39596,
-164,-140,-8.14854,
-162,-140,-7.24189,
-160,-140,-7.29243,
-158,-140,-8.9849,
-156,-140,-14.1758,
-154,-140,-19.9601,
-152,-140,-10.3465,
-150,-140,-7.05427,
-148,-140,-6.97546,
-146,-140,-8.47622,
-144,-140,-7.53578,
-142,-140,-4.61476,
-140,-140,-2.70517,
-138,-140,-1.95522,
-136,-140,-2.03051,
-134,-140,-2.70256,
-132,-140,-3.87173,
-130,-140,-5.53397,
-128,-140,-7.57721,
-126,-140,-9.37212,
-124,-140,-10.5069,
-122,-140,-11.9472,
-120,-140,-13.4622,
-118,-140,-12.2109,
-116,-140,-10.3787,
-114,-140,-10.4122,
-112,-140,-12.816,
-110,-140,-18.4367,
-108,-140,-20.8974,
-106,-140,-14.0146,
-104,-140,-10.622,
-102,-140,-9.90948,
-100,-140,-11.6137,
-98,-140,-13.9182,
-96,-140,-11.4803,
-94,-140,-9.02204,
-92,-140,-9.14962,
-90,-140,-12.5951,
-88,-140,-23.0118,
-86,-140,-18.2481,
-84,-140,-14.6317,
-82,-140,-16.9726,
-80,-140,-15.6761,
-78,-140,-9.26603,
-76,-140,-6.44301,
-74,-140,-6.54168,
-72,-140,-9.74273,
-70,-140,-16.3037,
-68,-140,-12.259,
-66,-140,-8.14907,
-64,-140,-6.7612,
-62,-140,-6.87753,
-60,-140,-8.02591,
-58,-140,-10.1443,
-56,-140,-13.0315,
-54,-140,-14.7742,
-52,-140,-14.2328,
-50,-140,-14.2008,
-48,-140,-15.1886,
-46,-140,-14.8787,
-44,-140,-12.9553,
-42,-140,-11.9289,
-40,-140,-13.0218,
-38,-140,-15.2577,
-36,-140,-13.155,
-34,-140,-11.252,
-32,-140,-13.3528,
-30,-140,-22.0092,
-28,-140,-14.1616,
-26,-140,-9.7542,
-24,-140,-9.18835,
-22,-140,-10.7978,
-20,-140,-13.3768,
-18,-140,-16.0401,
-16,-140,-18.6819,
-14,-140,-18.0771,
-12,-140,-15.3552,
-10,-140,-14.2696,
-8,-140,-15.1098,
-6,-140,-17.3593,
-4,-140,-19.4826,
-2,-140,-19.5856,
0,-140,-17.4092,
2,-140,-13.9312,
4,-140,-10.9315,
6,-140,-9.15135,
8,-140,-8.6235,
10,-140,-9.08296,
12,-140,-10.0203,
14,-140,-11.0785,
16,-140,-12.125,
18,-140,-11.4961,
20,-140,-9.09303,
22,-140,-7.86952,
24,-140,-9.40982,
26,-140,-16.0833,
28,-140,-15.6087,
30,-140,-9.19757,
32,-140,-8.08057,
34,-140,-9.92971,
36,-140,-9.49229,
38,-140,-5.47166,
40,-140,-2.94431,
42,-140,-2.11279,
44,-140,-2.60845,
46,-140,-4.25932,
48,-140,-7.05573,
50,-140,-10.9513,
52,-140,-15.2107,
54,-140,-17.265,
56,-140,-16.4782,
58,-140,-16.4204,
60,-140,-17.2872,
62,-140,-14.1169,
64,-140,-10.8786,
66,-140,-10.5136,
68,-140,-13.5467,
70,-140,-16.4691,
72,-140,-11.0065,
74,-140,-7.65263,
76,-140,-6.5509,
78,-140,-7.17298,
80,-140,-9.85027,
82,-140,-16.5413,
84,-140,-17.8585,
86,-140,-10.8417,
88,-140,-8.77642,
90,-140,-9.94152,
92,-140,-14.7918,
94,-140,-20.3593,
96,-140,-15.9373,
98,-140,-15.1503,
100,-140,-13.1815,
102,-140,-8.76405,
104,-140,-6.50327,
106,-140,-7.02143,
108,-140,-10.9476,
110,-140,-16.4337,
112,-140,-10.8071,
114,-140,-7.95762,
116,-140,-7.94559,
118,-140,-9.77426,
120,-140,-12.4843,
122,-140,-15.4908,
124,-140,-19.8422,
126,-140,-20.3419,
128,-140,-17.0134,
130,-140,-16.0845,
132,-140,-15.1461,
134,-140,-13.529,
136,-140,-12.181,
138,-140,-10.7486,
140,-140,-10.3191,
142,-140,-12.231,
144,-140,-15.418,
146,-140,-15.0349,
148,-140,-16.1768,
150,-140,-18.4951,
152,-140,-11.2347,
154,-140,-7.18611,
156,-140,-5.98188,
158,-140,-6.79927,
160,-140,-9.38012,
162,-140,-13.9166,
164,-140,-21.6969,
166,-140,-26.4661,
168,-140,-18.7725,
170,-140,-14.8895,
172,-140,-12.7595,
174,-140,-11.7528,
176,-140,-11.6958,
178,-140,-12.6367,
180,-140,-14.5468,
-180,-138,-13.7974,
-178,-138,-17.6467,
-176,-138,-20.2983,
-174,-138,-16.3468,
-172,-138,-12.8764,
-170,-138,-10.7391,
-168,-138,-9.13549,
-166,-138,-7.82169,
-164,-138,-7.10973,
-162,-138,-7.31922,
-160,-138,-8.53619,
-158,-138,-10.6781,
-156,-138,-13.0406,
-154,-138,-11.9742,
-152,-138,-8.57253,
-150,-138,-6.83498,
-148,-138,-7.64647,
-146,-138,-11.6922,
-144,-138,-13.7941,
-142,-138,-8.16847,
-140,-138,-4.96495,
-138,-138,-3.48077,
-136,-138,-2.95225,
-134,-138,-3.10749,
-132,-138,-3.90596,
-130,-138,-5.30351,
-128,-138,-6.93698,
-126,-138,-8.00102,
-124,-138,-8.32665,
-122,-138,-8.75995,
-120,-138,-9.55548,
-118,-138,-9.95175,
-116,-138,-9.79257,
-114,-138,-9.91909,
-112,-138,-10.6998,
-110,-138,-12.3796,
-108,-138,-15.4438,
-106,-138,-16.4322,
-104,-138,-13.1161,
-102,-138,-11.6497,
-100,-138,-12.5872,
-98,-138,-13.1313,
-96,-138,-10.2241,
-94,-138,-7.83075,
-92,-138,-7.36917,
-90,-138,-8.95497,
-88,-138,-12.823,
-86,-138,-16.9424,
-84,-138,-15.816,
-82,-138,-16.5089,
-80,-138,-19.8544,
-78,-138,-12.8795,
-76,-138,-8.33606,
-74,-138,-7.23577,
-72,-138,-9.10253,
-70,-138,-12.5725,
-68,-138,-10.1317,
-66,-138,-7.00709,
-64,-138,-6.08559,
-62,-138,-6.84385,
-60,-138,-9.01869,
-58,-138,-13.0045,
-56,-138,-21.1219,
-54,-138,-21.1514,
-52,-138,-14.3975,
-50,-138,-12.3542,
-48,-138,-12.4379,
-46,-138,-12.4985,
-44,-138,-11.3085,
-42,-138,-10.4379,
-40,-138,-11.2369,
-38,-138,-13.4972,
-36,-138,-13.912,
-34,-138,-13.9127,
-32,-138,-19.7335,
-30,-138,-20.798,
-28,-138,-11.4934,
-26,-138,-9.46062,
-24,-138,-11.2829,
-22,-138,-17.4274,
-20,-138,-20.3834,
-18,-138,-15.4993,
-16,-138,-13.6151,
-14,-138,-12.1007,
-12,-138,-10.7311,
-10,-138,-10.517,
-8,-138,-11.9402,
-6,-138,-15.2138,
-4,-138,-19.1136,
-2,-138,-17.3907,
0,-138,-13.9361,
2,-138,-11.6345,
4,-138,-10.1668,
6,-138,-9.53036,
8,-138,-10.1385,
10,-138,-12.3705,
12,-138,-14.4621,
14,-138,-12.4125,
16,-138,-10.4319,
18,-138,-10.2383,
20,-138,-10.6654,
22,-138,-10.561,
24,-138,-11.5134,
26,-138,-16.2067,
28,-138,-18.149,
30,-138,-11.8992,
32,-138,-10.8921,
34,-138,-14.582,
36,-138,-14.2732,
38,-138,-7.64915,
40,-138,-4.36315,
42,-138,-3.07647,
44,-138,-3.06018,
46,-138,-4.02455,
48,-138,-5.89539,
50,-138,-8.48585,
52,-138,-10.9779,
54,-138,-12.1035,
56,-138,-12.1618,
58,-138,-13.0661,
60,-138,-15.0144,
62,-138,-12.6338,
64,-138,-9.2552,
66,-138,-8.25555,
68,-138,-9.30589,
70,-138,-11.0836,
72,-138,-11.4668,
74,-138,-10.6983,
76,-138,-9.83572,
78,-138,-9.27019,
80,-138,-9.6925,
82,-138,-11.8634,
84,-138,-14.6047,
86,-138,-11.7613,
88,-138,-8.61553,
90,-138,-7.97444,
92,-138,-9.94261,
94,-138,-14.3001,
96,-138,-16.146,
98,-138,-16.2348,
100,-138,-17.7457,
102,-138,-11.3661,
104,-138,-7.26283,
106,-138,-6.73085,
108,-138,-10.2333,
110,-138,-21.2893,
112,-138,-11.0906,
114,-138,-7.173,
116,-138,-7.08912,
118,-138,-9.57407,
120,-138,-13.4852,
122,-138,-15.4126,
124,-138,-16.1568,
126,-138,-17.0314,
128,-138,-16.6083,
130,-138,-17.2577,
132,-138,-18.2912,
134,-138,-15.7439,
136,-138,-12.3325,
138,-138,-9.87118,
140,-138,-9.24934,
142,-138,-10.9575,
144,-138,-14.1981,
146,-138,-16.0221,
148,-138,-15.9733,
150,-138,-11.5734,
152,-138,-7.58497,
154,-138,-6.06145,
156,-138,-6.78842,
158,-138,-9.51503,
160,-138,-13.0106,
162,-138,-14.1168,
164,-138,-14.8134,
166,-138,-17.9514,
168,-138,-18.5161,
170,-138,-13.579,
172,-138,-10.7002,
174,-138,-9.7164,
176,-138,-10.0487,
178,-138,-11.3956,
180,-138,-13.7974,
-180,-136,-15.2637,
-178,-136,-15.9471,
-176,-136,-18.6162,
-174,-136,-24.1975,
-172,-136,-21.0735,
-170,-136,-15.6135,
-168,-136,-12.3435,
-166,-136,-10.2627,
-164,-136,-9.31201,
-162,-136,-9.7665,
-160,-136,-11.7354,
-158,-136,-14.0733,
-156,-136,-13.5416,
-154,-136,-10.9158,
-152,-136,-8.40295,
-150,-136,-7.04302,
-148,-136,-7.59172,
-146,-136,-10.8169,
-144,-136,-16.687,
-142,-136,-13.8381,
-140,-136,-9.88687,
-138,-136,-8.04379,
-136,-136,-7.247,
-134,-136,-7.15289,
-132,-136,-7.864,
-130,-136,-9.35831,
-128,-136,-10.855,
-126,-136,-11.2924,
-124,-136,-10.9407,
-122,-136,-10.7614,
-120,-136,-11.1769,
-118,-136,-11.7597,
-116,-136,-12.0047,
-114,-136,-11.7193,
-112,-136,-10.7123,
-110,-136,-9.98635,
-108,-136,-10.615,
-106,-136,-12.6711,
-104,-136,-15.0939,
-102,-136,-17.0354,
-100,-136,-18.4699,
-98,-136,-15.7852,
-96,-136,-11.9933,
-94,-136,-9.84862,
-92,-136,-9.23684,
-90,-136,-9.99644,
-88,-136,-12.5151,
-86,-136,-17.8229,
-84,-136,-18.4322,
-82,-136,-14.2881,
-80,-136,-14.5551,
-78,-136,-18.2866,
-76,-136,-13.6734,
-74,-136,-9.75416,
-72,-136,-9.55194,
-70,-136,-11.8955,
-68,-136,-11.6634,
-66,-136,-8.97448,
-64,-136,-8.19085,
-62,-136,-9.34639,
-60,-136,-11.7453,
-58,-136,-13.8119,
-56,-136,-13.8529,
-54,-136,-12.7991,
-52,-136,-11.7085,
-50,-136,-11.52,
-48,-136,-12.6853,
-46,-136,-13.3705,
-44,-136,-11.6251,
-42,-136,-10.1345,
-40,-136,-10.3985,
-38,-136,-12.0813,
-36,-136,-13.0493,
-34,-136,-14.1186,
-32,-136,-18.7721,
-30,-136,-14.6726,
-28,-136,-9.72045,
-26,-136,-9.04311,
-24,-136,-12.4348,
-22,-136,-24.5061,
-20,-136,-16.388,
-18,-136,-11.2853,
-16,-136,-9.27404,
-14,-136,-8.32519,
-12,-136,-8.26976,
-10,-136,-9.14492,
-8,-136,-10.6262,
-6,-136,-12.4302,
-4,-136,-14.6723,
-2,-136,-16.409,
0,-136,-16.0735,
2,-136,-15.3198,
4,-136,-14.4425,
6,-136,-12.8779,
8,-136,-12.1385,
10,-136,-13.6306,
12,-136,-16.4215,
14,-136,-13.6115,
16,-136,-10.7449,
18,-136,-10.9491,
20,-136,-14.4137,
22,-136,-17.6722,
24,-136,-15.0285,
26,-136,-14.5991,
28,-136,-14.6222,
30,-136,-12.2375,
32,-136,-11.4513,
34,-136,-14.4814,
36,-136,-23.9722,
38,-136,-14.6932,
40,-136,-9.62412,
42,-136,-7.44385,
44,-136,-6.58131,
46,-136,-6.64578,
48,-136,-7.71255,
50,-136,-9.63555,
52,-136,-11.4134,
54,-136,-11.8587,
56,-136,-11.706,
58,-136,-13.1333,
60,-136,-18.3561,
62,-136,-16.7816,
64,-136,-11.427,
66,-136,-9.73091,
68,-136,-9.53746,
70,-136,-9.07158,
72,-136,-8.42412,
74,-136,-8.59076,
76,-136,-9.75261,
78,-136,-10.8042,
80,-136,-10.4717,
82,-136,-10.4408,
84,-136,-12.7846,
86,-136,-16.6342,
88,-136,-12.4159,
90,-136,-9.3478,
92,-136,-9.78903,
94,-136,-14.2097,
96,-136,-20.2874,
98,-136,-16.3568,
100,-136,-18.867,
102,-136,-19.9911,
104,-136,-10.8058,
106,-136,-8.27431,
108,-136,-10.3514,
110,-136,-20.7931,
112,-136,-13.1564,
114,-136,-8.43872,
116,-136,-8.47772,
118,-136,-11.5568,
120,-136,-13.4524,
122,-136,-11.0486,
124,-136,-10.1676,
126,-136,-11.1326,
128,-136,-12.7051,
130,-136,-14.6811,
132,-136,-17.0923,
134,-136,-15.2804,
136,-136,-11.4995,
138,-136,-9.3329,
140,-136,-9.43438,
142,-136,-12.0985,
144,-136,-15.9158,
146,-136,-17.2658,
148,-136,-15.2,
150,-136,-9.74545,
152,-136,-6.50638,
154,-136,-5.96908,
156,-136,-8.09129,
158,-136,-13.369,
160,-136,-16.8929,
162,-136,-13.3049,
164,-136,-12.4069,
166,-136,-13.3796,
168,-136,-13.4586,
170,-136,-11.8002,
172,-136,-10.7219,
174,-136,-11.1061,
176,-136,-12.7852,
178,-136,-14.6222,
180,-136,-15.2637,
-180,-134,-12.5139,
-178,-134,-11.2688,
-176,-134,-11.3748,
-174,-134,-12.9822,
-172,-134,-16.7876,
-170,-134,-21.9213,
-168,-134,-19.0569,
-166,-134,-15.69,
-164,-134,-14.405,
-162,-134,-15.2435,
-160,-134,-18.8462,
-158,-134,-19.4466,
-156,-134,-14.1506,
-154,-134,-10.8023,
-152,-134,-8.53378,
-150,-134,-7.00814,
-148,-134,-6.61694,
-146,-134,-7.3996,
-144,-134,-8.48059,
-142,-134,-8.57875,
-140,-134,-8.07066,
-138,-134,-8.17281,
-136,-134,-9.31598,
-134,-134,-11.0638,
-132,-134,-12.9856,
-130,-134,-14.7555,
-128,-134,-15.1067,
-126,-134,-15.4014,
-124,-134,-16.2946,
-122,-134,-16.5013,
-120,-134,-16.7139,
-118,-134,-16.771,
-116,-134,-17.3972,
-114,-134,-17.8988,
-112,-134,-13.686,
-110,-134,-10.4105,
-108,-134,-9.47198,
-106,-134,-10.3017,
-104,-134,-12.5255,
-102,-134,-16.5341,
-100,-134,-24.3795,
-98,-134,-21.3455,
-96,-134,-15.6162,
-94,-134,-13.7221,
-92,-134,-13.9479,
-90,-134,-14.8252,
-88,-134,-16.1174,
-86,-134,-21.606,
-84,-134,-21.6862,
-82,-134,-12.9573,
-80,-134,-10.9002,
-78,-134,-13.805,
-76,-134,-21.8481,
-74,-134,-12.6683,
-72,-134,-9.94284,
-70,-134,-11.7972,
-68,-134,-15.9632,
-66,-134,-13.5034,
-64,-134,-11.5789,
-62,-134,-12.0054,
-60,-134,-12.6463,
-58,-134,-11.8081,
-56,-134,-10.6435,
-54,-134,-10.4723,
-52,-134,-11.2822,
-50,-134,-12.8897,
-48,-134,-15.6178,
-46,-134,-15.3729,
-44,-134,-11.6774,
-42,-134,-9.79782,
-40,-134,-10.2311,
-38,-134,-12.6093,
-36,-134,-14.4477,
-34,-134,-15.5456,
-32,-134,-18.4159,
-30,-134,-13.0847,
-28,-134,-9.1514,
-26,-134,-9.01055,
-24,-134,-12.7233,
-22,-134,-20.3053,
-20,-134,-14.6216,
-18,-134,-10.4255,
-16,-134,-8.55616,
-14,-134,-8.33391,
-12,-134,-9.5588,
-10,-134,-10.8969,
-8,-134,-11.0025,
-6,-134,-11.6938,
-4,-134,-14.5874,
-2,-134,-18.5838,
0,-134,-18.4927,
2,-134,-19.7382,
4,-134,-28.7584,
6,-134,-18.4039,
8,-134,-13.1601,
10,-134,-12.3275,
12,-134,-14.6973,
14,-134,-16.221,
16,-134,-13.4407,
18,-134,-13.2351,
20,-134,-17.2352,
22,-134,-17.6549,
24,-134,-12.7505,
26,-134,-11.555,
28,-134,-12.3486,
30,-134,-12.016,
32,-134,-10.8643,
34,-134,-11.0731,
36,-134,-12.9228,
38,-134,-15.8824,
40,-134,-17.4306,
42,-134,-15.3052,
44,-134,-12.4841,
46,-134,-10.8087,
48,-134,-10.9252,
50,-134,-12.5738,
52,-134,-14.1323,
54,-134,-13.8537,
56,-134,-12.9531,
58,-134,-13.9919,
60,-134,-18.9146,
62,-134,-18.4344,
64,-134,-14.1706,
66,-134,-13.7832,
68,-134,-14.0148,
70,-134,-11.1728,
72,-134,-8.14474,
74,-134,-6.65646,
76,-134,-6.90676,
78,-134,-8.74589,
80,-134,-10.8603,
82,-134,-11.6219,
84,-134,-13.484,
86,-134,-21.3039,
88,-134,-19.6375,
90,-134,-12.9199,
92,-134,-12.4961,
94,-134,-17.8459,
96,-134,-23.7223,
98,-134,-14.5038,
100,-134,-13.9449,
102,-134,-17.1246,
104,-134,-12.3468,
106,-134,-8.78134,
108,-134,-9.38097,
110,-134,-15.3419,
112,-134,-16.845,
114,-134,-10.8074,
116,-134,-10.2643,
118,-134,-12.1722,
120,-134,-11.4595,
122,-134,-9.26919,
124,-134,-8.96533,
126,-134,-10.6641,
128,-134,-13.4759,
130,-134,-16.0405,
132,-134,-16.0613,
134,-134,-12.0999,
136,-134,-8.87029,
138,-134,-7.74418,
140,-134,-9.22487,
142,-134,-14.3422,
144,-134,-20.3017,
146,-134,-20.0702,
148,-134,-18.3544,
150,-134,-10.5626,
152,-134,-7.15831,
154,-134,-7.1609,
156,-134,-10.5313,
158,-134,-18.8865,
160,-134,-17.7097,
162,-134,-13.6957,
164,-134,-13.0638,
166,-134,-13.0524,
168,-134,-12.1132,
170,-134,-11.1388,
172,-134,-11.5745,
174,-134,-14.2033,
176,-134,-17.7317,
178,-134,-15.4668,
180,-134,-12.5139,
-180,-132,-11.3606,
-178,-132,-10.1357,
-176,-132,-8.7533,
-174,-132,-8.46946,
-172,-132,-10.1016,
-170,-132,-13.2925,
-168,-132,-14.6974,
-166,-132,-14.4135,
-164,-132,-15.995,
-162,-132,-20.0017,
-160,-132,-21.0702,
-158,-132,-15.7389,
-156,-132,-12.1543,
-154,-132,-10.3314,
-152,-132,-9.18191,
-150,-132,-8.12326,
-148,-132,-7.61324,
-146,-132,-7.99308,
-144,-132,-8.69399,
-142,-132,-8.40144,
-140,-132,-7.22861,
-138,-132,-6.95097,
-136,-132,-8.51897,
-134,-132,-11.6899,
-132,-132,-15.2724,
-130,-132,-17.1596,
-128,-132,-15.9386,
-126,-132,-16.4745,
-124,-132,-19.8822,
-122,-132,-23.5049,
-120,-132,-22.6743,
-118,-132,-17.5384,
-116,-132,-17.1134,
-114,-132,-22.4659,
-112,-132,-16.5194,
-110,-132,-11.5962,
-108,-132,-10.075,
-106,-132,-10.2376,
-104,-132,-11.3322,
-102,-132,-13.3098,
-100,-132,-17.3068,
-98,-132,-24.192,
-96,-132,-16.8248,
-94,-132,-13.2384,
-92,-132,-13.8373,
-90,-132,-18.2277,
-88,-132,-22.242,
-86,-132,-24.4289,
-84,-132,-24.7195,
-82,-132,-13.7063,
-80,-132,-10.3936,
-78,-132,-11.9531,
-76,-132,-22.9072,
-74,-132,-14.2592,
-72,-132,-9.60954,
-70,-132,-10.5214,
-68,-132,-16.4745,
-66,-132,-18.5003,
-64,-132,-15.0014,
-62,-132,-15.3532,
-60,-132,-16.0673,
-58,-132,-14.8731,
-56,-132,-13.0348,
-54,-132,-12.6065,
-52,-132,-14.0642,
-50,-132,-16.7172,
-48,-132,-18.7263,
-46,-132,-14.6086,
-44,-132,-10.8006,
-42,-132,-9.5809,
-40,-132,-10.9885,
-38,-132,-15.8373,
-36,-132,-20.1312,
-34,-132,-18.8664,
-32,-132,-21.5587,
-30,-132,-13.8267,
-28,-132,-9.65415,
-26,-132,-9.35283,
-24,-132,-11.7284,
-22,-132,-14.2653,
-20,-132,-13.1043,
-18,-132,-10.4585,
-16,-132,-9.25141,
-14,-132,-10.7658,
-12,-132,-14.7704,
-10,-132,-13.3428,
-8,-132,-10.8681,
-6,-132,-11.7139,
-4,-132,-15.6172,
-2,-132,-18.7654,
0,-132,-16.8473,
2,-132,-15.394,
4,-132,-14.4811,
6,-132,-13.7602,
8,-132,-13.148,
10,-132,-13.1612,
12,-132,-15.2177,
14,-132,-19.0699,
16,-132,-16.1731,
18,-132,-13.2233,
20,-132,-11.824,
22,-132,-9.86426,
24,-132,-8.40077,
26,-132,-8.84581,
28,-132,-11.3935,
30,-132,-13.7141,
32,-132,-12.4851,
34,-132,-11.3053,
36,-132,-11.7038,
38,-132,-13.9074,
40,-132,-17.2724,
42,-132,-19.0939,
44,-132,-17.8109,
46,-132,-15.2873,
48,-132,-14.9921,
50,-132,-17.309,
52,-132,-19.5902,
54,-132,-18.2412,
56,-132,-16.0494,
58,-132,-16.7038,
60,-132,-19.7663,
62,-132,-16.4596,
64,-132,-14.1438,
66,-132,-15.2609,
68,-132,-19.7043,
70,-132,-18.1262,
72,-132,-10.9863,
74,-132,-7.53813,
76,-132,-6.88194,
78,-132,-8.68499,
80,-132,-12.7347,
82,-132,-16.3487,
84,-132,-16.7207,
86,-132,-17.9602,
88,-132,-18.539,
90,-132,-17.148,
92,-132,-18.0855,
94,-132,-25.7995,
96,-132,-22.6003,
98,-132,-15.7169,
100,-132,-14.3027,
102,-132,-13.654,
104,-132,-10.4283,
106,-132,-8.15186,
108,-132,-8.64637,
110,-132,-12.721,
112,-132,-16.4034,
114,-132,-12.2653,
116,-132,-11.5346,
118,-132,-13.2904,
120,-132,-13.4334,
122,-132,-12.1557,
124,-132,-12.5514,
126,-132,-15.3057,
128,-132,-18.4468,
130,-132,-16.5761,
132,-132,-12.8176,
134,-132,-9.13342,
136,-132,-6.77436,
138,-132,-6.50157,
140,-132,-9.27316,
142,-132,-18.4275,
144,-132,-19.7604,
146,-132,-17.4463,
148,-132,-23.5988,
150,-132,-12.0264,
152,-132,-8.35305,
154,-132,-9.0244,
156,-132,-13.3722,
158,-132,-15.7273,
160,-132,-12.911,
162,-132,-12.77,
164,-132,-14.8156,
166,-132,-16.0022,
168,-132,-13.4105,
170,-132,-11.6555,
172,-132,-12.7205,
174,-132,-16.8096,
176,-132,-16.656,
178,-132,-12.9657,
180,-132,-11.3606,
-180,-130,-14.2549,
-178,-130,-11.5528,
-176,-130,-7.90491,
-174,-130,-6.5849,
-172,-130,-7.80534,
-170,-130,-10.91,
-168,-130,-11.4997,
-166,-130,-10.2103,
-164,-130,-11.007,
-162,-130,-13.3152,
-160,-130,-13.7142,
-158,-130,-12.0091,
-156,-130,-10.7864,
-154,-130,-10.7191,
-152,-130,-11.4301,
-150,-130,-11.7559,
-148,-130,-11.6156,
-146,-130,-12.1915,
-144,-130,-14.1169,
-142,-130,-13.8142,
-140,-130,-9.76012,
-138,-130,-8.10786,
-136,-130,-9.643,
-134,-130,-13.4535,
-132,-130,-17.0945,
-130,-130,-20.5602,
-128,-130,-19.3376,
-126,-130,-19.1907,
-124,-130,-20.6756,
-122,-130,-22.3097,
-120,-130,-20.9217,
-118,-130,-15.4134,
-116,-130,-14.9574,
-114,-130,-17.0747,
-112,-130,-13.731,
-110,-130,-11.0367,
-108,-130,-10.3877,
-106,-130,-10.6237,
-104,-130,-11.2431,
-102,-130,-12.2394,
-100,-130,-14.8808,
-98,-130,-20.9063,
-96,-130,-15.3877,
-94,-130,-11.2295,
-92,-130,-11.2449,
-90,-130,-15.2748,
-88,-130,-26.4828,
-86,-130,-31.0395,
-84,-130,-28.828,
-82,-130,-16.1454,
-80,-130,-11.9586,
-78,-130,-13.0337,
-76,-130,-24.8956,
-74,-130,-14.0118,
-72,-130,-8.99612,
-70,-130,-9.359,
-68,-130,-14.3615,
-66,-130,-21.3362,
-64,-130,-19.9018,
-62,-130,-24.9682,
-60,-130,-26.7668,
-58,-130,-26.3804,
-56,-130,-20.4781,
-54,-130,-16.7236,
-52,-130,-17.1447,
-50,-130,-18.6384,
-48,-130,-17.6225,
-46,-130,-13.6579,
-44,-130,-10.8546,
-42,-130,-10.5004,
-40,-130,-13.0494,
-38,-130,-20.1708,
-36,-130,-18.1909,
-34,-130,-15.9038,
-32,-130,-21.0549,
-30,-130,-16.0618,
-28,-130,-10.9689,
-26,-130,-10.0136,
-24,-130,-10.798,
-22,-130,-12.2152,
-20,-130,-12.8024,
-18,-130,-10.5299,
-16,-130,-9.85561,
-14,-130,-13.6372,
-12,-130,-20.2372,
-10,-130,-12.5227,
-8,-130,-10.6533,
-6,-130,-12.4403,
-4,-130,-15.5806,
-2,-130,-17.5299,
0,-130,-19.8552,
2,-130,-14.5276,
4,-130,-9.94842,
6,-130,-9.04643,
8,-130,-11.8472,
10,-130,-17.6021,
12,-130,-14.0128,
14,-130,-11.2799,
16,-130,-10.6016,
18,-130,-10.0396,
20,-130,-9.00807,
22,-130,-7.61685,
24,-130,-6.93505,
26,-130,-8.14739,
28,-130,-12.2429,
30,-130,-19.3807,
32,-130,-16.5904,
34,-130,-13.4102,
36,-130,-13.1357,
38,-130,-15.6346,
40,-130,-18.3253,
42,-130,-17.5485,
44,-130,-18.7686,
46,-130,-19.2845,
48,-130,-19.2298,
50,-130,-22.5485,
52,-130,-26.9032,
54,-130,-24.6819,
56,-130,-20.5907,
58,-130,-22.2891,
60,-130,-21.9266,
62,-130,-16.2087,
64,-130,-14.7549,
66,-130,-14.4642,
68,-130,-15.065,
70,-130,-19.9203,
72,-130,-16.1555,
74,-130,-10.5717,
76,-130,-9.43187,
78,-130,-11.7177,
80,-130,-17.9853,
82,-130,-22.1625,
84,-130,-17.8624,
86,-130,-16.6749,
88,-130,-17.3327,
90,-130,-19.9515,
92,-130,-26.2616,
94,-130,-33.2185,
96,-130,-26.9278,
98,-130,-23.8244,
100,-130,-19.5388,
102,-130,-14.2056,
104,-130,-10.3372,
106,-130,-8.68601,
108,-130,-9.38314,
110,-130,-12.1371,
112,-130,-13.7955,
114,-130,-13.1341,
116,-130,-14.7261,
118,-130,-19.851,
120,-130,-23.0701,
122,-130,-23.2476,
124,-130,-22.0731,
126,-130,-18.3691,
128,-130,-15.4783,
130,-130,-13.1985,
132,-130,-10.919,
134,-130,-8.30098,
136,-130,-6.50815,
138,-130,-6.83617,
140,-130,-10.9298,
142,-130,-20.7728,
144,-130,-13.0369,
146,-130,-13.0464,
148,-130,-20.216,
150,-130,-11.7711,
152,-130,-8.55811,
154,-130,-10.165,
156,-130,-14.8261,
158,-130,-13.1252,
160,-130,-10.9532,
162,-130,-11.3591,
164,-130,-14.0553,
166,-130,-19.43,
168,-130,-16.3998,
170,-130,-13.3132,
172,-130,-14.597,
174,-130,-18.0836,
176,-130,-15.4531,
178,-130,-13.7389,
180,-130,-14.2549,
-180,-128,-22.0637,
-178,-128,-13.1714,
-176,-128,-7.94853,
-174,-128,-6.28343,
-172,-128,-7.57041,
-170,-128,-11.3683,
-168,-128,-10.782,
-166,-128,-8.09574,
-164,-128,-8.22733,
-162,-128,-10.1145,
-160,-128,-11.0297,
-158,-128,-10.7047,
-156,-128,-10.8937,
-154,-128,-12.3207,
-152,-128,-15.6581,
-150,-128,-19.5853,
-148,-128,-16.605,
-146,-128,-13.5233,
-144,-128,-14.2159,
-142,-128,-20.9254,
-140,-128,-14.3539,
-138,-128,-10.6645,
-136,-128,-12.3134,
-134,-128,-15.0367,
-132,-128,-14.5813,
-130,-128,-17.3991,
-128,-128,-22.6671,
-126,-128,-25.4127,
-124,-128,-20.9998,
-122,-128,-19.6085,
-120,-128,-17.327,
-118,-128,-14.0783,
-116,-128,-15.2148,
-114,-128,-15.3335,
-112,-128,-11.3661,
-110,-128,-9.9757,
-108,-128,-9.96631,
-106,-128,-10.2661,
-104,-128,-11.0148,
-102,-128,-11.8119,
-100,-128,-13.4596,
-98,-128,-16.6924,
-96,-128,-14.577,
-94,-128,-11.4515,
-92,-128,-11.2472,
-90,-128,-13.6671,
-88,-128,-18.4747,
-86,-128,-25.6239,
-84,-128,-27.17,
-82,-128,-18.372,
-80,-128,-14.794,
-78,-128,-16.32,
-76,-128,-30.3995,
-74,-128,-13.5061,
-72,-128,-9.03502,
-70,-128,-9.4203,
-68,-128,-14.3313,
-66,-128,-21.0578,
-64,-128,-20.2636,
-62,-128,-20.2307,
-60,-128,-15.4839,
-58,-128,-15.4404,
-56,-128,-18.7287,
-54,-128,-17.3976,
-52,-128,-17.2123,
-50,-128,-18.8203,
-48,-128,-18.3389,
-46,-128,-14.8138,
-44,-128,-12.4624,
-42,-128,-12.7978,
-40,-128,-15.0695,
-38,-128,-14.6323,
-36,-128,-11.6812,
-34,-128,-11.7453,
-32,-128,-17.0321,
-30,-128,-18.3099,
-28,-128,-12.5461,
-26,-128,-10.7944,
-24,-128,-10.5229,
-22,-128,-12.5881,
-20,-128,-15.0665,
-18,-128,-10.9914,
-16,-128,-9.94752,
-14,-128,-12.9935,
-12,-128,-14.4716,
-10,-128,-11.8346,
-8,-128,-12.1251,
-6,-128,-14.5501,
-4,-128,-15.0589,
-2,-128,-15.6243,
0,-128,-25.6967,
2,-128,-15.249,
4,-128,-8.16914,
6,-128,-6.57695,
8,-128,-9.57199,
10,-128,-23.0418,
12,-128,-10.6108,
14,-128,-6.69768,
16,-128,-6.61025,
18,-128,-7.94222,
20,-128,-8.68292,
22,-128,-8.12166,
24,-128,-7.70487,
26,-128,-9.2332,
28,-128,-14.4898,
30,-128,-25.0123,
32,-128,-16.3535,
34,-128,-13.0045,
36,-128,-12.6219,
38,-128,-15.6645,
40,-128,-20.2588,
42,-128,-17.4853,
44,-128,-18.5884,
46,-128,-20.9504,
48,-128,-20.0062,
50,-128,-21.5883,
52,-128,-25.8994,
54,-128,-27.8797,
56,-128,-23.4208,
58,-128,-26.7918,
60,-128,-18.1321,
62,-128,-14.7256,
64,-128,-16.2017,
66,-128,-14.8916,
68,-128,-12.7241,
70,-128,-15.0361,
72,-128,-18.6487,
74,-128,-14.5709,
76,-128,-14.0807,
78,-128,-17.1466,
80,-128,-16.0795,
82,-128,-13.4009,
84,-128,-13.992,
86,-128,-17.0221,
88,-128,-17.0463,
90,-128,-15.6151,
92,-128,-17.2742,
94,-128,-22.3937,
96,-128,-22.7219,
98,-128,-19.778,
100,-128,-18.523,
102,-128,-16.2137,
104,-128,-13.0789,
106,-128,-11.5198,
108,-128,-12.1448,
110,-128,-13.2005,
112,-128,-12.6264,
114,-128,-13.7116,
116,-128,-19.5561,
118,-128,-18.4307,
120,-128,-13.9841,
122,-128,-14.053,
124,-128,-15.1291,
126,-128,-14.3975,
128,-128,-13.7648,
130,-128,-13.2823,
132,-128,-12.2065,
134,-128,-10.1701,
136,-128,-8.51748,
138,-128,-9.31346,
140,-128,-14.5212,
142,-128,-12.8772,
144,-128,-8.64955,
146,-128,-10.2594,
148,-128,-17.282,
150,-128,-10.3817,
152,-128,-7.79484,
154,-128,-9.83062,
156,-128,-14,
158,-128,-13.4368,
160,-128,-12.2673,
162,-128,-11.495,
164,-128,-11.7787,
166,-128,-14.2131,
168,-128,-16.2263,
170,-128,-16.4127,
172,-128,-19.1227,
174,-128,-20.026,
176,-128,-16.5454,
178,-128,-17.265,
180,-128,-22.0637,
-180,-126,-16.4708,
-178,-126,-12.5317,
-176,-126,-8.69032,
-174,-126,-7.1237,
-172,-126,-8.49423,
-170,-126,-13.4602,
-168,-126,-11.3006,
-166,-126,-7.32593,
-164,-126,-7.23435,
-162,-126,-9.59722,
-160,-126,-11.2454,
-158,-126,-11.4514,
-156,-126,-12.6104,
-154,-126,-15.2065,
-152,-126,-20.9214,
-150,-126,-25.9564,
-148,-126,-15.0419,
-146,-126,-10.3265,
-144,-126,-9.30454,
-142,-126,-12.4061,
-140,-126,-16.2053,
-138,-126,-13.4722,
-136,-126,-15.6999,
-134,-126,-14.4317,
-132,-126,-11.7549,
-130,-126,-13.795,
-128,-126,-19.1255,
-126,-126,-30.1446,
-124,-126,-20.6519,
-122,-126,-16.5617,
-120,-126,-13.3603,
-118,-126,-12.3246,
-116,-126,-16.583,
-114,-126,-15.2472,
-112,-126,-10.8034,
-110,-126,-10.1911,
-108,-126,-10.0598,
-106,-126,-10.0699,
-104,-126,-11.1508,
-102,-126,-11.9453,
-100,-126,-12.6848,
-98,-126,-14.2222,
-96,-126,-14.578,
-94,-126,-14.0691,
-92,-126,-13.456,
-90,-126,-12.5686,
-88,-126,-13.1249,
-86,-126,-16.4923,
-84,-126,-20.0061,
-82,-126,-17.6678,
-80,-126,-17.2113,
-78,-126,-21.0489,
-76,-126,-25.4518,
-74,-126,-13.9532,
-72,-126,-10.1563,
-70,-126,-10.7694,
-68,-126,-15.8809,
-66,-126,-17.9647,
-64,-126,-15.949,
-62,-126,-14.9995,
-60,-126,-11.6791,
-58,-126,-11.6618,
-56,-126,-15.8544,
-54,-126,-17.5758,
-52,-126,-17.4881,
-50,-126,-21.1538,
-48,-126,-22.3601,
-46,-126,-16.9543,
-44,-126,-14.5137,
-42,-126,-15.4937,
-40,-126,-14.9645,
-38,-126,-11.1896,
-36,-126,-9.15826,
-34,-126,-10.1902,
-32,-126,-15.4013,
-30,-126,-17.3498,
-28,-126,-13.4974,
-26,-126,-11.4515,
-24,-126,-10.5049,
-22,-126,-13.8017,
-20,-126,-20.9253,
-18,-126,-11.9154,
-16,-126,-10.067,
-14,-126,-11.1021,
-12,-126,-12.0688,
-10,-126,-13.5352,
-8,-126,-16.7527,
-6,-126,-18.5836,
-4,-126,-15.4982,
-2,-126,-13.8058,
0,-126,-16.877,
2,-126,-14.9621,
4,-126,-7.73854,
6,-126,-5.54658,
8,-126,-7.9858,
10,-126,-20.5334,
12,-126,-8.85381,
14,-126,-4.68449,
16,-126,-4.84113,
18,-126,-7.38509,
20,-126,-10.1933,
22,-126,-10.8343,
24,-126,-10.359,
26,-126,-11.735,
28,-126,-17.4476,
30,-126,-20.644,
32,-126,-14.5529,
34,-126,-11.9615,
36,-126,-11.2544,
38,-126,-13.6174,
40,-126,-19.6303,
42,-126,-18.0594,
44,-126,-18.544,
46,-126,-20.2341,
48,-126,-18.3879,
50,-126,-19.4592,
52,-126,-24.729,
54,-126,-24.003,
56,-126,-21.2344,
58,-126,-27.5568,
60,-126,-15.802,
62,-126,-13.4239,
64,-126,-17.8801,
66,-126,-15.7243,
68,-126,-12.0442,
70,-126,-13.8022,
72,-126,-18.4119,
74,-126,-18.0558,
76,-126,-20.315,
78,-126,-17.7229,
80,-126,-11.6372,
82,-126,-9.80406,
84,-126,-11.6685,
86,-126,-17.6047,
88,-126,-14.9017,
90,-126,-11.3271,
92,-126,-12.1699,
94,-126,-16.2209,
96,-126,-14.9156,
98,-126,-12.3938,
100,-126,-13.2337,
102,-126,-17.2629,
104,-126,-20.4335,
106,-126,-17.3816,
108,-126,-16.9562,
110,-126,-15.6478,
112,-126,-12.5735,
114,-126,-12.8003,
116,-126,-15.2985,
118,-126,-11.9478,
120,-126,-9.48618,
122,-126,-10.209,
124,-126,-12.8498,
126,-126,-15.0152,
128,-126,-16.0885,
130,-126,-15.4435,
132,-126,-14.6406,
134,-126,-14.1308,
136,-126,-13.0186,
138,-126,-14.5175,
140,-126,-15.8588,
142,-126,-8.77774,
144,-126,-6.43816,
146,-126,-9.19806,
148,-126,-17.1358,
150,-126,-9.51413,
152,-126,-7.42022,
154,-126,-9.31725,
156,-126,-11.5507,
158,-126,-13.1042,
160,-126,-16.939,
162,-126,-13.7238,
164,-126,-10.5875,
166,-126,-10.5556,
168,-126,-13.1603,
170,-126,-19.7949,
172,-126,-31.198,
174,-126,-21.0202,
176,-126,-18.0758,
178,-126,-17.2406,
180,-126,-16.4708,
-180,-124,-13.3182,
-178,-124,-12.1756,
-176,-124,-10.2094,
-174,-124,-8.83159,
-172,-124,-10.0331,
-170,-124,-16.28,
-168,-124,-12.5111,
-166,-124,-7.40954,
-164,-124,-7.37195,
-162,-124,-11.3469,
-160,-124,-15.022,
-158,-124,-14.0308,
-156,-124,-15.5196,
-154,-124,-18.1617,
-152,-124,-19.9416,
-150,-124,-19.6971,
-148,-124,-14.5555,
-146,-124,-9.77194,
-144,-124,-8.03767,
-142,-124,-10.2744,
-140,-124,-16.4273,
-138,-124,-15.8661,
-136,-124,-18.5713,
-134,-124,-13.7085,
-132,-124,-10.7529,
-130,-124,-12.7129,
-128,-124,-16.9437,
-126,-124,-25.6587,
-124,-124,-19.7692,
-122,-124,-13.8929,
-120,-124,-10.4523,
-118,-124,-10.5911,
-116,-124,-17.6713,
-114,-124,-15.9387,
-112,-124,-11.9457,
-110,-124,-12.1984,
-108,-124,-10.9449,
-106,-124,-10.7551,
-104,-124,-12.696,
-102,-124,-13.4297,
-100,-124,-13.424,
-98,-124,-14.2432,
-96,-124,-15.6819,
-94,-124,-18.8694,
-92,-124,-16.5935,
-90,-124,-12.0737,
-88,-124,-10.6664,
-86,-124,-11.9567,
-84,-124,-14.716,
-82,-124,-15.7466,
-80,-124,-17.1246,
-78,-124,-21.4686,
-76,-124,-20.8286,
-74,-124,-15.494,
-72,-124,-12.4209,
-70,-124,-13.1015,
-68,-124,-18.5254,
-66,-124,-16.7193,
-64,-124,-14.3068,
-62,-124,-13.8651,
-60,-124,-10.886,
-58,-124,-10.8564,
-56,-124,-16.201,
-54,-124,-18.6189,
-52,-124,-16.7408,
-50,-124,-21.2306,
-48,-124,-24.4137,
-46,-124,-16.7846,
-44,-124,-14.4836,
-42,-124,-16.4044,
-40,-124,-15.0799,
-38,-124,-10.7199,
-36,-124,-9.20087,
-34,-124,-10.9867,
-32,-124,-15.4005,
-30,-124,-14.4727,
-28,-124,-13.725,
-26,-124,-12.2188,
-24,-124,-10.4681,
-22,-124,-13.3817,
-20,-124,-19.1063,
-18,-124,-12.8269,
-16,-124,-10.5267,
-14,-124,-10.0679,
-12,-124,-11.8108,
-10,-124,-18.1003,
-8,-124,-23.793,
-6,-124,-21.0326,
-4,-124,-17.423,
-2,-124,-13.6558,
0,-124,-14.6386,
2,-124,-14.8259,
4,-124,-8.23528,
6,-124,-5.66842,
8,-124,-7.66895,
10,-124,-20.6495,
12,-124,-8.96067,
14,-124,-4.3526,
16,-124,-4.62214,
18,-124,-8.15964,
20,-124,-13.2848,
22,-124,-15.8775,
24,-124,-15.0094,
26,-124,-15.2699,
28,-124,-20.7234,
30,-124,-21.8803,
32,-124,-15.9275,
34,-124,-12.9542,
36,-124,-11.3122,
38,-124,-12.8068,
40,-124,-18.9109,
42,-124,-18.5324,
44,-124,-18.2728,
46,-124,-19.2947,
48,-124,-17.0068,
50,-124,-17.7313,
52,-124,-22.5255,
54,-124,-19.2075,
56,-124,-17.3207,
58,-124,-26.1701,
60,-124,-15.5958,
62,-124,-13.6429,
64,-124,-21.8618,
66,-124,-15.72,
68,-124,-12.0002,
70,-124,-14.4265,
72,-124,-19.3085,
74,-124,-20.233,
76,-124,-27.6111,
78,-124,-16.269,
80,-124,-10.6129,
82,-124,-9.24095,
84,-124,-11.3162,
86,-124,-16.7426,
88,-124,-13.2486,
90,-124,-9.68828,
92,-124,-9.97233,
94,-124,-12.287,
96,-124,-11.0585,
98,-124,-9.59231,
100,-124,-11.6973,
102,-124,-19.2157,
104,-124,-20.5863,
106,-124,-15.8969,
108,-124,-16.4499,
110,-124,-18.3399,
112,-124,-13.6947,
114,-124,-11.8668,
116,-124,-12.2247,
118,-124,-10.0533,
120,-124,-8.52905,
122,-124,-9.91793,
124,-124,-13.8962,
126,-124,-17.5975,
128,-124,-16.6354,
130,-124,-13.5792,
132,-124,-12.7663,
134,-124,-14.8348,
136,-124,-17.8938,
138,-124,-23.1576,
140,-124,-14.2741,
142,-124,-7.47264,
144,-124,-6.0971,
146,-124,-10.0446,
148,-124,-18.6049,
150,-124,-9.46333,
152,-124,-8.31783,
154,-124,-10.0616,
156,-124,-9.56878,
158,-124,-10.1613,
160,-124,-15.4425,
162,-124,-16.5575,
164,-124,-10.5605,
166,-124,-9.1001,
168,-124,-11.4855,
170,-124,-17.9799,
172,-124,-18.4932,
174,-124,-17.8081,
176,-124,-18.3683,
178,-124,-15.1883,
180,-124,-13.3182,
-180,-122,-14.577,
-178,-122,-13.9831,
-176,-122,-12.6169,
-174,-122,-11.2057,
-172,-122,-11.7924,
-170,-122,-18.0684,
-168,-122,-14.1497,
-166,-122,-7.91375,
-164,-122,-7.71926,
-162,-122,-13.7188,
-160,-122,-24.081,
-158,-122,-14.5739,
-156,-122,-15.4564,
-154,-122,-17.4795,
-152,-122,-17.2943,
-150,-122,-18.27,
-148,-122,-17.8555,
-146,-122,-12.116,
-144,-122,-9.19627,
-142,-122,-11.0153,
-140,-122,-18.5023,
-138,-122,-15.4759,
-136,-122,-16.0286,
-134,-122,-12.9438,
-132,-122,-10.9334,
-130,-122,-13.2536,
-128,-122,-16.1234,
-126,-122,-23.2272,
-124,-122,-20.1181,
-122,-122,-12.6724,
-120,-122,-9.0081,
-118,-122,-9.7553,
-116,-122,-18.4818,
-114,-122,-16.8438,
-112,-122,-15.0231,
-110,-122,-15.476,
-108,-122,-11.4112,
-106,-122,-12.0265,
-104,-122,-16.5341,
-102,-122,-16.4388,
-100,-122,-15.8721,
-98,-122,-16.9807,
-96,-122,-17.9131,
-94,-122,-18.4232,
-92,-122,-16.383,
-90,-122,-13.2244,
-88,-122,-10.2675,
-86,-122,-9.35079,
-84,-122,-11.2912,
-82,-122,-14.5186,
-80,-122,-15.5944,
-78,-122,-17.5669,
-76,-122,-18.226,
-74,-122,-17.4276,
-72,-122,-15.7433,
-70,-122,-15.4859,
-68,-122,-21.2042,
-66,-122,-17.858,
-64,-122,-14.2487,
-62,-122,-14.2307,
-60,-122,-11.6002,
-58,-122,-11.467,
-56,-122,-18.0662,
-54,-122,-17.2137,
-52,-122,-13.9904,
-50,-122,-17.0616,
-48,-122,-20.1517,
-46,-122,-14.7698,
-44,-122,-12.606,
-42,-122,-14.7187,
-40,-122,-16.3846,
-38,-122,-12.6081,
-36,-122,-11.5694,
-34,-122,-14.3509,
-32,-122,-15.0668,
-30,-122,-12.3358,
-28,-122,-14.4045,
-26,-122,-13.7555,
-24,-122,-10.6488,
-22,-122,-11.8461,
-20,-122,-14.0686,
-18,-122,-13.6877,
-16,-122,-11.3033,
-14,-122,-9.86009,
-12,-122,-12.5723,
-10,-122,-20.1171,
-8,-122,-16.8656,
-6,-122,-17.951,
-4,-122,-20.8073,
-2,-122,-16.2727,
0,-122,-17.0724,
2,-122,-16.0552,
4,-122,-9.49078,
6,-122,-6.84754,
8,-122,-8.40693,
10,-122,-19.62,
12,-122,-10.6804,
14,-122,-5.37994,
16,-122,-5.57461,
18,-122,-9.81458,
20,-122,-16.032,
22,-122,-19.3171,
24,-122,-21.4103,
26,-122,-18.3339,
28,-122,-21.2906,
30,-122,-29.5905,
32,-122,-20.9158,
34,-122,-15.9401,
36,-122,-12.7238,
38,-122,-13.3895,
40,-122,-19.7869,
42,-122,-18.8022,
44,-122,-18.0582,
46,-122,-19.5961,
48,-122,-16.2856,
50,-122,-16.039,
52,-122,-19.7838,
54,-122,-16.5857,
56,-122,-14.8347,
58,-122,-22.8757,
60,-122,-16.3871,
62,-122,-15.0913,
64,-122,-30.3664,
66,-122,-14.5403,
68,-122,-12.5088,
70,-122,-16.7019,
72,-122,-19.6741,
74,-122,-19.4254,
76,-122,-24.5367,
78,-122,-16.4934,
80,-122,-12.078,
82,-122,-11.156,
84,-122,-12.6483,
86,-122,-14.3916,
88,-122,-12.6001,
90,-122,-10.4844,
92,-122,-9.78461,
94,-122,-9.90097,
96,-122,-9.22998,
98,-122,-8.92007,
100,-122,-12.3158,
102,-122,-30.4975,
104,-122,-13.831,
106,-122,-10.9727,
108,-122,-12.4776,
110,-122,-18.019,
112,-122,-16.7199,
114,-122,-12.1724,
116,-122,-11.4264,
118,-122,-10.1689,
120,-122,-9.24477,
122,-122,-11.1478,
124,-122,-15.3357,
126,-122,-16.1792,
128,-122,-13.8077,
130,-122,-11.6349,
132,-122,-11.4697,
134,-122,-13.8983,
136,-122,-17.4075,
138,-122,-24.1115,
140,-122,-15.2311,
142,-122,-8.41922,
144,-122,-7.68027,
146,-122,-13.6575,
148,-122,-17.3038,
150,-122,-9.89901,
152,-122,-11.1588,
154,-122,-13.1144,
156,-122,-8.82682,
158,-122,-7.91104,
160,-122,-10.5862,
162,-122,-15.5012,
164,-122,-11.2272,
166,-122,-9.03875,
168,-122,-11.3354,
170,-122,-14.8411,
172,-122,-13.5934,
174,-122,-15.0213,
176,-122,-18.316,
178,-122,-16.0865,
180,-122,-14.577,
-180,-120,-20.8759,
-178,-120,-18.786,
-176,-120,-15.9754,
-174,-120,-13.8422,
-172,-120,-13.0843,
-170,-120,-17.2032,
-168,-120,-15.8394,
-166,-120,-8.25079,
-164,-120,-7.07419,
-162,-120,-11.0226,
-160,-120,-14.3747,
-158,-120,-11.391,
-156,-120,-13.0036,
-154,-120,-16.4736,
-152,-120,-17.0915,
-150,-120,-18.4383,
-148,-120,-25.5295,
-146,-120,-18.5097,
-144,-120,-12.358,
-142,-120,-13.5926,
-140,-120,-19.746,
-138,-120,-12.5846,
-136,-120,-11.9494,
-134,-120,-11.4227,
-132,-120,-11.4095,
-130,-120,-14.7122,
-128,-120,-15.6399,
-126,-120,-21.2912,
-124,-120,-24.3934,
-122,-120,-13.3739,
-120,-120,-9.00224,
-118,-120,-10.1803,
-116,-120,-20.4486,
-114,-120,-17.4067,
-112,-120,-20.889,
-110,-120,-14.9944,
-108,-120,-10.3712,
-106,-120,-13.0255,
-104,-120,-23.9452,
-102,-120,-17.3997,
-100,-120,-16.9916,
-98,-120,-18.5942,
-96,-120,-16.7369,
-94,-120,-13.9055,
-92,-120,-13.5576,
-90,-120,-16.8488,
-88,-120,-11.5127,
-86,-120,-7.97403,
-84,-120,-9.36204,
-82,-120,-14.5358,
-80,-120,-13.9858,
-78,-120,-14.4569,
-76,-120,-16.8171,
-74,-120,-17.9157,
-72,-120,-19.7511,
-70,-120,-16.0327,
-68,-120,-18.5641,
-66,-120,-20.6599,
-64,-120,-14.437,
-62,-120,-14.3467,
-60,-120,-13.3805,
-58,-120,-13.2728,
-56,-120,-20.3844,
-54,-120,-14.4359,
-52,-120,-11.4108,
-50,-120,-13.8571,
-48,-120,-17.2002,
-46,-120,-13.1293,
-44,-120,-10.8155,
-42,-120,-12.3599,
-40,-120,-16.3654,
-38,-120,-16.1589,
-36,-120,-16.3165,
-34,-120,-18.7244,
-32,-120,-13.1333,
-30,-120,-11.4084,
-28,-120,-16.9419,
-26,-120,-16.1053,
-24,-120,-11.2041,
-22,-120,-10.9711,
-20,-120,-12.1479,
-18,-120,-15.3507,
-16,-120,-12.1865,
-14,-120,-10.289,
-12,-120,-13.6116,
-10,-120,-15.4004,
-8,-120,-13.2353,
-6,-120,-15.9093,
-4,-120,-23.2136,
-2,-120,-24.7559,
0,-120,-23.2294,
2,-120,-16.4186,
4,-120,-11.4069,
6,-120,-8.96535,
8,-120,-9.48794,
10,-120,-15.2928,
12,-120,-14.1212,
14,-120,-7.67588,
16,-120,-7.12983,
18,-120,-10.5877,
20,-120,-13.7982,
22,-120,-15.5661,
24,-120,-22.304,
26,-120,-18.4694,
28,-120,-18.5358,
30,-120,-24.9523,
32,-120,-21.0943,
34,-120,-16.7457,
36,-120,-14.2407,
38,-120,-14.9641,
40,-120,-23.2512,
42,-120,-18.5832,
44,-120,-17.7153,
46,-120,-22.1475,
48,-120,-16.3838,
50,-120,-14.7021,
52,-120,-17.8322,
54,-120,-15.5332,
56,-120,-13.7241,
58,-120,-21.1766,
60,-120,-17.4121,
62,-120,-16.9535,
64,-120,-21.0948,
66,-120,-13.11,
68,-120,-13.8859,
70,-120,-21.8252,
72,-120,-17.7454,
74,-120,-17.3269,
76,-120,-19.4757,
78,-120,-16.7244,
80,-120,-15.614,
82,-120,-16.1939,
84,-120,-15.0827,
86,-120,-12.1075,
88,-120,-11.5048,
90,-120,-13.6902,
92,-120,-11.4504,
94,-120,-8.71097,
96,-120,-8.77436,
98,-120,-9.65214,
100,-120,-12.3863,
102,-120,-19.7441,
104,-120,-11.1587,
106,-120,-8.79221,
108,-120,-10.5821,
110,-120,-15.5636,
112,-120,-22.1966,
114,-120,-13.7436,
116,-120,-11.5346,
118,-120,-10.9013,
120,-120,-10.5344,
122,-120,-12.7174,
124,-120,-15.7702,
126,-120,-14.6319,
128,-120,-13.1109,
130,-120,-12.241,
132,-120,-12.9684,
134,-120,-14.5736,
136,-120,-14.1774,
138,-120,-16.2883,
140,-120,-19.005,
142,-120,-11.7438,
144,-120,-11.7914,
146,-120,-23.8624,
148,-120,-13.2833,
150,-120,-10.34,
152,-120,-16.5242,
154,-120,-17.2957,
156,-120,-9.01284,
158,-120,-7.1849,
160,-120,-8.6395,
162,-120,-14.1014,
164,-120,-12.178,
166,-120,-9.88317,
168,-120,-12.2568,
170,-120,-12.982,
172,-120,-11.7626,
174,-120,-13.9854,
176,-120,-18.524,
178,-120,-20.2233,
180,-120,-20.8759,
-180,-118,-17.5047,
-178,-118,-19.555,
-176,-118,-19.9889,
-174,-118,-15.2022,
-172,-118,-12.9363,
-170,-118,-15.392,
-168,-118,-16.5787,
-166,-118,-8.00878,
-164,-118,-5.62694,
-162,-118,-7.43598,
-160,-118,-9.77023,
-158,-118,-9.37038,
-156,-118,-11.9965,
-154,-118,-17.9226,
-152,-118,-18.5862,
-150,-118,-17.1443,
-148,-118,-16.8937,
-146,-118,-18.7228,
-144,-118,-15.8363,
-142,-118,-16.5486,
-140,-118,-17.3477,
-138,-118,-10.2895,
-136,-118,-9.25232,
-134,-118,-9.55333,
-132,-118,-11.2579,
-130,-118,-16.0353,
-128,-118,-14.7536,
-126,-118,-17.2974,
-124,-118,-25.297,
-122,-118,-16.8746,
-120,-118,-10.4335,
-118,-118,-12.0328,
-116,-118,-23.9083,
-114,-118,-17.5082,
-112,-118,-27.6435,
-110,-118,-11.751,
-108,-118,-9.02439,
-106,-118,-13.3642,
-104,-118,-20.9367,
-102,-118,-14.2685,
-100,-118,-14.2404,
-98,-118,-13.8873,
-96,-118,-12.3371,
-94,-118,-11.0297,
-92,-118,-11.2411,
-90,-118,-18.8975,
-88,-118,-13.7895,
-86,-118,-7.59106,
-84,-118,-8.64964,
-82,-118,-16.1547,
-80,-118,-12.5673,
-78,-118,-12.2727,
-76,-118,-16.1853,
-74,-118,-16.1808,
-72,-118,-22.5876,
-70,-118,-14.8515,
-68,-118,-14.1259,
-66,-118,-21.3787,
-64,-118,-13.7168,
-62,-118,-12.4823,
-60,-118,-14.9253,
-58,-118,-16.5893,
-56,-118,-21.6875,
-54,-118,-12.5579,
-52,-118,-9.87324,
-50,-118,-12.2647,
-48,-118,-16.3035,
-46,-118,-12.4657,
-44,-118,-9.86748,
-42,-118,-10.9139,
-40,-118,-14.8306,
-38,-118,-17.9193,
-36,-118,-18.158,
-34,-118,-14.9307,
-32,-118,-11.0745,
-30,-118,-11.6831,
-28,-118,-22.7535,
-26,-118,-15.5069,
-24,-118,-11.6753,
-22,-118,-11.0105,
-20,-118,-12.1773,
-18,-118,-18.9964,
-16,-118,-12.7014,
-14,-118,-11.2333,
-12,-118,-14.1877,
-10,-118,-12.4692,
-8,-118,-12.0255,
-6,-118,-15.4144,
-4,-118,-21.3339,
-2,-118,-20.1096,
0,-118,-14.6657,
2,-118,-13.5078,
4,-118,-13.8593,
6,-118,-11.4548,
8,-118,-9.96541,
10,-118,-12.5517,
12,-118,-20.3362,
14,-118,-10.8591,
16,-118,-8.00936,
18,-118,-9.11123,
20,-118,-10.8168,
22,-118,-13.2004,
24,-118,-20.7279,
26,-118,-17.4627,
28,-118,-16.3816,
30,-118,-18.9648,
32,-118,-14.9127,
34,-118,-12.4672,
36,-118,-13.0115,
38,-118,-15.6985,
40,-118,-23.107,
42,-118,-16.1857,
44,-118,-15.5575,
46,-118,-23.8039,
48,-118,-17.3383,
50,-118,-14.1255,
52,-118,-16.9265,
54,-118,-15.2405,
56,-118,-13.3026,
58,-118,-20.6008,
60,-118,-18.6083,
62,-118,-18.6465,
64,-118,-16.431,
66,-118,-12.325,
68,-118,-16.6281,
70,-118,-24.0358,
72,-118,-14.7796,
74,-118,-15.2961,
76,-118,-15.9585,
78,-118,-15.7899,
80,-118,-20.0785,
82,-118,-22.9532,
84,-118,-15.8242,
86,-118,-10.4804,
88,-118,-9.3493,
90,-118,-15.3111,
92,-118,-15.2782,
94,-118,-8.54488,
96,-118,-9.41645,
98,-118,-11.2089,
100,-118,-9.62236,
102,-118,-11.7135,
104,-118,-10.4045,
106,-118,-8.31328,
108,-118,-10.3259,
110,-118,-13.6283,
112,-118,-19.5095,
114,-118,-16.1259,
116,-118,-11.5423,
118,-118,-11.0555,
120,-118,-11.5593,
122,-118,-14.2181,
124,-118,-16.96,
126,-118,-15.1606,
128,-118,-14.1391,
130,-118,-14.4991,
132,-118,-15.8866,
134,-118,-13.2932,
136,-118,-10.4351,
138,-118,-11.3919,
140,-118,-17.6685,
142,-118,-18.0997,
144,-118,-20.4434,
146,-118,-16.9637,
148,-118,-10.3145,
150,-118,-10.4154,
152,-118,-14.3979,
154,-118,-11.8691,
156,-118,-9.22994,
158,-118,-7.76815,
160,-118,-8.81424,
162,-118,-15.1732,
164,-118,-12.9673,
166,-118,-11.2279,
168,-118,-13.5959,
170,-118,-12.0232,
172,-118,-11.5387,
174,-118,-14.4996,
176,-118,-18.6073,
178,-118,-18.4408,
180,-118,-17.5047,
-180,-116,-10.8964,
-178,-116,-13.8448,
-176,-116,-22.153,
-174,-116,-14,
-172,-116,-11.7241,
-170,-116,-14.1058,
-168,-116,-15.6056,
-166,-116,-7.47727,
-164,-116,-4.44036,
-162,-116,-5.4287,
-160,-116,-8.13718,
-158,-116,-9.07218,
-156,-116,-12.7074,
-154,-116,-23.0225,
-152,-116,-18.1332,
-150,-116,-14.2141,
-148,-116,-11.5745,
-146,-116,-11.8181,
-144,-116,-14.1178,
-142,-116,-16.7036,
-140,-116,-15.4353,
-138,-116,-9.1253,
-136,-116,-7.69973,
-134,-116,-7.92428,
-132,-116,-10.2365,
-130,-116,-15.6697,
-128,-116,-13.1417,
-126,-116,-12.8115,
-124,-116,-15.3216,
-122,-116,-29.2889,
-120,-116,-13.4521,
-118,-116,-15.4007,
-116,-116,-21.5616,
-114,-116,-17.1411,
-112,-116,-22.5278,
-110,-116,-9.86272,
-108,-116,-8.42023,
-106,-116,-13.305,
-104,-116,-14.9834,
-102,-116,-11.6177,
-100,-116,-12.0254,
-98,-116,-10.6295,
-96,-116,-9.26282,
-94,-116,-9.28864,
-92,-116,-9.69556,
-90,-116,-13.9678,
-88,-116,-15.226,
-86,-116,-8.14199,
-84,-116,-8.9514,
-82,-116,-19.9842,
-80,-116,-11.3945,
-78,-116,-10.7962,
-76,-116,-15.933,
-74,-116,-13.7394,
-72,-116,-21.0892,
-70,-116,-13.6662,
-68,-116,-11.0434,
-66,-116,-18.8719,
-64,-116,-11.897,
-62,-116,-9.21261,
-60,-116,-12.668,
-58,-116,-20.3177,
-56,-116,-21.8968,
-54,-116,-12.0489,
-52,-116,-9.53846,
-50,-116,-12.2955,
-48,-116,-17.6916,
-46,-116,-12.6224,
-44,-116,-9.75772,
-42,-116,-10.6599,
-40,-116,-14.2981,
-38,-116,-17.0346,
-36,-116,-14.8423,
-34,-116,-11.3335,
-32,-116,-9.90946,
-30,-116,-13.127,
-28,-116,-18.3039,
-26,-116,-11.4138,
-24,-116,-11.3091,
-22,-116,-11.6109,
-20,-116,-13.5044,
-18,-116,-22.4618,
-16,-116,-12.3508,
-14,-116,-12.5655,
-12,-116,-13.6708,
-10,-116,-10.8674,
-8,-116,-11.8556,
-6,-116,-15.4756,
-4,-116,-19.1175,
-2,-116,-13.2014,
0,-116,-9.43181,
2,-116,-10.576,
4,-116,-16.493,
6,-116,-12.7399,
8,-116,-9.74907,
10,-116,-11.6437,
12,-116,-25.8973,
14,-116,-12.5466,
16,-116,-7.48878,
18,-116,-7.29644,
20,-116,-9.19206,
22,-116,-12.6929,
24,-116,-22.2405,
26,-116,-16.5802,
28,-116,-14.8072,
30,-116,-15.5497,
32,-116,-11.0958,
34,-116,-8.76954,
36,-116,-9.96536,
38,-116,-13.5967,
40,-116,-16.9744,
42,-116,-12.9168,
44,-116,-12.3819,
46,-116,-18.1595,
48,-116,-18.8175,
50,-116,-14.6495,
52,-116,-17.3086,
54,-116,-14.9496,
56,-116,-12.8012,
58,-116,-19.6021,
60,-116,-20.3971,
62,-116,-20.7234,
64,-116,-14.5688,
66,-116,-12.4949,
68,-116,-21.6838,
70,-116,-16.5595,
72,-116,-12.0292,
74,-116,-12.9572,
76,-116,-12.6594,
78,-116,-13.8113,
80,-116,-22.0048,
82,-116,-17.494,
84,-116,-13.7488,
86,-116,-9.43863,
88,-116,-7.26429,
90,-116,-11.0102,
92,-116,-21.1213,
94,-116,-9.358,
96,-116,-11.009,
98,-116,-12.4541,
100,-116,-6.68197,
102,-116,-7.76171,
104,-116,-10.8577,
106,-116,-8.88665,
108,-116,-11.1774,
110,-116,-12.5953,
112,-116,-14.1375,
114,-116,-18.5027,
116,-116,-11.0541,
118,-116,-10.1154,
120,-116,-11.7982,
122,-116,-15.6086,
124,-116,-20.1205,
126,-116,-17.0592,
128,-116,-14.925,
130,-116,-14.811,
132,-116,-14.2955,
134,-116,-10.1909,
136,-116,-7.85266,
138,-116,-8.85909,
140,-116,-14.0871,
142,-116,-22.3153,
144,-116,-19.2579,
146,-116,-11.147,
148,-116,-8.7152,
150,-116,-9.87172,
152,-116,-8.56194,
154,-116,-6.99256,
156,-116,-8.73679,
158,-116,-9.40859,
160,-116,-10.8422,
162,-116,-19.035,
164,-116,-12.6128,
166,-116,-12.529,
168,-116,-14.3585,
170,-116,-11.5253,
172,-116,-12.1941,
174,-116,-16.162,
176,-116,-18.6364,
178,-116,-13.1119,
180,-116,-10.8964,
-180,-114,-7.75515,
-178,-114,-10.638,
-176,-114,-20.2202,
-174,-114,-12.0439,
-172,-114,-10.5546,
-170,-114,-13.5563,
-168,-114,-13.9266,
-166,-114,-7.22529,
-164,-114,-3.96594,
-162,-114,-4.60696,
-160,-114,-8.03557,
-158,-114,-10.1839,
-156,-114,-14.8624,
-154,-114,-27.4836,
-152,-114,-15.02,
-150,-114,-11.797,
-148,-114,-8.89388,
-146,-114,-8.41831,
-144,-114,-11.0816,
-142,-114,-15.1617,
-140,-114,-15.0633,
-138,-114,-8.9067,
-136,-114,-6.9415,
-134,-114,-6.71903,
-132,-114,-8.9062,
-130,-114,-13.8718,
-128,-114,-11.1713,
-126,-114,-9.23711,
-124,-114,-9.99769,
-122,-114,-19.4004,
-120,-114,-17.5856,
-118,-114,-18.4998,
-116,-114,-16.7165,
-114,-114,-16.1204,
-112,-114,-19.1573,
-110,-114,-9.42325,
-108,-114,-8.71682,
-106,-114,-12.59,
-104,-114,-11.4438,
-102,-114,-9.93967,
-100,-114,-11.2209,
-98,-114,-9.36254,
-96,-114,-7.69581,
-94,-114,-8.22382,
-92,-114,-8.73361,
-90,-114,-10.7457,
-88,-114,-14.6597,
-86,-114,-9.68035,
-84,-114,-10.1168,
-82,-114,-24.9821,
-80,-114,-10.5451,
-78,-114,-9.93318,
-76,-114,-15.6562,
-74,-114,-11.5007,
-72,-114,-17.5621,
-70,-114,-13.0179,
-68,-114,-9.05382,
-66,-114,-16.9535,
-64,-114,-9.70773,
-62,-114,-6.11931,
-60,-114,-8.92048,
-58,-114,-18.5556,
-56,-114,-23.5456,
-54,-114,-13.0876,
-52,-114,-10.49,
-50,-114,-14.1384,
-48,-114,-20.7584,
-46,-114,-12.4298,
-44,-114,-9.8841,
-42,-114,-11.1362,
-40,-114,-14.9801,
-38,-114,-16.9486,
-36,-114,-13.2298,
-34,-114,-9.79877,
-32,-114,-9.75493,
-30,-114,-15.2752,
-28,-114,-11.6746,
-26,-114,-8.03328,
-24,-114,-10.2996,
-22,-114,-12.3033,
-20,-114,-15.1725,
-18,-114,-16.7075,
-16,-114,-11.2954,
-14,-114,-14.0754,
-12,-114,-12.2809,
-10,-114,-9.82898,
-8,-114,-11.7194,
-6,-114,-14.9299,
-4,-114,-17.8887,
-2,-114,-10.122,
0,-114,-6.82597,
2,-114,-8.76804,
4,-114,-18.3523,
6,-114,-12.2553,
8,-114,-9.49891,
10,-114,-12.1313,
12,-114,-18.7578,
14,-114,-11.2552,
16,-114,-6.66655,
18,-114,-6.24,
20,-114,-8.65056,
22,-114,-13.4959,
24,-114,-28.6259,
26,-114,-15.2986,
28,-114,-13.1443,
30,-114,-12.9976,
32,-114,-8.70502,
34,-114,-6.33032,
36,-114,-7.46302,
38,-114,-11.057,
40,-114,-13.3443,
42,-114,-10.5013,
44,-114,-9.81561,
46,-114,-13.5964,
48,-114,-18.9802,
50,-114,-16.6249,
52,-114,-19.1745,
54,-114,-13.9774,
56,-114,-11.7093,
58,-114,-17.394,
60,-114,-22.8685,
62,-114,-23.9101,
64,-114,-13.9892,
66,-114,-13.5753,
68,-114,-27.6052,
70,-114,-12.469,
72,-114,-9.8989,
74,-114,-10.5182,
76,-114,-9.71133,
78,-114,-11.3049,
80,-114,-21.2939,
82,-114,-14.8719,
84,-114,-11.9671,
86,-114,-8.76639,
88,-114,-5.89255,
90,-114,-7.87191,
92,-114,-19.5319,
94,-114,-11.2373,
96,-114,-13.4351,
98,-114,-12.299,
100,-114,-4.77756,
102,-114,-5.57648,
104,-114,-12.1597,
106,-114,-9.83146,
108,-114,-12.383,
110,-114,-12.2768,
112,-114,-10.9352,
114,-114,-19.9846,
116,-114,-10.1282,
118,-114,-8.37596,
120,-114,-10.9903,
122,-114,-16.1568,
124,-114,-24.0006,
126,-114,-19.0416,
128,-114,-14.518,
130,-114,-12.8338,
132,-114,-11.2343,
134,-114,-8.11576,
136,-114,-6.64204,
138,-114,-8.08745,
140,-114,-13.1868,
142,-114,-20.0408,
144,-114,-14.6174,
146,-114,-8.94377,
148,-114,-8.19567,
150,-114,-8.56878,
152,-114,-4.95306,
154,-114,-4.14864,
156,-114,-7.92481,
158,-114,-11.9024,
160,-114,-15.063,
162,-114,-17.7097,
164,-114,-10.7513,
166,-114,-13.0657,
168,-114,-14.0038,
170,-114,-11.2276,
172,-114,-12.9137,
174,-114,-17.4688,
176,-114,-19.2165,
178,-114,-10.337,
180,-114,-7.75515,
-180,-112,-6.40811,
-178,-112,-9.11364,
-176,-112,-17.5359,
-174,-112,-10.56,
-172,-112,-9.84,
-170,-112,-13.5914,
-168,-112,-12.55,
-166,-112,-7.59925,
-164,-112,-4.21791,
-162,-112,-4.4389,
-160,-112,-8.51654,
-158,-112,-12.323,
-156,-112,-17.7888,
-154,-112,-20.2422,
-152,-112,-12.549,
-150,-112,-10.3784,
-148,-112,-7.57932,
-146,-112,-6.67093,
-144,-112,-9.23063,
-142,-112,-14.1275,
-140,-112,-16.0298,
-138,-112,-9.43675,
-136,-112,-6.74711,
-134,-112,-5.9365,
-132,-112,-7.77655,
-130,-112,-12.1017,
-128,-112,-9.38928,
-126,-112,-6.62961,
-124,-112,-6.67102,
-122,-112,-12.2262,
-120,-112,-16.8823,
-118,-112,-16.3563,
-116,-112,-13.7148,
-114,-112,-14.633,
-112,-112,-17.037,
-110,-112,-10.1949,
-108,-112,-9.68676,
-106,-112,-10.9236,
-104,-112,-9.03232,
-102,-112,-8.81243,
-100,-112,-11.3705,
-98,-112,-9.62264,
-96,-112,-7.3264,
-94,-112,-7.61446,
-92,-112,-8.12605,
-90,-112,-9.32773,
-88,-112,-13.9146,
-86,-112,-12.4251,
-84,-112,-12.0394,
-82,-112,-21.022,
-80,-112,-10.0769,
-78,-112,-9.61987,
-76,-112,-15.059,
-74,-112,-9.68062,
-72,-112,-14.4637,
-70,-112,-12.812,
-68,-112,-7.75638,
-66,-112,-16.1483,
-64,-112,-7.75331,
-62,-112,-3.69541,
-60,-112,-6.04943,
-58,-112,-15.2059,
-56,-112,-27.1931,
-54,-112,-15.9805,
-52,-112,-12.9014,
-50,-112,-18.5178,
-48,-112,-18.2157,
-46,-112,-10.76,
-44,-112,-9.37634,
-42,-112,-11.3047,
-40,-112,-15.2295,
-38,-112,-17.1074,
-36,-112,-13.177,
-34,-112,-9.59404,
-32,-112,-10.5017,
-30,-112,-15.4872,
-28,-112,-7.74102,
-26,-112,-5.79207,
-24,-112,-9.45993,
-22,-112,-12.8823,
-20,-112,-15.5041,
-18,-112,-12.1057,
-16,-112,-10.1232,
-14,-112,-15.4184,
-12,-112,-10.7685,
-10,-112,-9.01868,
-8,-112,-11.0495,
-6,-112,-13.547,
-4,-112,-17.3139,
-2,-112,-8.82259,
0,-112,-5.68656,
2,-112,-7.91199,
4,-112,-18.4587,
6,-112,-11.5041,
8,-112,-9.56254,
10,-112,-13.6002,
12,-112,-15.1112,
14,-112,-9.94586,
16,-112,-6.40561,
18,-112,-5.90798,
20,-112,-8.69817,
22,-112,-14.9177,
24,-112,-28.2825,
26,-112,-13.6389,
28,-112,-11.4771,
30,-112,-11.1003,
32,-112,-7.25086,
34,-112,-4.84217,
36,-112,-5.87441,
38,-112,-9.45185,
40,-112,-11.5982,
42,-112,-9.13047,
44,-112,-8.12881,
46,-112,-10.6784,
48,-112,-16.398,
50,-112,-20.3338,
52,-112,-21.2932,
54,-112,-12.2084,
56,-112,-10.1124,
58,-112,-14.7296,
60,-112,-23.4323,
62,-112,-24.0365,
64,-112,-13.682,
66,-112,-14.9602,
68,-112,-21.7644,
70,-112,-10.3909,
72,-112,-8.44217,
74,-112,-8.46361,
76,-112,-7.46616,
78,-112,-8.99559,
80,-112,-18.3118,
82,-112,-15.1315,
84,-112,-11.2804,
86,-112,-8.26217,
88,-112,-5.21877,
90,-112,-6.34544,
92,-112,-15.3963,
94,-112,-14.5156,
96,-112,-16.6202,
98,-112,-11.4667,
100,-112,-3.83555,
102,-112,-4.47627,
104,-112,-13.9701,
106,-112,-10.2595,
108,-112,-12.6833,
110,-112,-12.3946,
112,-112,-8.87277,
114,-112,-20.1,
116,-112,-8.92242,
118,-112,-6.38565,
120,-112,-9.46771,
122,-112,-15.4764,
124,-112,-21.1084,
126,-112,-19.6548,
128,-112,-14.2163,
130,-112,-11.5411,
132,-112,-9.57316,
134,-112,-7.19608,
136,-112,-6.52301,
138,-112,-8.71589,
140,-112,-14.7239,
142,-112,-21.5761,
144,-112,-13.8024,
146,-112,-8.5256,
148,-112,-8.40321,
150,-112,-6.73271,
152,-112,-2.60853,
154,-112,-2.49774,
156,-112,-7.49427,
158,-112,-15.1424,
160,-112,-21.6101,
162,-112,-12.0032,
164,-112,-8.54901,
166,-112,-12.5976,
168,-112,-13.0881,
170,-112,-11.0409,
172,-112,-12.932,
174,-112,-16.245,
176,-112,-20.6345,
178,-112,-9.33166,
180,-112,-6.40811,
-180,-110,-6.26963,
-178,-110,-8.6427,
-176,-110,-15.3694,
-174,-110,-9.63495,
-172,-110,-9.51003,
-170,-110,-13.9493,
-168,-110,-11.7017,
-166,-110,-8.756,
-164,-110,-5.05223,
-162,-110,-4.39725,
-160,-110,-8.46609,
-158,-110,-14.4282,
-156,-110,-18.9057,
-154,-110,-16.3942,
-152,-110,-11.1386,
-150,-110,-9.79428,
-148,-110,-7.12813,
-146,-110,-5.84158,
-144,-110,-8.27781,
-142,-110,-13.7225,
-140,-110,-18.053,
-138,-110,-10.5702,
-136,-110,-6.97076,
-134,-110,-5.53566,
-132,-110,-7.04257,
-130,-110,-10.9462,
-128,-110,-8.06627,
-126,-110,-4.80086,
-124,-110,-4.46505,
-122,-110,-8.59263,
-120,-110,-12.8042,
-118,-110,-13.0288,
-116,-110,-12.0148,
-114,-110,-13.1439,
-112,-110,-15.201,
-110,-110,-12.1337,
-108,-110,-10.7069,
-106,-110,-8.91417,
-104,-110,-7.35088,
-102,-110,-8.00881,
-100,-110,-11.8162,
-98,-110,-11.2083,
-96,-110,-7.9523,
-94,-110,-7.33701,
-92,-110,-7.59692,
-90,-110,-8.8674,
-88,-110,-13.7308,
-86,-110,-17.0033,
-84,-110,-14.6967,
-82,-110,-17.0528,
-80,-110,-9.98009,
-78,-110,-9.74893,
-76,-110,-14.0831,
-74,-110,-8.31949,
-72,-110,-12.2103,
-70,-110,-12.8377,
-68,-110,-6.86508,
-66,-110,-16.0729,
-64,-110,-6.23073,
-62,-110,-1.90621,
-60,-110,-4.07086,
-58,-110,-13.0167,
-56,-110,-21.4993,
-54,-110,-20.0504,
-52,-110,-17.2408,
-50,-110,-27.6811,
-48,-110,-13.5269,
-46,-110,-8.59646,
-44,-110,-8.2325,
-42,-110,-10.5625,
-40,-110,-13.6441,
-38,-110,-15.6515,
-36,-110,-13.88,
-34,-110,-10.2641,
-32,-110,-11.9619,
-30,-110,-12.5891,
-28,-110,-5.19511,
-26,-110,-4.39731,
-24,-110,-9.22806,
-22,-110,-13.5687,
-20,-110,-14.4531,
-18,-110,-9.36757,
-16,-110,-9.21101,
-14,-110,-16.1716,
-12,-110,-9.56857,
-10,-110,-8.3943,
-8,-110,-10.0676,
-6,-110,-12.0503,
-4,-110,-16.9845,
-2,-110,-8.69716,
0,-110,-5.56798,
2,-110,-7.77292,
4,-110,-17.3437,
6,-110,-11.2739,
8,-110,-9.90148,
10,-110,-15.2889,
12,-110,-13.4899,
14,-110,-9.7163,
16,-110,-6.85257,
18,-110,-5.96962,
20,-110,-8.73345,
22,-110,-15.4862,
24,-110,-20.3959,
26,-110,-12.173,
28,-110,-10.1622,
30,-110,-9.88113,
32,-110,-6.52203,
34,-110,-4.07315,
36,-110,-5.04941,
38,-110,-8.76785,
40,-110,-11.0957,
42,-110,-8.61536,
44,-110,-7.16292,
46,-110,-8.77974,
48,-110,-13.3401,
50,-110,-22.5733,
52,-110,-19.2557,
54,-110,-10.1976,
56,-110,-8.41579,
58,-110,-12.3071,
60,-110,-20.0895,
62,-110,-19.3183,
64,-110,-12.884,
66,-110,-14.9763,
68,-110,-17.4766,
70,-110,-9.60386,
72,-110,-7.58179,
74,-110,-6.96837,
76,-110,-5.97485,
78,-110,-7.2971,
80,-110,-14.6123,
82,-110,-17.4091,
84,-110,-11.4316,
86,-110,-7.79331,
88,-110,-4.98628,
90,-110,-5.78109,
92,-110,-12.9221,
94,-110,-20.2799,
96,-110,-20.8715,
98,-110,-10.9792,
100,-110,-3.66316,
102,-110,-4.14311,
104,-110,-15.8245,
106,-110,-9.85183,
108,-110,-11.7294,
110,-110,-12.6392,
112,-110,-7.41066,
114,-110,-18.9638,
116,-110,-7.63373,
118,-110,-4.52969,
120,-110,-7.84292,
122,-110,-14.4267,
124,-110,-16.6312,
126,-110,-17.9527,
128,-110,-14.4923,
130,-110,-11.1566,
132,-110,-8.82435,
134,-110,-6.96222,
136,-110,-7.15043,
138,-110,-10.526,
140,-110,-18.5546,
142,-110,-25.8516,
144,-110,-15.218,
146,-110,-9.2831,
148,-110,-8.80579,
150,-110,-4.81333,
152,-110,-1.01231,
154,-110,-1.60793,
156,-110,-7.74731,
158,-110,-19.1416,
160,-110,-19.2922,
162,-110,-8.48309,
164,-110,-6.81048,
166,-110,-11.6702,
168,-110,-12.2115,
170,-110,-10.983,
172,-110,-12.3311,
174,-110,-13.9715,
176,-110,-21.8073,
178,-110,-9.66105,
180,-110,-6.26963,
-180,-108,-7.12114,
-178,-108,-8.89818,
-176,-108,-13.6607,
-174,-108,-9.05095,
-172,-108,-9.31793,
-170,-108,-14.297,
-168,-108,-11.2492,
-166,-108,-10.7676,
-164,-108,-6.20361,
-162,-108,-4.0908,
-160,-108,-7.40852,
-158,-108,-14.5098,
-156,-108,-16.7724,
-154,-108,-14.1557,
-152,-108,-10.4419,
-150,-108,-9.82579,
-148,-108,-7.27804,
-146,-108,-5.57973,
-144,-108,-7.87657,
-142,-108,-13.6364,
-140,-108,-20.2896,
-138,-108,-12.1937,
-136,-108,-7.51359,
-134,-108,-5.46519,
-132,-108,-6.7262,
-130,-108,-10.4723,
-128,-108,-7.24735,
-126,-108,-3.57585,
-124,-108,-2.99347,
-122,-108,-6.39684,
-120,-108,-9.87293,
-118,-108,-10.6768,
-116,-108,-11.105,
-114,-108,-11.9237,
-112,-108,-13.5928,
-110,-108,-15.4666,
-108,-108,-10.8235,
-106,-108,-7.19948,
-104,-108,-6.25979,
-102,-108,-7.49278,
-100,-108,-11.9008,
-98,-108,-13.9403,
-96,-108,-9.41739,
-94,-108,-7.28995,
-92,-108,-6.91564,
-90,-108,-8.48617,
-88,-108,-13.4091,
-86,-108,-24.6361,
-84,-108,-18.3036,
-82,-108,-15.1738,
-80,-108,-10.163,
-78,-108,-10.1156,
-76,-108,-12.8932,
-74,-108,-7.40877,
-72,-108,-10.751,
-70,-108,-12.9084,
-68,-108,-6.18813,
-66,-108,-16.1922,
-64,-108,-5.12617,
-62,-108,-0.615188,
-60,-108,-2.72313,
-58,-108,-11.5957,
-56,-108,-15.5216,
-54,-108,-18.0744,
-52,-108,-24.3224,
-50,-108,-23.8628,
-48,-108,-10.6603,
-46,-108,-6.94171,
-44,-108,-7.15033,
-42,-108,-9.56922,
-40,-108,-11.6977,
-38,-108,-13.4421,
-36,-108,-14.5791,
-34,-108,-11.5018,
-32,-108,-13.7533,
-30,-108,-9.57911,
-28,-108,-3.47632,
-26,-108,-3.60953,
-24,-108,-9.72336,
-22,-108,-14.6909,
-20,-108,-13.4535,
-18,-108,-7.76289,
-16,-108,-8.67953,
-14,-108,-16.1181,
-12,-108,-8.78238,
-10,-108,-8.02028,
-8,-108,-9.21768,
-6,-108,-10.9087,
-4,-108,-16.6068,
-2,-108,-9.53087,
0,-108,-6.28143,
2,-108,-8.17599,
4,-108,-15.9168,
6,-108,-11.5702,
8,-108,-10.3313,
10,-108,-15.826,
12,-108,-12.9515,
14,-108,-10.5512,
16,-108,-7.84831,
18,-108,-6.01438,
20,-108,-8.27948,
22,-108,-14.2961,
24,-108,-16.5784,
26,-108,-11.1824,
28,-108,-9.33044,
30,-108,-9.28055,
32,-108,-6.38319,
34,-108,-3.85492,
36,-108,-4.80303,
38,-108,-8.78326,
40,-108,-11.4576,
42,-108,-8.75193,
44,-108,-6.7303,
46,-108,-7.55224,
48,-108,-10.9954,
50,-108,-18.8264,
52,-108,-15.6538,
54,-108,-8.43545,
56,-108,-6.91186,
58,-108,-10.3222,
60,-108,-16.5822,
62,-108,-15.5817,
64,-108,-11.6101,
66,-108,-13.1411,
68,-108,-15.0313,
70,-108,-9.80964,
72,-108,-7.18658,
74,-108,-5.99826,
76,-108,-5.14433,
78,-108,-6.28371,
80,-108,-11.8173,
82,-108,-19.1702,
84,-108,-11.873,
86,-108,-7.30866,
88,-108,-4.8377,
90,-108,-5.55279,
92,-108,-11.1516,
94,-108,-28.8814,
96,-108,-27.2809,
98,-108,-11.1124,
100,-108,-4.1126,
102,-108,-4.38979,
104,-108,-17.2773,
106,-108,-9.20226,
108,-108,-10.5356,
110,-108,-12.7416,
112,-108,-6.30123,
114,-108,-17.2835,
116,-108,-6.43558,
118,-108,-2.95754,
120,-108,-6.43057,
122,-108,-13.5931,
124,-108,-13.3669,
126,-108,-15,
128,-108,-14.6957,
130,-108,-11.1336,
132,-108,-8.39207,
134,-108,-6.95692,
136,-108,-8.14501,
138,-108,-13.2776,
140,-108,-20.1917,
142,-108,-19.9062,
144,-108,-18.3345,
146,-108,-10.8663,
148,-108,-8.73616,
150,-108,-3.11471,
152,-108,0.0895853,
154,-108,-1.23787,
156,-108,-8.76335,
158,-108,-22.103,
160,-108,-14.9038,
162,-108,-6.44294,
164,-108,-5.68094,
166,-108,-10.8054,
168,-108,-11.5549,
170,-108,-11.0991,
172,-108,-11.719,
174,-108,-12.2348,
176,-108,-20.154,
178,-108,-11.2197,
180,-108,-7.12114,
-180,-106,-8.92341,
-178,-106,-9.66941,
-176,-106,-12.2387,
-174,-106,-8.52781,
-172,-106,-8.99931,
-170,-106,-14.3157,
-168,-106,-10.9142,
-166,-106,-13.4163,
-164,-106,-7.25158,
-162,-106,-3.47202,
-160,-106,-5.95535,
-158,-106,-12.8985,
-156,-106,-14.0856,
-154,-106,-12.5025,
-152,-106,-10.1312,
-150,-106,-10.2883,
-148,-106,-7.8677,
-146,-106,-5.67815,
-144,-106,-7.79242,
-142,-106,-13.611,
-140,-106,-20.6086,
-138,-106,-14.1729,
-136,-106,-8.29187,
-134,-106,-5.66288,
-132,-106,-6.77969,
-130,-106,-10.6257,
-128,-106,-6.87894,
-126,-106,-2.81231,
-124,-106,-2.03682,
-122,-106,-5.01402,
-120,-106,-7.95838,
-118,-106,-9.07057,
-116,-106,-10.6479,
-114,-106,-11.0221,
-112,-106,-12.3412,
-110,-106,-20.6084,
-108,-106,-9.83703,
-106,-106,-5.97514,
-104,-106,-5.67534,
-102,-106,-7.29342,
-100,-106,-11.4769,
-98,-106,-16.4531,
-96,-106,-11.3976,
-94,-106,-7.36691,
-92,-106,-6.03483,
-90,-106,-7.46897,
-88,-106,-12.0928,
-86,-106,-22.6093,
-84,-106,-23.6256,
-82,-106,-14.6627,
-80,-106,-10.456,
-78,-106,-10.3997,
-76,-106,-11.7047,
-74,-106,-6.9121,
-72,-106,-9.96196,
-70,-106,-12.8972,
-68,-106,-5.61438,
-66,-106,-15.9282,
-64,-106,-4.35837,
-62,-106,0.309719,
-60,-106,-1.79938,
-58,-106,-10.5679,
-56,-106,-11.8135,
-54,-106,-13.9036,
-52,-106,-25.3382,
-50,-106,-18.9317,
-48,-106,-9.14492,
-46,-106,-5.96185,
-44,-106,-6.51447,
-42,-106,-8.98227,
-40,-106,-10.4385,
-38,-106,-11.7793,
-36,-106,-14.874,
-34,-106,-13.0783,
-32,-106,-15.0954,
-30,-106,-7.32502,
-28,-106,-2.30104,
-26,-106,-3.25838,
-24,-106,-10.9857,
-22,-106,-16.3284,
-20,-106,-13.0758,
-18,-106,-6.90841,
-16,-106,-8.53138,
-14,-106,-15.4461,
-12,-106,-8.37466,
-10,-106,-7.9452,
-8,-106,-8.7071,
-6,-106,-10.2055,
-4,-106,-16.0627,
-2,-106,-11.3013,
0,-106,-7.77729,
2,-106,-8.98713,
4,-106,-14.4933,
6,-106,-12.0947,
8,-106,-10.6735,
10,-106,-14.8205,
12,-106,-12.8638,
14,-106,-12.2258,
16,-106,-8.99473,
18,-106,-5.74628,
20,-106,-7.36274,
22,-106,-12.5143,
24,-106,-14.4314,
26,-106,-10.6524,
28,-106,-8.93096,
30,-106,-9.18085,
32,-106,-6.7229,
34,-106,-4.05276,
36,-106,-4.97383,
38,-106,-9.27487,
40,-106,-12.3709,
42,-106,-9.36071,
44,-106,-6.67575,
46,-106,-6.79724,
48,-106,-9.392,
50,-106,-15.5589,
52,-106,-13.0993,
54,-106,-7.08844,
56,-106,-5.70808,
58,-106,-8.76587,
60,-106,-13.9404,
62,-106,-13.087,
64,-106,-10.3287,
66,-106,-11.0315,
68,-106,-13.5093,
70,-106,-10.881,
72,-106,-7.09556,
74,-106,-5.45651,
76,-106,-4.85491,
78,-106,-5.89438,
80,-106,-10.0609,
82,-106,-16.3562,
84,-106,-11.8652,
86,-106,-6.81458,
88,-106,-4.45764,
90,-106,-5.07521,
92,-106,-9.5881,
94,-106,-20.8241,
96,-106,-24.2089,
98,-106,-11.7686,
100,-106,-5.08024,
102,-106,-5.08251,
104,-106,-18.2592,
106,-106,-8.85711,
108,-106,-9.74134,
110,-106,-12.5816,
112,-106,-5.43484,
114,-106,-15.6853,
116,-106,-5.41451,
118,-106,-1.68008,
120,-106,-5.28347,
122,-106,-13.0077,
124,-106,-10.9702,
126,-106,-12.3304,
128,-106,-14.1734,
130,-106,-11.0396,
132,-106,-7.96355,
134,-106,-6.88866,
136,-106,-9.12037,
138,-106,-16.1838,
140,-106,-15.8762,
142,-106,-14.7958,
144,-106,-21.488,
146,-106,-12.898,
148,-106,-7.95472,
150,-106,-1.73913,
152,-106,0.841782,
154,-106,-1.23393,
156,-106,-10.5946,
158,-106,-19.1947,
160,-106,-12.6012,
162,-106,-5.31872,
164,-106,-5.087,
166,-106,-10.1672,
168,-106,-11.0918,
170,-106,-11.413,
172,-106,-11.4461,
174,-106,-11.2083,
176,-106,-16.9947,
178,-106,-14.0708,
180,-106,-8.92341,
-180,-104,-11.7497,
-178,-104,-10.7832,
-176,-104,-10.9745,
-174,-104,-7.84493,
-172,-104,-8.42326,
-170,-104,-13.8731,
-168,-104,-10.3991,
-166,-104,-14.9687,
-164,-104,-7.75351,
-162,-104,-2.73489,
-160,-104,-4.65518,
-158,-104,-11.2214,
-156,-104,-11.8764,
-154,-104,-11.0928,
-152,-104,-9.97702,
-150,-104,-11.0321,
-148,-104,-8.78626,
-146,-104,-5.99555,
-144,-104,-7.8674,
-142,-104,-13.5254,
-140,-104,-18.8488,
-138,-104,-16.2278,
-136,-104,-9.21206,
-134,-104,-6.05431,
-132,-104,-7.12641,
-130,-104,-11.3356,
-128,-104,-6.87001,
-126,-104,-2.39163,
-124,-104,-1.44662,
-122,-104,-4.15231,
-120,-104,-6.70272,
-118,-104,-7.94914,
-116,-104,-10.4123,
-114,-104,-10.3906,
-112,-104,-11.4649,
-110,-104,-22.5826,
-108,-104,-8.48099,
-106,-104,-5.21325,
-104,-104,-5.52081,
-102,-104,-7.42371,
-100,-104,-10.9015,
-98,-104,-15.5464,
-96,-104,-12.8966,
-94,-104,-7.46219,
-92,-104,-5.07153,
-90,-104,-5.89301,
-88,-104,-10.1071,
-86,-104,-17.2179,
-84,-104,-27.7966,
-82,-104,-15.1781,
-80,-104,-10.6494,
-78,-104,-10.2882,
-76,-104,-10.6522,
-74,-104,-6.77093,
-72,-104,-9.71488,
-70,-104,-12.7418,
-68,-104,-5.09842,
-66,-104,-15.0731,
-64,-104,-3.83653,
-62,-104,0.976584,
-60,-104,-1.15466,
-58,-104,-9.75563,
-56,-104,-9.41452,
-54,-104,-11.2766,
-52,-104,-21.2425,
-50,-104,-17.2824,
-48,-104,-8.53014,
-46,-104,-5.54226,
-44,-104,-6.36205,
-42,-104,-8.96631,
-40,-104,-9.93106,
-38,-104,-10.8512,
-36,-104,-14.9393,
-34,-104,-14.8441,
-32,-104,-15.2314,
-30,-104,-5.70715,
-28,-104,-1.49729,
-26,-104,-3.21595,
-24,-104,-13.0875,
-22,-104,-17.8529,
-20,-104,-13.3291,
-18,-104,-6.5758,
-16,-104,-8.72216,
-14,-104,-14.5014,
-12,-104,-8.26949,
-10,-104,-8.17317,
-8,-104,-8.55775,
-6,-104,-9.88012,
-4,-104,-15.3823,
-2,-104,-14.1407,
0,-104,-10.1324,
2,-104,-10.0884,
4,-104,-13.1196,
6,-104,-12.344,
8,-104,-10.8374,
10,-104,-13.3228,
12,-104,-12.542,
14,-104,-13.9377,
16,-104,-9.6523,
18,-104,-5.16054,
20,-104,-6.31453,
22,-104,-11.0117,
24,-104,-13.1323,
26,-104,-10.4621,
28,-104,-8.848,
30,-104,-9.44963,
32,-104,-7.44151,
34,-104,-4.55126,
36,-104,-5.42349,
38,-104,-10.0262,
40,-104,-13.4596,
42,-104,-10.2724,
44,-104,-6.87348,
46,-104,-6.38329,
48,-104,-8.36679,
50,-104,-13.6535,
52,-104,-11.5071,
54,-104,-6.1436,
56,-104,-4.80461,
58,-104,-7.5753,
60,-104,-11.9905,
62,-104,-11.3909,
64,-104,-9.31231,
66,-104,-9.39311,
68,-104,-12.5116,
70,-104,-12.7721,
72,-104,-7.13377,
74,-104,-5.23861,
76,-104,-4.99362,
78,-104,-6.03587,
80,-104,-9.1395,
82,-104,-13.0382,
84,-104,-11.0634,
86,-104,-6.33789,
88,-104,-3.76514,
90,-104,-4.12078,
92,-104,-8.15257,
94,-104,-15.9963,
96,-104,-17.2951,
98,-104,-12.634,
100,-104,-6.49282,
102,-104,-6.10025,
104,-104,-18.9089,
106,-104,-8.99819,
108,-104,-9.44646,
110,-104,-12.2089,
112,-104,-4.76042,
114,-104,-14.3971,
116,-104,-4.58274,
118,-104,-0.656646,
120,-104,-4.36319,
122,-104,-12.5504,
124,-104,-9.19302,
126,-104,-10.3615,
128,-104,-13.2197,
130,-104,-10.8154,
132,-104,-7.51626,
134,-104,-6.69803,
136,-104,-9.81662,
138,-104,-17.3343,
140,-104,-12.6153,
142,-104,-11.9178,
144,-104,-20.5038,
146,-104,-14.7864,
148,-104,-6.83665,
150,-104,-0.678325,
152,-104,1.34033,
154,-104,-1.48652,
156,-104,-13.3321,
158,-104,-15.1835,
160,-104,-11.3837,
162,-104,-4.78984,
164,-104,-4.90858,
166,-104,-9.71295,
168,-104,-10.7401,
170,-104,-11.9106,
172,-104,-11.5817,
174,-104,-10.7482,
176,-104,-14.2968,
178,-104,-17.4385,
180,-104,-11.7497,
-180,-102,-15.4185,
-178,-102,-12.0666,
-176,-102,-9.79905,
-174,-102,-6.94755,
-172,-102,-7.64399,
-170,-102,-13.0804,
-168,-102,-9.56745,
-166,-102,-13.3269,
-164,-102,-7.60746,
-162,-102,-2.05184,
-160,-102,-3.64643,
-158,-102,-9.92818,
-156,-102,-10.1684,
-154,-102,-9.8805,
-152,-102,-9.85151,
-150,-102,-11.9296,
-148,-102,-9.94751,
-146,-102,-6.42586,
-144,-102,-7.99565,
-142,-102,-13.3708,
-140,-102,-16.9263,
-138,-102,-17.7576,
-136,-102,-10.1575,
-134,-102,-6.55554,
-132,-102,-7.67528,
-130,-102,-12.5306,
-128,-102,-7.11278,
-126,-102,-2.21079,
-124,-102,-1.10949,
-122,-102,-3.63654,
-120,-102,-5.88273,
-118,-102,-7.15597,
-116,-102,-10.2502,
-114,-102,-9.95108,
-112,-102,-10.8856,
-110,-102,-17.692,
-108,-102,-7.2679,
-106,-102,-4.82153,
-104,-102,-5.71619,
-102,-102,-7.85932,
-100,-102,-10.4798,
-98,-102,-12.9843,
-96,-102,-12.6153,
-94,-102,-7.49424,
-92,-102,-4.16167,
-90,-102,-4.26469,
-88,-102,-8.19442,
-86,-102,-14.3337,
-84,-102,-21.6977,
-82,-102,-16.6032,
-80,-102,-10.5871,
-78,-102,-9.71569,
-76,-102,-9.77762,
-74,-102,-6.90678,
-72,-102,-9.88475,
-70,-102,-12.4424,
-68,-102,-4.63408,
-66,-102,-13.9186,
-64,-102,-3.47965,
-62,-102,1.46936,
-60,-102,-0.688605,
-58,-102,-9.09609,
-56,-102,-7.81972,
-54,-102,-9.7411,
-52,-102,-19.7347,
-50,-102,-17.3091,
-48,-102,-8.52439,
-46,-102,-5.52311,
-44,-102,-6.5978,
-42,-102,-9.46501,
-40,-102,-10.0123,
-38,-102,-10.5031,
-36,-102,-15.0852,
-34,-102,-16.74,
-32,-102,-14.4248,
-30,-102,-4.53873,
-28,-102,-0.946123,
-26,-102,-3.37851,
-24,-102,-16.1619,
-22,-102,-17.6966,
-20,-102,-14.0944,
-18,-102,-6.60226,
-16,-102,-9.18121,
-14,-102,-13.5232,
-12,-102,-8.3815,
-10,-102,-8.67322,
-8,-102,-8.7165,
-6,-102,-9.83667,
-4,-102,-14.6456,
-2,-102,-18.0915,
0,-102,-13.6041,
2,-102,-11.3595,
4,-102,-11.8053,
6,-102,-11.8831,
8,-102,-10.8251,
10,-102,-11.9433,
12,-102,-11.5341,
14,-102,-13.8715,
16,-102,-9.40708,
18,-102,-4.43841,
20,-102,-5.36366,
22,-102,-9.90946,
24,-102,-12.2941,
26,-102,-10.4736,
28,-102,-8.95722,
30,-102,-9.95805,
32,-102,-8.44521,
34,-102,-5.24599,
36,-102,-6.03133,
38,-102,-10.8259,
40,-102,-14.2518,
42,-102,-11.3065,
44,-102,-7.21548,
46,-102,-6.2081,
48,-102,-7.75874,
50,-102,-12.6353,
52,-102,-10.5613,
54,-102,-5.5247,
56,-102,-4.15538,
58,-102,-6.67785,
60,-102,-10.5287,
62,-102,-10.1981,
64,-102,-8.59725,
66,-102,-8.2556,
68,-102,-11.8345,
70,-102,-15.3816,
72,-102,-7.1451,
74,-102,-5.24607,
76,-102,-5.45645,
78,-102,-6.6113,
80,-102,-8.8505,
82,-102,-10.8159,
84,-102,-9.8514,
86,-102,-5.90043,
88,-102,-2.90428,
90,-102,-2.91088,
92,-102,-6.90819,
94,-102,-13.2248,
96,-102,-12.9166,
98,-102,-13.1793,
100,-102,-8.29475,
102,-102,-7.30166,
104,-102,-19.0664,
106,-102,-9.62875,
108,-102,-9.57262,
110,-102,-11.744,
112,-102,-4.24408,
114,-102,-13.4253,
116,-102,-3.91563,
118,-102,0.163923,
120,-102,-3.61829,
122,-102,-12.1304,
124,-102,-7.88012,
126,-102,-9.02401,
128,-102,-12.3978,
130,-102,-10.6219,
132,-102,-7.13582,
134,-102,-6.45781,
136,-102,-10.207,
138,-102,-16.45,
140,-102,-10.6747,
142,-102,-10.2431,
144,-102,-17.9645,
146,-102,-15.869,
148,-102,-5.76832,
150,-102,0.11945,
152,-102,1.6589,
154,-102,-1.90783,
156,-102,-16.8891,
158,-102,-12.2314,
160,-102,-10.7186,
162,-102,-4.64475,
164,-102,-5.01694,
166,-102,-9.33235,
168,-102,-10.4199,
170,-102,-12.5367,
172,-102,-12.0744,
174,-102,-10.6953,
176,-102,-12.2882,
178,-102,-16.5926,
180,-102,-15.4185,
-180,-100,-17.1912,
-178,-100,-13.3371,
-176,-100,-8.69575,
-174,-100,-5.92853,
-172,-100,-6.79518,
-170,-100,-12.1399,
-168,-100,-8.5139,
-166,-100,-10.6838,
-164,-100,-7.08286,
-162,-100,-1.48721,
-160,-100,-2.89338,
-158,-100,-8.98132,
-156,-100,-8.86881,
-154,-100,-8.88451,
-152,-100,-9.70512,
-150,-100,-12.8607,
-148,-100,-11.271,
-146,-100,-6.88429,
-144,-100,-8.10967,
-142,-100,-13.1787,
-140,-100,-15.4547,
-138,-100,-18.1177,
-136,-100,-10.9964,
-134,-100,-7.07964,
-132,-100,-8.32696,
-130,-100,-14.1231,
-128,-100,-7.48985,
-126,-100,-2.17776,
-124,-100,-0.932039,
-122,-100,-3.34272,
-120,-100,-5.35259,
-118,-100,-6.59198,
-116,-100,-10.0833,
-114,-100,-9.62391,
-112,-100,-10.487,
-110,-100,-14.0665,
-108,-100,-6.31514,
-106,-100,-4.69508,
-104,-100,-6.17355,
-102,-100,-8.53937,
-100,-100,-10.29,
-98,-100,-10.9427,
-96,-100,-11.1093,
-94,-100,-7.42611,
-92,-100,-3.37689,
-90,-100,-2.8709,
-88,-100,-6.64256,
-86,-100,-12.6282,
-84,-100,-17.0584,
-82,-100,-18.9836,
-80,-100,-10.2546,
-78,-100,-8.879,
-76,-100,-9.06714,
-74,-100,-7.2222,
-72,-100,-10.3438,
-70,-100,-12.046,
-68,-100,-4.22613,
-66,-100,-12.8028,
-64,-100,-3.22119,
-62,-100,1.85185,
-60,-100,-0.331334,
-58,-100,-8.56605,
-56,-100,-6.74356,
-54,-100,-8.873,
-52,-100,-19.8435,
-50,-100,-18.4255,
-48,-100,-8.91308,
-46,-100,-5.74865,
-44,-100,-7.08762,
-42,-100,-10.3567,
-40,-100,-10.4968,
-38,-100,-10.5435,
-36,-100,-15.4309,
-34,-100,-18.7725,
-32,-100,-13.3759,
-30,-100,-3.67437,
-28,-100,-0.557397,
-26,-100,-3.65512,
-24,-100,-20.018,
-22,-100,-15.8263,
-20,-100,-15.219,
-18,-100,-6.85249,
-16,-100,-9.81288,
-14,-100,-12.6203,
-12,-100,-8.62461,
-10,-100,-9.3886,
-8,-100,-9.10319,
-6,-100,-9.97461,
-4,-100,-13.9139,
-2,-100,-20.3162,
0,-100,-18.5791,
2,-100,-12.6681,
4,-100,-10.5689,
6,-100,-10.7845,
8,-100,-10.6816,
10,-100,-10.7642,
12,-100,-10.0263,
14,-100,-11.937,
16,-100,-8.53771,
18,-100,-3.73346,
20,-100,-4.57395,
22,-100,-9.11812,
24,-100,-11.7033,
26,-100,-10.5656,
28,-100,-9.14807,
30,-100,-10.5869,
32,-100,-9.63811,
34,-100,-6.037,
36,-100,-6.69045,
38,-100,-11.492,
40,-100,-14.4093,
42,-100,-12.2616,
44,-100,-7.60279,
46,-100,-6.18253,
48,-100,-7.42915,
50,-100,-12.1557,
52,-100,-10.0123,
54,-100,-5.1395,
56,-100,-3.69802,
58,-100,-6.00337,
60,-100,-9.41454,
62,-100,-9.32489,
64,-100,-8.12155,
66,-100,-7.49649,
68,-100,-11.3496,
70,-100,-17.929,
72,-100,-7.03666,
74,-100,-5.38827,
76,-100,-6.14108,
78,-100,-7.51908,
80,-100,-9.01901,
82,-100,-9.43299,
84,-100,-8.68166,
86,-100,-5.51066,
88,-100,-2.04862,
90,-100,-1.73496,
92,-100,-5.89379,
94,-100,-11.3651,
96,-100,-9.90199,
98,-100,-12.9582,
100,-100,-10.4317,
102,-100,-8.49863,
104,-100,-18.4172,
106,-100,-10.6902,
108,-100,-9.99989,
110,-100,-11.2828,
112,-100,-3.85144,
114,-100,-12.7041,
116,-100,-3.37725,
118,-100,0.829299,
120,-100,-3.00456,
122,-100,-11.7128,
124,-100,-6.9092,
126,-100,-8.15974,
128,-100,-11.9098,
130,-100,-10.5745,
132,-100,-6.86885,
134,-100,-6.2358,
136,-100,-10.4031,
138,-100,-15.2107,
140,-100,-9.51534,
142,-100,-9.26046,
144,-100,-16.1847,
146,-100,-16.05,
148,-100,-4.88988,
150,-100,0.718061,
152,-100,1.86024,
154,-100,-2.41848,
156,-100,-19.252,
158,-100,-10.1251,
160,-100,-10.3245,
162,-100,-4.72416,
164,-100,-5.28126,
166,-100,-8.92622,
168,-100,-10.0777,
170,-100,-13.1969,
172,-100,-12.8228,
174,-100,-10.9078,
176,-100,-10.8176,
178,-100,-12.9569,
180,-100,-17.1912,
-180,-98,-14.7728,
-178,-98,-14.4243,
-176,-98,-7.67783,
-174,-98,-4.91329,
-172,-98,-5.97906,
-170,-98,-11.2073,
-168,-98,-7.42424,
-166,-98,-8.51589,
-164,-98,-6.46029,
-162,-98,-1.03359,
-160,-98,-2.32415,
-158,-98,-8.28316,
-156,-98,-7.88648,
-154,-98,-8.09838,
-152,-98,-9.52788,
-150,-98,-13.7049,
-148,-98,-12.6647,
-146,-98,-7.301,
-144,-98,-8.17008,
-142,-98,-12.9721,
-140,-98,-14.3941,
-138,-98,-17.4637,
-136,-98,-11.6172,
-134,-98,-7.54564,
-132,-98,-8.97874,
-130,-98,-15.9642,
-128,-98,-7.88239,
-126,-98,-2.20973,
-124,-98,-0.8346,
-122,-98,-3.17404,
-120,-98,-5.00729,
-118,-98,-6.18495,
-116,-98,-9.88076,
-114,-98,-9.34111,
-112,-98,-10.1579,
-110,-98,-11.6784,
-108,-98,-5.58812,
-106,-98,-4.72927,
-104,-98,-6.7914,
-102,-98,-9.36623,
-100,-98,-10.2748,
-98,-98,-9.53994,
-96,-98,-9.55045,
-94,-98,-7.26395,
-92,-98,-2.72828,
-90,-98,-1.76468,
-88,-98,-5.45518,
-86,-98,-11.5327,
-84,-98,-14.0488,
-82,-98,-22.5714,
-80,-98,-9.7534,
-78,-98,-8.00442,
-76,-98,-8.4851,
-74,-98,-7.60388,
-72,-98,-10.9522,
-70,-98,-11.6137,
-68,-98,-3.8729,
-66,-98,-11.8738,
-64,-98,-3.00879,
-62,-98,2.17196,
-60,-98,-0.0334139,
-58,-98,-8.14617,
-56,-98,-6.00462,
-54,-98,-8.40459,
-52,-98,-20.9665,
-50,-98,-20.1992,
-48,-98,-9.51322,
-46,-98,-6.07502,
-44,-98,-7.68504,
-42,-98,-11.4895,
-40,-98,-11.2005,
-38,-98,-10.796,
-36,-98,-15.9307,
-34,-98,-20.9484,
-32,-98,-12.4165,
-30,-98,-3.00738,
-28,-98,-0.259046,
-26,-98,-3.96069,
-24,-98,-21.651,
-22,-98,-13.74,
-20,-98,-16.5099,
-18,-98,-7.20155,
-16,-98,-10.4954,
-14,-98,-11.831,
-12,-98,-8.91509,
-10,-98,-10.2378,
-8,-98,-9.62373,
-6,-98,-10.1968,
-4,-98,-13.2163,
-2,-98,-17.2571,
0,-98,-21.8,
2,-98,-13.8726,
4,-98,-9.43123,
6,-98,-9.4525,
8,-98,-10.4502,
10,-98,-9.74058,
12,-98,-8.45116,
14,-98,-9.7849,
16,-98,-7.51796,
18,-98,-3.10556,
20,-98,-3.92638,
22,-98,-8.53005,
24,-98,-11.2376,
26,-98,-10.6461,
28,-98,-9.33309,
30,-98,-11.2295,
32,-98,-10.9108,
34,-98,-6.82373,
36,-98,-7.30605,
38,-98,-11.9143,
40,-98,-14.0118,
42,-98,-12.9467,
44,-98,-7.94369,
46,-98,-6.22562,
48,-98,-7.26003,
50,-98,-11.9672,
52,-98,-9.6707,
54,-98,-4.89696,
56,-98,-3.36721,
58,-98,-5.48761,
60,-98,-8.55162,
62,-98,-8.65507,
64,-98,-7.80134,
66,-98,-6.98907,
68,-98,-10.9645,
70,-98,-18.2385,
72,-98,-6.79689,
74,-98,-5.58185,
76,-98,-6.93659,
78,-98,-8.63854,
80,-98,-9.47895,
82,-98,-8.59031,
84,-98,-7.72987,
86,-98,-5.16504,
88,-98,-1.29168,
90,-98,-0.731198,
92,-98,-5.09682,
94,-98,-10.001,
96,-98,-7.72834,
98,-98,-12.087,
100,-98,-12.8193,
102,-98,-9.46806,
104,-98,-17.1228,
106,-98,-12.0861,
108,-98,-10.5971,
110,-98,-10.8701,
112,-98,-3.54295,
114,-98,-12.1526,
116,-98,-2.93208,
118,-98,1.38048,
120,-98,-2.48605,
122,-98,-11.2945,
124,-98,-6.17818,
126,-98,-7.61539,
128,-98,-11.7121,
130,-98,-10.6733,
132,-98,-6.70025,
134,-98,-6.04938,
136,-98,-10.5022,
138,-98,-14.2475,
140,-98,-8.80579,
142,-98,-8.68272,
144,-98,-15.0864,
146,-98,-15.7714,
148,-98,-4.19806,
150,-98,1.18003,
152,-98,2.00046,
154,-98,-2.93937,
156,-98,-17.484,
158,-98,-8.60448,
160,-98,-10.0483,
162,-98,-4.89856,
164,-98,-5.5751,
166,-98,-8.45042,
168,-98,-9.69411,
170,-98,-13.7726,
172,-98,-13.6889,
174,-98,-11.2564,
176,-98,-9.73422,
178,-98,-10.1194,
180,-98,-14.7728,
-180,-96,-12.08,
-178,-96,-15.2131,
-176,-96,-6.76611,
-174,-96,-3.98604,
-172,-96,-5.24055,
-170,-96,-10.3681,
-168,-96,-6.43787,
-166,-96,-6.91394,
-164,-96,-5.87093,
-162,-96,-0.654972,
-160,-96,-1.87289,
-158,-96,-7.75151,
-156,-96,-7.14023,
-154,-96,-7.48736,
-152,-96,-9.32086,
-150,-96,-14.3493,
-148,-96,-14.0088,
-146,-96,-7.61855,
-144,-96,-8.15652,
-142,-96,-12.7535,
-140,-96,-13.6215,
-138,-96,-16.4617,
-136,-96,-11.9716,
-134,-96,-7.88701,
-132,-96,-9.53108,
-130,-96,-17.7728,
-128,-96,-8.186,
-126,-96,-2.23375,
-124,-96,-0.749326,
-122,-96,-3.0519,
-120,-96,-4.76675,
-118,-96,-5.87659,
-116,-96,-9.63348,
-114,-96,-9.0537,
-112,-96,-9.82436,
-110,-96,-10.0199,
-108,-96,-5.02064,
-106,-96,-4.82293,
-104,-96,-7.44984,
-102,-96,-10.203,
-100,-96,-10.321,
-98,-96,-8.56674,
-96,-96,-8.30526,
-94,-96,-7.03594,
-92,-96,-2.19451,
-90,-96,-0.907517,
-88,-96,-4.55923,
-86,-96,-10.7742,
-84,-96,-11.9844,
-82,-96,-27.9695,
-80,-96,-9.20425,
-78,-96,-7.21946,
-76,-96,-7.99433,
-74,-96,-7.93372,
-72,-96,-11.5537,
-70,-96,-11.1926,
-68,-96,-3.5619,
-66,-96,-11.1483,
-64,-96,-2.8026,
-62,-96,2.46518,
-60,-96,0.240741,
-58,-96,-7.81347,
-56,-96,-5.48036,
-54,-96,-8.15295,
-52,-96,-22.6439,
-50,-96,-21.8974,
-48,-96,-10.151,
-46,-96,-6.37351,
-44,-96,-8.2402,
-42,-96,-12.6755,
-40,-96,-11.9385,
-38,-96,-11.1074,
-36,-96,-16.4658,
-34,-96,-23.1931,
-32,-96,-11.6099,
-30,-96,-2.46016,
-28,-96,0.00750622,
-26,-96,-4.21326,
-24,-96,-19.1678,
-22,-96,-12.0559,
-20,-96,-17.7166,
-18,-96,-7.52877,
-16,-96,-11.091,
-14,-96,-11.166,
-12,-96,-9.17559,
-10,-96,-11.1104,
-8,-96,-10.1723,
-6,-96,-10.4148,
-4,-96,-12.5614,
-2,-96,-13.9868,
0,-96,-17.9606,
2,-96,-14.841,
4,-96,-8.40643,
6,-96,-8.18356,
8,-96,-10.1574,
10,-96,-8.8337,
12,-96,-7.05557,
14,-96,-8.03965,
16,-96,-6.58032,
18,-96,-2.55202,
20,-96,-3.37739,
22,-96,-8.05625,
24,-96,-10.8267,
26,-96,-10.654,
28,-96,-9.45063,
30,-96,-11.7948,
32,-96,-12.1285,
34,-96,-7.50287,
36,-96,-7.79594,
38,-96,-12.0735,
40,-96,-13.3775,
42,-96,-13.2562,
44,-96,-8.15919,
46,-96,-6.26501,
48,-96,-7.1527,
50,-96,-11.8843,
52,-96,-9.4009,
54,-96,-4.71498,
56,-96,-3.10135,
58,-96,-5.07363,
60,-96,-7.86975,
62,-96,-8.11472,
64,-96,-7.56024,
66,-96,-6.62899,
68,-96,-10.6188,
70,-96,-16.4366,
72,-96,-6.46729,
74,-96,-5.75047,
76,-96,-7.71404,
78,-96,-9.80781,
80,-96,-10.0521,
82,-96,-8.06865,
84,-96,-7.00345,
86,-96,-4.85269,
88,-96,-0.655829,
90,-96,0.0782303,
92,-96,-4.47534,
94,-96,-8.95402,
96,-96,-6.13845,
98,-96,-11.0095,
100,-96,-15.2834,
102,-96,-10.043,
104,-96,-15.6889,
106,-96,-13.6602,
108,-96,-11.2285,
110,-96,-10.5093,
112,-96,-3.27532,
114,-96,-11.6935,
116,-96,-2.54915,
118,-96,1.85172,
120,-96,-2.03277,
122,-96,-10.88,
124,-96,-5.60477,
126,-96,-7.2591,
128,-96,-11.6785,
130,-96,-10.8442,
132,-96,-6.58095,
134,-96,-5.88121,
136,-96,-10.5423,
138,-96,-13.5569,
140,-96,-8.34714,
142,-96,-8.33263,
144,-96,-14.402,
146,-96,-15.3781,
148,-96,-3.64472,
150,-96,1.56045,
152,-96,2.1297,
154,-96,-3.38795,
156,-96,-14.826,
158,-96,-7.49723,
160,-96,-9.80957,
162,-96,-5.06113,
164,-96,-5.79167,
166,-96,-7.91976,
168,-96,-9.27795,
170,-96,-14.1621,
172,-96,-14.5034,
174,-96,-11.6196,
176,-96,-8.92745,
178,-96,-8.17129,
180,-96,-12.08,
-180,-94,-10.2384,
-178,-94,-15.6662,
-176,-94,-5.97742,
-174,-94,-3.18501,
-172,-94,-4.58682,
-170,-94,-9.66267,
-168,-94,-5.62541,
-166,-94,-5.76128,
-164,-94,-5.34556,
-162,-94,-0.31104,
-160,-94,-1.48888,
-158,-94,-7.32332,
-156,-94,-6.56101,
-154,-94,-7.00583,
-152,-94,-9.08491,
-150,-94,-14.7154,
-148,-94,-15.1475,
-146,-94,-7.79099,
-144,-94,-8.0594,
-142,-94,-12.5137,
-140,-94,-13.0372,
-138,-94,-15.5164,
-136,-94,-12.0836,
-134,-94,-8.05599,
-132,-94,-9.89547,
-130,-94,-19.1431,
-128,-94,-8.3298,
-126,-94,-2.18899,
-124,-94,-0.620745,
-122,-94,-2.91362,
-120,-94,-4.57004,
-118,-94,-5.6194,
-116,-94,-9.33794,
-114,-94,-8.73418,
-112,-94,-9.46326,
-110,-94,-8.83686,
-108,-94,-4.55189,
-106,-94,-4.88195,
-104,-94,-8.0121,
-102,-94,-10.8813,
-100,-94,-10.3046,
-98,-94,-7.84368,
-96,-94,-7.36819,
-94,-94,-6.77038,
-92,-94,-1.74426,
-90,-94,-0.242755,
-88,-94,-3.87825,
-86,-94,-10.2071,
-84,-94,-10.5531,
-82,-94,-34.3284,
-80,-94,-8.69012,
-78,-94,-6.56963,
-76,-94,-7.56512,
-74,-94,-8.10891,
-72,-94,-11.9846,
-70,-94,-10.8064,
-68,-94,-3.27319,
-66,-94,-10.5931,
-64,-94,-2.5737,
-62,-94,2.75717,
-60,-94,0.516837,
-58,-94,-7.54437,
-56,-94,-5.08722,
-54,-94,-7.98513,
-52,-94,-24.2783,
-50,-94,-22.5703,
-48,-94,-10.6558,
-46,-94,-6.53656,
-44,-94,-8.61061,
-42,-94,-13.6828,
-40,-94,-12.535,
-38,-94,-11.3544,
-36,-94,-16.9121,
-34,-94,-25.2842,
-32,-94,-10.9397,
-30,-94,-1.97753,
-28,-94,0.288828,
-26,-94,-4.3358,
-24,-94,-16.6625,
-22,-94,-10.8222,
-20,-94,-18.5619,
-18,-94,-7.72,
-16,-94,-11.4735,
-14,-94,-10.629,
-12,-94,-9.34147,
-10,-94,-11.8671,
-8,-94,-10.6344,
-6,-94,-10.5541,
-4,-94,-11.9481,
-2,-94,-11.7105,
0,-94,-14.6048,
2,-94,-15.4741,
4,-94,-7.50011,
6,-94,-7.09484,
8,-94,-9.81627,
10,-94,-8.0274,
12,-94,-5.91068,
14,-94,-6.72325,
16,-94,-5.77235,
18,-94,-2.04528,
20,-94,-2.88411,
22,-94,-7.62909,
24,-94,-10.4273,
26,-94,-10.5534,
28,-94,-9.46225,
30,-94,-12.2092,
32,-94,-13.126,
34,-94,-7.97216,
36,-94,-8.09297,
38,-94,-12.0121,
40,-94,-12.747,
42,-94,-13.2148,
44,-94,-8.19214,
46,-94,-6.23959,
48,-94,-7.02854,
50,-94,-11.774,
52,-94,-9.12039,
54,-94,-4.52556,
56,-94,-2.84689,
58,-94,-4.71337,
60,-94,-7.31634,
62,-94,-7.65635,
64,-94,-7.33939,
66,-94,-6.33828,
68,-94,-10.2849,
70,-94,-14.6028,
72,-94,-6.09847,
74,-94,-5.82605,
76,-94,-8.32468,
78,-94,-10.8053,
80,-94,-10.5389,
82,-94,-7.70586,
84,-94,-6.45604,
86,-94,-4.56022,
88,-94,-0.128809,
90,-94,0.717856,
92,-94,-3.97969,
94,-94,-8.14252,
96,-94,-4.98688,
98,-94,-10.0282,
100,-94,-17.4955,
102,-94,-10.2214,
104,-94,-14.4579,
106,-94,-15.1529,
108,-94,-11.7609,
110,-94,-10.1813,
112,-94,-3.00579,
114,-94,-11.2609,
116,-94,-2.20312,
118,-94,2.27074,
120,-94,-1.61946,
122,-94,-10.4724,
124,-94,-5.1268,
126,-94,-6.98269,
128,-94,-11.6718,
130,-94,-10.9866,
132,-94,-6.45468,
134,-94,-5.70275,
136,-94,-10.5238,
138,-94,-13.0488,
140,-94,-8.01927,
142,-94,-8.09942,
144,-94,-13.9583,
146,-94,-14.9847,
148,-94,-3.17927,
150,-94,1.90399,
152,-94,2.29077,
154,-94,-3.68037,
156,-94,-12.9219,
158,-94,-6.69104,
160,-94,-9.56742,
162,-94,-5.12765,
164,-94,-5.86191,
166,-94,-7.38107,
168,-94,-8.85229,
170,-94,-14.3265,
172,-94,-15.0906,
174,-94,-11.8849,
176,-94,-8.3217,
178,-94,-6.85648,
180,-94,-10.2384,
-180,-92,-9.12828,
-178,-92,-15.7958,
-176,-92,-5.32305,
-174,-92,-2.52229,
-172,-92,-4.00991,
-170,-92,-9.11021,
-168,-92,-5.01716,
-166,-92,-4.96813,
-164,-92,-4.87912,
-162,-92,0.0316559,
-160,-92,-1.1366,
-158,-92,-6.95067,
-156,-92,-6.0946,
-154,-92,-6.61114,
-152,-92,-8.81914,
-150,-92,-14.7791,
-148,-92,-15.8988,
-146,-92,-7.78323,
-144,-92,-7.87336,
-142,-92,-12.2396,
-140,-92,-12.575,
-138,-92,-14.7538,
-136,-92,-12.0126,
-134,-92,-8.02206,
-132,-92,-10.0013,
-130,-92,-19.8172,
-128,-92,-8.2841,
-126,-92,-2.02979,
-124,-92,-0.407645,
-122,-92,-2.71324,
-120,-92,-4.37413,
-118,-92,-5.37777,
-116,-92,-8.99069,
-114,-92,-8.37365,
-112,-92,-9.09193,
-110,-92,-8.00392,
-108,-92,-4.13641,
-106,-92,-4.82639,
-104,-92,-8.33929,
-102,-92,-11.235,
-100,-92,-10.1215,
-98,-92,-7.24801,
-96,-92,-6.66841,
-94,-92,-6.48461,
-92,-92,-1.34968,
-90,-92,0.277165,
-88,-92,-3.35334,
-86,-92,-9.75333,
-84,-92,-9.60122,
-82,-92,-32.1863,
-80,-92,-8.25554,
-78,-92,-6.06361,
-76,-92,-7.17728,
-74,-92,-8.06114,
-72,-92,-12.1029,
-70,-92,-10.46,
-68,-92,-2.98539,
-66,-92,-10.1668,
-64,-92,-2.30281,
-62,-92,3.06533,
-60,-92,0.812783,
-58,-92,-7.3185,
-56,-92,-4.77045,
-54,-92,-7.80526,
-52,-92,-25.2974,
-50,-92,-22.2946,
-48,-92,-10.8716,
-46,-92,-6.48553,
-44,-92,-8.67903,
-42,-92,-14.2553,
-40,-92,-12.8504,
-38,-92,-11.4524,
-36,-92,-17.1887,
-34,-92,-26.9231,
-32,-92,-10.3818,
-30,-92,-1.52266,
-28,-92,0.619316,
-26,-92,-4.26263,
-24,-92,-15.1222,
-22,-92,-9.98141,
-20,-92,-18.8412,
-18,-92,-7.67681,
-16,-92,-11.5555,
-14,-92,-10.2261,
-12,-92,-9.36694,
-10,-92,-12.3544,
-8,-92,-10.8964,
-6,-92,-10.5577,
-4,-92,-11.3735,
-2,-92,-10.1783,
0,-92,-12.5778,
2,-92,-15.7103,
4,-92,-6.71208,
6,-92,-6.21371,
8,-92,-9.43383,
10,-92,-7.3193,
12,-92,-5.01712,
14,-92,-5.76006,
16,-92,-5.0759,
18,-92,-1.55541,
20,-92,-2.41329,
22,-92,-7.19955,
24,-92,-10.0104,
26,-92,-10.3247,
28,-92,-9.34669,
30,-92,-12.4165,
32,-92,-13.7231,
34,-92,-8.14147,
36,-92,-8.14827,
38,-92,-11.7872,
40,-92,-12.2283,
42,-92,-12.9274,
44,-92,-8.01313,
46,-92,-6.10249,
48,-92,-6.83028,
50,-92,-11.5564,
52,-92,-8.79267,
54,-92,-4.27859,
56,-92,-2.56198,
58,-92,-4.36977,
60,-92,-6.85339,
62,-92,-7.25023,
64,-92,-7.10002,
66,-92,-6.06517,
68,-92,-9.96141,
70,-92,-13.3683,
72,-92,-5.72502,
74,-92,-5.7522,
76,-92,-8.61618,
78,-92,-11.3657,
80,-92,-10.7378,
82,-92,-7.38512,
84,-92,-6.03798,
86,-92,-4.27569,
88,-92,0.310406,
90,-92,1.22045,
92,-92,-3.56592,
94,-92,-7.52784,
96,-92,-4.18777,
98,-92,-9.25732,
100,-92,-19.0551,
102,-92,-10.1416,
104,-92,-13.557,
106,-92,-16.1897,
108,-92,-12.0749,
110,-92,-9.85815,
112,-92,-2.69737,
114,-92,-10.8042,
116,-92,-1.87457,
118,-92,2.6587,
120,-92,-1.22591,
122,-92,-10.0712,
124,-92,-4.70139,
126,-92,-6.70411,
128,-92,-11.5798,
130,-92,-11.0083,
132,-92,-6.2737,
134,-92,-5.48802,
136,-92,-10.4357,
138,-92,-12.6626,
140,-92,-7.75362,
142,-92,-7.91841,
144,-92,-13.6659,
146,-92,-14.6077,
148,-92,-2.7634,
150,-92,2.24327,
152,-92,2.51683,
154,-92,-3.74042,
156,-92,-11.7611,
158,-92,-6.11523,
160,-92,-9.29873,
162,-92,-5.03796,
164,-92,-5.75972,
166,-92,-6.88398,
168,-92,-8.44188,
170,-92,-14.2936,
172,-92,-15.3085,
174,-92,-11.9563,
176,-92,-7.86975,
178,-92,-6.01625,
180,-92,-9.12828,
-180,-90,-8.63499,
-178,-90,-15.6121,
-176,-90,-4.81159,
-174,-90,-2.00104,
-172,-90,-3.5013,
-170,-90,-8.72306,
-168,-90,-4.62962,
-166,-90,-4.49187,
-164,-90,-4.46397,
-162,-90,0.394724,
-160,-90,-0.793956,
-158,-90,-6.59874,
-156,-90,-5.70377,
-154,-90,-6.27134,
-152,-90,-8.52086,
-150,-90,-14.5598,
-148,-90,-16.0866,
-146,-90,-7.57009,
-144,-90,-7.59271,
-142,-90,-11.9208,
-140,-90,-12.1989,
-138,-90,-14.1933,
-136,-90,-11.8075,
-134,-90,-7.76677,
-132,-90,-9.80013,
-130,-90,-19.9085,
-128,-90,-8.04823,
-126,-90,-1.72865,
-124,-90,-0.0853184,
-122,-90,-2.42341,
-120,-90,-4.1545,
-118,-90,-5.13037,
-116,-90,-8.58973,
-114,-90,-7.97627,
-112,-90,-8.74501,
-110,-90,-7.46209,
-108,-90,-3.74643,
-106,-90,-4.60085,
-104,-90,-8.31933,
-102,-90,-11.1503,
-100,-90,-9.71376,
-98,-90,-6.71059,
-96,-90,-6.1495,
-94,-90,-6.18368,
-92,-90,-0.994086,
-90,-90,0.680781,
-88,-90,-2.94945,
-86,-90,-9.37544,
-84,-90,-9.05329,
-82,-90,-29.9177,
-80,-90,-7.92533,
-78,-90,-5.70281,
-76,-90,-6.81923,
-74,-90,-7.76061,
-72,-90,-11.8237,
-70,-90,-10.1475,
-68,-90,-2.68122,
-66,-90,-9.83628,
-64,-90,-1.97938,
-62,-90,3.39973,
-60,-90,1.13961,
-58,-90,-7.12033,
-56,-90,-4.49832,
-54,-90,-7.55192,
-52,-90,-25.6579,
-50,-90,-21.9565,
-48,-90,-10.6866,
-46,-90,-6.17632,
-44,-90,-8.37419,
-42,-90,-14.1811,
-40,-90,-12.8033,
-38,-90,-11.3578,
-36,-90,-17.2778,
-34,-90,-28.0075,
-32,-90,-9.92342,
-30,-90,-1.07451,
-28,-90,1.02024,
-26,-90,-3.94902,
-24,-90,-14.4604,
-22,-90,-9.48965,
-20,-90,-18.4829,
-18,-90,-7.3296,
-16,-90,-11.2814,
-14,-90,-9.96868,
-12,-90,-9.22644,
-10,-90,-12.4334,
-8,-90,-10.8587,
-6,-90,-10.3827,
-4,-90,-10.8363,
-2,-90,-9.20154,
0,-90,-11.4815,
2,-90,-15.5022,
4,-90,-6.0397,
6,-90,-5.54092,
8,-90,-9.01509,
10,-90,-6.71282,
12,-90,-4.36207,
14,-90,-5.09157,
16,-90,-4.46479,
18,-90,-1.06149,
20,-90,-1.944,
22,-90,-6.73506,
24,-90,-9.55452,
26,-90,-9.95798,
28,-90,-9.09329,
30,-90,-12.374,
32,-90,-13.7612,
34,-90,-7.94878,
36,-90,-7.93375,
38,-90,-11.4422,
40,-90,-11.8586,
42,-90,-12.4911,
44,-90,-7.61848,
46,-90,-5.82336,
48,-90,-6.5224,
50,-90,-11.1936,
52,-90,-8.40877,
54,-90,-3.94384,
56,-90,-2.21955,
58,-90,-4.01893,
60,-90,-6.4577,
62,-90,-6.88077,
64,-90,-6.8228,
66,-90,-5.78254,
68,-90,-9.65772,
70,-90,-12.7592,
72,-90,-5.3618,
74,-90,-5.48983,
76,-90,-8.47179,
78,-90,-11.2666,
80,-90,-10.5014,
82,-90,-7.03667,
84,-90,-5.71629,
86,-90,-3.99151,
88,-90,0.677772,
90,-90,1.61008,
92,-90,-3.20367,
94,-90,-7.09127,
96,-90,-3.6942,
98,-90,-8.72335,
100,-90,-19.749,
102,-90,-9.95181,
104,-90,-13.0175,
106,-90,-16.3833,
108,-90,-12.0764,
110,-90,-9.51409,
112,-90,-2.32424,
114,-90,-10.2923,
116,-90,-1.55013,
118,-90,3.02985,
120,-90,-0.837843,
122,-90,-9.67384,
124,-90,-4.30332,
126,-90,-6.37149,
128,-90,-11.3357,
130,-90,-10.848,
132,-90,-6.00603,
134,-90,-5.21837,
136,-90,-10.2659,
138,-90,-12.3756,
140,-90,-7.5181,
142,-90,-7.7589,
144,-90,-13.494,
146,-90,-14.2509,
148,-90,-2.3752,
150,-90,2.59802,
152,-90,2.82907,
154,-90,-3.51375,
156,-90,-11.2299,
158,-90,-5.73185,
160,-90,-8.98746,
162,-90,-4.75606,
164,-90,-5.48688,
166,-90,-6.46673,
168,-90,-8.06603,
170,-90,-14.102,
172,-90,-15.0677,
174,-90,-11.7645,
176,-90,-7.54835,
178,-90,-5.58018,
180,-90,-8.63499,
-180,-88,-8.76715,
-178,-88,-15.0897,
-176,-88,-4.45226,
-174,-88,-1.62468,
-172,-88,-3.05917,
-170,-88,-8.51463,
-168,-88,-4.47996,
-166,-88,-4.3348,
-164,-88,-4.10206,
-162,-88,0.785792,
-160,-88,-0.450854,
-158,-88,-6.2454,
-156,-88,-5.36921,
-154,-88,-5.96827,
-152,-88,-8.18429,
-150,-88,-14.0831,
-148,-88,-15.5856,
-146,-88,-7.13555,
-144,-88,-7.209,
-142,-88,-11.5519,
-140,-88,-11.8998,
-138,-88,-13.8286,
-136,-88,-11.4775,
-134,-88,-7.2795,
-132,-88,-9.26903,
-130,-88,-19.5592,
-128,-88,-7.62908,
-126,-88,-1.27826,
-124,-88,0.352719,
-122,-88,-2.03683,
-120,-88,-3.90574,
-118,-88,-4.87193,
-116,-88,-8.13751,
-114,-88,-7.55454,
-112,-88,-8.4564,
-110,-88,-7.19342,
-108,-88,-3.37195,
-106,-88,-4.18473,
-104,-88,-7.90051,
-102,-88,-10.6001,
-100,-88,-9.08284,
-98,-88,-6.21376,
-96,-88,-5.78623,
-94,-88,-5.86265,
-92,-88,-0.675715,
-90,-88,0.973722,
-88,-88,-2.65757,
-86,-88,-9.06294,
-84,-88,-8.88428,
-82,-88,-30.5118,
-80,-88,-7.72153,
-78,-88,-5.49639,
-76,-88,-6.48731,
-74,-88,-7.20651,
-72,-88,-11.1388,
-70,-88,-9.85786,
-68,-88,-2.35117,
-66,-88,-9.58335,
-64,-88,-1.60092,
-62,-88,3.76359,
-60,-88,1.50188,
-58,-88,-6.93859,
-56,-88,-4.25881,
-54,-88,-7.19968,
-52,-88,-25.3754,
-50,-88,-21.9241,
-48,-88,-10.0647,
-46,-88,-5.60045,
-44,-88,-7.68376,
-42,-88,-13.3808,
-40,-88,-12.367,
-38,-88,-11.0619,
-36,-88,-17.2055,
-34,-88,-28.5711,
-32,-88,-9.56733,
-30,-88,-0.626727,
-28,-88,1.49864,
-26,-88,-3.38005,
-24,-88,-14.6573,
-22,-88,-9.34046,
-20,-88,-17.4966,
-18,-88,-6.65127,
-16,-88,-10.5985,
-14,-88,-9.87549,
-12,-88,-8.90985,
-10,-88,-12.0119,
-8,-88,-10.4515,
-6,-88,-9.99293,
-4,-88,-10.3401,
-2,-88,-8.71008,
0,-88,-11.1757,
2,-88,-14.7923,
4,-88,-5.48019,
6,-88,-5.07733,
8,-88,-8.56325,
10,-88,-6.21408,
12,-88,-3.94189,
14,-88,-4.69483,
16,-88,-3.92627,
18,-88,-0.556996,
20,-88,-1.4682,
22,-88,-6.21881,
24,-88,-9.04406,
26,-88,-9.44933,
28,-88,-8.69702,
30,-88,-12.0489,
32,-88,-13.1498,
34,-88,-7.3735,
36,-88,-7.44254,
38,-88,-11.0013,
40,-88,-11.6523,
42,-88,-11.9482,
44,-88,-7.02218,
46,-88,-5.38951,
48,-88,-6.09053,
50,-88,-10.6735,
52,-88,-7.9674,
54,-88,-3.51109,
56,-88,-1.80944,
58,-88,-3.65202,
60,-88,-6.12209,
62,-88,-6.54567,
64,-88,-6.50617,
66,-88,-5.48608,
68,-88,-9.37961,
70,-88,-12.7478,
72,-88,-5.0089,
74,-88,-5.02353,
76,-88,-7.85564,
78,-88,-10.4547,
80,-88,-9.80313,
82,-88,-6.64429,
84,-88,-5.48357,
86,-88,-3.7061,
88,-88,0.977715,
90,-88,1.8952,
92,-88,-2.88034,
94,-88,-6.82426,
96,-88,-3.48968,
98,-88,-8.42658,
100,-88,-19.4489,
102,-88,-9.7153,
104,-88,-12.8465,
106,-88,-15.5463,
108,-88,-11.7066,
110,-88,-9.13191,
112,-88,-1.87568,
114,-88,-9.71604,
116,-88,-1.2226,
118,-88,3.39124,
120,-88,-0.447753,
122,-88,-9.27647,
124,-88,-3.92388,
126,-88,-5.96757,
128,-88,-10.9249,
130,-88,-10.4833,
132,-88,-5.63762,
134,-88,-4.88272,
136,-88,-10.0016,
138,-88,-12.1968,
140,-88,-7.3086,
142,-88,-7.61679,
144,-88,-13.452,
146,-88,-13.9339,
148,-88,-2.00977,
150,-88,2.97473,
152,-88,3.23477,
154,-88,-2.98188,
156,-88,-11.307,
158,-88,-5.53221,
160,-88,-8.62102,
162,-88,-4.26934,
164,-88,-5.05,
166,-88,-6.15488,
168,-88,-7.73585,
170,-88,-13.7342,
172,-88,-14.3219,
174,-88,-11.2796,
176,-88,-7.35636,
178,-88,-5.54986,
180,-88,-8.76715,
-180,-86,-9.69444,
-178,-86,-14.1646,
-176,-86,-4.25631,
-174,-86,-1.39855,
-172,-86,-2.69033,
-170,-86,-8.50407,
-168,-86,-4.58942,
-166,-86,-4.54715,
-164,-86,-3.80608,
-162,-86,1.19778,
-160,-86,-0.108888,
-158,-86,-5.88109,
-156,-86,-5.08852,
-154,-86,-5.69725,
-152,-86,-7.79842,
-150,-86,-13.3509,
-148,-86,-14.3748,
-146,-86,-6.47357,
-144,-86,-6.71074,
-142,-86,-11.1333,
-140,-86,-11.6944,
-138,-86,-13.6459,
-136,-86,-10.9819,
-134,-86,-6.55788,
-132,-86,-8.41546,
-130,-86,-18.5766,
-128,-86,-7.03015,
-126,-86,-0.692165,
-124,-86,0.894244,
-122,-86,-1.56658,
-120,-86,-3.64172,
-118,-86,-4.6137,
-116,-86,-7.64321,
-114,-86,-7.12806,
-112,-86,-8.25399,
-110,-86,-7.21372,
-108,-86,-3.02012,
-106,-86,-3.59731,
-104,-86,-7.11245,
-102,-86,-9.64703,
-100,-86,-8.28961,
-98,-86,-5.78951,
-96,-86,-5.58648,
-94,-86,-5.50863,
-92,-86,-0.408687,
-90,-86,1.13746,
-88,-86,-2.49542,
-86,-86,-8.82762,
-84,-86,-9.11107,
-82,-86,-33.5907,
-80,-86,-7.67366,
-78,-86,-5.46843,
-76,-86,-6.18692,
-74,-86,-6.42169,
-72,-86,-10.1144,
-70,-86,-9.57585,
-68,-86,-1.99476,
-66,-86,-9.40569,
-64,-86,-1.17278,
-62,-86,4.15351,
-60,-86,1.89793,
-58,-86,-6.76374,
-56,-86,-4.05851,
-54,-86,-6.76107,
-52,-86,-23.8557,
-50,-86,-21.6732,
-48,-86,-9.05691,
-46,-86,-4.78265,
-44,-86,-6.65323,
-42,-86,-11.9484,
-40,-86,-11.5553,
-38,-86,-10.5811,
-36,-86,-17.0049,
-34,-86,-28.0034,
-32,-86,-9.33538,
-30,-86,-0.187563,
-28,-86,2.04659,
-26,-86,-2.57456,
-24,-86,-15.8937,
-22,-86,-9.57268,
-20,-86,-15.9456,
-18,-86,-5.66632,
-16,-86,-9.46852,
-14,-86,-9.97111,
-12,-86,-8.41579,
-10,-86,-11.0703,
-8,-86,-9.65136,
-6,-86,-9.35626,
-4,-86,-9.89731,
-2,-86,-8.73762,
0,-86,-11.7633,
2,-86,-13.5285,
4,-86,-5.03116,
6,-86,-4.83139,
8,-86,-8.07459,
10,-86,-5.8313,
12,-86,-3.7712,
14,-86,-4.5868,
16,-86,-3.46834,
18,-86,-0.0520985,
20,-86,-0.991173,
22,-86,-5.6499,
24,-86,-8.47018,
26,-86,-8.80044,
28,-86,-8.15639,
30,-86,-11.4177,
32,-86,-11.9058,
34,-86,-6.43985,
36,-86,-6.68745,
38,-86,-10.4717,
40,-86,-11.6209,
42,-86,-11.2815,
44,-86,-6.2477,
46,-86,-4.80622,
48,-86,-5.54061,
50,-86,-9.99926,
52,-86,-7.46533,
54,-86,-2.98922,
56,-86,-1.33903,
58,-86,-3.27631,
60,-86,-5.85684,
62,-86,-6.25635,
64,-86,-6.165,
66,-86,-5.19332,
68,-86,-9.12311,
70,-86,-13.3269,
72,-86,-4.65677,
74,-86,-4.36619,
76,-86,-6.82917,
78,-86,-9.08176,
80,-86,-8.75292,
82,-86,-6.24868,
84,-86,-5.36211,
86,-86,-3.42423,
88,-86,1.20117,
90,-86,2.06685,
92,-86,-2.60212,
94,-86,-6.7249,
96,-86,-3.58527,
98,-86,-8.36182,
100,-86,-17.8419,
102,-86,-9.37742,
104,-86,-13.0509,
106,-86,-13.837,
108,-86,-10.9629,
110,-86,-8.70537,
112,-86,-1.35752,
114,-86,-9.08871,
116,-86,-0.891115,
118,-86,3.74272,
120,-86,-0.05518,
122,-86,-8.87522,
124,-86,-3.57077,
126,-86,-5.51207,
128,-86,-10.3827,
130,-86,-9.93232,
132,-86,-5.17269,
134,-86,-4.4768,
136,-86,-9.62529,
138,-86,-12.1631,
140,-86,-7.14542,
142,-86,-7.51131,
144,-86,-13.5837,
146,-86,-13.6964,
148,-86,-1.67935,
150,-86,3.36651,
152,-86,3.72655,
154,-86,-2.16793,
156,-86,-12.0831,
158,-86,-5.53625,
160,-86,-8.19048,
162,-86,-3.58912,
164,-86,-4.44864,
166,-86,-5.9642,
168,-86,-7.45333,
170,-86,-13.0981,
172,-86,-13.0911,
174,-86,-10.5208,
176,-86,-7.31517,
178,-86,-6.00276,
180,-86,-9.69444,
-180,-84,-11.8512,
-178,-84,-12.771,
-176,-84,-4.23575,
-174,-84,-1.32308,
-172,-84,-2.40684,
-170,-84,-8.71979,
-168,-84,-4.97245,
-166,-84,-5.24114,
-164,-84,-3.59214,
-162,-84,1.60938,
-160,-84,0.217896,
-158,-84,-5.50829,
-156,-84,-4.87289,
-154,-84,-5.46341,
-152,-84,-7.34558,
-150,-84,-12.34,
-148,-84,-12.574,
-146,-84,-5.59094,
-144,-84,-6.08559,
-142,-84,-10.6696,
-140,-84,-11.6233,
-138,-84,-13.6018,
-136,-84,-10.2383,
-134,-84,-5.61319,
-132,-84,-7.28211,
-130,-84,-16.7109,
-128,-84,-6.26063,
-126,-84,-0.0040702,
-124,-84,1.5093,
-122,-84,-1.04482,
-120,-84,-3.39507,
-118,-84,-4.38256,
-116,-84,-7.12401,
-114,-84,-6.72596,
-112,-84,-8.16536,
-110,-84,-7.57692,
-108,-84,-2.71473,
-106,-84,-2.89496,
-104,-84,-6.06011,
-102,-84,-8.42555,
-100,-84,-7.44259,
-98,-84,-5.51718,
-96,-84,-5.58618,
-94,-84,-5.10157,
-92,-84,-0.220953,
-90,-84,1.12981,
-88,-84,-2.50708,
-86,-84,-8.70724,
-84,-84,-9.79589,
-82,-84,-30.2158,
-80,-84,-7.82132,
-78,-84,-5.65973,
-76,-84,-5.93604,
-74,-84,-5.4587,
-72,-84,-8.87143,
-70,-84,-9.27899,
-68,-84,-1.61906,
-66,-84,-9.31366,
-64,-84,-0.708278,
-62,-84,4.55949,
-60,-84,2.32014,
-58,-84,-6.58398,
-56,-84,-3.92378,
-54,-84,-6.28685,
-52,-84,-21.1289,
-50,-84,-20.0781,
-48,-84,-7.78233,
-46,-84,-3.7775,
-44,-84,-5.37267,
-42,-84,-10.1049,
-40,-84,-10.4262,
-38,-84,-9.95601,
-36,-84,-16.6978,
-34,-84,-25.3405,
-32,-84,-9.27456,
-30,-84,0.219154,
-28,-84,2.64113,
-26,-84,-1.58177,
-24,-84,-18.5877,
-22,-84,-10.2805,
-20,-84,-13.9894,
-18,-84,-4.44874,
-16,-84,-7.93264,
-14,-84,-10.2807,
-12,-84,-7.74984,
-10,-84,-9.68118,
-8,-84,-8.4989,
-6,-84,-8.45952,
-4,-84,-9.53325,
-2,-84,-9.44453,
0,-84,-13.6719,
2,-84,-11.7237,
4,-84,-4.68956,
6,-84,-4.81336,
8,-84,-7.52765,
10,-84,-5.57427,
12,-84,-3.88719,
14,-84,-4.83238,
16,-84,-3.12117,
18,-84,0.425732,
20,-84,-0.532357,
22,-84,-5.04417,
24,-84,-7.83244,
26,-84,-8.02019,
28,-84,-7.4746,
30,-84,-10.4737,
32,-84,-10.1597,
34,-84,-5.20863,
36,-84,-5.69834,
38,-84,-9.84718,
40,-84,-11.7735,
42,-84,-10.4322,
44,-84,-5.32394,
46,-84,-4.09634,
48,-84,-4.89862,
50,-84,-9.19617,
52,-84,-6.9026,
54,-84,-2.40508,
56,-84,-0.832404,
58,-84,-2.91517,
60,-84,-5.69107,
62,-84,-6.03848,
64,-84,-5.82965,
66,-84,-4.94473,
68,-84,-8.87912,
70,-84,-14.3904,
72,-84,-4.28971,
74,-84,-3.55943,
76,-84,-5.52367,
78,-84,-7.40761,
80,-84,-7.54629,
82,-84,-5.9457,
84,-84,-5.40508,
86,-84,-3.15608,
88,-84,1.32738,
90,-84,2.10087,
92,-84,-2.39186,
94,-84,-6.79871,
96,-84,-4.02077,
98,-84,-8.51421,
100,-84,-15.0239,
102,-84,-8.76795,
104,-84,-13.6321,
106,-84,-11.6579,
108,-84,-9.91875,
110,-84,-8.23695,
112,-84,-0.790422,
114,-84,-8.44458,
116,-84,-0.561409,
118,-84,4.07703,
120,-84,0.333525,
122,-84,-8.46816,
124,-84,-3.26965,
126,-84,-5.06101,
128,-84,-9.79319,
130,-84,-9.25345,
132,-84,-4.63354,
134,-84,-4.00307,
136,-84,-9.11223,
138,-84,-12.3394,
140,-84,-7.07409,
142,-84,-7.48618,
144,-84,-13.9728,
146,-84,-13.5934,
148,-84,-1.41387,
150,-84,3.75302,
152,-84,4.28278,
154,-84,-1.13064,
156,-84,-13.7726,
158,-84,-5.79461,
160,-84,-7.69426,
162,-84,-2.75283,
164,-84,-3.68343,
166,-84,-5.90229,
168,-84,-7.21052,
170,-84,-12.0947,
172,-84,-11.5064,
174,-84,-9.55943,
176,-84,-7.47182,
178,-84,-7.12071,
180,-84,-11.8512,
-180,-82,-15.6301,
-178,-82,-10.9099,
-176,-82,-4.39842,
-174,-82,-1.37433,
-172,-82,-2.21523,
-170,-82,-9.2018,
-168,-82,-5.59378,
-166,-82,-6.61973,
-164,-82,-3.45897,
-162,-82,1.98721,
-160,-82,0.501492,
-158,-82,-5.14071,
-156,-82,-4.74098,
-154,-82,-5.27424,
-152,-82,-6.80207,
-150,-82,-11.0302,
-148,-82,-10.4003,
-146,-82,-4.51141,
-144,-82,-5.32515,
-142,-82,-10.1635,
-140,-82,-11.7455,
-138,-82,-13.5524,
-136,-82,-9.16197,
-134,-82,-4.47776,
-132,-82,-5.94592,
-130,-82,-14.214,
-128,-82,-5.35699,
-126,-82,0.734165,
-124,-82,2.15227,
-122,-82,-0.520739,
-120,-82,-3.21702,
-118,-82,-4.21988,
-116,-82,-6.60617,
-114,-82,-6.39096,
-112,-82,-8.22892,
-110,-82,-8.39218,
-108,-82,-2.4961,
-106,-82,-2.16205,
-104,-82,-4.89165,
-102,-82,-7.10895,
-100,-82,-6.68211,
-98,-82,-5.523,
-96,-82,-5.82973,
-94,-82,-4.61533,
-92,-82,-0.148358,
-90,-82,0.887976,
-88,-82,-2.76158,
-86,-82,-8.77852,
-84,-82,-11.0645,
-82,-82,-23.5081,
-80,-82,-8.20165,
-78,-82,-6.12018,
-76,-82,-5.76987,
-74,-82,-4.4046,
-72,-82,-7.56082,
-70,-82,-8.93176,
-68,-82,-1.23465,
-66,-82,-9.3218,
-64,-82,-0.229483,
-62,-82,4.96468,
-60,-82,2.75484,
-58,-82,-6.38068,
-56,-82,-3.90439,
-54,-82,-5.86522,
-52,-82,-18.2589,
-50,-82,-17.292,
-48,-82,-6.3947,
-46,-82,-2.66529,
-44,-82,-3.95869,
-42,-82,-8.1035,
-40,-82,-9.0979,
-38,-82,-9.26048,
-36,-82,-16.3019,
-34,-82,-21.3733,
-32,-82,-9.46753,
-30,-82,0.55202,
-28,-82,3.24504,
-26,-82,-0.472269,
-24,-82,-21.2864,
-22,-82,-11.6245,
-20,-82,-11.8646,
-18,-82,-3.10719,
-16,-82,-6.13941,
-14,-82,-10.813,
-12,-82,-6.93052,
-10,-82,-7.99652,
-8,-82,-7.0997,
-6,-82,-7.33519,
-4,-82,-9.29294,
-2,-82,-11.2297,
0,-82,-17.5465,
2,-82,-9.49882,
4,-82,-4.44981,
6,-82,-5.0099,
8,-82,-6.86984,
10,-82,-5.45189,
12,-82,-4.35161,
14,-82,-5.56418,
16,-82,-2.93393,
18,-82,0.832536,
20,-82,-0.126718,
22,-82,-4.43527,
24,-82,-7.1424,
26,-82,-7.12819,
28,-82,-6.66366,
30,-82,-9.23977,
32,-82,-8.10518,
34,-82,-3.76266,
36,-82,-4.51943,
38,-82,-9.108,
40,-82,-12.0903,
42,-82,-9.33807,
44,-82,-4.28558,
46,-82,-3.29912,
48,-82,-4.2107,
50,-82,-8.32498,
52,-82,-6.29879,
54,-82,-1.80253,
56,-82,-0.328258,
58,-82,-2.60741,
60,-82,-5.67477,
62,-82,-5.93278,
64,-82,-5.54535,
66,-82,-4.80685,
68,-82,-8.6465,
70,-82,-15.1768,
72,-82,-3.89012,
74,-82,-2.66944,
76,-82,-4.09351,
78,-82,-5.68196,
80,-82,-6.39824,
82,-82,-5.88609,
84,-82,-5.69416,
86,-82,-2.91492,
88,-82,1.3307,
90,-82,1.96589,
92,-82,-2.28321,
94,-82,-7.06628,
96,-82,-4.87043,
98,-82,-8.83023,
100,-82,-11.6959,
102,-82,-7.68726,
104,-82,-14.5434,
106,-82,-9.40539,
108,-82,-8.71673,
110,-82,-7.73103,
112,-82,-0.20561,
114,-82,-7.83455,
116,-82,-0.246417,
118,-82,4.38003,
120,-82,0.705533,
122,-82,-8.05809,
124,-82,-3.0666,
126,-82,-4.70436,
128,-82,-9.28767,
130,-82,-8.54095,
132,-82,-4.05885,
134,-82,-3.47061,
136,-82,-8.42871,
138,-82,-12.8148,
140,-82,-7.17145,
142,-82,-7.6162,
144,-82,-14.7593,
146,-82,-13.6701,
148,-82,-1.26264,
150,-82,4.10052,
152,-82,4.86905,
154,-82,0.0498167,
156,-82,-16.3732,
158,-82,-6.39471,
160,-82,-7.14721,
162,-82,-1.82536,
164,-82,-2.77755,
166,-82,-5.96691,
168,-82,-6.98929,
170,-82,-10.7384,
172,-82,-9.78346,
174,-82,-8.50851,
176,-82,-7.9055,
178,-82,-9.23147,
180,-82,-15.6301,
-180,-80,-14.026,
-178,-80,-8.69611,
-176,-80,-4.74005,
-174,-80,-1.46802,
-172,-80,-2.09389,
-170,-80,-9.99425,
-168,-80,-6.25852,
-166,-80,-8.96372,
-164,-80,-3.3418,
-162,-80,2.29115,
-160,-80,0.699022,
-158,-80,-4.80252,
-156,-80,-4.71066,
-154,-80,-5.12864,
-152,-80,-6.14336,
-150,-80,-9.44322,
-148,-80,-8.07552,
-146,-80,-3.27824,
-144,-80,-4.43202,
-142,-80,-9.60164,
-140,-80,-12.1093,
-138,-80,-13.1439,
-136,-80,-7.73614,
-134,-80,-3.20869,
-132,-80,-4.50861,
-130,-80,-11.6284,
-128,-80,-4.39826,
-126,-80,1.45537,
-124,-80,2.76439,
-122,-80,-0.0586571,
-120,-80,-3.17922,
-118,-80,-4.18182,
-116,-80,-6.12645,
-114,-80,-6.18228,
-112,-80,-8.50403,
-110,-80,-9.85907,
-108,-80,-2.42175,
-106,-80,-1.50107,
-104,-80,-3.76102,
-102,-80,-5.87111,
-100,-80,-6.16832,
-98,-80,-5.98357,
-96,-80,-6.30231,
-94,-80,-4.02207,
-92,-80,-0.221703,
-90,-80,0.338507,
-88,-80,-3.34832,
-86,-80,-9.18496,
-84,-80,-13.158,
-82,-80,-18.9374,
-80,-80,-8.79033,
-78,-80,-6.86824,
-76,-80,-5.74429,
-74,-80,-3.37276,
-72,-80,-6.34017,
-70,-80,-8.48316,
-68,-80,-0.849818,
-66,-80,-9.43118,
-64,-80,0.23123,
-62,-80,5.34452,
-60,-80,3.18144,
-58,-80,-6.12578,
-56,-80,-4.07962,
-54,-80,-5.62273,
-52,-80,-15.9952,
-50,-80,-14.5349,
-48,-80,-5.05618,
-46,-80,-1.54688,
-44,-80,-2.53832,
-42,-80,-6.16276,
-40,-80,-7.74329,
-38,-80,-8.61559,
-36,-80,-15.8377,
-34,-80,-17.2994,
-32,-80,-10.0423,
-30,-80,0.748853,
-28,-80,3.80801,
-26,-80,0.672627,
-24,-80,-16.5776,
-22,-80,-13.7706,
-20,-80,-9.80703,
-18,-80,-1.76551,
-16,-80,-4.28668,
-14,-80,-11.5158,
-12,-80,-5.9988,
-10,-80,-6.19656,
-8,-80,-5.59843,
-6,-80,-6.07628,
-4,-80,-9.24822,
-2,-80,-15.123,
0,-80,-16.1768,
2,-80,-7.05182,
4,-80,-4.30368,
6,-80,-5.31911,
8,-80,-6.01706,
10,-80,-5.46557,
12,-80,-5.24533,
14,-80,-7.02592,
16,-80,-2.96228,
18,-80,1.11045,
20,-80,0.173979,
22,-80,-3.87625,
24,-80,-6.42997,
26,-80,-6.16026,
28,-80,-5.75054,
30,-80,-7.77773,
32,-80,-5.93084,
34,-80,-2.19287,
36,-80,-3.20727,
38,-80,-8.22577,
40,-80,-12.4441,
42,-80,-7.98333,
44,-80,-3.17551,
46,-80,-2.46826,
48,-80,-3.54294,
50,-80,-7.48784,
52,-80,-5.70971,
54,-80,-1.24105,
56,-80,0.122615,
58,-80,-2.40659,
60,-80,-5.88338,
62,-80,-5.99643,
64,-80,-5.36992,
66,-80,-4.87769,
68,-80,-8.44554,
70,-80,-13.9269,
72,-80,-3.44739,
74,-80,-1.78026,
76,-80,-2.68226,
78,-80,-4.09563,
80,-80,-5.51182,
82,-80,-6.29175,
84,-80,-6.32618,
86,-80,-2.71352,
88,-80,1.1964,
90,-80,1.64347,
92,-80,-2.31079,
94,-80,-7.5848,
96,-80,-6.25729,
98,-80,-9.15587,
100,-80,-8.41512,
102,-80,-6.0909,
104,-80,-15.5751,
106,-80,-7.34321,
108,-80,-7.53234,
110,-80,-7.18363,
112,-80,0.360917,
114,-80,-7.32021,
116,-80,0.0328247,
118,-80,4.63064,
120,-80,1.0412,
122,-80,-7.65605,
124,-80,-3.03134,
126,-80,-4.56571,
128,-80,-9.0428,
130,-80,-7.90798,
132,-80,-3.49752,
134,-80,-2.89212,
136,-80,-7.53247,
138,-80,-13.6443,
140,-80,-7.55865,
142,-80,-8.02121,
144,-80,-16.1308,
146,-80,-13.8607,
148,-80,-1.29674,
150,-80,4.36184,
152,-80,5.44031,
154,-80,1.28605,
156,-80,-16.56,
158,-80,-7.47613,
160,-80,-6.59756,
162,-80,-0.897238,
164,-80,-1.79381,
166,-80,-6.14109,
168,-80,-6.76481,
170,-80,-9.18842,
172,-80,-8.14346,
174,-80,-7.50615,
176,-80,-8.73667,
178,-80,-12.339,
180,-80,-14.026,
-180,-78,-7.47656,
-178,-78,-6.32899,
-176,-78,-5.23795,
-174,-78,-1.42656,
-172,-78,-1.95859,
-170,-78,-11.0787,
-168,-78,-6.49047,
-166,-78,-11.687,
-164,-78,-3.04378,
-162,-78,2.4857,
-160,-78,0.755646,
-158,-78,-4.52592,
-156,-78,-4.7909,
-154,-78,-5.00697,
-152,-78,-5.35707,
-150,-78,-7.66038,
-148,-78,-5.77075,
-146,-78,-1.95393,
-144,-78,-3.42763,
-142,-78,-8.93618,
-140,-78,-12.6326,
-138,-78,-11.8979,
-136,-78,-6.05086,
-134,-78,-1.88486,
-132,-78,-3.08288,
-130,-78,-9.33576,
-128,-78,-3.50244,
-126,-78,2.07983,
-124,-78,3.27564,
-122,-78,0.262269,
-120,-78,-3.38086,
-118,-78,-4.34418,
-116,-78,-5.73389,
-114,-78,-6.17385,
-112,-78,-9.06956,
-110,-78,-12.2963,
-108,-78,-2.56669,
-106,-78,-1.02656,
-104,-78,-2.8063,
-102,-78,-4.86361,
-100,-78,-6.07649,
-98,-78,-7.10936,
-96,-78,-6.72914,
-94,-78,-3.30234,
-92,-78,-0.439963,
-90,-78,-0.566857,
-88,-78,-4.35825,
-86,-78,-10.2027,
-84,-78,-16.5677,
-82,-78,-15.8623,
-80,-78,-9.31701,
-78,-78,-7.73716,
-76,-78,-5.93329,
-74,-78,-2.48728,
-72,-78,-5.36479,
-70,-78,-7.87435,
-68,-78,-0.464798,
-66,-78,-9.59764,
-64,-78,0.628929,
-62,-78,5.66507,
-60,-78,3.56998,
-58,-78,-5.78773,
-56,-78,-4.5678,
-54,-78,-5.73317,
-52,-78,-14.6846,
-50,-78,-12.4762,
-48,-78,-3.92801,
-46,-78,-0.53809,
-44,-78,-1.23862,
-42,-78,-4.45178,
-40,-78,-6.56252,
-38,-78,-8.19962,
-36,-78,-15.2522,
-34,-78,-13.49,
-32,-78,-11.134,
-30,-78,0.721506,
-28,-78,4.26783,
-26,-78,1.76868,
-24,-78,-11.0736,
-22,-78,-16.0815,
-20,-78,-8.0133,
-18,-78,-0.549899,
-16,-78,-2.55183,
-14,-78,-12.1839,
-12,-78,-5.02328,
-10,-78,-4.44048,
-8,-78,-4.14439,
-6,-78,-4.82248,
-4,-78,-9.50531,
-2,-78,-20.5954,
0,-78,-9.05455,
2,-78,-4.59122,
4,-78,-4.2463,
6,-78,-5.44723,
8,-78,-4.89489,
10,-78,-5.59612,
12,-78,-6.62568,
14,-78,-9.62567,
16,-78,-3.22869,
18,-78,1.19455,
20,-78,0.301624,
22,-78,-3.44133,
24,-78,-5.75319,
26,-78,-5.17535,
28,-78,-4.78433,
30,-78,-6.18603,
32,-78,-3.78601,
34,-78,-0.590229,
36,-78,-1.82957,
38,-78,-7.17976,
40,-78,-12.4672,
42,-78,-6.42973,
44,-78,-2.04695,
46,-78,-1.66946,
48,-78,-2.9807,
50,-78,-6.82303,
52,-78,-5.23367,
54,-78,-0.793856,
56,-78,0.459738,
58,-78,-2.38101,
60,-78,-6.42877,
62,-78,-6.30481,
64,-78,-5.36511,
66,-78,-5.2944,
68,-78,-8.32083,
70,-78,-10.872,
72,-78,-2.97201,
74,-78,-0.987719,
76,-78,-1.41159,
78,-78,-2.78652,
80,-78,-5.08592,
82,-78,-7.52025,
84,-78,-7.35036,
86,-78,-2.55898,
88,-78,0.95302,
90,-78,1.17328,
92,-78,-2.49642,
94,-78,-8.49912,
96,-78,-8.38826,
98,-78,-9.18201,
100,-78,-5.4088,
102,-78,-4.16396,
104,-78,-16.2065,
106,-78,-5.62419,
108,-78,-6.54195,
110,-78,-6.57207,
112,-78,0.87412,
114,-78,-6.9659,
116,-78,0.246434,
118,-78,4.80024,
120,-78,1.31222,
122,-78,-7.28526,
124,-78,-3.26089,
126,-78,-4.80927,
128,-78,-9.27677,
130,-78,-7.44975,
132,-78,-2.99428,
134,-78,-2.27531,
136,-78,-6.37838,
138,-78,-14.4922,
140,-78,-8.42332,
142,-78,-8.89148,
144,-78,-17.9474,
146,-78,-13.6965,
148,-78,-1.61081,
150,-78,4.47645,
152,-78,5.94286,
154,-78,2.49208,
156,-78,-11.9587,
158,-78,-9.27181,
160,-78,-6.15004,
162,-78,-0.0810681,
164,-78,-0.833357,
166,-78,-6.38786,
168,-78,-6.51775,
170,-78,-7.65549,
172,-78,-6.77002,
174,-78,-6.7043,
176,-78,-10.1247,
178,-78,-11.7165,
180,-78,-7.47656,
-180,-76,-2.69556,
-178,-76,-4.02268,
-176,-76,-5.86328,
-174,-76,-1.03898,
-172,-76,-1.64616,
-170,-76,-12.0602,
-168,-76,-5.84649,
-166,-76,-10.0357,
-164,-76,-2.25379,
-162,-76,2.56204,
-160,-76,0.619525,
-158,-76,-4.33772,
-156,-76,-4.98053,
-154,-76,-4.87683,
-152,-76,-4.46458,
-150,-76,-5.80898,
-148,-76,-3.60748,
-146,-76,-0.617753,
-144,-76,-2.3592,
-142,-76,-8.08539,
-140,-76,-12.7735,
-138,-76,-9.74685,
-136,-76,-4.26728,
-134,-76,-0.598323,
-132,-76,-1.78112,
-130,-76,-7.53124,
-128,-76,-2.81103,
-126,-76,2.51696,
-124,-76,3.60542,
-122,-76,0.344992,
-120,-76,-3.96776,
-118,-76,-4.81621,
-116,-76,-5.49138,
-114,-76,-6.44388,
-112,-76,-9.98729,
-110,-76,-15.4876,
-108,-76,-3.01634,
-106,-76,-0.865054,
-104,-76,-2.14605,
-102,-76,-4.20916,
-100,-76,-6.58061,
-98,-76,-8.86518,
-96,-76,-6.33424,
-94,-76,-2.45848,
-92,-76,-0.722377,
-90,-76,-1.73197,
-88,-76,-5.80716,
-86,-76,-12.4518,
-84,-76,-21.7923,
-82,-76,-13.908,
-80,-76,-9.02872,
-78,-76,-8.03226,
-76,-76,-6.40967,
-74,-76,-1.8719,
-72,-76,-4.7955,
-70,-76,-7.0573,
-68,-76,-0.0698344,
-66,-76,-9.69087,
-64,-76,0.903491,
-62,-76,5.8804,
-60,-76,3.87669,
-58,-76,-5.3544,
-56,-76,-5.54215,
-54,-76,-6.44723,
-52,-76,-14.6536,
-50,-76,-11.391,
-48,-76,-3.17524,
-46,-76,0.23488,
-44,-76,-0.180887,
-42,-76,-3.10015,
-40,-76,-5.76016,
-38,-76,-8.25567,
-36,-76,-14.2055,
-34,-76,-9.9772,
-32,-76,-12.4704,
-30,-76,0.346436,
-28,-76,4.55061,
-26,-76,2.73178,
-24,-76,-7.10397,
-22,-76,-15.1332,
-20,-76,-6.65658,
-18,-76,0.412493,
-16,-76,-1.06885,
-14,-76,-12.3805,
-12,-76,-4.09775,
-10,-76,-2.84998,
-8,-76,-2.87086,
-6,-76,-3.73203,
-4,-76,-10.2088,
-2,-76,-12.6104,
0,-76,-3.97906,
2,-76,-2.29806,
4,-76,-4.29423,
6,-76,-4.96079,
8,-76,-3.51924,
10,-76,-5.78362,
12,-76,-8.3244,
14,-76,-13.1643,
16,-76,-3.6111,
18,-76,1.03182,
20,-76,0.178868,
22,-76,-3.22631,
24,-76,-5.2104,
26,-76,-4.26244,
28,-76,-3.84266,
30,-76,-4.58917,
32,-76,-1.78442,
34,-76,0.955656,
36,-76,-0.465766,
38,-76,-5.98926,
40,-76,-11.6427,
42,-76,-4.80148,
44,-76,-0.96413,
46,-76,-0.978272,
48,-76,-2.62888,
50,-76,-6.4998,
52,-76,-5.00617,
54,-76,-0.545876,
56,-76,0.615033,
58,-76,-2.61565,
60,-76,-7.48531,
62,-76,-6.94893,
64,-76,-5.56913,
66,-76,-6.24023,
68,-76,-8.33132,
70,-76,-7.77014,
72,-76,-2.50807,
74,-76,-0.396356,
76,-76,-0.384677,
78,-76,-1.85993,
80,-76,-5.34868,
82,-76,-10.2691,
84,-76,-8.51312,
86,-76,-2.44556,
88,-76,0.722172,
90,-76,0.726817,
92,-76,-2.8371,
94,-76,-10.1671,
96,-76,-11.6466,
98,-76,-8.58822,
100,-76,-2.74976,
102,-76,-2.1754,
104,-76,-15.8469,
106,-76,-4.3446,
108,-76,-5.91667,
110,-76,-5.8525,
112,-76,1.30417,
114,-76,-6.82819,
116,-76,0.356466,
118,-76,4.85166,
120,-76,1.47806,
122,-76,-6.98647,
124,-76,-3.88525,
126,-76,-5.66232,
128,-76,-10.2148,
130,-76,-7.17319,
132,-76,-2.56555,
134,-76,-1.61083,
136,-76,-4.94166,
138,-76,-13.765,
140,-76,-10.0346,
142,-76,-10.5265,
144,-76,-17.7216,
146,-76,-12.2234,
148,-76,-2.31778,
150,-76,4.37029,
152,-76,6.3154,
154,-76,3.58486,
156,-76,-7.58972,
158,-76,-12.2429,
160,-76,-5.99385,
162,-76,0.489177,
164,-76,-0.0200127,
166,-76,-6.65075,
168,-76,-6.25656,
170,-76,-6.31019,
172,-76,-5.81551,
174,-76,-6.27062,
176,-76,-12.1331,
178,-76,-6.60535,
180,-76,-2.69556,
-180,-74,0.685002,
-178,-74,-1.96609,
-176,-74,-6.6394,
-174,-74,-0.275208,
-172,-74,-1.00177,
-170,-74,-11.6593,
-168,-74,-4.61654,
-166,-74,-5.62529,
-164,-74,-0.838157,
-162,-74,2.57194,
-160,-74,0.289099,
-158,-74,-4.21063,
-156,-74,-5.28011,
-154,-74,-4.73704,
-152,-74,-3.54375,
-150,-74,-4.03531,
-148,-74,-1.67938,
-146,-74,0.636476,
-144,-74,-1.30491,
-142,-74,-6.9935,
-140,-74,-11.5303,
-138,-74,-7.18518,
-136,-74,-2.55252,
-134,-74,0.554872,
-132,-74,-0.709885,
-130,-74,-6.33729,
-128,-74,-2.47621,
-126,-74,2.66516,
-124,-74,3.66129,
-122,-74,0.0654792,
-120,-74,-5.18197,
-118,-74,-5.77282,
-116,-74,-5.47804,
-114,-74,-7.04765,
-112,-74,-11.1667,
-110,-74,-14.4995,
-108,-74,-3.82212,
-106,-74,-1.15997,
-104,-74,-1.88346,
-102,-74,-3.99111,
-100,-74,-7.70292,
-98,-74,-9.38008,
-96,-74,-4.58424,
-94,-74,-1.5239,
-92,-74,-0.865041,
-90,-74,-2.66187,
-88,-74,-7.38892,
-86,-74,-17.9472,
-84,-74,-20.4913,
-82,-74,-12.9729,
-80,-74,-7.35078,
-78,-74,-6.82897,
-76,-74,-7.1733,
-74,-74,-1.64754,
-72,-74,-4.82316,
-70,-74,-6.01276,
-68,-74,0.347752,
-66,-74,-9.49939,
-64,-74,0.977503,
-62,-74,5.9294,
-60,-74,4.03781,
-58,-74,-4.87375,
-56,-74,-7.26138,
-54,-74,-8.18089,
-52,-74,-16.4129,
-50,-74,-11.5302,
-48,-74,-2.98074,
-46,-74,0.639422,
-44,-74,0.526076,
-42,-74,-2.20201,
-40,-74,-5.5309,
-38,-74,-9.09488,
-36,-74,-12.1215,
-34,-74,-6.76821,
-32,-74,-11.9311,
-30,-74,-0.554616,
-28,-74,4.56863,
-26,-74,3.47596,
-24,-74,-4.24595,
-22,-74,-11.567,
-20,-74,-5.92778,
-18,-74,0.984475,
-16,-74,0.06307,
-14,-74,-11.6774,
-12,-74,-3.3352,
-10,-74,-1.516,
-8,-74,-1.88934,
-6,-74,-2.96246,
-4,-74,-11.5136,
-2,-74,-6.69367,
0,-74,-0.405922,
2,-74,-0.326289,
4,-74,-4.51783,
6,-74,-3.77014,
8,-74,-2.0398,
10,-74,-5.91534,
12,-74,-9.42792,
14,-74,-11.6454,
16,-74,-3.65711,
18,-74,0.632118,
20,-74,-0.251515,
22,-74,-3.3407,
24,-74,-4.95361,
26,-74,-3.54619,
28,-74,-3.03714,
30,-74,-3.12789,
32,-74,-0.0224684,
34,-74,2.35274,
36,-74,0.790534,
38,-74,-4.74564,
40,-74,-9.96201,
42,-74,-3.24698,
44,-74,-0.00232716,
46,-74,-0.479546,
48,-74,-2.61591,
50,-74,-6.72827,
52,-74,-5.19114,
54,-74,-0.591575,
56,-74,0.515207,
58,-74,-3.21655,
60,-74,-9.35256,
62,-74,-8.00569,
64,-74,-5.92435,
66,-74,-7.90567,
68,-74,-8.54386,
70,-74,-5.26957,
72,-74,-2.13146,
74,-74,-0.120411,
76,-74,0.30573,
78,-74,-1.39997,
80,-74,-6.60095,
82,-74,-15.7413,
84,-74,-8.77455,
86,-74,-2.34614,
88,-74,0.731374,
90,-74,0.611433,
92,-74,-3.31768,
94,-74,-13.5836,
96,-74,-16.695,
98,-74,-7.41211,
100,-74,-0.470059,
102,-74,-0.338502,
104,-74,-14.4891,
106,-74,-3.57797,
108,-74,-5.83728,
110,-74,-4.97755,
112,-74,1.62708,
114,-74,-6.94174,
116,-74,0.321629,
118,-74,4.73865,
120,-74,1.48166,
122,-74,-6.82736,
124,-74,-5.07937,
126,-74,-7.46586,
128,-74,-11.7492,
130,-74,-6.88587,
132,-74,-2.17498,
134,-74,-0.872423,
136,-74,-3.26497,
138,-74,-10.5608,
140,-74,-12.5028,
142,-74,-13.2921,
144,-74,-13.7498,
146,-74,-9.38604,
148,-74,-3.507,
150,-74,3.95508,
152,-74,6.48793,
154,-74,4.48001,
156,-74,-4.36356,
158,-74,-17.7044,
160,-74,-6.45248,
162,-74,0.650134,
164,-74,0.515331,
166,-74,-6.86539,
168,-74,-6.04027,
170,-74,-5.25541,
172,-74,-5.42169,
174,-74,-6.40513,
176,-74,-13.794,
178,-74,-2.49196,
180,-74,0.685002,
-180,-72,3.0183,
-178,-72,-0.323407,
-176,-72,-7.7553,
-174,-72,0.593677,
-172,-72,-0.0708335,
-170,-72,-9.28874,
-168,-72,-3.53755,
-166,-72,-2.28186,
-164,-72,0.903469,
-162,-72,2.64517,
-160,-72,-0.0771207,
-158,-72,-3.95409,
-156,-72,-5.69661,
-154,-72,-4.69495,
-152,-72,-2.73911,
-150,-72,-2.48934,
-148,-72,-0.0740429,
-146,-72,1.69987,
-144,-72,-0.377166,
-142,-72,-5.7369,
-140,-72,-9.01285,
-138,-72,-4.723,
-136,-72,-1.04718,
-134,-72,1.48057,
-132,-72,0.0309004,
-130,-72,-5.87962,
-128,-72,-2.65424,
-126,-72,2.41015,
-124,-72,3.33515,
-122,-72,-0.748523,
-120,-72,-7.50649,
-118,-72,-7.5298,
-116,-72,-5.79796,
-114,-72,-7.95888,
-112,-72,-12.0789,
-110,-72,-9.70722,
-108,-72,-4.81368,
-106,-72,-2.07488,
-104,-72,-2.10516,
-102,-72,-4.20022,
-100,-72,-8.55933,
-98,-72,-6.39352,
-96,-72,-2.22307,
-94,-72,-0.562065,
-92,-72,-0.627366,
-90,-72,-2.61792,
-88,-72,-8.23065,
-86,-72,-22.3619,
-84,-72,-14.0663,
-82,-72,-13.128,
-80,-72,-4.94051,
-78,-72,-4.53813,
-76,-72,-7.93977,
-74,-72,-1.93343,
-72,-72,-5.72018,
-70,-72,-4.76109,
-68,-72,0.784161,
-66,-72,-8.8832,
-64,-72,0.756619,
-62,-72,5.73313,
-60,-72,3.96255,
-58,-72,-4.49145,
-56,-72,-10.1337,
-54,-72,-11.8189,
-52,-72,-18.7027,
-50,-72,-13.1291,
-48,-72,-3.56417,
-46,-72,0.545656,
-44,-72,0.805029,
-42,-72,-1.78739,
-40,-72,-6.00151,
-38,-72,-10.9458,
-36,-72,-9.11475,
-34,-72,-3.92742,
-32,-72,-8.3729,
-30,-72,-2.25654,
-28,-72,4.21296,
-26,-72,3.90633,
-24,-72,-2.25533,
-22,-72,-8.54472,
-20,-72,-6.093,
-18,-72,0.998962,
-16,-72,0.768121,
-14,-72,-10.1295,
-12,-72,-2.86386,
-10,-72,-0.510136,
-8,-72,-1.28454,
-6,-72,-2.66443,
-4,-72,-13.3431,
-2,-72,-3.09243,
0,-72,2.07186,
2,-72,1.17824,
4,-72,-5.08698,
6,-72,-2.35746,
8,-72,-0.692705,
10,-72,-5.87112,
12,-72,-8.85417,
14,-72,-6.82549,
16,-72,-2.78194,
18,-72,0.174731,
20,-72,-0.931894,
22,-72,-3.86601,
24,-72,-5.20784,
26,-72,-3.19307,
28,-72,-2.51964,
30,-72,-1.95791,
32,-72,1.40187,
34,-72,3.49934,
36,-72,1.82648,
38,-72,-3.62008,
40,-72,-8.07426,
42,-72,-1.9153,
44,-72,0.750758,
46,-72,-0.270148,
48,-72,-3.10701,
50,-72,-7.7968,
52,-72,-5.96968,
54,-72,-1.03123,
56,-72,0.0865519,
58,-72,-4.31828,
60,-72,-12.6008,
62,-72,-9.39339,
64,-72,-6.15464,
66,-72,-10.0242,
68,-72,-9.0629,
70,-72,-3.47043,
72,-72,-1.92651,
74,-72,-0.288645,
76,-72,0.571301,
78,-72,-1.4558,
80,-72,-9.11034,
82,-72,-13.8956,
84,-72,-7.34293,
86,-72,-2.20705,
88,-72,1.15342,
90,-72,0.97798,
92,-72,-3.99066,
94,-72,-22.3814,
96,-72,-19.4076,
98,-72,-6.0477,
100,-72,1.39609,
102,-72,1.20738,
104,-72,-12.4415,
106,-72,-3.37599,
108,-72,-6.51422,
110,-72,-3.9392,
112,-72,1.81821,
114,-72,-7.30897,
116,-72,0.10911,
118,-72,4.40823,
120,-72,1.24776,
122,-72,-6.91595,
124,-72,-7.09199,
126,-72,-10.7108,
128,-72,-11.9603,
130,-72,-6.20865,
132,-72,-1.75088,
134,-72,-0.0567087,
136,-72,-1.49773,
138,-72,-6.83231,
140,-72,-13.6799,
142,-72,-16.1779,
144,-72,-9.68073,
146,-72,-6.31257,
148,-72,-5.04333,
150,-72,3.12691,
152,-72,6.37641,
154,-72,5.08305,
156,-72,-2.10086,
158,-72,-27.8279,
160,-72,-8.1372,
162,-72,0.184237,
164,-72,0.642366,
166,-72,-6.97158,
168,-72,-5.98382,
170,-72,-4.52194,
172,-72,-5.7125,
174,-72,-7.36513,
176,-72,-12.4525,
178,-72,0.286236,
180,-72,3.0183,
-180,-70,4.39998,
-178,-70,0.744686,
-176,-70,-9.72062,
-174,-70,1.16305,
-172,-70,0.85324,
-170,-70,-6.43079,
-168,-70,-3.19261,
-166,-70,-0.213184,
-164,-70,2.48646,
-162,-70,2.90307,
-160,-70,-0.0696337,
-158,-70,-3.17045,
-156,-70,-6.14633,
-154,-70,-5.02053,
-152,-70,-2.25681,
-150,-70,-1.32662,
-148,-70,1.10919,
-146,-70,2.44369,
-144,-70,0.275491,
-142,-70,-4.55659,
-140,-70,-6.41406,
-138,-70,-2.6539,
-136,-70,0.130809,
-134,-70,2.08774,
-132,-70,0.34681,
-130,-70,-6.33397,
-128,-70,-3.48338,
-126,-70,1.62398,
-124,-70,2.49639,
-122,-70,-2.36822,
-120,-70,-12.184,
-118,-70,-10.706,
-116,-70,-6.61168,
-114,-70,-8.98564,
-112,-70,-11.9599,
-110,-70,-5.88511,
-108,-70,-5.18312,
-106,-70,-3.75661,
-104,-70,-2.85617,
-102,-70,-4.59319,
-100,-70,-7.15943,
-98,-70,-2.91637,
-96,-70,-0.168022,
-94,-70,0.341341,
-92,-70,-0.00880649,
-90,-70,-1.85476,
-88,-70,-7.95327,
-86,-70,-10.4873,
-84,-70,-9.18695,
-82,-70,-14.5551,
-80,-70,-2.69616,
-78,-70,-2.24968,
-76,-70,-7.90224,
-74,-70,-2.83735,
-72,-70,-7.96489,
-70,-70,-3.38169,
-68,-70,1.19195,
-66,-70,-7.98601,
-64,-70,0.137005,
-62,-70,5.1954,
-60,-70,3.52681,
-58,-70,-4.46203,
-56,-70,-14.8056,
-54,-70,-19.7196,
-52,-70,-13.8911,
-50,-70,-14.5397,
-48,-70,-5.18324,
-46,-70,-0.139943,
-44,-70,0.662099,
-42,-70,-1.72962,
-40,-70,-6.91888,
-38,-70,-12.4419,
-36,-70,-6.08861,
-34,-70,-1.58001,
-32,-70,-4.56985,
-30,-70,-5.20001,
-28,-70,3.3338,
-26,-70,3.90605,
-24,-70,-1.04242,
-22,-70,-6.40107,
-20,-70,-7.5535,
-18,-70,0.220483,
-16,-70,0.996702,
-14,-70,-8.10006,
-12,-70,-2.82379,
-10,-70,0.109424,
-8,-70,-1.08762,
-6,-70,-2.96735,
-4,-70,-14.3876,
-2,-70,-0.972649,
0,-70,3.56158,
2,-70,2.04973,
4,-70,-6.35128,
6,-70,-1.28993,
8,-70,0.269682,
10,-70,-5.65945,
12,-70,-7.57337,
14,-70,-3.52551,
16,-70,-1.17606,
18,-70,0.0637017,
20,-70,-1.49257,
22,-70,-4.70218,
24,-70,-6.31637,
26,-70,-3.42234,
28,-70,-2.49456,
30,-70,-1.26043,
32,-70,2.37199,
34,-70,4.27418,
36,-70,2.50202,
38,-70,-2.84827,
40,-70,-6.63199,
42,-70,-0.957432,
44,-70,1.19026,
46,-70,-0.467949,
48,-70,-4.33944,
50,-70,-10.1279,
52,-70,-7.47886,
54,-70,-1.95987,
56,-70,-0.732811,
58,-70,-6.09171,
60,-70,-17.6814,
62,-70,-10.4554,
64,-70,-5.81832,
66,-70,-10.1211,
68,-70,-10.127,
70,-70,-2.4013,
72,-70,-1.94259,
74,-70,-1.05014,
76,-70,0.32878,
78,-70,-1.97421,
80,-70,-11.1979,
82,-70,-7.41762,
84,-70,-5.39844,
86,-70,-1.95952,
88,-70,1.85059,
90,-70,1.48739,
92,-70,-5.13116,
94,-70,-14.3668,
96,-70,-13.0671,
98,-70,-4.85689,
100,-70,2.7962,
102,-70,2.36312,
104,-70,-9.85558,
106,-70,-3.70204,
108,-70,-8.13349,
110,-70,-2.81308,
112,-70,1.83445,
114,-70,-7.93211,
116,-70,-0.284381,
118,-70,3.81019,
120,-70,0.6905,
122,-70,-7.40456,
124,-70,-10.3075,
126,-70,-14.569,
128,-70,-9.18597,
130,-70,-5.0542,
132,-70,-1.30432,
134,-70,0.738343,
136,-70,0.117384,
138,-70,-3.78113,
140,-70,-10.7028,
142,-70,-14.4366,
144,-70,-6.81887,
146,-70,-3.79605,
148,-70,-6.03037,
150,-70,1.76635,
152,-70,5.86929,
154,-70,5.27551,
156,-70,-0.685437,
158,-70,-15.7254,
160,-70,-12.4711,
162,-70,-1.23873,
164,-70,0.237763,
166,-70,-6.88897,
168,-70,-6.23012,
170,-70,-4.05188,
172,-70,-6.63082,
174,-70,-9.40365,
176,-70,-9.43503,
178,-70,1.92223,
180,-70,4.39998,
-180,-68,4.75738,
-178,-68,1.05179,
-176,-68,-13.6215,
-174,-68,1.06943,
-172,-68,1.40495,
-170,-68,-4.17486,
-168,-68,-4.09314,
-166,-68,0.704158,
-164,-68,3.52914,
-162,-68,3.25028,
-160,-68,0.612627,
-158,-68,-1.67642,
-156,-68,-6.17594,
-154,-68,-6.15184,
-152,-68,-2.36148,
-150,-68,-0.723208,
-148,-68,1.7414,
-146,-68,2.70846,
-144,-68,0.46779,
-142,-68,-3.77177,
-140,-68,-4.46079,
-138,-68,-1.14667,
-136,-68,0.867377,
-134,-68,2.28614,
-132,-68,0.149642,
-130,-68,-7.96415,
-128,-68,-4.94827,
-126,-68,0.175653,
-124,-68,0.981305,
-122,-68,-5.30146,
-120,-68,-18.3268,
-118,-68,-15.2499,
-116,-68,-8.23185,
-114,-68,-9.80562,
-112,-68,-11.1525,
-110,-68,-3.26338,
-108,-68,-4.02028,
-106,-68,-6.04756,
-104,-68,-4.06418,
-102,-68,-4.63025,
-100,-68,-4.5093,
-98,-68,-0.606634,
-96,-68,1.14469,
-94,-68,1.08299,
-92,-68,0.664829,
-90,-68,-1.51294,
-88,-68,-7.38834,
-86,-68,-4.47983,
-84,-68,-5.25493,
-82,-68,-16.8217,
-80,-68,-1.04771,
-78,-68,-0.490341,
-76,-68,-6.52634,
-74,-68,-4.3859,
-72,-68,-12.5664,
-70,-68,-2.04238,
-68,-68,1.45622,
-66,-68,-7.21917,
-64,-68,-0.966903,
-62,-68,4.21316,
-60,-68,2.57094,
-58,-68,-5.14582,
-56,-68,-20.8162,
-54,-68,-17.0945,
-52,-68,-8.71037,
-50,-68,-11.1952,
-48,-68,-7.91206,
-46,-68,-1.36673,
-44,-68,0.278866,
-42,-68,-1.64239,
-40,-68,-7.00182,
-38,-68,-10.1358,
-36,-68,-3.78474,
-34,-68,0.0986677,
-32,-68,-1.68917,
-30,-68,-9.49167,
-28,-68,1.68788,
-26,-68,3.31347,
-24,-68,-0.577456,
-22,-68,-4.71831,
-20,-68,-10.2504,
-18,-68,-1.73678,
-16,-68,0.762151,
-14,-68,-5.8243,
-12,-68,-3.33591,
-10,-68,0.301808,
-8,-68,-1.19777,
-6,-68,-3.88509,
-4,-68,-12.8879,
-2,-68,-0.163466,
0,-68,3.98197,
2,-68,2.05859,
4,-68,-9.10656,
6,-68,-0.947539,
8,-68,0.601309,
10,-68,-5.52615,
12,-68,-7.04331,
14,-68,-1.74163,
16,-68,0.32637,
18,-68,0.532952,
20,-68,-1.32277,
22,-68,-5.26465,
24,-68,-8.87656,
26,-68,-4.52359,
28,-68,-3.24643,
30,-68,-1.26979,
32,-68,2.73321,
34,-68,4.52261,
36,-68,2.6386,
38,-68,-2.71837,
40,-68,-6.11849,
42,-68,-0.543666,
44,-68,1.18494,
46,-68,-1.23236,
48,-68,-6.71813,
50,-68,-13.7612,
52,-68,-9.44079,
54,-68,-3.4335,
56,-68,-1.96284,
58,-68,-8.72904,
60,-68,-16.2593,
62,-68,-10.0753,
64,-68,-4.87838,
66,-68,-7.10078,
68,-68,-12.258,
70,-68,-2.13136,
72,-68,-2.13953,
74,-68,-2.56307,
76,-68,-0.48679,
78,-68,-2.66669,
80,-68,-8.61302,
82,-68,-4.00038,
84,-68,-4.13963,
86,-68,-1.56178,
88,-68,2.42886,
90,-68,1.51143,
92,-68,-7.36439,
94,-68,-6.38723,
96,-68,-7.65079,
98,-68,-3.97434,
100,-68,3.64934,
102,-68,3.03583,
104,-68,-6.99304,
106,-68,-4.19728,
108,-68,-10.1082,
110,-68,-1.76497,
112,-68,1.58325,
114,-68,-8.96863,
116,-68,-0.806641,
118,-68,2.92077,
120,-68,-0.256033,
122,-68,-8.43155,
124,-68,-15.0338,
126,-68,-12.3383,
128,-68,-6.24348,
130,-68,-3.97623,
132,-68,-1.08527,
134,-68,1.26305,
136,-68,1.2934,
138,-68,-1.71135,
140,-68,-7.73395,
142,-68,-11.8137,
144,-68,-5.39639,
146,-68,-2.18587,
148,-68,-5.32964,
150,-68,-0.237221,
152,-68,4.79735,
154,-68,4.8921,
156,-68,-0.065897,
158,-68,-8.9148,
160,-68,-14.8528,
162,-68,-4.16258,
164,-68,-0.778805,
166,-68,-6.43929,
168,-68,-6.85275,
170,-68,-3.69481,
172,-68,-7.25755,
174,-68,-11.6657,
176,-68,-7.11538,
178,-68,2.41675,
180,-68,4.75738,
-180,-66,3.8345,
-178,-66,0.353787,
-176,-66,-16.6525,
-174,-66,0.0745651,
-172,-66,1.31186,
-170,-66,-2.90503,
-168,-66,-7.20212,
-166,-66,0.586277,
-164,-66,3.77882,
-162,-66,3.2845,
-160,-66,1.53884,
-158,-66,0.0303232,
-156,-66,-5.16297,
-154,-66,-8.70257,
-152,-66,-3.40347,
-150,-66,-0.904463,
-148,-66,1.63876,
-146,-66,2.28576,
-144,-66,-0.00855815,
-142,-66,-3.66771,
-140,-66,-3.44036,
-138,-66,-0.336958,
-136,-66,1.03112,
-134,-66,1.98346,
-132,-66,-0.631519,
-130,-66,-11.0347,
-128,-66,-6.3743,
-126,-66,-2.00548,
-124,-66,-1.41795,
-122,-66,-10.6671,
-120,-66,-9.51549,
-118,-66,-11.5439,
-116,-66,-11.4433,
-114,-66,-10.2997,
-112,-66,-10.828,
-110,-66,-1.67055,
-108,-66,-2.10191,
-106,-66,-7.54998,
-104,-66,-5.4638,
-102,-66,-4.10454,
-100,-66,-2.6951,
-98,-66,0.273677,
-96,-66,1.4878,
-94,-66,1.5373,
-92,-66,1.01039,
-90,-66,-2.59866,
-88,-66,-6.4366,
-86,-66,-0.497137,
-84,-66,-2.00283,
-82,-66,-15.6568,
-80,-66,-0.199925,
-78,-66,0.584519,
-76,-66,-4.52943,
-74,-66,-6.22389,
-72,-66,-18.116,
-70,-66,-1.00472,
-68,-66,1.37696,
-66,-66,-7.13223,
-64,-66,-2.5345,
-62,-66,2.7142,
-60,-66,0.912431,
-58,-66,-7.02736,
-56,-66,-20.0033,
-54,-66,-11.2208,
-52,-66,-5.70288,
-50,-66,-7.37895,
-48,-66,-10.1874,
-46,-66,-2.74112,
-44,-66,-0.000304527,
-42,-66,-1.162,
-40,-66,-5.5381,
-38,-66,-7.20491,
-36,-66,-2.67653,
-34,-66,0.872655,
-32,-66,0.141935,
-30,-66,-9.33116,
-28,-66,-1.22638,
-26,-66,1.88229,
-24,-66,-0.760648,
-22,-66,-2.93848,
-20,-66,-8.88614,
-18,-66,-5.53316,
-16,-66,0.247432,
-14,-66,-3.41271,
-12,-66,-4.30696,
-10,-66,0.0567309,
-8,-66,-1.28121,
-6,-66,-4.95497,
-4,-66,-10.7321,
-2,-66,-0.874088,
0,-66,3.02973,
2,-66,0.81951,
4,-66,-16.1696,
6,-66,-1.5568,
8,-66,0.0525129,
10,-66,-5.90617,
12,-66,-8.0218,
14,-66,-1.26193,
16,-66,1.1092,
18,-66,1.12152,
20,-66,-0.532129,
22,-66,-4.89742,
24,-66,-14.182,
26,-66,-6.81286,
28,-66,-5.18381,
30,-66,-2.33763,
32,-66,2.26221,
34,-66,4.03705,
36,-66,2.01179,
38,-66,-3.54835,
40,-66,-7.12879,
42,-66,-0.890005,
44,-66,0.565006,
46,-66,-2.80376,
48,-66,-11.0576,
50,-66,-13.491,
52,-66,-10.2314,
54,-66,-5.38222,
56,-66,-3.51809,
58,-66,-12.2303,
60,-66,-10.8618,
62,-66,-8.60915,
64,-66,-3.94541,
66,-66,-4.07978,
68,-66,-15.6162,
70,-66,-2.81743,
72,-66,-2.36817,
74,-66,-4.85946,
76,-66,-1.89692,
78,-66,-3.06908,
80,-66,-5.67774,
82,-66,-2.80939,
84,-66,-4.049,
86,-66,-1.05505,
88,-66,2.51069,
90,-66,0.384239,
92,-66,-10.5081,
94,-66,-1.61563,
96,-66,-3.41445,
98,-66,-3.26645,
100,-66,3.83359,
102,-66,3.10998,
104,-66,-4.28753,
106,-66,-3.94414,
108,-66,-9.21456,
110,-66,-1.01743,
112,-66,0.879746,
114,-66,-11.0847,
116,-66,-1.33234,
118,-66,1.78829,
120,-66,-1.55821,
122,-66,-9.82828,
124,-66,-16.4715,
126,-66,-8.56784,
128,-66,-4.50114,
130,-66,-3.69245,
132,-66,-1.61455,
134,-66,1.13349,
136,-66,1.72514,
138,-66,-0.801075,
140,-66,-6.66339,
142,-66,-12.0775,
144,-66,-5.89051,
146,-66,-1.75811,
148,-66,-3.8356,
150,-66,-2.77983,
152,-66,2.86281,
154,-66,3.67513,
156,-66,-0.126357,
158,-66,-4.10516,
160,-66,-6.14428,
162,-66,-8.51293,
164,-66,-2.26535,
166,-66,-5.34319,
168,-66,-7.54181,
170,-66,-3.32956,
172,-66,-5.95506,
174,-66,-10.1532,
176,-66,-5.96449,
178,-66,1.54971,
180,-66,3.8345,
-180,-64,1.03179,
-178,-64,-1.61821,
-176,-64,-9.12418,
-174,-64,-1.38742,
-172,-64,0.585879,
-170,-64,-2.87454,
-168,-64,-15.4927,
-166,-64,0.0506618,
-164,-64,3.1388,
-162,-64,2.40027,
-160,-64,1.84187,
-158,-64,1.17915,
-156,-64,-3.60751,
-154,-64,-12.9385,
-152,-64,-5.92015,
-150,-64,-2.20196,
-148,-64,0.517632,
-146,-64,0.908588,
-144,-64,-1.24523,
-142,-64,-4.28266,
-140,-64,-3.50916,
-138,-64,-0.363255,
-136,-64,0.452715,
-134,-64,1.09159,
-132,-64,-1.99795,
-130,-64,-14.1361,
-128,-64,-6.35712,
-126,-64,-4.69231,
-124,-64,-4.93075,
-122,-64,-15.6482,
-120,-64,-4.10457,
-118,-64,-5.77903,
-116,-64,-19.414,
-114,-64,-10.6428,
-112,-64,-11.8314,
-110,-64,-1.11729,
-108,-64,-0.674521,
-106,-64,-7.00789,
-104,-64,-6.90481,
-102,-64,-3.69436,
-100,-64,-2.43971,
-98,-64,-0.55949,
-96,-64,0.646218,
-94,-64,1.54589,
-92,-64,0.782155,
-90,-64,-6.41103,
-88,-64,-3.79854,
-86,-64,2.32284,
-84,-64,0.593389,
-82,-64,-11.115,
-80,-64,-0.366743,
-78,-64,0.920012,
-76,-64,-2.72083,
-74,-64,-7.0819,
-72,-64,-12.6319,
-70,-64,-0.605902,
-68,-64,0.636537,
-66,-64,-8.54909,
-64,-64,-4.19315,
-62,-64,0.768155,
-60,-64,-1.57939,
-58,-64,-10.595,
-56,-64,-16.3004,
-54,-64,-9.21464,
-52,-64,-4.50811,
-50,-64,-5.36428,
-48,-64,-9.48312,
-46,-64,-3.70833,
-44,-64,-0.0726198,
-42,-64,-0.585752,
-40,-64,-4.24332,
-38,-64,-6.14719,
-36,-64,-3.31733,
-34,-64,0.37894,
-32,-64,0.906617,
-30,-64,-4.92127,
-28,-64,-6.92203,
-26,-64,-0.756622,
-24,-64,-1.12689,
-22,-64,-0.882005,
-20,-64,-3.94891,
-18,-64,-10.0044,
-16,-64,-0.0471636,
-14,-64,-0.992769,
-12,-64,-4.75796,
-10,-64,-0.603926,
-8,-64,-0.972716,
-6,-64,-4.98796,
-4,-64,-9.71799,
-2,-64,-3.9372,
0,-64,-0.122498,
2,-64,-2.42904,
4,-64,-15.742,
6,-64,-2.89764,
8,-64,-1.53662,
10,-64,-7.35234,
12,-64,-10.5648,
14,-64,-1.72119,
16,-64,0.904073,
18,-64,1.02529,
20,-64,-0.156956,
22,-64,-4.38977,
24,-64,-21.0387,
26,-64,-9.76256,
28,-64,-8.62043,
30,-64,-5.09059,
32,-64,0.611401,
34,-64,2.54335,
36,-64,0.43102,
38,-64,-5.27596,
40,-64,-11.1407,
42,-64,-2.2907,
44,-64,-0.881239,
46,-64,-5.54437,
48,-64,-16.486,
50,-64,-9.20581,
52,-64,-8.9375,
54,-64,-7.47389,
56,-64,-5.11805,
58,-64,-15.1794,
60,-64,-7.47553,
62,-64,-7.21347,
64,-64,-3.72725,
66,-64,-2.03258,
68,-64,-12.9755,
70,-64,-4.77805,
72,-64,-2.49777,
74,-64,-7.1639,
76,-64,-3.90151,
78,-64,-3.19361,
80,-64,-4.71561,
82,-64,-3.90712,
84,-64,-5.21627,
86,-64,-0.579171,
88,-64,1.8744,
90,-64,-2.78097,
92,-64,-7.12027,
94,-64,1.5984,
96,-64,-0.0925368,
98,-64,-2.33837,
100,-64,3.16772,
102,-64,2.40945,
104,-64,-2.11713,
106,-64,-2.49481,
108,-64,-5.8468,
110,-64,-0.811313,
112,-64,-0.620938,
114,-64,-16.2476,
116,-64,-1.64583,
118,-64,0.605486,
120,-64,-2.93382,
122,-64,-10.5175,
124,-64,-11.9335,
126,-64,-6.31785,
128,-64,-3.91534,
130,-64,-4.62096,
132,-64,-3.68944,
134,-64,-0.165722,
136,-64,1.06656,
138,-64,-1.34776,
140,-64,-8.17979,
142,-64,-16.8575,
144,-64,-10.1159,
146,-64,-2.98517,
148,-64,-2.8656,
150,-64,-4.59566,
152,-64,-0.554429,
154,-64,1.16902,
156,-64,-0.395703,
158,-64,-0.461767,
160,-64,-1.04032,
162,-64,-6.87465,
164,-64,-3.33332,
166,-64,-3.50859,
168,-64,-7.16403,
170,-64,-3.14035,
172,-64,-3.74567,
174,-64,-6.90535,
176,-64,-5.99197,
178,-64,-1.23621,
180,-64,1.03179,
-180,-62,-4.77028,
-178,-62,-4.31903,
-176,-62,-3.57952,
-174,-62,-0.734149,
-172,-62,0.0918232,
-170,-62,-4.4479,
-168,-62,-9.09053,
-166,-62,0.956784,
-164,-62,2.1546,
-162,-62,-0.205092,
-160,-62,0.591999,
-158,-62,1.0654,
-156,-62,-2.85563,
-154,-62,-13.9518,
-152,-62,-10.9163,
-150,-62,-5.17877,
-148,-62,-2.06819,
-146,-62,-1.53801,
-144,-62,-2.41695,
-142,-62,-4.63715,
-140,-62,-4.6446,
-138,-62,-1.3401,
-136,-62,-1.09319,
-134,-62,-0.425704,
-132,-62,-3.68681,
-130,-62,-12.5882,
-128,-62,-5.33182,
-126,-62,-7.02531,
-124,-62,-9.48409,
-122,-62,-9.75786,
-120,-62,-1.01802,
-118,-62,-2.01008,
-116,-62,-19.3041,
-114,-62,-10.7115,
-112,-62,-13.6545,
-110,-62,-1.79101,
-108,-62,-0.326361,
-106,-62,-6.45304,
-104,-62,-9.09749,
-102,-62,-4.069,
-100,-62,-3.9322,
-98,-62,-3.60285,
-96,-62,-1.41393,
-94,-62,0.92224,
-92,-62,-0.149849,
-90,-62,-13.4534,
-88,-62,-0.377703,
-86,-62,4.23312,
-84,-62,2.49989,
-82,-62,-7.1607,
-80,-62,-1.95825,
-78,-62,0.462856,
-76,-62,-1.4309,
-74,-62,-6.10442,
-72,-62,-9.24827,
-70,-62,-1.27962,
-68,-62,-1.31937,
-66,-62,-13.7183,
-64,-62,-4.87604,
-62,-62,-1.17219,
-60,-62,-4.67025,
-58,-62,-13.7092,
-56,-62,-12.4452,
-54,-62,-9.11176,
-52,-62,-4.85582,
-50,-62,-4.98122,
-48,-62,-8.40368,
-46,-62,-4.46805,
-44,-62,-0.351619,
-42,-62,-0.608083,
-40,-62,-4.35924,
-38,-62,-6.99458,
-36,-62,-6.8052,
-34,-62,-2.11022,
-32,-62,0.575995,
-30,-62,-1.96499,
-28,-62,-21.2804,
-26,-62,-4.5227,
-24,-62,-0.726503,
-22,-62,0.982344,
-20,-62,-0.713884,
-18,-62,-6.49091,
-16,-62,0.469833,
-14,-62,1.25229,
-12,-62,-3.23581,
-10,-62,-1.71589,
-8,-62,-0.518351,
-6,-62,-3.95825,
-4,-62,-10.4644,
-2,-62,-12.9275,
0,-62,-8.63652,
2,-62,-7.90444,
4,-62,-6.01054,
6,-62,-2.8307,
8,-62,-3.29032,
10,-62,-10.5946,
12,-62,-9.18895,
14,-62,-1.51016,
16,-62,0.0257115,
18,-62,-0.458983,
20,-62,-1.3706,
22,-62,-5.57781,
24,-62,-15.3104,
26,-62,-9.50761,
28,-62,-10.4405,
30,-62,-10.4141,
32,-62,-2.71263,
34,-62,-0.124869,
36,-62,-1.5035,
38,-62,-5.22297,
40,-62,-22.9779,
42,-62,-5.1158,
44,-62,-3.33561,
46,-62,-9.54423,
48,-62,-11.6147,
50,-62,-6.34567,
52,-62,-7.55145,
54,-62,-9.16638,
56,-62,-6.31043,
58,-62,-14.9795,
60,-62,-5.34092,
62,-62,-6.03526,
64,-62,-4.89226,
66,-62,-0.910128,
68,-62,-6.79081,
70,-62,-8.31408,
72,-62,-2.6338,
74,-62,-7.50815,
76,-62,-6.75896,
78,-62,-3.65145,
80,-62,-5.50096,
82,-62,-7.86332,
84,-62,-6.07021,
86,-62,-0.325232,
88,-62,0.537292,
90,-62,-8.23643,
92,-62,-1.69483,
94,-62,3.67728,
96,-62,2.32182,
98,-62,-0.890447,
100,-62,1.41109,
102,-62,0.614004,
104,-62,-0.762751,
106,-62,-0.79984,
108,-62,-3.11772,
110,-62,-1.36434,
112,-62,-3.60051,
114,-62,-16.1406,
116,-62,-1.41593,
118,-62,-0.207178,
120,-62,-3.73248,
122,-62,-9.54668,
124,-62,-8.63668,
126,-62,-5.03245,
128,-62,-3.86278,
130,-62,-5.95243,
132,-62,-8.42663,
134,-62,-3.41576,
136,-62,-1.12802,
138,-62,-3.98098,
140,-62,-13.0255,
142,-62,-9.65599,
144,-62,-19.5477,
146,-62,-7.16712,
148,-62,-2.81237,
150,-62,-3.63106,
152,-62,-6.74531,
154,-62,-3.42078,
156,-62,0.0474856,
158,-62,2.08119,
160,-62,1.73674,
162,-62,-2.66667,
164,-62,-2.63132,
166,-62,-1.27816,
168,-62,-5.13028,
170,-62,-3.78421,
172,-62,-2.52421,
174,-62,-5.11274,
176,-62,-6.90923,
178,-62,-6.35729,
180,-62,-4.77028,
-180,-60,-5.52921,
-178,-60,-4.00709,
-176,-60,0.11588,
-174,-60,2.34065,
-172,-60,1.19749,
-170,-60,-8.08243,
-168,-60,-2.16531,
-166,-60,3.56102,
-164,-60,2.73205,
-162,-60,-4.35603,
-160,-60,-4.09584,
-158,-60,-1.34203,
-156,-60,-4.30382,
-154,-60,-12.6301,
-152,-60,-18.9852,
-150,-60,-10.6803,
-148,-60,-6.29672,
-146,-60,-3.29676,
-144,-60,-1.30933,
-142,-60,-3.07406,
-140,-60,-5.97255,
-138,-60,-3.13829,
-136,-60,-3.87545,
-134,-60,-2.39943,
-132,-60,-4.83956,
-130,-60,-9.8517,
-128,-60,-4.84947,
-126,-60,-8.39124,
-124,-60,-12.9811,
-122,-60,-6.8922,
-120,-60,0.613299,
-118,-60,0.394761,
-116,-60,-9.80112,
-114,-60,-9.94914,
-112,-60,-10.4524,
-110,-60,-3.84743,
-108,-60,-1.3083,
-106,-60,-7.27681,
-104,-60,-12.2267,
-102,-60,-4.46805,
-100,-60,-4.89014,
-98,-60,-5.37428,
-96,-60,-2.63799,
-94,-60,-0.404415,
-92,-60,-2.02845,
-90,-60,-6.47167,
-88,-60,2.15334,
-86,-60,5.26253,
-84,-60,3.6678,
-82,-60,-4.04158,
-80,-60,-6.1092,
-78,-60,-0.925657,
-76,-60,-0.86882,
-74,-60,-4.50786,
-72,-60,-7.99108,
-70,-60,-3.65186,
-68,-60,-5.81978,
-66,-60,-20.3079,
-64,-60,-3.72036,
-62,-60,-2.17048,
-60,-60,-7.00715,
-58,-60,-11.8305,
-56,-60,-9.74212,
-54,-60,-9.51799,
-52,-60,-6.26428,
-50,-60,-5.60528,
-48,-60,-8.08851,
-46,-60,-5.52716,
-44,-60,-1.18212,
-42,-60,-1.52973,
-40,-60,-5.61795,
-38,-60,-6.31394,
-36,-60,-9.77226,
-34,-60,-8.7967,
-32,-60,-0.832913,
-30,-60,-0.392614,
-28,-60,-6.55662,
-26,-60,-4.66781,
-24,-60,0.553781,
-22,-60,2.01181,
-20,-60,0.475441,
-18,-60,-2.82754,
-16,-60,1.74317,
-14,-60,3.10518,
-12,-60,-0.837003,
-10,-60,-3.67642,
-8,-60,-0.802452,
-6,-60,-3.46881,
-4,-60,-13.3996,
-2,-60,-9.2581,
0,-60,-7.00526,
2,-60,-4.49507,
4,-60,-1.12741,
6,-60,0.116993,
8,-60,-2.17092,
10,-60,-16.0232,
12,-60,-3.81303,
14,-60,1.00648,
16,-60,0.39561,
18,-60,-3.16648,
20,-60,-6.10305,
22,-60,-12.582,
24,-60,-10.9704,
26,-60,-6.84612,
28,-60,-7.40155,
30,-60,-10.9011,
32,-60,-6.69808,
34,-60,-2.39882,
36,-60,-0.99117,
38,-60,-1.90571,
40,-60,-10.0617,
42,-60,-9.37142,
44,-60,-6.53406,
46,-60,-11.394,
48,-60,-7.47061,
50,-60,-5.00174,
52,-60,-7.09759,
54,-60,-10.1808,
56,-60,-6.85938,
58,-60,-13.8089,
60,-60,-3.86715,
62,-60,-4.46662,
64,-60,-8.80657,
66,-60,-0.541816,
68,-60,-2.36744,
70,-60,-8.86619,
72,-60,-3.0047,
74,-60,-6.4381,
76,-60,-11.8,
78,-60,-4.3741,
80,-60,-4.89705,
82,-60,-6.35358,
84,-60,-3.35156,
86,-60,-0.444619,
88,-60,-1.17035,
90,-60,-5.06802,
92,-60,1.5401,
94,-60,4.69007,
96,-60,3.75755,
98,-60,0.771434,
100,-60,-1.43153,
102,-60,-3.02262,
104,-60,-0.524949,
106,-60,0.195524,
108,-60,-1.51773,
110,-60,-2.68891,
112,-60,-9.51138,
114,-60,-7.49854,
116,-60,-0.474086,
118,-60,-0.130238,
120,-60,-3.20363,
122,-60,-7.54252,
124,-60,-6.94459,
126,-60,-4.47287,
128,-60,-3.60587,
130,-60,-4.90212,
132,-60,-9.90679,
134,-60,-9.41294,
136,-60,-5.20216,
138,-60,-10.1762,
140,-60,-9.24898,
142,-60,-2.41483,
144,-60,-4.69868,
146,-60,-22.9466,
148,-60,-3.64325,
150,-60,-1.45939,
152,-60,-7.42752,
154,-60,-7.09283,
156,-60,1.30018,
158,-60,3.42589,
160,-60,2.69023,
162,-60,-0.66768,
164,-60,-0.686093,
166,-60,0.837432,
168,-60,-2.65851,
170,-60,-6.60579,
172,-60,-3.24145,
174,-60,-5.21103,
176,-60,-7.51972,
178,-60,-5.24168,
180,-60,-5.52921,
-180,-58,-1.12007,
-178,-58,-1.69737,
-176,-58,2.69777,
-174,-58,5.00389,
-172,-58,3.00862,
-170,-58,-11.9249,
-168,-58,1.31123,
-166,-58,5.87672,
-164,-58,4.92232,
-162,-58,-1.17207,
-160,-58,-19.5859,
-158,-58,-9.49847,
-156,-58,-11.3617,
-154,-58,-17.2241,
-152,-58,-18.346,
-150,-58,-14.3271,
-148,-58,-7.52168,
-146,-58,-1.54992,
-144,-58,0.969992,
-142,-58,-1.03153,
-140,-58,-5.93163,
-138,-58,-4.68302,
-136,-58,-7.89595,
-134,-58,-4.3731,
-132,-58,-4.81889,
-130,-58,-8.00071,
-128,-58,-5.25367,
-126,-58,-8.98382,
-124,-58,-12.0676,
-122,-58,-7.15652,
-120,-58,1.02125,
-118,-58,1.78559,
-116,-58,-5.43336,
-114,-58,-8.37993,
-112,-58,-5.01261,
-110,-58,-5.14278,
-108,-58,-3.17478,
-106,-58,-7.75031,
-104,-58,-8.53463,
-102,-58,-2.67685,
-100,-58,-1.52673,
-98,-58,-0.485463,
-96,-58,0.0166491,
-94,-58,-1.52427,
-92,-58,-5.93273,
-90,-58,-3.03135,
-88,-58,3.14128,
-86,-58,5.29574,
-84,-58,4.02105,
-82,-58,-1.62277,
-80,-58,-19.7268,
-78,-58,-3.74441,
-76,-58,-1.44725,
-74,-58,-3.38988,
-72,-58,-6.34442,
-70,-58,-7.35685,
-68,-58,-15.8548,
-66,-58,-7.82997,
-64,-58,-1.80727,
-62,-58,-1.81548,
-60,-58,-6.76137,
-58,-58,-10.0725,
-56,-58,-9.19894,
-54,-58,-10.1753,
-52,-58,-8.02702,
-50,-58,-6.48512,
-48,-58,-7.75282,
-46,-58,-6.0546,
-44,-58,-1.99521,
-42,-58,-2.552,
-40,-58,-5.22281,
-38,-58,-2.29031,
-36,-58,-2.83281,
-34,-58,-11.7735,
-32,-58,-3.13536,
-30,-58,0.124653,
-28,-58,-1.53759,
-26,-58,-1.14375,
-24,-58,1.5847,
-22,-58,1.62478,
-20,-58,-0.651547,
-18,-58,-0.854833,
-16,-58,3.1917,
-14,-58,4.32308,
-12,-58,0.811665,
-10,-58,-7.88657,
-8,-58,-2.97654,
-6,-58,-4.77351,
-4,-58,-15.1517,
-2,-58,-2.72861,
0,-58,-0.541279,
2,-58,-0.451529,
4,-58,1.84132,
6,-58,3.16558,
8,-58,0.491027,
10,-58,-18.016,
12,-58,0.0054788,
14,-58,3.92801,
16,-58,2.89875,
18,-58,-1.79753,
20,-58,-9.38594,
22,-58,-9.76736,
24,-58,-4.97836,
26,-58,-4.43358,
28,-58,-5.31975,
30,-58,-6.46515,
32,-58,-5.17658,
34,-58,-1.13572,
36,-58,1.28713,
38,-58,0.679685,
40,-58,-5.60824,
42,-58,-13.0913,
44,-58,-9.18133,
46,-58,-10.0701,
48,-58,-5.96603,
50,-58,-4.86678,
52,-58,-7.4878,
54,-58,-10.7409,
56,-58,-7.11737,
58,-58,-14.1087,
60,-58,-2.8048,
62,-58,-2.30352,
64,-58,-26.1677,
66,-58,-0.615809,
68,-58,0.711135,
70,-58,-3.52403,
72,-58,-3.39476,
74,-58,-5.71136,
76,-58,-20.3244,
78,-58,-3.7827,
80,-58,-1.19806,
82,-58,-0.344646,
84,-58,0.140258,
86,-58,-0.841467,
88,-58,-3.26145,
90,-58,-1.53413,
92,-58,2.71427,
94,-58,4.4989,
96,-58,4.06834,
98,-58,1.99036,
100,-58,-3.14201,
102,-58,-11.4769,
104,-58,-1.94617,
106,-58,-0.0284245,
108,-58,-0.935707,
110,-58,-3.80339,
112,-58,-10.4947,
114,-58,-3.11701,
116,-58,0.592417,
118,-58,0.666782,
120,-58,-1.51991,
122,-58,-4.77537,
124,-58,-5.98188,
126,-58,-4.94904,
128,-58,-3.70099,
130,-58,-3.1754,
132,-58,-5.24765,
134,-58,-8.95253,
136,-58,-7.0029,
138,-58,-10.9402,
140,-58,-3.94871,
142,-58,1.25263,
144,-58,0.488116,
146,-58,-8.89882,
148,-58,-5.30479,
150,-58,0.134548,
152,-58,-1.42591,
154,-58,-2.46488,
156,-58,2.2685,
158,-58,3.37193,
160,-58,1.62175,
162,-58,-0.423361,
164,-58,1.27972,
166,-58,2.44242,
168,-58,-0.657964,
170,-58,-14.0948,
172,-58,-6.88656,
174,-58,-7.17255,
176,-58,-6.81368,
178,-58,-1.43087,
180,-58,-1.12007,
-180,-56,-1.13727,
-178,-56,-0.85097,
-176,-56,4.47041,
-174,-56,6.53828,
-172,-56,4.03168,
-170,-56,-11.6876,
-168,-56,2.86468,
-166,-56,7.02731,
-164,-56,6.58132,
-162,-56,3.27286,
-160,-56,-1.35253,
-158,-56,-4.91082,
-156,-56,-7.08088,
-154,-56,-9.99612,
-152,-56,-14.4713,
-150,-56,-12.4831,
-148,-56,-5.45604,
-146,-56,0.0556781,
-144,-56,1.93761,
-142,-56,-0.70697,
-140,-56,-5.73392,
-138,-56,-4.18441,
-136,-56,-10.2473,
-134,-56,-6.56331,
-132,-56,-4.79563,
-130,-56,-6.85524,
-128,-56,-5.76386,
-126,-56,-7.73909,
-124,-56,-8.41008,
-122,-56,-11.5068,
-120,-56,0.242556,
-118,-56,2.3859,
-116,-56,-2.74916,
-114,-56,-6.51816,
-112,-56,-1.16938,
-110,-56,-1.80887,
-108,-56,-2.95355,
-106,-56,-5.00973,
-104,-56,-3.93144,
-102,-56,-0.420606,
-100,-56,1.26851,
-98,-56,2.68257,
-96,-56,2.86668,
-94,-56,-0.107337,
-92,-56,-12.3062,
-90,-56,-4.15751,
-88,-56,2.14744,
-86,-56,4.06492,
-84,-56,3.4236,
-82,-56,-0.0225733,
-80,-56,-8.9752,
-78,-56,-9.74562,
-76,-56,-4.2111,
-74,-56,-3.30255,
-72,-56,-3.33263,
-70,-56,-4.11796,
-68,-56,-5.74508,
-66,-56,-3.63303,
-64,-56,-0.859962,
-62,-56,-1.30382,
-60,-56,-5.08713,
-58,-56,-8.26871,
-56,-56,-9.80353,
-54,-56,-11.5557,
-52,-56,-10.3488,
-50,-56,-8.07903,
-48,-56,-7.51572,
-46,-56,-4.57379,
-44,-56,-1.26958,
-42,-56,-1.84878,
-40,-56,-3.05565,
-38,-56,0.339184,
-36,-56,0.861177,
-34,-56,-4.10563,
-32,-56,-6.12633,
-30,-56,-0.244388,
-28,-56,0.668283,
-26,-56,1.00485,
-24,-56,1.55077,
-22,-56,-0.956285,
-20,-56,-5.18474,
-18,-56,0.808781,
-16,-56,4.3202,
-14,-56,4.61065,
-12,-56,1.1138,
-10,-56,-12.3098,
-8,-56,-7.98205,
-6,-56,-8.91379,
-4,-56,-10.808,
-2,-56,-1.14507,
0,-56,0.262229,
2,-56,0.286724,
4,-56,3.64355,
6,-56,5.15201,
8,-56,2.102,
10,-56,-18.8108,
12,-56,2.21418,
14,-56,5.82641,
16,-56,5.20551,
18,-56,2.35063,
20,-56,-0.154092,
22,-56,0.10117,
24,-56,0.445699,
26,-56,-1.51968,
28,-56,-4.61018,
30,-56,-5.4193,
32,-56,-3.41916,
34,-56,0.132459,
36,-56,2.22875,
38,-56,1.12578,
40,-56,-5.93923,
42,-56,-15.0256,
44,-56,-10.3378,
46,-56,-11.5751,
48,-56,-6.8755,
50,-56,-5.77278,
52,-56,-8.18524,
54,-56,-11.1756,
56,-56,-7.46396,
58,-56,-17.8499,
60,-56,-2.24387,
62,-56,-0.184272,
64,-56,-8.14321,
66,-56,-0.444545,
68,-56,2.83424,
70,-56,0.535375,
72,-56,-3.05489,
74,-56,-5.93808,
76,-56,-14.7276,
78,-56,-2.49047,
80,-56,1.3672,
82,-56,2.66827,
84,-56,2.36844,
86,-56,-0.738086,
88,-56,-7.50502,
90,-56,-2.16836,
92,-56,1.60132,
94,-56,2.6985,
96,-56,2.94602,
98,-56,2.17418,
100,-56,-1.5654,
102,-56,-14.7811,
104,-56,-6.60238,
106,-56,-2.07368,
108,-56,-1.31747,
110,-56,-2.82967,
112,-56,-3.94102,
114,-56,-1.31594,
116,-56,0.644847,
118,-56,0.969904,
120,-56,-0.142643,
122,-56,-2.2277,
124,-56,-4.48428,
126,-56,-6.21197,
128,-56,-5.4856,
130,-56,-3.54943,
132,-56,-3.74778,
134,-56,-3.88115,
136,-56,-2.08403,
138,-56,-3.35185,
140,-56,-1.79977,
142,-56,2.56531,
144,-56,2.58771,
146,-56,-3.81232,
148,-56,-8.01976,
150,-56,0.812918,
152,-56,1.43101,
154,-56,0.418339,
156,-56,2.1277,
158,-56,1.58977,
160,-56,-2.72167,
162,-56,-0.71394,
164,-56,2.8013,
166,-56,3.24749,
168,-56,0.630627,
170,-56,-5.76364,
172,-56,-7.30303,
174,-56,-8.3537,
176,-56,-6.30007,
178,-56,-1.07042,
180,-56,-1.13727,
-180,-54,-8.28381,
-178,-54,-0.88948,
-176,-54,5.53094,
-174,-54,7.0534,
-172,-54,3.95692,
-170,-54,-14.9874,
-168,-54,2.71606,
-166,-54,6.75216,
-164,-54,6.79496,
-162,-54,5.11787,
-160,-54,3.37869,
-158,-54,2.30352,
-156,-54,1.10421,
-154,-54,-1.50554,
-152,-54,-6.57236,
-150,-54,-13.8698,
-148,-54,-7.17785,
-146,-54,-1.04799,
-144,-54,0.297874,
-142,-54,-4.16434,
-140,-54,-5.56872,
-138,-54,-1.60904,
-136,-54,-6.16103,
-134,-54,-11.0155,
-132,-54,-6.55206,
-130,-54,-6.72564,
-128,-54,-5.53246,
-126,-54,-5.1801,
-124,-54,-4.54927,
-122,-54,-19.4916,
-120,-54,-1.66415,
-118,-54,2.41475,
-116,-54,-0.783056,
-114,-54,-4.42906,
-112,-54,1.16222,
-110,-54,1.53466,
-108,-54,-0.598624,
-106,-54,-2.9727,
-104,-54,-2.70862,
-102,-54,-0.228515,
-100,-54,1.49472,
-98,-54,3.28429,
-96,-54,4.19899,
-94,-54,2.60805,
-92,-54,-3.2812,
-90,-54,-9.51997,
-88,-54,-1.66213,
-86,-54,1.0794,
-84,-54,1.64495,
-82,-54,0.553263,
-80,-54,-2.62188,
-78,-54,-9.36202,
-76,-54,-13.6338,
-74,-54,-4.81899,
-72,-54,-0.690916,
-70,-54,0.741307,
-68,-54,-0.295225,
-66,-54,-2.61626,
-64,-54,-2.51279,
-62,-54,-2.78899,
-60,-54,-5.14589,
-58,-54,-6.94594,
-56,-54,-8.73736,
-54,-54,-9.73212,
-52,-54,-10.3321,
-50,-54,-9.24357,
-48,-54,-5.80986,
-46,-54,-1.40076,
-44,-54,1.18869,
-42,-54,0.581252,
-40,-54,-1.48729,
-38,-54,0.596584,
-36,-54,1.59271,
-34,-54,-2.17925,
-32,-54,-10.6875,
-30,-54,-1.23687,
-28,-54,1.41465,
-26,-54,1.62365,
-24,-54,0.420776,
-22,-54,-6.28149,
-20,-54,-6.47862,
-18,-54,2.67309,
-16,-54,4.75892,
-14,-54,3.53298,
-12,-54,-0.223231,
-10,-54,-3.5579,
-8,-54,-4.17832,
-6,-54,-9.71279,
-4,-54,-7.8861,
-2,-54,-2.44734,
0,-54,-4.18945,
2,-54,-1.44216,
4,-54,4.61721,
6,-54,6.03067,
8,-54,2.43799,
10,-54,-12.6604,
12,-54,3.12961,
14,-54,6.43186,
16,-54,6.21537,
18,-54,4.72579,
20,-54,3.97813,
22,-54,4.34814,
24,-54,3.9771,
26,-54,1.45694,
28,-54,-3.3542,
30,-54,-7.43384,
32,-54,-5.51665,
34,-54,-1.44923,
36,-54,0.573287,
38,-54,-1.48557,
40,-54,-14.2918,
42,-54,-8.0222,
44,-54,-7.03966,
46,-54,-16.6157,
48,-54,-10.6147,
50,-54,-7.22071,
52,-54,-8.36448,
54,-54,-10.6828,
56,-54,-7.06896,
58,-54,-24.2569,
60,-54,-2.57736,
62,-54,1.28751,
64,-54,-1.53131,
66,-54,0.606643,
68,-54,4.09721,
70,-54,2.78555,
72,-54,-2.52647,
74,-54,-9.07938,
76,-54,-18.1455,
78,-54,-3.13901,
80,-54,1.56256,
82,-54,3.29997,
84,-54,3.28432,
86,-54,0.738312,
88,-54,-7.86356,
90,-54,-10.3825,
92,-54,-3.19005,
94,-54,-1.7953,
96,-54,-0.343154,
98,-54,0.713152,
100,-54,-0.468886,
102,-54,-5.12215,
104,-54,-19.8309,
106,-54,-7.62203,
108,-54,-2.69434,
110,-54,-0.910443,
112,-54,-0.661272,
114,-54,-1.4851,
116,-54,-1.74803,
118,-54,-0.953021,
120,-54,-0.800389,
122,-54,-1.63443,
124,-54,-3.4688,
126,-54,-6.45165,
128,-54,-8.46509,
130,-54,-5.79511,
132,-54,-2.91444,
134,-54,0.507612,
136,-54,2.73637,
138,-54,1.87717,
140,-54,-0.451658,
142,-54,1.95039,
144,-54,2.6436,
146,-54,-2.40551,
148,-54,-11.6475,
150,-54,0.574929,
152,-54,2.23946,
154,-54,1.01959,
156,-54,0.678429,
158,-54,-1.89653,
160,-54,-17.1531,
162,-54,0.288923,
164,-54,3.63301,
166,-54,2.9465,
168,-54,1.02635,
170,-54,0.456436,
172,-54,-0.671747,
174,-54,-5.18323,
176,-54,-7.49587,
178,-54,-4.26286,
180,-54,-8.28381,
-180,-52,-7.32001,
-178,-52,0.715341,
-176,-52,5.81998,
-174,-52,6.72816,
-172,-52,3.37687,
-170,-52,-11.121,
-168,-52,0.4715,
-166,-52,4.63707,
-164,-52,5.15466,
-162,-52,4.71598,
-160,-52,4.7425,
-158,-52,5.05411,
-156,-52,4.63736,
-154,-52,2.75342,
-152,-52,-0.988537,
-150,-52,-7.38056,
-148,-52,-27.0464,
-146,-52,-7.37908,
-144,-52,-6.57319,
-142,-52,-18.9703,
-140,-52,-1.17009,
-138,-52,1.77891,
-136,-52,-1.24977,
-134,-52,-11.543,
-132,-52,-12.3829,
-130,-52,-7.72433,
-128,-52,-4.98982,
-126,-52,-3.16322,
-124,-52,-1.73693,
-122,-52,-7.94915,
-120,-52,-4.51721,
-118,-52,2.01773,
-116,-52,0.786441,
-114,-52,-2.22412,
-112,-52,2.13506,
-110,-52,3.00464,
-108,-52,0.394816,
-106,-52,-4.01497,
-104,-52,-5.39256,
-102,-52,-3.25267,
-100,-52,-1.56773,
-98,-52,1.33003,
-96,-52,3.91358,
-94,-52,4.2685,
-92,-52,1.91283,
-90,-52,-3.58942,
-88,-52,-7.96901,
-86,-52,-4.34537,
-84,-52,-1.53958,
-82,-52,0.16262,
-80,-52,0.511847,
-78,-52,-1.30122,
-76,-52,-8.66583,
-74,-52,-8.70249,
-72,-52,0.805719,
-70,-52,3.41022,
-68,-52,2.27048,
-66,-52,-2.89021,
-64,-52,-11.4652,
-62,-52,-12.1906,
-60,-52,-12.562,
-58,-52,-10.7799,
-56,-52,-9.99622,
-54,-52,-7.80556,
-52,-52,-7.15934,
-50,-52,-6.18851,
-48,-52,-2.27591,
-46,-52,1.78351,
-44,-52,3.89228,
-42,-52,3.36267,
-40,-52,0.303944,
-38,-52,-1.19007,
-36,-52,-0.232079,
-34,-52,-3.40989,
-32,-52,-20.0022,
-30,-52,-2.09493,
-28,-52,1.47643,
-26,-52,1.57463,
-24,-52,-0.405793,
-22,-52,-4.20486,
-20,-52,-0.324075,
-18,-52,3.9419,
-16,-52,4.21742,
-14,-52,0.274969,
-12,-52,-3.03899,
-10,-52,1.35402,
-8,-52,1.41759,
-6,-52,-3.85953,
-4,-52,-7.36275,
-2,-52,-3.8924,
0,-52,-10.971,
2,-52,-1.26257,
4,-52,4.89413,
6,-52,5.80049,
8,-52,2.00794,
10,-52,-4.80546,
12,-52,2.91536,
14,-52,5.62316,
16,-52,5.71882,
18,-52,5.19921,
20,-52,5.39805,
22,-52,6.03871,
24,-52,5.67314,
26,-52,3.37328,
28,-52,-1.13558,
30,-52,-7.52765,
32,-52,-15.2903,
34,-52,-9.69787,
36,-52,-6.05657,
38,-52,-11.7372,
40,-52,-8.95496,
42,-52,-1.90034,
44,-52,-2.73652,
46,-52,-10.637,
48,-52,-15.903,
50,-52,-8.4035,
52,-52,-8.06357,
54,-52,-8.2546,
56,-52,-4.7909,
58,-52,-11.538,
60,-52,-4.65797,
62,-52,1.81944,
64,-52,1.73743,
66,-52,1.90529,
68,-52,4.24405,
70,-52,3.17192,
72,-52,-3.63783,
74,-52,-19.8128,
76,-52,-8.11341,
78,-52,-5.09342,
80,-52,-0.821001,
82,-52,1.83551,
84,-52,3.06026,
86,-52,2.61759,
88,-52,-0.300761,
90,-52,-7.11249,
92,-52,-17.4853,
94,-52,-13.5968,
96,-52,-7.80405,
98,-52,-3.0548,
100,-52,-1.0347,
102,-52,-1.55261,
104,-52,-5.54608,
106,-52,-21.0152,
108,-52,-4.53775,
110,-52,0.162147,
112,-52,0.634272,
114,-52,-2.29478,
116,-52,-8.39655,
118,-52,-9.78609,
120,-52,-6.65815,
122,-52,-5.51447,
124,-52,-6.25762,
126,-52,-7.66787,
128,-52,-8.76574,
130,-52,-5.63262,
132,-52,-0.270258,
134,-52,4.02069,
136,-52,6.15535,
138,-52,5.51584,
140,-52,1.89109,
142,-52,-0.0546541,
144,-52,1.03088,
146,-52,-2.7343,
148,-52,-12.2895,
150,-52,-0.491221,
152,-52,1.65767,
154,-52,0.275211,
156,-52,-1.08422,
158,-52,-2.99663,
160,-52,-4.2049,
162,-52,1.7794,
164,-52,3.50576,
166,-52,1.04557,
168,-52,0.0630074,
170,-52,3.22354,
172,-52,2.9947,
174,-52,-2.18805,
176,-52,-11.1849,
178,-52,-5.48588,
180,-52,-7.32001,
-180,-50,1.02237,
-178,-50,2.69192,
-176,-50,5.06298,
-174,-50,5.58562,
-172,-50,3.15158,
-170,-50,-3.36883,
-168,-50,-5.17242,
-166,-50,-0.665582,
-164,-50,0.927502,
-162,-50,1.9493,
-160,-50,3.62615,
-158,-50,5.22118,
-156,-50,5.68217,
-154,-50,4.6066,
-152,-50,2.12332,
-150,-50,-0.962288,
-148,-50,-3.7809,
-146,-50,-4.67287,
-144,-50,-3.85546,
-142,-50,-0.884988,
-140,-50,3.12693,
-138,-50,4.20579,
-136,-50,1.54105,
-134,-50,-5.92152,
-132,-50,-31.8442,
-130,-50,-8.58871,
-128,-50,-4.58737,
-126,-50,-2.07386,
-124,-50,-0.131535,
-122,-50,-3.53904,
-120,-50,-8.73744,
-118,-50,1.07198,
-116,-50,1.74073,
-114,-50,-0.811943,
-112,-50,1.45877,
-110,-50,2.40625,
-108,-50,-0.593336,
-106,-50,-4.99938,
-104,-50,-3.77529,
-102,-50,-3.66534,
-100,-50,-6.78208,
-98,-50,-3.69541,
-96,-50,1.89239,
-94,-50,4.04892,
-92,-50,3.34909,
-90,-50,-0.157821,
-88,-50,-6.73739,
-86,-50,-10.3093,
-84,-50,-5.08951,
-82,-50,-0.0945047,
-80,-50,2.70707,
-78,-50,2.70923,
-76,-50,-1.79037,
-74,-50,-11.663,
-72,-50,1.51849,
-70,-50,4.35984,
-68,-50,2.95845,
-66,-50,-2.00847,
-64,-50,-5.37898,
-62,-50,-4.97542,
-60,-50,-6.89673,
-58,-50,-11.2645,
-56,-50,-17.7237,
-54,-50,-10.0996,
-52,-50,-7.55621,
-50,-50,-5.37215,
-48,-50,-0.743644,
-46,-50,3.37487,
-44,-50,5.49419,
-42,-50,5.27585,
-40,-50,2.42003,
-38,-50,-2.76234,
-36,-50,-4.64037,
-34,-50,-7.12289,
-32,-50,-13.5781,
-30,-50,-1.72026,
-28,-50,1.94127,
-26,-50,2.23773,
-24,-50,0.59706,
-22,-50,-0.624546,
-20,-50,1.77272,
-18,-50,3.91231,
-16,-50,2.84325,
-14,-50,-5.52788,
-12,-50,-3.70092,
-10,-50,3.5389,
-8,-50,3.95495,
-6,-50,-0.659093,
-4,-50,-9.55521,
-2,-50,-2.23972,
0,-50,-0.340631,
2,-50,1.77848,
4,-50,4.20511,
6,-50,4.22776,
8,-50,1.34695,
10,-50,-0.943202,
12,-50,1.53965,
14,-50,3.10737,
16,-50,3.60212,
18,-50,3.90177,
20,-50,4.69763,
22,-50,5.69702,
24,-50,5.61849,
26,-50,3.78836,
28,-50,0.477797,
30,-50,-2.32723,
32,-50,-3.78755,
34,-50,-5.5147,
36,-50,-6.43033,
38,-50,-6.05418,
40,-50,-1.90105,
42,-50,0.273075,
44,-50,-1.78669,
46,-50,-9.83224,
48,-50,-17.2144,
50,-50,-9.35101,
52,-50,-7.50547,
54,-50,-4.82498,
56,-50,-1.66044,
58,-50,-4.74423,
60,-50,-11.0257,
62,-50,1.18959,
64,-50,3.03948,
66,-50,2.14245,
68,-50,2.40135,
70,-50,1.07426,
72,-50,-4.32004,
74,-50,-1.27319,
76,-50,1.38562,
78,-50,-0.128466,
80,-50,-3.25619,
82,-50,-1.40731,
84,-50,1.82849,
86,-50,3.36074,
88,-50,2.84785,
90,-50,-0.00781449,
92,-50,-5.50113,
94,-50,-10.503,
96,-50,-8.64399,
98,-50,-4.28306,
100,-50,-0.749245,
102,-50,0.400782,
104,-50,-1.61504,
106,-50,-7.95511,
108,-50,-3.97241,
110,-50,0.0882424,
112,-50,0.203618,
114,-50,-1.55104,
116,-50,-2.94056,
118,-50,-4.56386,
120,-50,-6.92124,
122,-50,-10.0916,
124,-50,-18.0037,
126,-50,-13.6729,
128,-50,-10.7829,
130,-50,-5.67543,
132,-50,1.05306,
134,-50,5.61344,
136,-50,7.77885,
138,-50,7.34274,
140,-50,3.73952,
142,-50,-2.34832,
144,-50,-1.90036,
146,-50,-3.69136,
148,-50,-9.17507,
150,-50,-1.53431,
152,-50,0.978322,
154,-50,0.208917,
156,-50,-0.844841,
158,-50,-1.10333,
160,-50,-0.67518,
162,-50,1.93347,
164,-50,2.34307,
166,-50,-3.00658,
168,-50,-3.05775,
170,-50,3.847,
172,-50,4.5185,
174,-50,-0.13996,
176,-50,-16.9019,
178,-50,-1.43223,
180,-50,1.02237,
-180,-48,2.07826,
-178,-48,2.30055,
-176,-48,2.5323,
-174,-48,3.26573,
-172,-48,2.64566,
-170,-48,-0.704749,
-168,-48,-10.7478,
-166,-48,-9.19796,
-164,-48,-3.38854,
-162,-48,-2.72514,
-160,-48,-0.797614,
-158,-48,2.79314,
-156,-48,4.69878,
-154,-48,4.61935,
-152,-48,3.33143,
-150,-48,2.31228,
-148,-48,1.92627,
-146,-48,1.81698,
-144,-48,2.18306,
-142,-48,3.18976,
-140,-48,4.42395,
-138,-48,4.13127,
-136,-48,0.904716,
-134,-48,-6.68839,
-132,-48,-17.7375,
-130,-48,-7.83108,
-128,-48,-4.03213,
-126,-48,-1.41295,
-124,-48,0.715549,
-122,-48,-1.29387,
-120,-48,-15.3478,
-118,-48,-1.03164,
-116,-48,1.38608,
-114,-48,-1.56011,
-112,-48,-2.21006,
-110,-48,-0.0326095,
-108,-48,-0.0787169,
-106,-48,1.29074,
-104,-48,2.66816,
-102,-48,1.50921,
-100,-48,-3.28754,
-98,-48,-8.31072,
-96,-48,-1.56065,
-94,-48,1.13746,
-92,-48,0.471132,
-90,-48,-3.55099,
-88,-48,-11.1559,
-86,-48,-12.8555,
-84,-48,-5.59741,
-82,-48,1.09683,
-80,-48,4.31515,
-78,-48,4.1776,
-76,-48,-0.686465,
-74,-48,-5.93422,
-72,-48,2.63361,
-70,-48,4.18495,
-68,-48,1.42138,
-66,-48,-2.03857,
-64,-48,0.858222,
-62,-48,2.1044,
-60,-48,1.28801,
-58,-48,-0.637993,
-56,-48,-3.22277,
-54,-48,-5.49831,
-52,-48,-7.97555,
-50,-48,-10.1804,
-48,-48,-3.14104,
-46,-48,2.5202,
-44,-48,5.2911,
-42,-48,5.6181,
-40,-48,3.40408,
-38,-48,-2.15388,
-36,-48,-10.1133,
-34,-48,-11.7362,
-32,-48,-8.53923,
-30,-48,-0.215149,
-28,-48,3.34352,
-26,-48,3.84669,
-24,-48,1.93736,
-22,-48,-0.998517,
-20,-48,0.342051,
-18,-48,2.73904,
-16,-48,2.32804,
-14,-48,-1.78221,
-12,-48,-0.9044,
-10,-48,3.77016,
-8,-48,4.43141,
-6,-48,0.807978,
-4,-48,-13.4784,
-2,-48,-2.6338,
0,-48,1.51579,
2,-48,2.111,
4,-48,1.43106,
6,-48,0.556434,
8,-48,0.238145,
10,-48,-0.162265,
12,-48,-1.52521,
14,-48,-1.38937,
16,-48,0.410391,
18,-48,0.965748,
20,-48,1.50779,
22,-48,3.09933,
24,-48,3.762,
26,-48,2.64661,
28,-48,0.812322,
30,-48,0.843965,
32,-48,1.56852,
34,-48,1.33168,
36,-48,0.420474,
38,-48,-0.792381,
40,-48,-1.35492,
42,-48,-2.29745,
44,-48,-6.47492,
46,-48,-7.12832,
48,-48,-3.86374,
50,-48,-3.45083,
52,-48,-3.12664,
54,-48,-0.922767,
56,-48,1.27637,
58,-48,-0.313241,
60,-48,-15.3105,
62,-48,-1.17267,
64,-48,2.4611,
66,-48,0.332901,
68,-48,-4.88047,
70,-48,-2.69592,
72,-48,1.63149,
74,-48,4.84878,
76,-48,5.7358,
78,-48,3.72832,
80,-48,-1.75158,
82,-48,-4.48569,
84,-48,-0.258631,
86,-48,1.71872,
88,-48,1.91315,
90,-48,0.28121,
92,-48,-3.83502,
94,-48,-8.97989,
96,-48,-4.21894,
98,-48,0.0548983,
100,-48,1.90923,
102,-48,1.30942,
104,-48,-2.3682,
106,-48,-4.54784,
108,-48,-0.751483,
110,-48,-0.452678,
112,-48,-2.91525,
114,-48,-1.11506,
116,-48,1.55295,
118,-48,2.07444,
120,-48,1.62923,
122,-48,0.691401,
124,-48,-0.946157,
126,-48,-2.90634,
128,-48,-6.39725,
130,-48,-11.0302,
132,-48,-0.953488,
134,-48,4.84645,
136,-48,7.4272,
138,-48,7.24256,
140,-48,3.76074,
142,-48,-4.79432,
144,-48,-4.89595,
146,-48,-3.8894,
148,-48,-5.28326,
150,-48,-0.249716,
152,-48,2.42941,
154,-48,2.41763,
156,-48,0.827797,
158,-48,-1.50044,
160,-48,-2.47559,
162,-48,0.314038,
164,-48,1.25909,
166,-48,-3.27224,
168,-48,-5.18117,
170,-48,3.16004,
172,-48,4.84876,
174,-48,1.87816,
176,-48,-8.40318,
178,-48,-1.49893,
180,-48,2.07826,
-180,-46,-2.68878,
-178,-46,-2.96193,
-176,-46,-3.98227,
-174,-46,-1.03212,
-172,-46,0.153412,
-170,-46,-2.21853,
-168,-46,-4.89736,
-166,-46,-0.330559,
-164,-46,1.6356,
-162,-46,-0.611873,
-160,-46,-12.5301,
-158,-46,-3.21498,
-156,-46,2.13853,
-154,-46,3.21593,
-152,-46,3.04735,
-150,-46,3.4245,
-148,-46,3.62959,
-146,-46,3.0688,
-144,-46,2.33533,
-142,-46,1.76618,
-140,-46,0.993119,
-138,-46,-1.26293,
-136,-46,-5.2085,
-134,-46,-3.88844,
-132,-46,-2.15718,
-130,-46,-2.05136,
-128,-46,-1.58395,
-126,-46,-0.133289,
-124,-46,1.55306,
-122,-46,0.481009,
-120,-46,-8.08276,
-118,-46,-5.5854,
-116,-46,-1.03623,
-114,-46,-5.54416,
-112,-46,-10.2494,
-110,-46,0.146024,
-108,-46,3.3538,
-106,-46,4.90117,
-104,-46,5.04536,
-102,-46,2.74489,
-100,-46,-3.6046,
-98,-46,-5.82194,
-96,-46,-1.75553,
-94,-46,-3.0133,
-92,-46,-11.2306,
-90,-46,-7.39491,
-88,-46,-3.19406,
-86,-46,-5.54064,
-84,-46,-5.00554,
-82,-46,2.23151,
-80,-46,4.787,
-78,-46,3.1934,
-76,-46,-5.51363,
-74,-46,-0.280264,
-72,-46,4.7633,
-70,-46,4.22979,
-68,-46,-2.45112,
-66,-46,-6.67076,
-64,-46,1.66809,
-62,-46,3.27435,
-60,-46,2.72461,
-58,-46,1.52661,
-56,-46,0.233411,
-54,-46,-1.02973,
-52,-46,-2.86606,
-50,-46,-7.8611,
-48,-46,-13.07,
-46,-46,-1.12738,
-44,-46,3.26831,
-42,-46,4.45463,
-40,-46,2.94885,
-38,-46,-1.94459,
-36,-46,-11.5492,
-34,-46,-13.8021,
-32,-46,-6.7303,
-30,-46,1.18318,
-28,-46,4.83382,
-26,-46,5.44984,
-24,-46,3.09653,
-22,-46,-4.2663,
-20,-46,-4.75872,
-18,-46,2.05631,
-16,-46,3.69948,
-14,-46,2.45648,
-12,-46,0.722914,
-10,-46,2.27299,
-8,-46,3.35914,
-6,-46,1.4192,
-4,-46,-6.16513,
-2,-46,-10.6656,
0,-46,-2.79722,
2,-46,-3.11788,
4,-46,-8.42976,
6,-46,-4.8733,
8,-46,-1.02442,
10,-46,-1.89381,
12,-46,-6.3058,
14,-46,-2.765,
16,-46,0.142412,
18,-46,-1.40526,
20,-46,-6.69155,
22,-46,-2.82406,
24,-46,0.441706,
26,-46,0.445926,
28,-46,0.0410618,
30,-46,1.66388,
32,-46,2.80615,
34,-46,2.38279,
36,-46,0.848277,
38,-46,-1.53437,
40,-46,-4.30121,
42,-46,-3.83598,
44,-46,0.315404,
46,-46,3.36055,
48,-46,4.16123,
50,-46,3.21108,
52,-46,1.98012,
54,-46,2.20582,
56,-46,3.21742,
58,-46,2.12196,
60,-46,-5.59421,
62,-46,-6.16193,
64,-46,0.67487,
66,-46,-0.974608,
68,-46,-6.03847,
70,-46,1.71611,
72,-46,5.67494,
74,-46,7.10926,
76,-46,6.61818,
78,-46,3.5776,
80,-46,-3.54291,
82,-46,-4.8918,
84,-46,-2.37159,
86,-46,-5.44373,
88,-46,-5.30278,
90,-46,-0.721805,
92,-46,-0.504529,
94,-46,-5.65283,
96,-46,-5.08444,
98,-46,1.62803,
100,-46,3.21042,
102,-46,0.387707,
104,-46,-11.8103,
106,-46,-1.306,
108,-46,2.23253,
110,-46,-0.0665775,
112,-46,-13.314,
114,-46,-2.33785,
116,-46,2.03039,
118,-46,2.97394,
120,-46,3.27173,
122,-46,3.35109,
124,-46,2.78762,
126,-46,1.51382,
128,-46,-1.07672,
130,-46,-7.96158,
132,-46,-7.79359,
134,-46,1.67336,
136,-46,5.2191,
138,-46,5.41661,
140,-46,1.97317,
142,-46,-8.00492,
144,-46,-5.25048,
146,-46,-2.85544,
148,-46,-1.70952,
150,-46,2.61898,
152,-46,5.11714,
154,-46,5.22789,
156,-46,3.02915,
158,-46,-2.81139,
160,-46,-13.74,
162,-46,-0.948733,
164,-46,2.19154,
166,-46,1.27031,
168,-46,-0.860497,
170,-46,2.47151,
172,-46,4.80413,
174,-46,3.867,
176,-46,-0.854314,
178,-46,-6.00968,
180,-46,-2.68878,
-180,-44,-9.17043,
-178,-44,-13.272,
-176,-44,-7.46821,
-174,-44,-4.07286,
-172,-44,-5.05182,
-170,-44,-12.8149,
-168,-44,-2.50544,
-166,-44,3.06832,
-164,-44,4.65186,
-162,-44,3.20068,
-160,-44,-1.16972,
-158,-44,-1.98124,
-156,-44,0.808614,
-154,-44,1.2364,
-152,-44,1.86417,
-150,-44,3.45401,
-148,-44,3.45697,
-146,-44,0.803679,
-144,-44,-5.31677,
-142,-44,-10.2713,
-140,-44,-3.59554,
-138,-44,1.1549,
-136,-44,4.33767,
-134,-44,5.85405,
-132,-44,5.60524,
-130,-44,4.0033,
-128,-44,2.20483,
-126,-44,1.62546,
-124,-44,2.23485,
-122,-44,1.59132,
-120,-44,-2.75477,
-118,-44,-6.2699,
-116,-44,-2.19459,
-114,-44,-2.57639,
-112,-44,-1.0783,
-110,-44,2.94149,
-108,-44,4.73583,
-106,-44,4.7766,
-104,-44,3.4025,
-102,-44,-0.703698,
-100,-44,-16.5552,
-98,-44,-3.30428,
-96,-44,1.02296,
-94,-44,1.94123,
-92,-44,3.21936,
-90,-44,4.90207,
-88,-44,4.75465,
-86,-44,1.26554,
-84,-44,-3.76029,
-82,-44,1.74887,
-80,-44,3.32722,
-78,-44,-1.30652,
-76,-44,-8.10759,
-74,-44,4.17112,
-72,-44,6.77076,
-70,-44,5.23679,
-68,-44,-0.432487,
-66,-44,-1.58998,
-64,-44,2.00065,
-62,-44,1.88951,
-60,-44,-0.693541,
-58,-44,-3.76928,
-56,-44,-4.25797,
-54,-44,-2.99954,
-52,-44,-2.47948,
-50,-44,-4.31488,
-48,-44,-9.56871,
-46,-44,-4.20813,
-44,-44,1.15875,
-42,-44,3.06922,
-40,-44,2.12301,
-38,-44,-2.36154,
-36,-44,-12.1406,
-34,-44,-15.026,
-32,-44,-7.79637,
-30,-44,1.35912,
-28,-44,5.50818,
-26,-44,6.4755,
-24,-44,4.49122,
-22,-44,-2.2064,
-20,-44,-5.6299,
-18,-44,2.37032,
-16,-44,4.4783,
-14,-44,3.47823,
-12,-44,0.0303691,
-10,-44,-1.51048,
-8,-44,0.891697,
-6,-44,1.30392,
-4,-44,-1.18254,
-2,-44,-7.07982,
0,-44,-15.7949,
2,-44,-10.7046,
4,-44,-3.61044,
6,-44,0.144988,
8,-44,0.73255,
10,-44,-1.88861,
12,-44,-3.36699,
14,-44,0.815346,
16,-44,2.37095,
18,-44,0.332681,
20,-44,-6.29983,
22,-44,-5.11895,
24,-44,-1.17858,
26,-44,-0.923472,
28,-44,-0.274891,
30,-44,1.69766,
32,-44,1.78788,
34,-44,-1.33257,
36,-44,-6.2829,
38,-44,-1.34928,
40,-44,3.10825,
42,-44,5.95036,
44,-44,7.9166,
46,-44,8.88423,
48,-44,8.53916,
50,-44,6.90676,
52,-44,4.70111,
54,-44,3.34897,
56,-44,3.29115,
58,-44,2.37366,
60,-44,-2.17012,
62,-44,-3.68838,
64,-44,1.88078,
66,-44,3.15185,
68,-44,3.27229,
70,-44,5.06836,
72,-44,6.43559,
74,-44,5.96064,
76,-44,3.24037,
78,-44,-3.55448,
80,-44,-12.157,
82,-44,-2.69146,
84,-44,-2.6151,
86,-44,-5.2072,
88,-44,1.27724,
90,-44,5.0488,
92,-44,5.27573,
94,-44,1.88555,
96,-44,-4.07123,
98,-44,0.110848,
100,-44,1.22215,
102,-44,-4.42222,
104,-44,-4.33149,
106,-44,3.16061,
108,-44,4.32449,
110,-44,0.892013,
112,-44,-6.33023,
114,-44,-0.492051,
116,-44,1.63616,
118,-44,0.813957,
120,-44,0.232445,
122,-44,0.889745,
124,-44,1.09975,
126,-44,0.368584,
128,-44,-1.59536,
130,-44,-6.48319,
132,-44,-17.4175,
134,-44,-2.30947,
136,-44,2.34197,
138,-44,3.06227,
140,-44,0.0333228,
142,-44,-7.6809,
144,-44,-4.45326,
146,-44,-1.87332,
148,-44,0.539308,
150,-44,4.61517,
152,-44,7.01423,
154,-44,7.26057,
156,-44,5.36088,
158,-44,0.797096,
160,-44,-4.01173,
162,-44,0.583897,
164,-44,3.10404,
166,-44,2.66796,
168,-44,0.652918,
170,-44,1.90086,
172,-44,4.52438,
174,-44,5.02896,
176,-44,3.07654,
178,-44,-1.56421,
180,-44,-9.17043,
-180,-42,-1.98518,
-178,-42,-2.01684,
-176,-42,-0.371141,
-174,-42,0.154925,
-172,-42,-1.57144,
-170,-42,-4.84886,
-168,-42,-0.786987,
-166,-42,3.40053,
-164,-42,4.86079,
-162,-42,4.39862,
-160,-42,3.51103,
-158,-42,3.35471,
-156,-42,2.11956,
-154,-42,-1.66959,
-152,-42,-0.173095,
-150,-42,3.61513,
-148,-42,3.85652,
-146,-42,0.398198,
-144,-42,-2.7986,
-142,-42,2.93242,
-140,-42,6.76724,
-138,-42,8.96147,
-136,-42,10.1335,
-134,-42,10.2626,
-132,-42,9.16298,
-130,-42,6.84092,
-128,-42,3.82402,
-126,-42,1.46093,
-124,-42,0.860183,
-122,-42,0.327498,
-120,-42,-1.67333,
-118,-42,-1.3047,
-116,-42,1.32962,
-114,-42,2.19347,
-112,-42,2.42214,
-110,-42,3.08883,
-108,-42,2.5486,
-106,-42,-0.536466,
-104,-42,-4.0806,
-102,-42,-2.00379,
-100,-42,-0.53482,
-98,-42,-0.163579,
-96,-42,1.66517,
-94,-42,4.78502,
-92,-42,7.24427,
-90,-42,8.1724,
-88,-42,7.09878,
-86,-42,3.35787,
-84,-42,-1.94405,
-82,-42,-0.368838,
-80,-42,-1.26517,
-78,-42,-8.75836,
-76,-42,2.24795,
-74,-42,6.89728,
-72,-42,7.62526,
-70,-42,5.49755,
-68,-42,2.5875,
-66,-42,3.77979,
-64,-42,5.02014,
-62,-42,4.08251,
-60,-42,1.14176,
-58,-42,-3.191,
-56,-42,-5.96468,
-54,-42,-4.71001,
-52,-42,-3.55042,
-50,-42,-4.17856,
-48,-42,-5.19194,
-46,-42,-2.40973,
-44,-42,1.05862,
-42,-42,2.63052,
-40,-42,1.67308,
-38,-42,-3.03783,
-36,-42,-12.4939,
-34,-42,-10.0744,
-32,-42,-17.3925,
-30,-42,-1.09933,
-28,-42,4.73161,
-26,-42,6.58389,
-24,-42,5.60475,
-22,-42,1.75511,
-20,-42,-2.27912,
-18,-42,0.998944,
-16,-42,2.77303,
-14,-42,1.48154,
-12,-42,-3.86334,
-10,-42,-12.411,
-8,-42,-3.06621,
-6,-42,-0.219887,
-4,-42,-0.357155,
-2,-42,-2.00907,
0,-42,-2.5098,
2,-42,0.171647,
4,-42,3.00157,
6,-42,4.36215,
8,-42,3.9089,
10,-42,1.72286,
12,-42,0.134767,
14,-42,1.70976,
16,-42,2.75115,
18,-42,2.05046,
20,-42,0.803738,
22,-42,0.381677,
24,-42,-0.824887,
26,-42,-2.66223,
28,-42,0.596026,
30,-42,3.36569,
32,-42,2.79518,
34,-42,-2.47473,
36,-42,-2.83774,
38,-42,4.75738,
40,-42,8.39416,
42,-42,10.288,
44,-42,11.2032,
46,-42,11.2193,
48,-42,10.1226,
50,-42,7.77478,
52,-42,4.46749,
54,-42,1.34662,
56,-42,0.0775226,
58,-42,-0.406573,
60,-42,-1.84623,
62,-42,0.339117,
64,-42,4.0212,
66,-42,5.40611,
68,-42,5.13069,
70,-42,4.5853,
72,-42,3.69668,
74,-42,0.521193,
76,-42,-7.58999,
78,-42,-3.31298,
80,-42,0.644753,
82,-42,0.138585,
84,-42,-2.08386,
86,-42,2.2576,
88,-42,6.54338,
90,-42,8.24651,
92,-42,7.64237,
94,-42,4.73482,
96,-42,0.30937,
98,-42,-2.05633,
100,-42,-6.89398,
102,-42,-6.27482,
104,-42,3.14203,
106,-42,6.04933,
108,-42,5.26393,
110,-42,0.714592,
112,-42,-1.80964,
114,-42,2.34514,
116,-42,3.06289,
118,-42,0.768036,
120,-42,-3.71201,
122,-42,-7.55169,
124,-42,-8.59244,
126,-42,-9.95614,
128,-42,-12.6911,
130,-42,-16.5822,
132,-42,-9.61104,
134,-42,-2.28998,
136,-42,1.53574,
138,-42,2.52945,
140,-42,0.61333,
142,-42,-4.16526,
144,-42,-4.62047,
146,-42,-2.30813,
148,-42,0.387088,
150,-42,4.53268,
152,-42,7.23598,
154,-42,7.95547,
156,-42,6.88895,
158,-42,4.37461,
160,-42,1.78497,
162,-42,1.36676,
164,-42,1.41637,
166,-42,-0.230161,
168,-42,-2.54026,
170,-42,0.17137,
172,-42,3.38862,
174,-42,4.46167,
176,-42,3.54956,
178,-42,0.959869,
180,-42,-1.98518,
-180,-40,-7.78391,
-178,-40,-4.34037,
-176,-40,-0.257982,
-174,-40,2.16151,
-172,-40,3.02745,
-170,-40,2.80997,
-168,-40,2.31057,
-166,-40,1.97228,
-164,-40,1.81359,
-162,-40,3.01087,
-160,-40,5.12669,
-158,-40,5.84918,
-156,-40,3.60334,
-154,-40,-6.28179,
-152,-40,-2.39403,
-150,-40,4.20593,
-148,-40,5.10104,
-146,-40,3.31119,
-144,-40,3.44551,
-142,-40,6.90672,
-140,-40,9.4959,
-138,-40,10.8689,
-136,-40,11.2714,
-134,-40,10.6576,
-132,-40,8.76775,
-130,-40,5.26709,
-128,-40,-0.127033,
-126,-40,-6.75828,
-124,-40,-9.92752,
-122,-40,-10.2565,
-120,-40,-5.96007,
-118,-40,-0.130059,
-116,-40,2.87535,
-114,-40,3.338,
-112,-40,1.93755,
-110,-40,-0.363728,
-108,-40,-4.32652,
-106,-40,-12.1403,
-104,-40,-1.12849,
-102,-40,3.36673,
-100,-40,4.03486,
-98,-40,1.60029,
-96,-40,-0.684126,
-94,-40,3.57882,
-92,-40,6.46704,
-90,-40,6.79025,
-88,-40,4.63737,
-86,-40,0.0842475,
-84,-40,-2.09252,
-82,-40,-2.0453,
-80,-40,-11.0704,
-78,-40,-2.61657,
-76,-40,5.03559,
-74,-40,7.43009,
-72,-40,6.75855,
-70,-40,3.41599,
-68,-40,1.18968,
-66,-40,4.05568,
-64,-40,5.66228,
-62,-40,5.47989,
-60,-40,4.37375,
-58,-40,3.29135,
-56,-40,2.65153,
-54,-40,2.02908,
-52,-40,0.816411,
-50,-40,-1.01945,
-48,-40,-1.84688,
-46,-40,-0.465076,
-44,-40,1.26797,
-42,-40,1.98442,
-40,-40,0.591745,
-38,-40,-4.27272,
-36,-40,-5.0346,
-34,-40,-1.52049,
-32,-40,-4.40406,
-30,-40,-11.1097,
-28,-40,1.87967,
-26,-40,5.76998,
-24,-40,6.33371,
-22,-40,4.57477,
-20,-40,0.969597,
-18,-40,-2.97642,
-16,-40,-4.56277,
-14,-40,-4.66966,
-12,-40,-4.06238,
-10,-40,-3.21576,
-8,-40,-3.12871,
-6,-40,-4.09346,
-4,-40,-5.89889,
-2,-40,-7.88979,
0,-40,-5.65954,
2,-40,-0.356333,
4,-40,3.42552,
6,-40,5.37975,
8,-40,5.68451,
10,-40,4.42535,
12,-40,1.71845,
14,-40,-1.33641,
16,-40,-1.01769,
18,-40,1.7658,
20,-40,3.64682,
22,-40,3.43742,
24,-40,-0.500525,
26,-40,-13.7593,
28,-40,1.20944,
30,-40,5.27011,
32,-40,5.39395,
34,-40,2.98055,
36,-40,3.16796,
38,-40,7.12831,
40,-40,9.76868,
42,-40,10.9952,
44,-40,11.2054,
46,-40,10.4463,
48,-40,8.43721,
50,-40,4.72361,
52,-40,-1.1253,
54,-40,-9.04679,
56,-40,-19.0206,
58,-40,-15.5673,
60,-40,-7.77974,
62,-40,-0.940259,
64,-40,3.02912,
66,-40,4.2261,
68,-40,2.97471,
70,-40,0.112175,
72,-40,-1.05286,
74,-40,0.725816,
76,-40,3.12045,
78,-40,4.75109,
80,-40,4.48455,
82,-40,1.16027,
84,-40,-3.31162,
86,-40,3.07604,
88,-40,6.70154,
90,-40,7.40739,
92,-40,5.89639,
94,-40,2.9411,
96,-40,0.760014,
98,-40,-1.34214,
100,-40,-6.84802,
102,-40,0.113129,
104,-40,5.20043,
106,-40,6.41591,
108,-40,4.37839,
110,-40,-1.69684,
112,-40,-2.36756,
114,-40,2.03805,
116,-40,2.66365,
118,-40,0.792211,
120,-40,-2.70543,
122,-40,-6.71375,
124,-40,-9.55541,
126,-40,-9.82332,
128,-40,-8.56604,
130,-40,-6.77767,
132,-40,-3.91254,
134,-40,-0.481291,
136,-40,2.11949,
138,-40,3.03603,
140,-40,1.65082,
142,-40,-2.98813,
144,-40,-8.98751,
146,-40,-6.81532,
148,-40,-5.14342,
150,-40,0.608035,
152,-40,5.0643,
154,-40,7.12636,
156,-40,7.42424,
158,-40,6.48672,
160,-40,4.69997,
162,-40,2.13249,
164,-40,-1.59918,
166,-40,-5.69536,
168,-40,-3.82325,
170,-40,-0.578262,
172,-40,0.765557,
174,-40,0.351595,
176,-40,-1.68318,
178,-40,-5.18551,
180,-40,-7.78391,
-180,-38,-3.10024,
-178,-38,-9.87154,
-176,-38,-8.49416,
-174,-38,0.827784,
-172,-38,4.62208,
-170,-38,6.06448,
-168,-38,5.59359,
-166,-38,2.45139,
-164,-38,-8.30422,
-162,-38,-0.565764,
-160,-38,5.58287,
-158,-38,7.10627,
-156,-38,5.40072,
-154,-38,0.401573,
-152,-38,1.30984,
-150,-38,5.25501,
-148,-38,5.92449,
-146,-38,4.38747,
-144,-38,3.59623,
-142,-38,5.58642,
-140,-38,7.36579,
-138,-38,7.98047,
-136,-38,7.47211,
-134,-38,5.58386,
-132,-38,1.29081,
-130,-38,-9.21936,
-128,-38,-4.69302,
-126,-38,0.105218,
-124,-38,0.603608,
-122,-38,-1.38364,
-120,-38,-2.86641,
-118,-38,0.328257,
-116,-38,2.79809,
-114,-38,2.69811,
-112,-38,-0.445418,
-110,-38,-6.72676,
-108,-38,-4.04087,
-106,-38,0.161668,
-104,-38,2.67325,
-102,-38,4.11243,
-100,-38,3.89865,
-98,-38,1.13625,
-96,-38,-4.82976,
-94,-38,-2.84879,
-92,-38,0.277077,
-90,-38,-1.12105,
-88,-38,-10.8672,
-86,-38,-6.73078,
-84,-38,-0.497296,
-82,-38,-0.86903,
-80,-38,-6.84758,
-78,-38,-1.47114,
-76,-38,3.88838,
-74,-38,5.20889,
-72,-38,3.37607,
-70,-38,-2.52903,
-68,-38,-5.32632,
-66,-38,0.575566,
-64,-38,2.4411,
-62,-38,2.07073,
-60,-38,0.797299,
-58,-38,0.219415,
-56,-38,0.631259,
-54,-38,0.62924,
-52,-38,-0.554947,
-50,-38,-1.79191,
-48,-38,-0.663156,
-46,-38,0.961788,
-44,-38,1.57243,
-42,-38,1.296,
-40,-38,-0.110843,
-38,-38,-1.51413,
-36,-38,1.32207,
-34,-38,3.75236,
-32,-38,2.85106,
-30,-38,-4.49212,
-28,-38,-3.72859,
-26,-38,4.68893,
-24,-38,7.32524,
-22,-38,7.47633,
-20,-38,5.856,
-18,-38,2.27124,
-16,-38,-5.04547,
-14,-38,-5.40272,
-12,-38,0.794076,
-10,-38,2.69172,
-8,-38,1.84701,
-6,-38,-1.38842,
-4,-38,-4.72108,
-2,-38,-3.77622,
0,-38,-3.85815,
2,-38,-5.48484,
4,-38,-1.31368,
6,-38,3.29023,
8,-38,5.65528,
10,-38,6.10717,
12,-38,4.56203,
14,-38,-0.254113,
16,-38,-12.8092,
18,-38,0.550182,
20,-38,4.84853,
22,-38,5.39158,
24,-38,2.6455,
26,-38,-1.67714,
28,-38,3.13268,
30,-38,6.3364,
32,-38,6.46896,
34,-38,4.30316,
36,-38,2.78326,
38,-38,5.08876,
40,-38,7.07429,
42,-38,7.55933,
44,-38,6.72201,
46,-38,4.36647,
48,-38,-0.941552,
50,-38,-15.267,
52,-38,-2.26139,
54,-38,1.35827,
56,-38,1.42025,
58,-38,-0.806479,
60,-38,-5.54896,
62,-38,-7.26512,
64,-38,-1.82165,
66,-38,-0.0351834,
68,-38,-2.34215,
70,-38,-7.22252,
72,-38,-0.426246,
74,-38,3.88463,
76,-38,5.58093,
78,-38,5.62164,
80,-38,4.0133,
82,-38,-0.207166,
84,-38,-6.85243,
86,-38,-1.24019,
88,-38,1.65098,
90,-38,0.581431,
92,-38,-5.16279,
94,-38,-7.65287,
96,-38,-2.30714,
98,-38,-2.69302,
100,-38,-5.87768,
102,-38,-0.716532,
104,-38,2.95174,
106,-38,3.21193,
108,-38,0.0828847,
110,-38,-7.54525,
112,-38,-5.20746,
114,-38,-1.65091,
116,-38,-1.67904,
118,-38,-3.43976,
120,-38,-5.62143,
122,-38,-8.58366,
124,-38,-14.0182,
126,-38,-14.8854,
128,-38,-10.2272,
130,-38,-6.8427,
132,-38,-3.46096,
134,-38,-0.416503,
136,-38,1.80358,
138,-38,2.70117,
140,-38,1.50455,
142,-38,-3.31527,
144,-38,-10.2963,
146,-38,-4.12029,
148,-38,-4.85851,
150,-38,-18.521,
152,-38,-0.504909,
154,-38,5.15885,
156,-38,7.53094,
158,-38,8.1362,
160,-38,7.46059,
162,-38,5.63835,
164,-38,2.97759,
166,-38,1.21487,
168,-38,1.51648,
170,-38,1.38033,
172,-38,-0.959901,
174,-38,-6.54328,
176,-38,-6.87,
178,-38,-2.8772,
180,-38,-3.10024,
-180,-36,3.84102,
-178,-36,1.08976,
-176,-36,-7.68808,
-174,-36,-4.13117,
-172,-36,3.58377,
-170,-36,6.49796,
-168,-36,6.82207,
-166,-36,4.52167,
-164,-36,-0.766199,
-162,-36,2.01431,
-160,-36,6.60976,
-158,-36,7.97352,
-156,-36,6.80326,
-154,-36,3.77872,
-152,-36,2.66657,
-150,-36,4.29885,
-148,-36,4.53742,
-146,-36,3.10293,
-144,-36,1.55861,
-142,-36,1.00881,
-140,-36,-0.354735,
-138,-36,-4.67941,
-136,-36,-11.5166,
-134,-36,-3.04596,
-132,-36,2.1725,
-130,-36,5.19418,
-128,-36,6.81632,
-126,-36,7.20196,
-124,-36,6.37288,
-122,-36,4.35236,
-120,-36,1.85119,
-118,-36,1.54326,
-116,-36,2.78953,
-114,-36,2.45553,
-112,-36,-1.11501,
-110,-36,-9.49937,
-108,-36,-2.33216,
-106,-36,1.67597,
-104,-36,2.44063,
-102,-36,1.53759,
-100,-36,-0.0852546,
-98,-36,-2.25673,
-96,-36,-5.39209,
-94,-36,-6.30095,
-92,-36,-2.58078,
-90,-36,0.828779,
-88,-36,3.22174,
-86,-36,4.53216,
-84,-36,4.4746,
-82,-36,2.77541,
-80,-36,0.00877293,
-78,-36,-0.115416,
-76,-36,1.59243,
-74,-36,1.43057,
-72,-36,-1.8445,
-70,-36,-10.6983,
-68,-36,-5.40061,
-66,-36,-0.415245,
-64,-36,0.874867,
-62,-36,-0.144422,
-60,-36,-3.35239,
-58,-36,-8.21024,
-56,-36,-9.23114,
-54,-36,-10.1267,
-52,-36,-19.5952,
-50,-36,-5.73291,
-48,-36,0.181208,
-46,-36,2.41795,
-44,-36,2.70751,
-42,-36,2.17366,
-40,-36,1.57522,
-38,-36,1.86588,
-36,-36,4.03014,
-34,-36,5.91647,
-32,-36,5.59294,
-30,-36,1.32176,
-28,-36,-7.09502,
-26,-36,4.27033,
-24,-36,8.46116,
-22,-36,9.72845,
-20,-36,9.11571,
-18,-36,6.67901,
-16,-36,1.5048,
-14,-36,-4.59334,
-12,-36,1.92431,
-10,-36,5.22164,
-8,-36,5.87003,
-6,-36,4.93965,
-4,-36,3.79113,
-2,-36,3.71114,
0,-36,3.52068,
2,-36,1.26576,
4,-36,-5.91708,
6,-36,-3.49952,
8,-36,3.61438,
10,-36,6.3842,
12,-36,6.69496,
14,-36,4.86456,
16,-36,1.78435,
18,-36,2.83867,
20,-36,5.64648,
22,-36,6.34375,
24,-36,4.84654,
26,-36,2.84336,
28,-36,4.14319,
30,-36,5.80988,
32,-36,5.429,
34,-36,2.6904,
36,-36,-1.80746,
38,-36,-3.28708,
40,-36,-3.20401,
42,-36,-6.53635,
44,-36,-10.4187,
46,-36,-3.11914,
48,-36,1.67197,
50,-36,4.63841,
52,-36,6.31133,
54,-36,6.73739,
56,-36,5.96625,
58,-36,4.08095,
60,-36,0.953345,
62,-36,-3.5069,
64,-36,-4.56527,
66,-36,-2.54143,
68,-36,-4.0002,
70,-36,-11.9393,
72,-36,-3.5943,
74,-36,1.91268,
76,-36,3.7109,
78,-36,3.23823,
80,-36,0.863474,
82,-36,-3.3977,
84,-36,-8.65025,
86,-36,-9.96225,
88,-36,-7.83251,
90,-36,-3.66205,
92,-36,0.346967,
94,-36,2.67691,
96,-36,3.09852,
98,-36,1.41613,
100,-36,-3.01935,
102,-36,-10.6141,
104,-36,-9.03915,
106,-36,-6.85284,
108,-36,-6.56362,
110,-36,-6.17173,
112,-36,-6.57582,
114,-36,-6.88144,
116,-36,-3.43974,
118,-36,-0.0767145,
120,-36,1.38026,
122,-36,1.06367,
124,-36,-0.765511,
126,-36,-3.76191,
128,-36,-6.91032,
130,-36,-6.27082,
132,-36,-2.72926,
134,-36,0.0522152,
136,-36,1.9545,
138,-36,2.98817,
140,-36,2.59666,
142,-36,0.505367,
144,-36,-0.149358,
146,-36,2.44394,
148,-36,3.29454,
150,-36,0.845259,
152,-36,-2.3411,
154,-36,3.55808,
156,-36,7.61369,
158,-36,9.30642,
160,-36,9.33326,
162,-36,7.89836,
164,-36,5.02661,
166,-36,1.84255,
168,-36,2.09032,
170,-36,3.76457,
172,-36,4.31739,
174,-36,4.10475,
176,-36,4.12368,
178,-36,4.40379,
180,-36,3.84102,
-180,-34,1.61681,
-178,-34,0.847387,
-176,-34,-1.93939,
-174,-34,-6.29263,
-172,-34,-0.611744,
-170,-34,3.38659,
-168,-34,4.29119,
-166,-34,2.70843,
-164,-34,1.30227,
-162,-34,4.68465,
-160,-34,7.67319,
-158,-34,8.63961,
-156,-34,7.76231,
-154,-34,5.18804,
-152,-34,1.09679,
-150,-34,-4.33377,
-148,-34,-10.4239,
-146,-34,-6.27025,
-144,-34,-2.72869,
-142,-34,-3.31991,
-140,-34,-9.295,
-138,-34,-4.03796,
-136,-34,2.75014,
-134,-34,6.08876,
-132,-34,7.6982,
-130,-34,8.23598,
-128,-34,7.96252,
-126,-34,6.91412,
-124,-34,4.98373,
-122,-34,2.05851,
-120,-34,-0.656948,
-118,-34,0.536601,
-116,-34,2.75327,
-114,-34,3.07915,
-112,-34,0.596613,
-110,-34,-7.29521,
-108,-34,-5.46676,
-106,-34,0.731983,
-104,-34,2.22492,
-102,-34,0.946235,
-100,-34,-2.83843,
-98,-34,-8.97292,
-96,-34,-12.2679,
-94,-34,-6.85052,
-92,-34,-0.798414,
-90,-34,3.36144,
-88,-34,5.78822,
-86,-34,6.79383,
-84,-34,6.62446,
-82,-34,5.6543,
-80,-34,4.7021,
-78,-34,4.53604,
-76,-34,4.5949,
-74,-34,3.81576,
-72,-34,1.43781,
-70,-34,-3.46632,
-68,-34,-7.87247,
-66,-34,-2.56377,
-64,-34,0.740602,
-62,-34,2.14644,
-60,-34,2.63437,
-58,-34,2.80226,
-56,-34,2.63659,
-54,-34,1.50837,
-52,-34,-1.11213,
-50,-34,-2.85019,
-48,-34,-0.42303,
-46,-34,1.46403,
-44,-34,2.05007,
-42,-34,2.55484,
-40,-34,3.25515,
-38,-34,3.82143,
-36,-34,4.97116,
-34,-34,6.51175,
-32,-34,6.95832,
-30,-34,5.42766,
-28,-34,3.06885,
-26,-34,5.509,
-24,-34,8.80761,
-22,-34,10.1362,
-20,-34,9.53727,
-18,-34,6.7345,
-16,-34,-0.488321,
-14,-34,-7.32574,
-12,-34,4.28945,
-10,-34,7.83823,
-8,-34,8.80228,
-6,-34,8.02166,
-4,-34,5.86985,
-2,-34,3.35885,
0,-34,2.19701,
2,-34,1.14586,
4,-34,-3.04932,
6,-34,-15.2511,
8,-34,-0.505558,
10,-34,4.17049,
12,-34,5.54069,
14,-34,4.8844,
16,-34,3.64041,
18,-34,4.43078,
20,-34,6.11035,
22,-34,6.52061,
24,-34,5.26415,
26,-34,2.86135,
28,-34,1.19681,
30,-34,0.605927,
32,-34,-1.39664,
34,-34,-6.54188,
36,-34,-11.9316,
38,-34,-9.5405,
40,-34,-6.57113,
42,-34,-0.947701,
44,-34,3.3156,
46,-34,5.71565,
48,-34,6.79212,
50,-34,7.01397,
52,-34,6.63544,
54,-34,5.64385,
56,-34,3.93101,
58,-34,1.5058,
60,-34,-1.48119,
62,-34,-3.50284,
64,-34,-1.43946,
66,-34,0.951261,
68,-34,1.12996,
70,-34,-1.75208,
72,-34,-7.08967,
74,-34,-1.89257,
76,-34,2.02702,
78,-34,3.06466,
80,-34,2.1,
82,-34,-0.514572,
84,-34,-4.70309,
86,-34,-8.71942,
88,-34,-4.06904,
90,-34,1.19345,
92,-34,4.53009,
94,-34,6.39453,
96,-34,7.09192,
98,-34,6.82554,
100,-34,5.79131,
102,-34,4.28819,
104,-34,2.83229,
106,-34,1.88121,
108,-34,1.05447,
110,-34,-0.841082,
112,-34,-6.01446,
114,-34,-20.3211,
116,-34,-3.34767,
118,-34,1.35759,
120,-34,3.0875,
122,-34,3.10717,
124,-34,1.93356,
126,-34,-0.215179,
128,-34,-3.51304,
130,-34,-6.38935,
132,-34,-3.53027,
134,-34,0.165525,
136,-34,2.87107,
138,-34,4.6833,
140,-34,5.27976,
142,-34,4.51527,
144,-34,3.56879,
146,-34,4.56976,
148,-34,5.80142,
150,-34,5.33416,
152,-34,3.37431,
154,-34,3.90426,
156,-34,7.03052,
158,-34,8.86842,
160,-34,8.86796,
162,-34,6.81597,
164,-34,1.51596,
166,-34,-4.9017,
168,-34,3.49784,
170,-34,7.24889,
172,-34,8.38632,
174,-34,7.758,
176,-34,5.71154,
178,-34,3.05782,
180,-34,1.61681,
-180,-32,-6.59486,
-178,-32,-0.881213,
-176,-32,-0.516705,
-174,-32,-4.18792,
-172,-32,-8.7669,
-170,-32,-4.27119,
-168,-32,-3.46047,
-166,-32,-10.0936,
-164,-32,-7.24397,
-162,-32,2.08553,
-160,-32,5.87611,
-158,-32,7.34622,
-156,-32,7.34141,
-154,-32,6.34435,
-152,-32,4.93699,
-150,-32,4.16583,
-148,-32,4.75591,
-146,-32,5.65985,
-144,-32,5.53217,
-142,-32,3.40339,
-140,-32,-2.81375,
-138,-32,-10.1811,
-136,-32,0.799474,
-134,-32,4.22992,
-132,-32,4.99396,
-130,-32,4.01913,
-128,-32,1.48046,
-126,-32,-2.95449,
-124,-32,-11.0179,
-122,-32,-15.8817,
-120,-32,-5.73569,
-118,-32,-0.540278,
-116,-32,2.38371,
-114,-32,3.32945,
-112,-32,2.02096,
-110,-32,-2.87281,
-108,-32,-9.9958,
-106,-32,-0.765313,
-104,-32,2.92244,
-102,-32,3.88309,
-100,-32,3.30422,
-98,-32,1.96428,
-96,-32,0.390369,
-94,-32,-1.69792,
-92,-32,-4.371,
-90,-32,-3.23301,
-88,-32,0.796059,
-86,-32,3.60918,
-84,-32,5.15931,
-82,-32,5.89163,
-80,-32,6.16404,
-78,-32,6.13728,
-76,-32,5.73495,
-74,-32,4.74061,
-72,-32,2.893,
-70,-32,-0.160085,
-68,-32,-5.10427,
-66,-32,-11.7026,
-64,-32,-8.05982,
-62,-32,-3.41794,
-60,-32,-0.386925,
-58,-32,1.66541,
-56,-32,2.57835,
-54,-32,1.87529,
-52,-32,-1.33305,
-50,-32,-10.1627,
-48,-32,-7.967,
-46,-32,-0.719745,
-44,-32,3.11862,
-42,-32,5.78698,
-40,-32,7.36344,
-38,-32,7.86978,
-36,-32,7.89842,
-34,-32,8.31372,
-32,-32,8.89002,
-30,-32,8.70657,
-28,-32,7.53503,
-26,-32,6.50119,
-24,-32,6.90314,
-22,-32,7.27061,
-20,-32,5.84593,
-18,-32,0.689313,
-16,-32,-10.486,
-14,-32,3.57181,
-12,-32,8.16761,
-10,-32,9.98024,
-8,-32,10.0588,
-6,-32,8.54588,
-4,-32,5.03442,
-2,-32,-2.28442,
0,-32,-15.6884,
2,-32,-3.82544,
4,-32,-2.7473,
6,-32,-5.36371,
8,-32,-5.05979,
10,-32,-1.59988,
12,-32,-0.750963,
14,-32,-2.69441,
16,-32,-3.30607,
18,-32,1.07781,
20,-32,4.0552,
22,-32,5.0306,
24,-32,4.47822,
26,-32,2.92529,
28,-32,1.23978,
30,-32,0.720586,
32,-32,1.86907,
34,-32,3.35878,
36,-32,3.86359,
38,-32,2.7722,
40,-32,0.20524,
42,-32,-0.549198,
44,-32,1.90289,
46,-32,3.36972,
48,-32,3.05662,
50,-32,1.26581,
52,-32,-1.12625,
54,-32,-2.61457,
56,-32,-3.08309,
58,-32,-3.32706,
60,-32,-2.81715,
62,-32,-0.606995,
64,-32,2.20628,
66,-32,4.09629,
68,-32,4.36795,
70,-32,2.40338,
72,-32,-3.33123,
74,-32,-4.41614,
76,-32,2.53468,
78,-32,5.54386,
80,-32,6.35336,
82,-32,5.61368,
84,-32,3.47116,
86,-32,-0.507804,
88,-32,-9.10366,
90,-32,-7.85279,
92,-32,0.584639,
94,-32,4.68696,
96,-32,7.01052,
98,-32,8.18853,
100,-32,8.45171,
102,-32,7.90035,
104,-32,6.60314,
106,-32,4.68327,
108,-32,2.3859,
110,-32,-0.084144,
112,-32,-2.95709,
114,-32,-6.09032,
116,-32,-5.9537,
118,-32,-3.41834,
120,-32,-1.9142,
122,-32,-1.32143,
124,-32,-1.06121,
126,-32,-1.47892,
128,-32,-3.44962,
130,-32,-5.73851,
132,-32,-2.22274,
134,-32,2.29713,
136,-32,5.5484,
138,-32,7.68769,
140,-32,8.64088,
142,-32,8.29108,
144,-32,6.89138,
146,-32,5.89173,
148,-32,6.48324,
150,-32,6.96542,
152,-32,6.19813,
154,-32,4.78794,
156,-32,4.69175,
158,-32,5.41224,
160,-32,4.70743,
162,-32,0.687706,
164,-32,-19.0665,
166,-32,1.48616,
168,-32,7.0591,
170,-32,9.30467,
172,-32,9.61316,
174,-32,8.18033,
176,-32,4.56305,
178,-32,-3.06642,
180,-32,-6.59486,
-180,-30,4.35331,
-178,-30,4.04837,
-176,-30,1.87186,
-174,-30,-3.95485,
-172,-30,-10.3434,
-170,-30,-1.48145,
-168,-30,1.69815,
-166,-30,2.32712,
-164,-30,1.6824,
-162,-30,1.01513,
-160,-30,1.22606,
-158,-30,1.84328,
-156,-30,2.34098,
-154,-30,3.04676,
-152,-30,4.58259,
-150,-30,6.68583,
-148,-30,8.4809,
-146,-30,9.38723,
-144,-30,9.09709,
-142,-30,7.29613,
-140,-30,3.3265,
-138,-30,-4.89575,
-136,-30,-8.75096,
-134,-30,-3.41807,
-132,-30,-4.20707,
-130,-30,-12.2339,
-128,-30,-10.7888,
-126,-30,-2.69534,
-124,-30,-0.338379,
-122,-30,-0.86205,
-120,-30,-3.56285,
-118,-30,-2.91543,
-116,-30,1.64754,
-114,-30,4.41878,
-112,-30,5.23707,
-110,-30,4.37479,
-108,-30,2.45111,
-106,-30,2.08229,
-104,-30,4.27267,
-102,-30,6.24999,
-100,-30,7.23908,
-98,-30,7.40369,
-96,-30,6.91353,
-94,-30,5.71497,
-92,-30,3.40328,
-90,-30,-1.17154,
-88,-30,-12.9521,
-86,-30,-4.51664,
-84,-30,1.32856,
-82,-30,3.64713,
-80,-30,4.16053,
-78,-30,3.38826,
-76,-30,1.81363,
-74,-30,0.58453,
-72,-30,0.786751,
-70,-30,1.55199,
-68,-30,1.92554,
-66,-30,1.90819,
-64,-30,1.89395,
-62,-30,2.20222,
-60,-30,2.93258,
-58,-30,3.88676,
-56,-30,4.56001,
-54,-30,4.50637,
-52,-30,3.7088,
-50,-30,2.95637,
-48,-30,3.49082,
-46,-30,5.19251,
-44,-30,7.20651,
-42,-30,8.94762,
-40,-30,9.95716,
-38,-30,9.99054,
-36,-30,9.20277,
-34,-30,8.4376,
-32,-30,8.52686,
-30,-30,8.70917,
-28,-30,7.84333,
-26,-30,5.34608,
-24,-30,0.987931,
-22,-30,-4.25941,
-20,-30,-8.38608,
-18,-30,-5.73277,
-16,-30,1.89107,
-14,-30,6.48055,
-12,-30,8.88703,
-10,-30,9.67376,
-8,-30,9.05156,
-6,-30,7.0658,
-4,-30,3.99803,
-2,-30,1.91076,
0,-30,2.57092,
2,-30,3.07604,
4,-30,1.86277,
6,-30,-1.54268,
8,-30,-6.0417,
10,-30,-4.6606,
12,-30,-2.49693,
14,-30,-2.33263,
16,-30,-2.78464,
18,-30,-2.08427,
20,-30,-0.881377,
22,-30,-0.343636,
24,-30,-0.32543,
26,-30,0.243615,
28,-30,2.15741,
30,-30,4.68424,
32,-30,6.80871,
34,-30,8.02423,
36,-30,8.09511,
38,-30,6.84197,
40,-30,4.07062,
42,-30,-0.183264,
44,-30,-4.37973,
46,-30,-7.63356,
48,-30,-11.2833,
50,-30,-3.21909,
52,-30,2.07271,
54,-30,4.51687,
56,-30,5.01504,
58,-30,3.89167,
60,-30,1.64798,
62,-30,1.00478,
64,-30,3.45479,
66,-30,5.55536,
68,-30,6.0605,
70,-30,4.5003,
72,-30,-0.807952,
74,-30,-13.3289,
76,-30,2.28816,
78,-30,6.97843,
80,-30,8.92227,
82,-30,9.29335,
84,-30,8.45873,
86,-30,6.4869,
88,-30,3.10048,
90,-30,-2.846,
92,-30,-7.23252,
94,-30,0.205289,
96,-30,4.29665,
98,-30,6.28989,
100,-30,6.83462,
102,-30,6.08631,
104,-30,4.01034,
106,-30,0.712241,
108,-30,-2.03548,
110,-30,-1.67428,
112,-30,-0.892909,
114,-30,-1.14925,
116,-30,-1.81989,
118,-30,-1.6014,
120,-30,0.0259833,
122,-30,2.18508,
124,-30,3.89777,
126,-30,4.71774,
128,-30,4.68348,
130,-30,4.37595,
132,-30,4.79658,
134,-30,6.26851,
136,-30,8.14859,
138,-30,9.74496,
140,-30,10.5667,
142,-30,10.2778,
144,-30,8.69487,
146,-30,6.21171,
148,-30,5.07148,
150,-30,5.93915,
152,-30,6.13531,
154,-30,4.61682,
156,-30,1.29028,
158,-30,-3.16021,
160,-30,-8.12199,
162,-30,-16.9007,
164,-30,-2.40925,
166,-30,3.88518,
168,-30,7.08042,
170,-30,8.40942,
172,-30,8.2896,
174,-30,6.97368,
176,-30,5.08295,
178,-30,4.11618,
180,-30,4.35331,
-180,-28,1.00781,
-178,-28,0.182116,
-176,-28,-2.30053,
-174,-28,-6.94902,
-172,-28,-5.44313,
-170,-28,-0.296835,
-168,-28,2.73263,
-166,-28,4.39318,
-164,-28,5.24807,
-162,-28,5.59155,
-160,-28,5.4983,
-158,-28,4.81092,
-156,-28,3.09923,
-154,-28,-0.486985,
-152,-28,-5.41228,
-150,-28,-0.774828,
-148,-28,3.6178,
-146,-28,5.41509,
-144,-28,5.12676,
-142,-28,2.53729,
-140,-28,-3.87339,
-138,-28,-8.57283,
-136,-28,-1.54734,
-134,-28,0.303443,
-132,-28,-0.993438,
-130,-28,-4.69652,
-128,-28,-5.54509,
-126,-28,-2.76525,
-124,-28,-2.45762,
-122,-28,-6.1342,
-120,-28,-8.43171,
-118,-28,0.394139,
-116,-28,5.12315,
-114,-28,7.52379,
-112,-28,8.32819,
-110,-28,7.75338,
-108,-28,5.94966,
-106,-28,4.02513,
-104,-28,4.77805,
-102,-28,7.0381,
-100,-28,8.53056,
-98,-28,8.88335,
-96,-28,8.10979,
-94,-28,6.13886,
-92,-28,2.76293,
-90,-28,-1.37225,
-88,-28,-0.98744,
-86,-28,1.87061,
-84,-28,3.24187,
-82,-28,2.94276,
-80,-28,0.996761,
-78,-28,-1.98664,
-76,-28,-1.90716,
-74,-28,0.870697,
-72,-28,2.55238,
-70,-28,2.9428,
-68,-28,2.81893,
-66,-28,3.28044,
-64,-28,4.47724,
-62,-28,5.63354,
-60,-28,6.36068,
-58,-28,6.67313,
-56,-28,6.60766,
-54,-28,6.11051,
-52,-28,5.20331,
-50,-28,4.20266,
-48,-28,3.68399,
-46,-28,4.13066,
-44,-28,5.55604,
-42,-28,7.21478,
-40,-28,8.18046,
-38,-28,7.84361,
-36,-28,5.73797,
-34,-28,1.87225,
-32,-28,1.40773,
-30,-28,4.48837,
-28,-28,5.58013,
-26,-28,4.25404,
-24,-28,0.433888,
-22,-28,-1.99999,
-20,-28,1.66487,
-18,-28,4.10248,
-16,-28,5.03906,
-14,-28,5.42427,
-12,-28,5.7859,
-10,-28,5.91478,
-8,-28,5.34791,
-6,-28,3.8617,
-4,-28,1.8001,
-2,-28,0.555096,
0,-28,0.764646,
2,-28,0.878394,
4,-28,-0.0948486,
6,-28,-2.04051,
8,-28,-3.15551,
10,-28,-1.73905,
12,-28,0.191357,
14,-28,1.46281,
16,-28,2.06581,
18,-28,2.13048,
20,-28,1.70211,
22,-28,0.668657,
24,-28,-1.39576,
26,-28,-5.26486,
28,-28,-6.20797,
30,-28,-0.253957,
32,-28,3.67386,
34,-28,5.56383,
36,-28,5.82083,
38,-28,4.58173,
40,-28,2.00616,
42,-28,-1.01602,
44,-28,-3.06602,
46,-28,-5.60519,
48,-28,-6.915,
50,-28,-0.816676,
52,-28,3.42977,
54,-28,5.29477,
56,-28,5.18308,
58,-28,2.99665,
60,-28,-1.0895,
62,-28,0.174624,
64,-28,4.70031,
66,-28,7.16604,
68,-28,7.79416,
70,-28,6.60556,
72,-28,2.79652,
74,-28,-6.01476,
76,-28,1.32797,
78,-28,6.95737,
80,-28,9.49183,
82,-28,10.3009,
84,-28,9.7627,
86,-28,7.87505,
88,-28,4.27981,
90,-28,-1.52418,
92,-28,-2.09506,
94,-28,2.37815,
96,-28,4.59857,
98,-28,5.04762,
100,-28,4.05713,
102,-28,1.83257,
104,-28,-0.445777,
106,-28,-0.249079,
108,-28,0.977795,
110,-28,1.05817,
112,-28,-0.331644,
114,-28,-2.18564,
116,-28,-1.60342,
118,-28,0.829293,
120,-28,2.95629,
122,-28,4.45152,
124,-28,5.28243,
126,-28,5.35377,
128,-28,4.69479,
130,-28,3.70587,
132,-28,3.26525,
134,-28,4.10477,
136,-28,5.96488,
138,-28,7.92383,
140,-28,9.17895,
142,-28,9.24334,
144,-28,7.70581,
146,-28,3.85562,
148,-28,-2.94741,
150,-28,-1.00109,
152,-28,2.30027,
154,-28,2.0756,
156,-28,-1.52605,
158,-28,-7.51073,
160,-28,-2.71432,
162,-28,0.856359,
164,-28,2.15775,
166,-28,2.76768,
168,-28,3.5473,
170,-28,4.23491,
172,-28,4.25537,
174,-28,3.44083,
176,-28,2.17487,
178,-28,1.31559,
180,-28,1.00781,
-180,-26,3.04008,
-178,-26,1.93445,
-176,-26,-0.000254241,
-174,-26,-2.34826,
-172,-26,-3.44326,
-170,-26,-1.87847,
-168,-26,0.584307,
-166,-26,2.79187,
-164,-26,4.62819,
-162,-26,6.10331,
-160,-26,7.13466,
-158,-26,7.56878,
-156,-26,7.22531,
-154,-26,5.90547,
-152,-26,3.40301,
-150,-26,-0.211514,
-148,-26,-3.04822,
-146,-26,-2.84345,
-144,-26,-1.62195,
-142,-26,0.679578,
-140,-26,3.75211,
-138,-26,6.20298,
-136,-26,7.53326,
-134,-26,7.72464,
-132,-26,6.86465,
-130,-26,5.13533,
-128,-26,2.94189,
-126,-26,0.802166,
-124,-26,-1.28087,
-122,-26,-2.82726,
-120,-26,-0.779757,
-118,-26,2.95526,
-116,-26,5.66023,
-114,-26,7.06635,
-112,-26,7.23138,
-110,-26,6.11619,
-108,-26,3.69749,
-106,-26,1.38812,
-104,-26,2.90108,
-102,-26,5.52824,
-100,-26,6.84383,
-98,-26,6.59754,
-96,-26,4.49807,
-94,-26,-0.814202,
-92,-26,-12.7206,
-90,-26,-0.0161671,
-88,-26,4.55909,
-86,-26,6.24197,
-84,-26,6.17558,
-82,-26,4.69604,
-80,-26,2.43194,
-78,-26,1.72971,
-76,-26,3.2153,
-74,-26,4.25427,
-72,-26,3.81175,
-70,-26,1.64504,
-68,-26,-1.50884,
-66,-26,-0.783087,
-64,-26,2.30995,
-62,-26,4.12533,
-60,-26,4.63669,
-58,-26,4.14262,
-56,-26,2.74733,
-54,-26,0.237937,
-52,-26,-4.12079,
-50,-26,-12.5264,
-48,-26,-11.4309,
-46,-26,-3.47587,
-44,-26,1.59119,
-42,-26,5.07294,
-40,-26,7.09008,
-38,-26,7.62148,
-36,-26,6.5378,
-34,-26,3.59699,
-32,-26,-0.23218,
-30,-26,0.481446,
-28,-26,2.29869,
-26,-26,1.6847,
-24,-26,-1.1492,
-22,-26,-0.0256191,
-20,-26,4.43264,
-18,-26,6.99727,
-16,-26,7.74174,
-14,-26,6.90296,
-12,-26,4.41885,
-10,-26,0.140884,
-8,-26,-2.57201,
-6,-26,0.566646,
-4,-26,3.11324,
-2,-26,4.23195,
0,-26,4.36997,
2,-26,3.83881,
4,-26,2.82908,
6,-26,1.4511,
8,-26,-0.206761,
10,-26,-1.94665,
12,-26,-3.27878,
14,-26,-3.49861,
16,-26,-2.35626,
18,-26,-0.436519,
20,-26,1.42884,
22,-26,2.6691,
24,-26,2.97324,
26,-26,2.18261,
28,-26,0.475449,
30,-26,-0.590889,
32,-26,0.788393,
34,-26,2.76199,
36,-26,4.08042,
38,-26,4.92461,
40,-26,5.6578,
42,-26,6.20953,
44,-26,6.14284,
46,-26,5.01157,
48,-26,2.54472,
50,-26,-0.323609,
52,-26,0.0568649,
54,-26,1.78263,
56,-26,1.80237,
58,-26,-0.692563,
60,-26,-5.00088,
62,-26,-0.804103,
64,-26,3.84705,
66,-26,6.08545,
68,-26,6.50235,
70,-26,5.10432,
72,-26,0.934765,
74,-26,-13.4236,
76,-26,-1.25297,
78,-26,4.87313,
80,-26,7.38568,
82,-26,7.98735,
84,-26,6.94637,
86,-26,3.82823,
88,-26,-3.80198,
90,-26,-7.39929,
92,-26,2.10478,
94,-26,5.53986,
96,-26,6.82303,
98,-26,6.8964,
100,-26,6.36762,
102,-26,5.89344,
104,-26,5.76966,
106,-26,5.52781,
108,-26,4.44427,
110,-26,1.83151,
112,-26,-3.18066,
114,-26,-6.54049,
116,-26,-1.7609,
118,-26,0.997298,
120,-26,1.85507,
122,-26,1.44358,
124,-26,-0.148178,
126,-26,-3.50747,
128,-26,-10.5891,
130,-26,-12.6592,
132,-26,-6.59239,
134,-26,-3.96264,
136,-26,-0.471258,
138,-26,3.69078,
140,-26,6.68974,
142,-26,8.17048,
144,-26,8.15056,
146,-26,6.58122,
148,-26,3.33149,
150,-26,-1.11543,
152,-26,-3.39221,
154,-26,-3.44644,
156,-26,-2.4179,
158,-26,1.46497,
160,-26,5.00598,
162,-26,6.97917,
164,-26,7.43658,
166,-26,6.39466,
168,-26,3.55899,
170,-26,-2.1316,
172,-26,-7.9844,
174,-26,-1.42106,
176,-26,1.95187,
178,-26,3.15388,
180,-26,3.04008,
-180,-24,10.9364,
-178,-24,9.96441,
-176,-24,7.78128,
-174,-24,3.84992,
-172,-24,-3.23924,
-170,-24,-4.12509,
-168,-24,1.81346,
-166,-24,4.67332,
-164,-24,6.00715,
-162,-24,6.54293,
-160,-24,6.61384,
-158,-24,6.29337,
-156,-24,5.4666,
-154,-24,3.96665,
-152,-24,1.82599,
-150,-24,-0.0745081,
-148,-24,-0.06056,
-146,-24,1.39442,
-144,-24,3.06399,
-142,-24,4.75548,
-140,-24,6.36505,
-138,-24,7.60342,
-136,-24,8.23598,
-134,-24,8.17908,
-132,-24,7.48867,
-130,-24,6.36559,
-128,-24,5.10527,
-126,-24,3.82287,
-124,-24,2.18156,
-122,-24,-0.465383,
-120,-24,-4.46069,
-118,-24,-5.65064,
-116,-24,-2.21282,
-114,-24,0.00170445,
-112,-24,0.47165,
-110,-24,-0.540188,
-108,-24,-2.41197,
-106,-24,-2.87448,
-104,-24,-1.10792,
-102,-24,0.34307,
-100,-24,0.454543,
-98,-24,-0.62807,
-96,-24,-0.888486,
-94,-24,1.92776,
-92,-24,5.13391,
-90,-24,7.27859,
-88,-24,8.30791,
-86,-24,8.31534,
-84,-24,7.37354,
-82,-24,5.63548,
-80,-24,3.65408,
-78,-24,2.44693,
-76,-24,1.95817,
-74,-24,0.784776,
-72,-24,-2.56095,
-70,-24,-10.8005,
-68,-24,-6.59883,
-66,-24,-0.626897,
-64,-24,1.65403,
-62,-24,1.85193,
-60,-24,0.309085,
-58,-24,-3.16753,
-56,-24,-7.25663,
-54,-24,-3.37274,
-52,-24,1.42928,
-50,-24,4.58687,
-48,-24,6.67145,
-46,-24,8.13311,
-44,-24,9.32611,
-42,-24,10.4045,
-40,-24,11.238,
-38,-24,11.5565,
-36,-24,11.1132,
-34,-24,9.70698,
-32,-24,7.12927,
-30,-24,3.09474,
-28,-24,-2.80873,
-26,-24,-8.06899,
-24,-24,-2.80791,
-22,-24,2.55025,
-20,-24,6.13189,
-18,-24,8.2224,
-16,-24,8.95271,
-14,-24,8.2542,
-12,-24,5.66053,
-10,-24,-0.839849,
-8,-24,-6.8953,
-6,-24,4.08856,
-4,-24,8.34976,
-2,-24,10.372,
0,-24,11.0763,
2,-24,10.7471,
4,-24,9.42534,
6,-24,6.95008,
8,-24,2.78229,
10,-24,-5.09446,
12,-24,-12.9165,
14,-24,-3.13781,
16,-24,0.029735,
18,-24,1.30591,
20,-24,1.84979,
22,-24,2.02001,
24,-24,1.76142,
26,-24,1.03602,
28,-24,0.4462,
30,-24,1.24211,
32,-24,3.21684,
34,-24,5.15969,
36,-24,6.63766,
38,-24,7.68125,
40,-24,8.34341,
42,-24,8.55351,
44,-24,8.1343,
46,-24,6.86587,
48,-24,4.57915,
50,-24,1.7029,
52,-24,0.69826,
54,-24,1.9872,
56,-24,2.68848,
58,-24,1.75375,
60,-24,-1.36919,
62,-24,-7.57619,
64,-24,-7.26002,
66,-24,-2.51919,
68,-24,-0.952878,
70,-24,-1.84129,
72,-24,-5.33038,
74,-24,-9.415,
76,-24,-4.87559,
78,-24,-1.28216,
80,-24,-0.0960636,
82,-24,-0.89923,
84,-24,-3.28408,
86,-24,-3.20407,
88,-24,0.985146,
90,-24,4.35452,
92,-24,6.37423,
94,-24,7.37794,
96,-24,7.67152,
98,-24,7.54897,
100,-24,7.25732,
102,-24,6.83773,
104,-24,6.041,
106,-24,4.4293,
108,-24,1.46482,
110,-24,-2.84237,
112,-24,-2.91174,
114,-24,0.524636,
116,-24,2.26598,
118,-24,2.19402,
120,-24,0.330361,
122,-24,-3.78557,
124,-24,-6.90995,
126,-24,-1.09117,
128,-24,3.37488,
130,-24,6.01066,
132,-24,7.36736,
134,-24,7.78395,
136,-24,7.76874,
138,-24,8.14945,
140,-24,9.25636,
142,-24,10.4231,
144,-24,11.0025,
146,-24,10.7504,
148,-24,9.64162,
150,-24,7.79605,
152,-24,5.59215,
154,-24,3.89668,
156,-24,3.77094,
158,-24,5.09745,
160,-24,6.7153,
162,-24,7.76971,
164,-24,7.83301,
166,-24,6.55529,
168,-24,3.35426,
170,-24,-1.36151,
172,-24,2.20758,
174,-24,6.98061,
176,-24,9.63763,
178,-24,10.8497,
180,-24,10.9364,
-180,-22,9.71859,
-178,-22,8.39402,
-176,-22,5.74502,
-174,-22,0.756397,
-172,-22,-12.3493,
-170,-22,-4.18995,
-168,-22,1.80457,
-166,-22,4.21902,
-164,-22,5.07354,
-162,-22,4.9277,
-160,-22,3.94147,
-158,-22,1.97621,
-156,-22,-1.63189,
-154,-22,-9.46272,
-152,-22,-9.97882,
-150,-22,-1.72894,
-148,-22,1.87776,
-146,-22,3.52758,
-144,-22,3.93014,
-142,-22,3.3718,
-140,-22,2.0101,
-138,-22,-0.022987,
-136,-22,-2.32122,
-134,-22,-3.11602,
-132,-22,-1.03851,
-130,-22,1.61629,
-128,-22,3.46116,
-126,-22,4.26259,
-124,-22,3.95881,
-122,-22,2.40727,
-120,-22,-0.690818,
-118,-22,-5.05766,
-116,-22,-4.88692,
-114,-22,-1.44034,
-112,-22,0.526572,
-110,-22,1.08949,
-108,-22,0.586646,
-106,-22,-0.762879,
-104,-22,-2.74191,
-102,-22,-4.6568,
-100,-22,-4.36153,
-98,-22,-1.43063,
-96,-22,1.76131,
-94,-22,4.28236,
-92,-22,6.0487,
-90,-22,7.12024,
-88,-22,7.5713,
-86,-22,7.47945,
-84,-22,6.92572,
-82,-22,5.97479,
-80,-22,4.61996,
-78,-22,2.72601,
-76,-22,0.130205,
-74,-22,-2.319,
-72,-22,-1.49284,
-70,-22,1.13383,
-68,-22,2.84953,
-66,-22,3.22788,
-64,-22,2.20678,
-62,-22,-0.279646,
-60,-22,-2.89404,
-58,-22,-0.893721,
-56,-22,2.79461,
-54,-22,5.56639,
-52,-22,7.54709,
-50,-22,8.9854,
-48,-22,10.0222,
-46,-22,10.7701,
-44,-22,11.3566,
-42,-22,11.87,
-40,-22,12.2672,
-38,-22,12.3709,
-36,-22,11.9557,
-34,-22,10.809,
-32,-22,8.75357,
-30,-22,5.85096,
-28,-22,3.5817,
-26,-22,4.37647,
-24,-22,6.23509,
-22,-22,7.47391,
-20,-22,8.0194,
-18,-22,8.01653,
-16,-22,7.47153,
-14,-22,6.19707,
-12,-22,3.87375,
-10,-22,0.795697,
-8,-22,1.2508,
-6,-22,5.02713,
-4,-22,7.8811,
-2,-22,9.47378,
0,-22,10.0015,
2,-22,9.55247,
4,-22,8.07932,
6,-22,5.34872,
8,-22,0.758164,
10,-22,-6.00353,
12,-22,-4.05272,
14,-22,-0.0267101,
16,-22,1.70808,
18,-22,2.0371,
20,-22,1.35233,
22,-22,-0.347224,
24,-22,-3.57494,
26,-22,-9.47464,
28,-22,-7.85363,
30,-22,-1.44573,
32,-22,2.23539,
34,-22,4.3504,
36,-22,5.46121,
38,-22,5.84399,
40,-22,5.62365,
42,-22,4.77306,
44,-22,3.07418,
46,-22,0.120823,
48,-22,-3.52237,
50,-22,-1.82558,
52,-22,2.16402,
54,-22,4.60048,
56,-22,5.60413,
58,-22,5.38055,
60,-22,3.94146,
62,-22,1.06714,
64,-22,-3.97619,
66,-22,-14.2104,
68,-22,-14.4883,
70,-22,-8.76869,
72,-22,-7.31566,
74,-22,-7.02518,
76,-22,-6.58354,
78,-22,-5.89868,
80,-22,-5.2459,
82,-22,-4.13909,
84,-22,-2.00404,
86,-22,0.588234,
88,-22,2.87482,
90,-22,4.60002,
92,-22,5.77822,
94,-22,6.49431,
96,-22,6.8224,
98,-22,6.78645,
100,-22,6.35293,
102,-22,5.481,
104,-22,4.28987,
106,-22,3.39177,
108,-22,3.65802,
110,-22,4.75885,
112,-22,5.62419,
114,-22,5.64976,
116,-22,4.52035,
118,-22,1.80795,
120,-22,-3.22525,
122,-22,-4.48624,
124,-22,1.51317,
126,-22,5.486,
128,-22,7.98355,
130,-22,9.51539,
132,-22,10.2817,
134,-22,10.4152,
136,-22,10.1636,
138,-22,10.0103,
140,-22,10.3959,
142,-22,11.1419,
144,-22,11.694,
146,-22,11.6696,
148,-22,10.9071,
150,-22,9.36895,
152,-22,7.1629,
154,-22,4.78808,
156,-22,3.33118,
158,-22,3.26355,
160,-22,3.73533,
162,-22,4.06541,
164,-22,4.05147,
166,-22,3.76291,
168,-22,3.69648,
170,-22,4.63837,
172,-22,6.4698,
174,-22,8.2914,
176,-22,9.55033,
178,-22,10.0568,
180,-22,9.71859,
-180,-20,-7.5719,
-178,-20,-5.66694,
-176,-20,-2.17193,
-174,-20,0.261405,
-172,-20,1.65563,
-170,-20,2.19861,
-168,-20,2.02187,
-166,-20,1.23531,
-164,-20,-0.0532682,
-162,-20,-1.78028,
-160,-20,-3.93579,
-158,-20,-5.60203,
-156,-20,-3.53793,
-154,-20,0.607655,
-152,-20,4.0849,
-150,-20,6.59506,
-148,-20,8.26786,
-146,-20,9.22037,
-144,-20,9.52637,
-142,-20,9.22213,
-140,-20,8.31018,
-138,-20,6.76656,
-136,-20,4.59468,
-134,-20,2.10366,
-132,-20,0.551803,
-130,-20,0.92428,
-128,-20,1.78676,
-126,-20,1.84182,
-124,-20,0.568449,
-122,-20,-2.30933,
-120,-20,-4.16873,
-118,-20,-0.153726,
-116,-20,3.75194,
-114,-20,6.18443,
-112,-20,7.47429,
-110,-20,7.83817,
-108,-20,7.35587,
-106,-20,6.00022,
-104,-20,3.65778,
-102,-20,0.438727,
-100,-20,-1.11614,
-98,-20,1.61379,
-96,-20,4.7353,
-94,-20,6.98126,
-92,-20,8.47741,
-90,-20,9.38527,
-88,-20,9.79179,
-86,-20,9.72509,
-84,-20,9.17024,
-82,-20,8.08449,
-80,-20,6.43933,
-78,-20,4.38913,
-76,-20,2.7218,
-74,-20,2.58038,
-72,-20,3.39027,
-70,-20,3.7996,
-68,-20,3.13504,
-66,-20,0.986717,
-64,-20,-2.56754,
-62,-20,-2.08697,
-60,-20,2.45302,
-58,-20,5.73209,
-56,-20,7.78019,
-54,-20,9.03088,
-52,-20,9.77968,
-50,-20,10.2168,
-48,-20,10.4538,
-46,-20,10.5622,
-44,-20,10.6153,
-42,-20,10.6771,
-40,-20,10.7278,
-38,-20,10.6145,
-36,-20,10.096,
-34,-20,8.91732,
-32,-20,6.90485,
-30,-20,4.54437,
-28,-20,4.42006,
-26,-20,6.86194,
-24,-20,9.11672,
-22,-20,10.4668,
-20,-20,10.9737,
-18,-20,10.7554,
-16,-20,9.89972,
-14,-20,8.47156,
-12,-20,6.53296,
-10,-20,4.17658,
-8,-20,1.57413,
-6,-20,-1.02318,
-4,-20,-3.49934,
-2,-20,-6.14859,
0,-20,-8.92849,
2,-20,-8.38805,
4,-20,-4.53253,
6,-20,-1.33429,
8,-20,0.6782,
10,-20,1.65582,
12,-20,1.69997,
14,-20,0.819287,
16,-20,-1.09842,
18,-20,-4.4448,
20,-20,-10.6507,
22,-20,-15.7231,
24,-20,-6.11845,
26,-20,-0.793903,
28,-20,2.70589,
30,-20,5.14663,
32,-20,6.78442,
34,-20,7.73269,
36,-20,8.05,
38,-20,7.76018,
40,-20,6.8483,
42,-20,5.24177,
44,-20,2.79348,
46,-20,-0.544104,
48,-20,-3.0508,
50,-20,-1.36633,
52,-20,1.22878,
54,-20,2.71953,
56,-20,3.00922,
58,-20,2.1171,
60,-20,0.042589,
62,-20,-2.4354,
64,-20,-2.09259,
66,-20,0.528555,
68,-20,2.51134,
70,-20,3.39061,
72,-20,3.27019,
74,-20,2.3112,
76,-20,0.952154,
78,-20,0.443744,
80,-20,1.77763,
82,-20,3.88364,
84,-20,5.74804,
86,-20,7.13993,
88,-20,8.07644,
90,-20,8.59784,
92,-20,8.71793,
94,-20,8.4185,
96,-20,7.66066,
98,-20,6.43027,
100,-20,4.90627,
102,-20,3.85037,
104,-20,4.26964,
106,-20,5.66394,
108,-20,6.87076,
110,-20,7.35083,
112,-20,6.88336,
114,-20,5.20166,
116,-20,1.62517,
118,-20,-6.45605,
120,-20,-6.18373,
122,-20,1.86454,
124,-20,5.68579,
126,-20,7.91784,
128,-20,9.2918,
130,-20,10.0658,
132,-20,10.3182,
134,-20,10.0813,
136,-20,9.46341,
138,-20,8.78507,
140,-20,8.52535,
142,-20,8.789,
144,-20,9.0832,
146,-20,8.84822,
148,-20,7.69911,
150,-20,5.31976,
152,-20,1.81493,
154,-20,1.03256,
156,-20,4.39497,
158,-20,7.1112,
160,-20,8.62285,
162,-20,9.21435,
164,-20,9.1066,
166,-20,8.45032,
168,-20,7.35439,
170,-20,5.89342,
172,-20,4.09387,
174,-20,1.89984,
176,-20,-0.870411,
178,-20,-4.45016,
180,-20,-7.5719,
-180,-18,8.77943,
-178,-18,9.77344,
-176,-18,10.0236,
-174,-18,9.63066,
-172,-18,8.61443,
-170,-18,6.95276,
-168,-18,4.64821,
-166,-18,1.99783,
-164,-18,0.241358,
-162,-18,0.55613,
-160,-18,1.81048,
-158,-18,3.02174,
-156,-18,4.21051,
-154,-18,5.59004,
-152,-18,7.12497,
-150,-18,8.58514,
-148,-18,9.76743,
-146,-18,10.5669,
-144,-18,10.9447,
-142,-18,10.8896,
-140,-18,10.3965,
-138,-18,9.45633,
-136,-18,8.05369,
-134,-18,6.17118,
-132,-18,3.79975,
-130,-18,0.957795,
-128,-18,-2.19211,
-126,-18,-4.35749,
-124,-18,-2.55619,
-122,-18,1.29986,
-120,-18,4.72863,
-118,-18,7.37319,
-116,-18,9.28778,
-114,-18,10.5397,
-112,-18,11.163,
-110,-18,11.1498,
-108,-18,10.4336,
-106,-18,8.842,
-104,-18,5.95175,
-102,-18,0.557512,
-100,-18,-6.01494,
-98,-18,2.21766,
-96,-18,7.03432,
-94,-18,9.76488,
-92,-18,11.3688,
-90,-18,12.2044,
-88,-18,12.4274,
-86,-18,12.1055,
-84,-18,11.2624,
-82,-18,9.90535,
-80,-18,8.06537,
-78,-18,5.87933,
-76,-18,3.6829,
-74,-18,1.79979,
-72,-18,-0.143532,
-70,-18,-3.59682,
-68,-18,-14.1426,
-66,-18,-7.27662,
-64,-18,1.07184,
-62,-18,5.25862,
-60,-18,7.76554,
-58,-18,9.25403,
-56,-18,10.0233,
-54,-18,10.2621,
-52,-18,10.1209,
-50,-18,9.7273,
-48,-18,9.17519,
-46,-18,8.51746,
-44,-18,7.7901,
-42,-18,7.04517,
-40,-18,6.32108,
-38,-18,5.52464,
-36,-18,4.33527,
-34,-18,2.1976,
-32,-18,-1.45571,
-30,-18,-2.3408,
-28,-18,3.05243,
-26,-18,7.25466,
-24,-18,9.96981,
-22,-18,11.637,
-20,-18,12.4871,
-18,-18,12.6249,
-16,-18,12.0716,
-14,-18,10.7648,
-12,-18,8.50263,
-10,-18,4.7302,
-8,-18,-2.51167,
-6,-18,-7.25668,
-4,-18,2.00367,
-2,-18,6.10307,
0,-18,8.3366,
2,-18,9.55773,
4,-18,10.0727,
6,-18,10.0028,
8,-18,9.37917,
10,-18,8.16904,
12,-18,6.26653,
14,-18,3.43378,
16,-18,-0.906164,
18,-18,-8.16265,
20,-18,-8.28349,
22,-18,-1.7398,
24,-18,2.16636,
26,-18,4.88685,
28,-18,6.95251,
30,-18,8.52791,
32,-18,9.66073,
34,-18,10.3671,
36,-18,10.6578,
38,-18,10.5434,
40,-18,10.035,
42,-18,9.14423,
44,-18,7.88871,
46,-18,6.3057,
48,-18,4.47902,
50,-18,2.56945,
52,-18,0.810403,
54,-18,-0.515271,
56,-18,-0.944596,
58,-18,0.0581701,
60,-18,2.15691,
62,-18,4.41554,
64,-18,6.28214,
66,-18,7.57283,
68,-18,8.22973,
70,-18,8.20528,
72,-18,7.40899,
74,-18,5.66544,
76,-18,2.7545,
78,-18,-0.223941,
80,-18,1.75927,
82,-18,5.65058,
84,-18,8.47926,
86,-18,10.3141,
88,-18,11.3852,
90,-18,11.8212,
92,-18,11.6745,
94,-18,10.9421,
96,-18,9.57316,
98,-18,7.47984,
100,-18,4.62778,
102,-18,1.595,
104,-18,0.493491,
106,-18,1.39581,
108,-18,1.9081,
110,-18,0.960193,
112,-18,-2.3933,
114,-18,-12.0976,
116,-18,-5.39623,
118,-18,1.80632,
120,-18,5.45075,
122,-18,7.5531,
124,-18,8.75003,
126,-18,9.35725,
128,-18,9.56588,
130,-18,9.47524,
132,-18,9.09244,
134,-18,8.35508,
136,-18,7.1926,
138,-18,5.63261,
140,-18,3.96749,
142,-18,2.7372,
144,-18,1.97926,
146,-18,0.780959,
148,-18,-2.25485,
150,-18,-8.28566,
152,-18,-2.14631,
154,-18,4.14934,
156,-18,7.83426,
158,-18,10.0658,
160,-18,11.2903,
162,-18,11.6907,
164,-18,11.3192,
166,-18,10.1168,
168,-18,7.85241,
170,-18,3.83686,
172,-18,-4.89331,
174,-18,-5.74613,
176,-18,3.01215,
178,-18,6.77447,
180,-18,8.77943,
-180,-16,7.34729,
-178,-16,8.46499,
-176,-16,8.82637,
-174,-16,8.57761,
-172,-16,7.80673,
-170,-16,6.60001,
-168,-16,5.09765,
-166,-16,3.53939,
-164,-16,2.20243,
-162,-16,1.1801,
-160,-16,0.346533,
-158,-16,-0.224303,
-156,-16,0.104428,
-154,-16,1.71945,
-152,-16,3.90033,
-150,-16,5.8967,
-148,-16,7.4373,
-146,-16,8.47996,
-144,-16,9.04167,
-142,-16,9.14311,
-140,-16,8.79295,
-138,-16,7.98242,
-136,-16,6.68174,
-134,-16,4.83725,
-132,-16,2.38558,
-130,-16,-0.593227,
-128,-16,-3.00111,
-126,-16,-2.31867,
-124,-16,0.409588,
-122,-16,3.11195,
-120,-16,5.37874,
-118,-16,7.20768,
-116,-16,8.61268,
-114,-16,9.58974,
-112,-16,10.1213,
-110,-16,10.1747,
-108,-16,9.69197,
-106,-16,8.5652,
-104,-16,6.57662,
-102,-16,3.20717,
-100,-16,-3.32403,
-98,-16,-15.7507,
-96,-16,-1.24386,
-94,-16,3.53564,
-92,-16,5.98882,
-90,-16,7.27677,
-88,-16,7.80064,
-86,-16,7.758,
-84,-16,7.28047,
-82,-16,6.48186,
-80,-16,5.46357,
-78,-16,4.28188,
-76,-16,2.91399,
-74,-16,1.34643,
-72,-16,0.045137,
-70,-16,0.450999,
-68,-16,2.73519,
-66,-16,5.27628,
-64,-16,7.29119,
-62,-16,8.66343,
-60,-16,9.42682,
-58,-16,9.6315,
-56,-16,9.32715,
-54,-16,8.57451,
-52,-16,7.46683,
-50,-16,6.14465,
-48,-16,4.76358,
-46,-16,3.38695,
-44,-16,1.89535,
-42,-16,0.0369955,
-40,-16,-2.45564,
-38,-16,-5.82871,
-36,-16,-10.5611,
-34,-16,-18.1732,
-32,-16,-12.1642,
-30,-16,-4.28797,
-28,-16,0.820083,
-26,-16,4.44028,
-24,-16,7.0356,
-22,-16,8.82256,
-20,-16,9.91262,
-18,-16,10.3537,
-16,-16,10.139,
-14,-16,9.19178,
-12,-16,7.307,
-10,-16,3.94675,
-8,-16,-2.8058,
-6,-16,-10.2673,
-4,-16,1.02722,
-2,-16,5.58525,
0,-16,8.06495,
2,-16,9.45791,
4,-16,10.12,
6,-16,10.2144,
8,-16,9.82468,
10,-16,8.99225,
12,-16,7.72675,
14,-16,5.99442,
16,-16,3.67093,
18,-16,0.411388,
20,-16,-4.65197,
22,-16,-9.25915,
24,-16,-2.90997,
26,-16,1.99613,
28,-16,5.17289,
30,-16,7.34345,
32,-16,8.81844,
34,-16,9.74792,
36,-16,10.2138,
38,-16,10.2643,
40,-16,9.92912,
42,-16,9.22581,
44,-16,8.16472,
46,-16,6.75412,
48,-16,5.01275,
50,-16,3.00944,
52,-16,0.988407,
54,-16,-0.383312,
56,-16,-0.249561,
58,-16,1.20487,
60,-16,3.05668,
62,-16,4.7516,
64,-16,6.09082,
66,-16,7.00084,
68,-16,7.43606,
70,-16,7.34236,
72,-16,6.63209,
74,-16,5.14755,
76,-16,2.59311,
78,-16,-1.44131,
80,-16,-4.45621,
82,-16,-0.564339,
84,-16,3.23767,
86,-16,5.59667,
88,-16,6.92856,
90,-16,7.48538,
92,-16,7.39263,
94,-16,6.71242,
96,-16,5.48325,
98,-16,3.76257,
100,-16,1.69606,
102,-16,-0.392349,
104,-16,-1.98479,
106,-16,-2.43503,
108,-16,-1.17535,
110,-16,1.37005,
112,-16,4.11756,
114,-16,6.46488,
116,-16,8.24872,
118,-16,9.46081,
120,-16,10.1316,
122,-16,10.3002,
124,-16,10.0139,
126,-16,9.33975,
128,-16,8.37672,
130,-16,7.24864,
132,-16,6.04597,
134,-16,4.73336,
136,-16,3.11183,
138,-16,0.860533,
140,-16,-2.43815,
142,-16,-7.27625,
144,-16,-12.862,
146,-16,-14.2008,
148,-16,-15.0209,
150,-16,-11.2711,
152,-16,-3.93412,
154,-16,1.19855,
156,-16,4.68128,
158,-16,7.01828,
160,-16,8.46405,
162,-16,9.13765,
164,-16,9.06826,
166,-16,8.19527,
168,-16,6.31378,
170,-16,2.86345,
172,-16,-4.03882,
174,-16,-7.53694,
176,-16,1.11494,
178,-16,5.16538,
180,-16,7.34729,
-180,-14,-0.826035,
-178,-14,-0.672725,
-176,-14,0.034106,
-174,-14,0.881295,
-172,-14,1.59991,
-170,-14,2.05462,
-168,-14,2.15612,
-166,-14,1.80442,
-164,-14,0.844861,
-162,-14,-1.0119,
-160,-14,-4.43482,
-158,-14,-11.2429,
-156,-14,-10.2952,
-154,-14,-2.8635,
-152,-14,1.29956,
-150,-14,3.9353,
-148,-14,5.66671,
-146,-14,6.75552,
-144,-14,7.32981,
-142,-14,7.45597,
-140,-14,7.16657,
-138,-14,6.47345,
-136,-14,5.37607,
-134,-14,3.87174,
-132,-14,1.97619,
-130,-14,-0.23091,
-128,-14,-2.52593,
-126,-14,-4.49062,
-124,-14,-5.64065,
-122,-14,-5.58148,
-120,-14,-4.14959,
-118,-14,-1.82942,
-116,-14,0.626567,
-114,-14,2.79785,
-112,-14,4.55618,
-110,-14,5.89279,
-108,-14,6.83434,
-106,-14,7.41415,
-104,-14,7.6642,
-102,-14,7.61423,
-100,-14,7.29342,
-98,-14,6.73392,
-96,-14,5.97599,
-94,-14,5.07498,
-92,-14,4.10651,
-90,-14,3.15957,
-88,-14,2.30202,
-86,-14,1.52304,
-84,-14,0.69407,
-82,-14,-0.424012,
-80,-14,-2.16578,
-78,-14,-4.91698,
-76,-14,-7.84007,
-74,-14,-5.52752,
-72,-14,-1.04019,
-70,-14,2.30443,
-68,-14,4.59357,
-66,-14,6.06581,
-64,-14,6.84706,
-62,-14,6.98214,
-60,-14,6.45396,
-58,-14,5.18241,
-56,-14,3.01613,
-54,-14,-0.157439,
-52,-14,-3.12267,
-50,-14,-2.03739,
-48,-14,0.712634,
-46,-14,2.5584,
-44,-14,3.38996,
-42,-14,3.36591,
-40,-14,2.6064,
-38,-14,1.2406,
-36,-14,-0.455654,
-34,-14,-1.90942,
-32,-14,-2.58406,
-30,-14,-2.71422,
-28,-14,-2.88699,
-26,-14,-3.23164,
-24,-14,-3.23063,
-22,-14,-2.25091,
-20,-14,-0.579683,
-18,-14,1.04707,
-16,-14,2.24743,
-14,-14,2.92969,
-12,-14,3.11433,
-10,-14,2.88038,
-8,-14,2.39343,
-6,-14,1.96587,
-4,-14,2.00127,
-2,-14,2.66825,
0,-14,3.72282,
2,-14,4.81494,
4,-14,5.73229,
6,-14,6.38734,
8,-14,6.74714,
10,-14,6.78827,
12,-14,6.4724,
14,-14,5.72703,
16,-14,4.41585,
18,-14,2.26628,
20,-14,-1.36342,
22,-14,-8.33492,
24,-14,-8.77058,
26,-14,-1.10132,
28,-14,3.0336,
30,-14,5.58586,
32,-14,7.22593,
34,-14,8.22893,
36,-14,8.72875,
38,-14,8.79585,
40,-14,8.46637,
42,-14,7.75439,
44,-14,6.65706,
46,-14,5.15653,
48,-14,3.22201,
50,-14,0.821441,
52,-14,-2.01396,
54,-14,-4.8942,
56,-14,-6.44371,
58,-14,-5.61035,
60,-14,-3.67638,
62,-14,-1.71154,
64,-14,0.0250499,
66,-14,1.48751,
68,-14,2.65846,
70,-14,3.52747,
72,-14,4.09242,
74,-14,4.36,
76,-14,4.34543,
78,-14,4.07284,
80,-14,3.57692,
82,-14,2.90455,
84,-14,2.1141,
86,-14,1.26809,
88,-14,0.41572,
90,-14,-0.434013,
92,-14,-1.34033,
94,-14,-2.45312,
96,-14,-4.03519,
98,-14,-6.45863,
100,-14,-9.37597,
102,-14,-7.72813,
104,-14,-2.72935,
106,-14,1.33073,
108,-14,4.35505,
110,-14,6.60403,
112,-14,8.23511,
114,-14,9.33231,
116,-14,9.93587,
118,-14,10.0565,
120,-14,9.68078,
122,-14,8.77093,
124,-14,7.26342,
126,-14,5.07922,
128,-14,2.22615,
130,-14,-0.657917,
132,-14,-1.63293,
134,-14,-0.660631,
136,-14,0.271767,
138,-14,0.483161,
140,-14,0.0342566,
142,-14,-0.731583,
144,-14,-1.26542,
146,-14,-1.24323,
148,-14,-1.0033,
150,-14,-1.12856,
152,-14,-2.04619,
154,-14,-4.04733,
156,-14,-6.81483,
158,-14,-6.6976,
160,-14,-3.09359,
162,-14,0.00440858,
164,-14,2.04924,
166,-14,3.24532,
168,-14,3.7609,
170,-14,3.70318,
172,-14,3.14983,
174,-14,2.1868,
176,-14,0.969027,
178,-14,-0.19018,
180,-14,-0.826035,
-180,-12,5.92347,
-178,-12,6.33673,
-176,-12,6.47666,
-174,-12,6.35459,
-172,-12,5.95911,
-170,-12,5.25362,
-168,-12,4.16687,
-166,-12,2.56909,
-164,-12,0.211933,
-162,-12,-3.4308,
-160,-12,-9.19189,
-158,-12,-9.20558,
-156,-12,-3.2448,
-154,-12,0.581838,
-152,-12,3.08318,
-150,-12,4.78215,
-148,-12,5.92138,
-146,-12,6.626,
-144,-12,6.96653,
-142,-12,6.98615,
-140,-12,6.71548,
-138,-12,6.18426,
-136,-12,5.43457,
-134,-12,4.538,
-132,-12,3.61037,
-130,-12,2.799,
-128,-12,2.21138,
-126,-12,1.82311,
-124,-12,1.47297,
-122,-12,0.946375,
-120,-12,0.0386596,
-118,-12,-1.42893,
-116,-12,-3.50917,
-114,-12,-5.35758,
-112,-12,-4.37042,
-110,-12,-1.23316,
-108,-12,1.72303,
-106,-12,4.0478,
-104,-12,5.82357,
-102,-12,7.16193,
-100,-12,8.14454,
-98,-12,8.82629,
-96,-12,9.24255,
-94,-12,9.41393,
-92,-12,9.3488,
-90,-12,9.04433,
-88,-12,8.48655,
-86,-12,7.65032,
-84,-12,6.50126,
-82,-12,5.00709,
-80,-12,3.18521,
-78,-12,1.26319,
-76,-12,-0.0391121,
-74,-12,0.0506174,
-72,-12,1.07141,
-70,-12,2.07497,
-68,-12,2.59163,
-66,-12,2.43761,
-64,-12,1.46106,
-62,-12,-0.563654,
-60,-12,-3.64565,
-58,-12,-4.48934,
-56,-12,-0.505014,
-54,-12,3.26427,
-52,-12,5.92918,
-50,-12,7.7433,
-48,-12,8.9022,
-46,-12,9.51678,
-44,-12,9.64615,
-42,-12,9.31816,
-40,-12,8.54338,
-38,-12,7.33417,
-36,-12,5.75257,
-34,-12,4.03422,
-32,-12,2.75384,
-30,-12,2.50617,
-28,-12,3.0624,
-26,-12,3.72119,
-24,-12,4.05634,
-22,-12,3.90533,
-20,-12,3.19028,
-18,-12,1.82404,
-16,-12,-0.321147,
-14,-12,-3.24491,
-12,-12,-5.35078,
-10,-12,-3.39477,
-8,-12,-0.0872268,
-6,-12,2.5745,
-4,-12,4.54986,
-2,-12,6.00483,
0,-12,7.05933,
2,-12,7.78595,
4,-12,8.22437,
6,-12,8.39061,
8,-12,8.28145,
10,-12,7.87471,
12,-12,7.12503,
14,-12,5.95186,
16,-12,4.21023,
18,-12,1.61391,
20,-12,-2.49837,
22,-12,-9.50338,
24,-12,-7.96579,
26,-12,-1.71873,
28,-12,1.85126,
30,-12,4.0669,
32,-12,5.47155,
34,-12,6.30506,
36,-12,6.69046,
38,-12,6.69911,
40,-12,6.38031,
42,-12,5.78139,
44,-12,4.97,
46,-12,4.06298,
48,-12,3.24725,
50,-12,2.73773,
52,-12,2.63798,
54,-12,2.84542,
56,-12,3.14602,
58,-12,3.35576,
60,-12,3.36685,
62,-12,3.1344,
64,-12,2.66387,
66,-12,2.02275,
68,-12,1.37895,
70,-12,1.02003,
72,-12,1.22242,
74,-12,1.99267,
76,-12,3.06716,
78,-12,4.16942,
80,-12,5.13847,
82,-12,5.90502,
84,-12,6.44438,
86,-12,6.74808,
88,-12,6.81109,
90,-12,6.62759,
92,-12,6.19312,
94,-12,5.51586,
96,-12,4.64736,
98,-12,3.74749,
100,-12,3.15282,
102,-12,3.24538,
104,-12,4.0416,
106,-12,5.15289,
108,-12,6.19481,
110,-12,6.95685,
112,-12,7.34002,
114,-12,7.28265,
116,-12,6.71721,
118,-12,5.54145,
120,-12,3.59593,
122,-12,0.737694,
124,-12,-2.09148,
126,-12,-0.998641,
128,-12,2.32462,
130,-12,4.95283,
132,-12,6.69654,
134,-12,7.73383,
136,-12,8.1985,
138,-12,8.1782,
140,-12,7.74246,
142,-12,6.97522,
144,-12,6.0172,
146,-12,5.10096,
148,-12,4.49478,
150,-12,4.29986,
152,-12,4.33859,
154,-12,4.31913,
156,-12,4.00464,
158,-12,3.2247,
160,-12,1.80877,
162,-12,-0.519632,
164,-12,-4.38158,
166,-12,-11.1221,
168,-12,-10.1241,
170,-12,-3.67761,
172,-12,0.0717841,
174,-12,2.47006,
176,-12,4.09321,
178,-12,5.19987,
180,-12,5.92347,
-180,-10,6.11549,
-178,-10,5.17054,
-176,-10,4.14033,
-174,-10,2.97264,
-172,-10,1.57828,
-170,-10,-0.18883,
-168,-10,-2.58864,
-166,-10,-6.1842,
-164,-10,-12.6686,
-162,-10,-18.0432,
-160,-10,-8.55506,
-158,-10,-3.74812,
-156,-10,-0.766782,
-154,-10,1.27927,
-152,-10,2.72469,
-150,-10,3.72506,
-148,-10,4.36004,
-146,-10,4.66989,
-144,-10,4.67013,
-142,-10,4.35701,
-140,-10,3.70791,
-138,-10,2.67754,
-136,-10,1.19007,
-134,-10,-0.867402,
-132,-10,-3.59349,
-130,-10,-6.54578,
-128,-10,-7.15674,
-126,-10,-4.73602,
-124,-10,-2.16251,
-122,-10,-0.257528,
-120,-10,1.03063,
-118,-10,1.81751,
-116,-10,2.18467,
-114,-10,2.18371,
-112,-10,1.84905,
-110,-10,1.2131,
-108,-10,0.33211,
-106,-10,-0.662071,
-104,-10,-1.4853,
-102,-10,-1.72087,
-100,-10,-1.14343,
-98,-10,0.0212324,
-96,-10,1.39315,
-94,-10,2.73733,
-92,-10,3.96533,
-90,-10,5.05909,
-88,-10,6.02343,
-86,-10,6.86549,
-84,-10,7.58712,
-82,-10,8.18315,
-80,-10,8.6418,
-78,-10,8.94582,
-76,-10,9.07326,
-74,-10,8.99779,
-72,-10,8.68863,
-70,-10,8.11139,
-68,-10,7.2338,
-66,-10,6.05042,
-64,-10,4.66875,
-62,-10,3.5207,
-60,-10,3.41425,
-58,-10,4.58815,
-56,-10,6.29494,
-54,-10,7.89658,
-52,-10,9.16787,
-50,-10,10.0653,
-48,-10,10.5917,
-46,-10,10.7521,
-44,-10,10.5397,
-42,-10,9.92891,
-40,-10,8.86871,
-38,-10,7.27389,
-36,-10,5.03434,
-34,-10,2.20459,
-32,-10,0.150972,
-30,-10,1.47183,
-28,-10,4.26509,
-26,-10,6.61122,
-24,-10,8.3211,
-22,-10,9.51042,
-20,-10,10.2863,
-18,-10,10.7234,
-16,-10,10.8726,
-14,-10,10.769,
-12,-10,10.4385,
-10,-10,9.9011,
-8,-10,9.17438,
-6,-10,8.27631,
-4,-10,7.22779,
-2,-10,6.05442,
0,-10,4.78581,
2,-10,3.44929,
4,-10,2.05597,
6,-10,0.580261,
8,-10,-1.06055,
10,-10,-3.0216,
12,-10,-5.53188,
14,-10,-8.71886,
16,-10,-10.9504,
18,-10,-8.65348,
20,-10,-5.07279,
22,-10,-2.25401,
24,-10,-0.184,
26,-10,1.30968,
28,-10,2.3422,
30,-10,2.98024,
32,-10,3.25801,
34,-10,3.18579,
36,-10,2.75253,
38,-10,1.92414,
40,-10,0.6389,
42,-10,-1.18989,
44,-10,-3.5929,
46,-10,-5.98825,
48,-10,-6.11617,
50,-10,-3.70291,
52,-10,-1.09524,
54,-10,0.967926,
56,-10,2.49813,
58,-10,3.59113,
60,-10,4.32244,
62,-10,4.74299,
64,-10,4.88613,
66,-10,4.7742,
68,-10,4.42479,
70,-10,3.85929,
72,-10,3.11815,
74,-10,2.2898,
76,-10,1.55179,
78,-10,1.17732,
80,-10,1.40036,
82,-10,2.20305,
84,-10,3.34535,
86,-10,4.58527,
88,-10,5.78196,
90,-10,6.87524,
92,-10,7.84548,
94,-10,8.68843,
96,-10,9.40316,
98,-10,9.98699,
100,-10,10.4337,
102,-10,10.733,
104,-10,10.8706,
106,-10,10.8285,
108,-10,10.5845,
110,-10,10.1132,
112,-10,9.38785,
114,-10,8.39028,
116,-10,7.14131,
118,-10,5.78838,
120,-10,4.7605,
122,-10,4.67647,
124,-10,5.60767,
126,-10,6.95489,
128,-10,8.21305,
130,-10,9.17718,
132,-10,9.79079,
134,-10,10.0422,
136,-10,9.92474,
138,-10,9.42258,
140,-10,8.50608,
142,-10,7.13632,
144,-10,5.30719,
146,-10,3.24906,
148,-10,1.97189,
150,-10,2.71624,
152,-10,4.65797,
154,-10,6.55839,
156,-10,8.05696,
158,-10,9.14481,
160,-10,9.87713,
162,-10,10.3082,
164,-10,10.4819,
166,-10,10.4338,
168,-10,10.1933,
170,-10,9.78709,
172,-10,9.24035,
174,-10,8.57803,
176,-10,7.82414,
178,-10,6.99921,
180,-10,6.11549,
-180,-8,15.4227,
-178,-8,14.9852,
-176,-8,14.4526,
-174,-8,13.8227,
-172,-8,13.0915,
-170,-8,12.2535,
-168,-8,11.3022,
-166,-8,10.231,
-164,-8,9.03551,
-162,-8,7.71893,
-160,-8,6.30227,
-158,-8,4.84344,
-156,-8,3.46209,
-154,-8,2.34259,
-152,-8,1.65677,
-150,-8,1.42329,
-148,-8,1.47736,
-146,-8,1.59602,
-144,-8,1.60226,
-142,-8,1.37606,
-140,-8,0.823425,
-138,-8,-0.16083,
-136,-8,-1.73808,
-134,-8,-4.20005,
-132,-8,-8.00744,
-130,-8,-11.3134,
-128,-8,-7.12425,
-126,-8,-2.40627,
-124,-8,0.991806,
-122,-8,3.5431,
-120,-8,5.55035,
-118,-8,7.18091,
-116,-8,8.53464,
-114,-8,9.67597,
-112,-8,10.6493,
-110,-8,11.4869,
-108,-8,12.2128,
-106,-8,12.8454,
-104,-8,13.3987,
-102,-8,13.8834,
-100,-8,14.3068,
-98,-8,14.674,
-96,-8,14.9875,
-94,-8,15.2479,
-92,-8,15.4536,
-90,-8,15.6018,
-88,-8,15.6878,
-86,-8,15.7058,
-84,-8,15.6485,
-82,-8,15.5074,
-80,-8,15.2727,
-78,-8,14.9331,
-76,-8,14.4758,
-74,-8,13.8865,
-72,-8,13.1499,
-70,-8,12.251,
-68,-8,11.1794,
-66,-8,9.94055,
-64,-8,8.58159,
-62,-8,7.24108,
-60,-8,6.1949,
-58,-8,5.75919,
-56,-8,5.98942,
-54,-8,6.60153,
-52,-8,7.25958,
-50,-8,7.75424,
-48,-8,7.98108,
-46,-8,7.88032,
-44,-8,7.39497,
-42,-8,6.439,
-40,-8,4.85215,
-38,-8,2.28835,
-36,-8,-2.19063,
-34,-8,-11.6745,
-32,-8,-4.99211,
-30,-8,1.74582,
-28,-8,5.6091,
-26,-8,8.24151,
-24,-8,10.1748,
-22,-8,11.6438,
-20,-8,12.7732,
-18,-8,13.6376,
-16,-8,14.2852,
-14,-8,14.7497,
-12,-8,15.0552,
-10,-8,15.2198,
-8,-8,15.2578,
-6,-8,15.1802,
-4,-8,14.9962,
-2,-8,14.7132,
0,-8,14.3377,
2,-8,13.8754,
4,-8,13.3319,
6,-8,12.7128,
8,-8,12.0248,
10,-8,11.2763,
12,-8,10.4782,
14,-8,9.64505,
16,-8,8.79555,
18,-8,7.95186,
20,-8,7.13744,
22,-8,6.37234,
24,-8,5.66696,
26,-8,5.01655,
28,-8,4.39895,
30,-8,3.77628,
32,-8,3.09893,
34,-8,2.3083,
36,-8,1.33602,
38,-8,0.0981868,
40,-8,-1.51432,
42,-8,-3.63461,
44,-8,-6.27828,
46,-8,-8.34064,
48,-8,-7.01107,
50,-8,-3.73245,
52,-8,-0.7313,
54,-8,1.71041,
56,-8,3.70646,
58,-8,5.37093,
60,-8,6.78471,
62,-8,8.00377,
64,-8,9.06781,
66,-8,10.0059,
68,-8,10.8397,
70,-8,11.586,
72,-8,12.2574,
74,-8,12.8634,
76,-8,13.4111,
78,-8,13.9052,
80,-8,14.3486,
82,-8,14.7424,
84,-8,15.0863,
86,-8,15.3787,
88,-8,15.6168,
90,-8,15.7969,
92,-8,15.9141,
94,-8,15.963,
96,-8,15.9371,
98,-8,15.8292,
100,-8,15.631,
102,-8,15.3336,
104,-8,14.9271,
106,-8,14.401,
108,-8,13.7451,
110,-8,12.9509,
112,-8,12.0155,
114,-8,10.9495,
116,-8,9.7923,
118,-8,8.6359,
120,-8,7.64198,
122,-8,7.0023,
124,-8,6.80921,
126,-8,6.9613,
128,-8,7.24245,
130,-8,7.45345,
132,-8,7.45607,
134,-8,7.1518,
136,-8,6.44498,
138,-8,5.19894,
140,-8,3.15609,
142,-8,-0.301878,
144,-8,-7.31111,
146,-8,-10.1229,
148,-8,-0.535771,
150,-8,4.27296,
152,-8,7.39598,
154,-8,9.65564,
156,-8,11.3742,
158,-8,12.7115,
160,-8,13.7591,
162,-8,14.5746,
164,-8,15.1969,
166,-8,15.6535,
168,-8,15.9648,
170,-8,16.1462,
172,-8,16.2092,
174,-8,16.1627,
176,-8,16.0134,
178,-8,15.7658,
180,-8,15.4227,
-180,-6,13.1917,
-178,-6,12.9713,
-176,-6,12.6471,
-174,-6,12.2184,
-172,-6,11.683,
-170,-6,11.0377,
-168,-6,10.2783,
-166,-6,9.40043,
-164,-6,8.40088,
-162,-6,7.28011,
-160,-6,6.04786,
-158,-6,4.73314,
-156,-6,3.40004,
-154,-6,2.16338,
-152,-6,1.17852,
-150,-6,0.570562,
-148,-6,0.337091,
-146,-6,0.340864,
-144,-6,0.401576,
-142,-6,0.370595,
-140,-6,0.142762,
-138,-6,-0.362976,
-136,-6,-1.22668,
-134,-6,-2.54381,
-132,-6,-4.40624,
-130,-6,-6.64555,
-128,-6,-7.6918,
-126,-6,-5.56991,
-124,-6,-2.29584,
-122,-6,0.609547,
-120,-6,2.99823,
-118,-6,4.96891,
-116,-6,6.61711,
-114,-6,8.01179,
-112,-6,9.20119,
-110,-6,10.2195,
-108,-6,11.0914,
-106,-6,11.835,
-104,-6,12.4639,
-102,-6,12.9882,
-100,-6,13.4152,
-98,-6,13.7503,
-96,-6,13.997,
-94,-6,14.1575,
-92,-6,14.2323,
-90,-6,14.2211,
-88,-6,14.1222,
-86,-6,13.9328,
-84,-6,13.6491,
-82,-6,13.2665,
-80,-6,12.7795,
-78,-6,12.1829,
-76,-6,11.4728,
-74,-6,10.6494,
-72,-6,9.72335,
-70,-6,8.72641,
-68,-6,7.7291,
-66,-6,6.85791,
-64,-6,6.28247,
-62,-6,6.13444,
-60,-6,6.40424,
-58,-6,6.94636,
-56,-6,7.58547,
-54,-6,8.19193,
-52,-6,8.69045,
-50,-6,9.04179,
-48,-6,9.22508,
-46,-6,9.2265,
-44,-6,9.03246,
-42,-6,8.62495,
-40,-6,7.97698,
-38,-6,7.04648,
-36,-6,5.76565,
-34,-6,4.02092,
-32,-6,1.61418,
-30,-6,-1.77534,
-28,-6,-5.92213,
-26,-6,-5.53534,
-24,-6,-1.22777,
-22,-6,2.19553,
-20,-6,4.6783,
-18,-6,6.53732,
-16,-6,7.96581,
-14,-6,9.07714,
-12,-6,9.94155,
-10,-6,10.605,
-8,-6,11.0991,
-6,-6,11.446,
-4,-6,11.662,
-2,-6,11.7591,
0,-6,11.7464,
2,-6,11.6304,
4,-6,11.416,
6,-6,11.1068,
8,-6,10.7053,
10,-6,10.2131,
12,-6,9.63133,
14,-6,8.96113,
16,-6,8.20386,
18,-6,7.36199,
20,-6,6.44,
22,-6,5.4457,
24,-6,4.39172,
26,-6,3.29677,
28,-6,2.18552,
30,-6,1.08535,
32,-6,0.0181118,
34,-6,-1.01252,
36,-6,-2.03423,
38,-6,-3.1149,
40,-6,-4.36812,
42,-6,-5.96643,
44,-6,-8.18139,
46,-6,-11.4343,
48,-6,-15.2941,
50,-6,-13.1816,
52,-6,-8.0971,
54,-6,-4.19877,
56,-6,-1.22656,
58,-6,1.15025,
60,-6,3.11792,
62,-6,4.78433,
64,-6,6.2164,
66,-6,7.45818,
68,-6,8.54009,
70,-6,9.48389,
72,-6,10.3055,
74,-6,11.0169,
76,-6,11.6269,
78,-6,12.1422,
80,-6,12.5677,
82,-6,12.9066,
84,-6,13.1611,
86,-6,13.3322,
88,-6,13.4198,
90,-6,13.4231,
92,-6,13.3401,
94,-6,13.1684,
96,-6,12.9047,
98,-6,12.5456,
100,-6,12.0875,
102,-6,11.5281,
104,-6,10.8681,
106,-6,10.1144,
108,-6,9.28624,
110,-6,8.42432,
112,-6,7.60146,
114,-6,6.9248,
116,-6,6.51031,
118,-6,6.42369,
120,-6,6.63302,
122,-6,7.02858,
124,-6,7.48491,
126,-6,7.90307,
128,-6,8.21786,
130,-6,8.38849,
132,-6,8.38718,
134,-6,8.19027,
136,-6,7.77152,
138,-6,7.0958,
140,-6,6.11141,
142,-6,4.73867,
144,-6,2.85429,
146,-6,0.298855,
148,-6,-2.79565,
150,-6,-4.06286,
152,-6,-1.30186,
154,-6,2.04278,
156,-6,4.71042,
158,-6,6.77606,
160,-6,8.39796,
162,-6,9.6869,
164,-6,10.7154,
166,-6,11.5319,
168,-6,12.1696,
170,-6,12.6523,
172,-6,12.9967,
174,-6,13.2153,
176,-6,13.3168,
178,-6,13.3076,
180,-6,13.1917,
-180,-4,14.5061,
-178,-4,14.4801,
-176,-4,14.4859,
-174,-4,14.5215,
-172,-4,14.5839,
-170,-4,14.6696,
-168,-4,14.7745,
-166,-4,14.8943,
-164,-4,15.0247,
-162,-4,15.1613,
-160,-4,15.3,
-158,-4,15.4369,
-156,-4,15.5683,
-154,-4,15.691,
-152,-4,15.8021,
-150,-4,15.8991,
-148,-4,15.9797,
-146,-4,16.0421,
-144,-4,16.085,
-142,-4,16.107,
-140,-4,16.1074,
-138,-4,16.0857,
-136,-4,16.0416,
-134,-4,15.9753,
-132,-4,15.8871,
-130,-4,15.7779,
-128,-4,15.6486,
-126,-4,15.5009,
-124,-4,15.3367,
-122,-4,15.1582,
-120,-4,14.9683,
-118,-4,14.7703,
-116,-4,14.5681,
-114,-4,14.3659,
-112,-4,14.1685,
-110,-4,13.9811,
-108,-4,13.809,
-106,-4,13.6579,
-104,-4,13.5332,
-102,-4,13.4398,
-100,-4,13.3822,
-98,-4,13.3638,
-96,-4,13.387,
-94,-4,13.4529,
-92,-4,13.561,
-90,-4,13.7099,
-88,-4,13.8967,
-86,-4,14.1174,
-84,-4,14.3676,
-82,-4,14.642,
-80,-4,14.9353,
-78,-4,15.242,
-76,-4,15.5568,
-74,-4,15.8745,
-72,-4,16.1904,
-70,-4,16.5002,
-68,-4,16.7998,
-66,-4,17.0859,
-64,-4,17.3553,
-62,-4,17.6054,
-60,-4,17.8339,
-58,-4,18.0391,
-56,-4,18.2192,
-54,-4,18.3731,
-52,-4,18.4999,
-50,-4,18.5988,
-48,-4,18.6696,
-46,-4,18.7119,
-44,-4,18.7259,
-42,-4,18.7119,
-40,-4,18.6705,
-38,-4,18.6025,
-36,-4,18.5088,
-34,-4,18.3909,
-32,-4,18.2503,
-30,-4,18.089,
-28,-4,17.9089,
-26,-4,17.7127,
-24,-4,17.5031,
-22,-4,17.2832,
-20,-4,17.0564,
-18,-4,16.8262,
-16,-4,16.5965,
-14,-4,16.3711,
-12,-4,16.1541,
-10,-4,15.9494,
-8,-4,15.7606,
-6,-4,15.591,
-4,-4,15.4436,
-2,-4,15.3206,
0,-4,15.2236,
2,-4,15.1533,
4,-4,15.1097,
6,-4,15.0921,
8,-4,15.0989,
10,-4,15.128,
12,-4,15.1768,
14,-4,15.2423,
16,-4,15.3212,
18,-4,15.4102,
20,-4,15.5059,
22,-4,15.6049,
24,-4,15.7042,
26,-4,15.8008,
28,-4,15.892,
30,-4,15.9754,
32,-4,16.0488,
34,-4,16.1105,
36,-4,16.1587,
38,-4,16.1924,
40,-4,16.2104,
42,-4,16.2121,
44,-4,16.197,
46,-4,16.1649,
48,-4,16.1161,
50,-4,16.0508,
52,-4,15.9697,
54,-4,15.874,
56,-4,15.765,
58,-4,15.6442,
60,-4,15.5138,
62,-4,15.3762,
64,-4,15.2341,
66,-4,15.0907,
68,-4,14.9494,
70,-4,14.8141,
72,-4,14.6888,
74,-4,14.5777,
76,-4,14.4849,
78,-4,14.4144,
80,-4,14.3698,
82,-4,14.3543,
84,-4,14.3703,
86,-4,14.4191,
88,-4,14.5013,
90,-4,14.6161,
92,-4,14.7621,
94,-4,14.9365,
96,-4,15.136,
98,-4,15.3566,
100,-4,15.594,
102,-4,15.8436,
104,-4,16.1006,
106,-4,16.3607,
108,-4,16.6194,
110,-4,16.8728,
112,-4,17.117,
114,-4,17.3488,
116,-4,17.5652,
118,-4,17.7635,
120,-4,17.9414,
122,-4,18.0969,
124,-4,18.2286,
126,-4,18.3349,
128,-4,18.4148,
130,-4,18.4676,
132,-4,18.4928,
134,-4,18.4899,
136,-4,18.4591,
138,-4,18.4007,
140,-4,18.315,
142,-4,18.2029,
144,-4,18.0655,
146,-4,17.9043,
148,-4,17.7209,
150,-4,17.5176,
152,-4,17.2967,
154,-4,17.0612,
156,-4,16.8145,
158,-4,16.5601,
160,-4,16.3022,
162,-4,16.0452,
164,-4,15.7937,
166,-4,15.5525,
168,-4,15.3264,
170,-4,15.1199,
172,-4,14.9374,
174,-4,14.7823,
176,-4,14.6576,
178,-4,14.5653,
180,-4,14.5061,
-180,-2,25.1334,
-178,-2,25.1175,
-176,-2,25.1025,
-174,-2,25.0882,
-172,-2,25.0748,
-170,-2,25.0623,
-168,-2,25.0505,
-166,-2,25.0395,
-164,-2,25.0293,
-162,-2,25.0197,
-160,-2,25.0107,
-158,-2,25.0023,
-156,-2,24.9944,
-154,-2,24.9868,
-152,-2,24.9797,
-150,-2,24.9728,
-148,-2,24.9662,
-146,-2,24.9598,
-144,-2,24.9536,
-142,-2,24.9475,
-140,-2,24.9415,
-138,-2,24.9356,
-136,-2,24.9299,
-134,-2,24.9244,
-132,-2,24.9191,
-130,-2,24.9141,
-128,-2,24.9094,
-126,-2,24.9052,
-124,-2,24.9014,
-122,-2,24.8982,
-120,-2,24.8958,
-118,-2,24.8941,
-116,-2,24.8934,
-114,-2,24.8936,
-112,-2,24.895,
-110,-2,24.8976,
-108,-2,24.9015,
-106,-2,24.9068,
-104,-2,24.9135,
-102,-2,24.9217,
-100,-2,24.9315,
-98,-2,24.9428,
-96,-2,24.9556,
-94,-2,24.97,
-92,-2,24.9858,
-90,-2,25.003,
-88,-2,25.0215,
-86,-2,25.0412,
-84,-2,25.0621,
-82,-2,25.0838,
-80,-2,25.1063,
-78,-2,25.1295,
-76,-2,25.153,
-74,-2,25.1768,
-72,-2,25.2006,
-70,-2,25.2243,
-68,-2,25.2475,
-66,-2,25.2702,
-64,-2,25.2921,
-62,-2,25.313,
-60,-2,25.3329,
-58,-2,25.3514,
-56,-2,25.3684,
-54,-2,25.3839,
-52,-2,25.3976,
-50,-2,25.4096,
-48,-2,25.4197,
-46,-2,25.4278,
-44,-2,25.434,
-42,-2,25.4382,
-40,-2,25.4405,
-38,-2,25.4408,
-36,-2,25.4393,
-34,-2,25.4359,
-32,-2,25.4308,
-30,-2,25.4242,
-28,-2,25.416,
-26,-2,25.4065,
-24,-2,25.3958,
-22,-2,25.384,
-20,-2,25.3713,
-18,-2,25.3579,
-16,-2,25.344,
-14,-2,25.3296,
-12,-2,25.315,
-10,-2,25.3002,
-8,-2,25.2856,
-6,-2,25.2711,
-4,-2,25.2569,
-2,-2,25.2431,
0,-2,25.2298,
2,-2,25.2171,
4,-2,25.2051,
6,-2,25.1938,
8,-2,25.1832,
10,-2,25.1735,
12,-2,25.1645,
14,-2,25.1562,
16,-2,25.1487,
18,-2,25.142,
20,-2,25.1359,
22,-2,25.1305,
24,-2,25.1257,
26,-2,25.1215,
28,-2,25.1178,
30,-2,25.1145,
32,-2,25.1116,
34,-2,25.1091,
36,-2,25.1069,
38,-2,25.105,
40,-2,25.1034,
42,-2,25.102,
44,-2,25.1008,
46,-2,25.0999,
48,-2,25.0992,
50,-2,25.0988,
52,-2,25.0987,
54,-2,25.0989,
56,-2,25.0995,
58,-2,25.1006,
60,-2,25.1022,
62,-2,25.1043,
64,-2,25.1071,
66,-2,25.1105,
68,-2,25.1147,
70,-2,25.1197,
72,-2,25.1256,
74,-2,25.1324,
76,-2,25.1401,
78,-2,25.1487,
80,-2,25.1584,
82,-2,25.169,
84,-2,25.1807,
86,-2,25.1932,
88,-2,25.2066,
90,-2,25.2208,
92,-2,25.2358,
94,-2,25.2514,
96,-2,25.2675,
98,-2,25.2841,
100,-2,25.3009,
102,-2,25.3178,
104,-2,25.3347,
106,-2,25.3514,
108,-2,25.3677,
110,-2,25.3835,
112,-2,25.3986,
114,-2,25.4129,
116,-2,25.4261,
118,-2,25.4381,
120,-2,25.4489,
122,-2,25.4582,
124,-2,25.466,
126,-2,25.4721,
128,-2,25.4764,
130,-2,25.479,
132,-2,25.4798,
134,-2,25.4787,
136,-2,25.4757,
138,-2,25.4709,
140,-2,25.4643,
142,-2,25.456,
144,-2,25.4459,
146,-2,25.4344,
148,-2,25.4213,
150,-2,25.4069,
152,-2,25.3914,
154,-2,25.3747,
156,-2,25.3572,
158,-2,25.3389,
160,-2,25.3201,
162,-2,25.3009,
164,-2,25.2814,
166,-2,25.2618,
168,-2,25.2422,
170,-2,25.2229,
172,-2,25.2039,
174,-2,25.1854,
176,-2,25.1674,
178,-2,25.15,
180,-2,25.1334,
-180,0,27.6026,
-178,0,27.6026,
-176,0,27.6026,
-174,0,27.6026,
-172,0,27.6026,
-170,0,27.6026,
-168,0,27.6026,
-166,0,27.6026,
-164,0,27.6026,
-162,0,27.6026,
-160,0,27.6026,
-158,0,27.6026,
-156,0,27.6026,
-154,0,27.6026,
-152,0,27.6026,
-150,0,27.6026,
-148,0,27.6026,
-146,0,27.6026,
-144,0,27.6026,
-142,0,27.6026,
-140,0,27.6026,
-138,0,27.6026,
-136,0,27.6026,
-134,0,27.6026,
-132,0,27.6026,
-130,0,27.6026,
-128,0,27.6026,
-126,0,27.6026,
-124,0,27.6026,
-122,0,27.6026,
-120,0,27.6026,
-118,0,27.6026,
-116,0,27.6026,
-114,0,27.6026,
-112,0,27.6026,
-110,0,27.6026,
-108,0,27.6026,
-106,0,27.6026,
-104,0,27.6026,
-102,0,27.6026,
-100,0,27.6026,
-98,0,27.6026,
-96,0,27.6026,
-94,0,27.6026,
-92,0,27.6026,
-90,0,27.6026,
-88,0,27.6026,
-86,0,27.6026,
-84,0,27.6026,
-82,0,27.6026,
-80,0,27.6026,
-78,0,27.6026,
-76,0,27.6026,
-74,0,27.6026,
-72,0,27.6026,
-70,0,27.6026,
-68,0,27.6026,
-66,0,27.6026,
-64,0,27.6026,
-62,0,27.6026,
-60,0,27.6026,
-58,0,27.6026,
-56,0,27.6026,
-54,0,27.6026,
-52,0,27.6026,
-50,0,27.6026,
-48,0,27.6026,
-46,0,27.6026,
-44,0,27.6026,
-42,0,27.6026,
-40,0,27.6026,
-38,0,27.6026,
-36,0,27.6026,
-34,0,27.6026,
-32,0,27.6026,
-30,0,27.6026,
-28,0,27.6026,
-26,0,27.6026,
-24,0,27.6026,
-22,0,27.6026,
-20,0,27.6026,
-18,0,27.6026,
-16,0,27.6026,
-14,0,27.6026,
-12,0,27.6026,
-10,0,27.6026,
-8,0,27.6026,
-6,0,27.6026,
-4,0,27.6026,
-2,0,27.6026,
0,0,27.6026,
2,0,27.6026,
4,0,27.6026,
6,0,27.6026,
8,0,27.6026,
10,0,27.6026,
12,0,27.6026,
14,0,27.6026,
16,0,27.6026,
18,0,27.6026,
20,0,27.6026,
22,0,27.6026,
24,0,27.6026,
26,0,27.6026,
28,0,27.6026,
30,0,27.6026,
32,0,27.6026,
34,0,27.6026,
36,0,27.6026,
38,0,27.6026,
40,0,27.6026,
42,0,27.6026,
44,0,27.6026,
46,0,27.6026,
48,0,27.6026,
50,0,27.6026,
52,0,27.6026,
54,0,27.6026,
56,0,27.6026,
58,0,27.6026,
60,0,27.6026,
62,0,27.6026,
64,0,27.6026,
66,0,27.6026,
68,0,27.6026,
70,0,27.6026,
72,0,27.6026,
74,0,27.6026,
76,0,27.6026,
78,0,27.6026,
80,0,27.6026,
82,0,27.6026,
84,0,27.6026,
86,0,27.6026,
88,0,27.6026,
90,0,27.6026,
92,0,27.6026,
94,0,27.6026,
96,0,27.6026,
98,0,27.6026,
100,0,27.6026,
102,0,27.6026,
104,0,27.6026,
106,0,27.6026,
108,0,27.6026,
110,0,27.6026,
112,0,27.6026,
114,0,27.6026,
116,0,27.6026,
118,0,27.6026,
120,0,27.6026,
122,0,27.6026,
124,0,27.6026,
126,0,27.6026,
128,0,27.6026,
130,0,27.6026,
132,0,27.6026,
134,0,27.6026,
136,0,27.6026,
138,0,27.6026,
140,0,27.6026,
142,0,27.6026,
144,0,27.6026,
146,0,27.6026,
148,0,27.6026,
150,0,27.6026,
152,0,27.6026,
154,0,27.6026,
156,0,27.6026,
158,0,27.6026,
160,0,27.6026,
162,0,27.6026,
164,0,27.6026,
166,0,27.6026,
168,0,27.6026,
170,0,27.6026,
172,0,27.6026,
174,0,27.6026,
176,0,27.6026,
178,0,27.6026,
180,0,27.6026,
-180,2,25.2298,
-178,2,25.2171,
-176,2,25.2051,
-174,2,25.1938,
-172,2,25.1832,
-170,2,25.1735,
-168,2,25.1645,
-166,2,25.1562,
-164,2,25.1487,
-162,2,25.142,
-160,2,25.1359,
-158,2,25.1305,
-156,2,25.1257,
-154,2,25.1215,
-152,2,25.1178,
-150,2,25.1145,
-148,2,25.1116,
-146,2,25.1091,
-144,2,25.1069,
-142,2,25.105,
-140,2,25.1034,
-138,2,25.102,
-136,2,25.1008,
-134,2,25.0999,
-132,2,25.0992,
-130,2,25.0988,
-128,2,25.0987,
-126,2,25.0989,
-124,2,25.0995,
-122,2,25.1006,
-120,2,25.1022,
-118,2,25.1043,
-116,2,25.1071,
-114,2,25.1105,
-112,2,25.1147,
-110,2,25.1197,
-108,2,25.1256,
-106,2,25.1324,
-104,2,25.1401,
-102,2,25.1487,
-100,2,25.1584,
-98,2,25.169,
-96,2,25.1807,
-94,2,25.1932,
-92,2,25.2066,
-90,2,25.2208,
-88,2,25.2358,
-86,2,25.2514,
-84,2,25.2675,
-82,2,25.2841,
-80,2,25.3009,
-78,2,25.3178,
-76,2,25.3347,
-74,2,25.3514,
-72,2,25.3677,
-70,2,25.3835,
-68,2,25.3986,
-66,2,25.4129,
-64,2,25.4261,
-62,2,25.4381,
-60,2,25.4489,
-58,2,25.4582,
-56,2,25.466,
-54,2,25.4721,
-52,2,25.4764,
-50,2,25.479,
-48,2,25.4798,
-46,2,25.4787,
-44,2,25.4757,
-42,2,25.4709,
-40,2,25.4643,
-38,2,25.456,
-36,2,25.4459,
-34,2,25.4344,
-32,2,25.4213,
-30,2,25.4069,
-28,2,25.3914,
-26,2,25.3747,
-24,2,25.3572,
-22,2,25.3389,
-20,2,25.3201,
-18,2,25.3009,
-16,2,25.2814,
-14,2,25.2618,
-12,2,25.2422,
-10,2,25.2229,
-8,2,25.2039,
-6,2,25.1854,
-4,2,25.1674,
-2,2,25.15,
0,2,25.1334,
2,2,25.1175,
4,2,25.1025,
6,2,25.0882,
8,2,25.0748,
10,2,25.0623,
12,2,25.0505,
14,2,25.0395,
16,2,25.0293,
18,2,25.0197,
20,2,25.0107,
22,2,25.0023,
24,2,24.9944,
26,2,24.9868,
28,2,24.9797,
30,2,24.9728,
32,2,24.9662,
34,2,24.9598,
36,2,24.9536,
38,2,24.9475,
40,2,24.9415,
42,2,24.9356,
44,2,24.9299,
46,2,24.9244,
48,2,24.9191,
50,2,24.9141,
52,2,24.9094,
54,2,24.9052,
56,2,24.9014,
58,2,24.8982,
60,2,24.8958,
62,2,24.8941,
64,2,24.8934,
66,2,24.8936,
68,2,24.895,
70,2,24.8976,
72,2,24.9015,
74,2,24.9068,
76,2,24.9135,
78,2,24.9217,
80,2,24.9315,
82,2,24.9428,
84,2,24.9556,
86,2,24.97,
88,2,24.9858,
90,2,25.003,
92,2,25.0215,
94,2,25.0412,
96,2,25.0621,
98,2,25.0838,
100,2,25.1063,
102,2,25.1295,
104,2,25.153,
106,2,25.1768,
108,2,25.2006,
110,2,25.2243,
112,2,25.2475,
114,2,25.2702,
116,2,25.2921,
118,2,25.313,
120,2,25.3329,
122,2,25.3514,
124,2,25.3684,
126,2,25.3839,
128,2,25.3976,
130,2,25.4096,
132,2,25.4197,
134,2,25.4278,
136,2,25.434,
138,2,25.4382,
140,2,25.4405,
142,2,25.4408,
144,2,25.4393,
146,2,25.4359,
148,2,25.4308,
150,2,25.4242,
152,2,25.416,
154,2,25.4065,
156,2,25.3958,
158,2,25.384,
160,2,25.3713,
162,2,25.3579,
164,2,25.344,
166,2,25.3296,
168,2,25.315,
170,2,25.3002,
172,2,25.2856,
174,2,25.2711,
176,2,25.2569,
178,2,25.2431,
180,2,25.2298,
-180,4,15.2236,
-178,4,15.1533,
-176,4,15.1097,
-174,4,15.0921,
-172,4,15.0989,
-170,4,15.128,
-168,4,15.1768,
-166,4,15.2423,
-164,4,15.3212,
-162,4,15.4102,
-160,4,15.5059,
-158,4,15.6049,
-156,4,15.7042,
-154,4,15.8008,
-152,4,15.892,
-150,4,15.9754,
-148,4,16.0488,
-146,4,16.1105,
-144,4,16.1587,
-142,4,16.1924,
-140,4,16.2104,
-138,4,16.2121,
-136,4,16.197,
-134,4,16.1649,
-132,4,16.1161,
-130,4,16.0508,
-128,4,15.9697,
-126,4,15.874,
-124,4,15.765,
-122,4,15.6442,
-120,4,15.5138,
-118,4,15.3762,
-116,4,15.2341,
-114,4,15.0907,
-112,4,14.9494,
-110,4,14.8141,
-108,4,14.6888,
-106,4,14.5777,
-104,4,14.4849,
-102,4,14.4144,
-100,4,14.3698,
-98,4,14.3543,
-96,4,14.3703,
-94,4,14.4191,
-92,4,14.5013,
-90,4,14.6161,
-88,4,14.7621,
-86,4,14.9365,
-84,4,15.136,
-82,4,15.3566,
-80,4,15.594,
-78,4,15.8436,
-76,4,16.1006,
-74,4,16.3607,
-72,4,16.6194,
-70,4,16.8728,
-68,4,17.117,
-66,4,17.3488,
-64,4,17.5652,
-62,4,17.7635,
-60,4,17.9414,
-58,4,18.0969,
-56,4,18.2286,
-54,4,18.3349,
-52,4,18.4148,
-50,4,18.4676,
-48,4,18.4928,
-46,4,18.4899,
-44,4,18.4591,
-42,4,18.4007,
-40,4,18.315,
-38,4,18.2029,
-36,4,18.0655,
-34,4,17.9043,
-32,4,17.7209,
-30,4,17.5176,
-28,4,17.2967,
-26,4,17.0612,
-24,4,16.8145,
-22,4,16.5601,
-20,4,16.3022,
-18,4,16.0452,
-16,4,15.7937,
-14,4,15.5525,
-12,4,15.3264,
-10,4,15.1199,
-8,4,14.9374,
-6,4,14.7823,
-4,4,14.6576,
-2,4,14.5653,
0,4,14.5061,
2,4,14.4801,
4,4,14.4859,
6,4,14.5215,
8,4,14.5839,
10,4,14.6696,
12,4,14.7745,
14,4,14.8943,
16,4,15.0247,
18,4,15.1613,
20,4,15.3,
22,4,15.4369,
24,4,15.5683,
26,4,15.691,
28,4,15.8021,
30,4,15.8991,
32,4,15.9797,
34,4,16.0421,
36,4,16.085,
38,4,16.107,
40,4,16.1074,
42,4,16.0857,
44,4,16.0416,
46,4,15.9753,
48,4,15.8871,
50,4,15.7779,
52,4,15.6486,
54,4,15.5009,
56,4,15.3367,
58,4,15.1582,
60,4,14.9683,
62,4,14.7703,
64,4,14.5681,
66,4,14.3659,
68,4,14.1685,
70,4,13.9811,
72,4,13.809,
74,4,13.6579,
76,4,13.5332,
78,4,13.4398,
80,4,13.3822,
82,4,13.3638,
84,4,13.387,
86,4,13.4529,
88,4,13.561,
90,4,13.7099,
92,4,13.8967,
94,4,14.1174,
96,4,14.3676,
98,4,14.642,
100,4,14.9353,
102,4,15.242,
104,4,15.5568,
106,4,15.8745,
108,4,16.1904,
110,4,16.5002,
112,4,16.7998,
114,4,17.0859,
116,4,17.3553,
118,4,17.6054,
120,4,17.8339,
122,4,18.0391,
124,4,18.2192,
126,4,18.3731,
128,4,18.4999,
130,4,18.5988,
132,4,18.6696,
134,4,18.7119,
136,4,18.7259,
138,4,18.7119,
140,4,18.6705,
142,4,18.6025,
144,4,18.5088,
146,4,18.3909,
148,4,18.2503,
150,4,18.089,
152,4,17.9089,
154,4,17.7127,
156,4,17.5031,
158,4,17.2832,
160,4,17.0564,
162,4,16.8262,
164,4,16.5965,
166,4,16.3711,
168,4,16.1541,
170,4,15.9494,
172,4,15.7606,
174,4,15.591,
176,4,15.4436,
178,4,15.3206,
180,4,15.2236,
-180,6,11.7464,
-178,6,11.6304,
-176,6,11.416,
-174,6,11.1068,
-172,6,10.7053,
-170,6,10.2131,
-168,6,9.63133,
-166,6,8.96113,
-164,6,8.20386,
-162,6,7.36199,
-160,6,6.44,
-158,6,5.4457,
-156,6,4.39172,
-154,6,3.29677,
-152,6,2.18552,
-150,6,1.08535,
-148,6,0.0181118,
-146,6,-1.01252,
-144,6,-2.03423,
-142,6,-3.1149,
-140,6,-4.36812,
-138,6,-5.96643,
-136,6,-8.18139,
-134,6,-11.4343,
-132,6,-15.2941,
-130,6,-13.1816,
-128,6,-8.0971,
-126,6,-4.19877,
-124,6,-1.22656,
-122,6,1.15025,
-120,6,3.11792,
-118,6,4.78433,
-116,6,6.2164,
-114,6,7.45818,
-112,6,8.54009,
-110,6,9.48389,
-108,6,10.3055,
-106,6,11.0169,
-104,6,11.6269,
-102,6,12.1422,
-100,6,12.5677,
-98,6,12.9066,
-96,6,13.1611,
-94,6,13.3322,
-92,6,13.4198,
-90,6,13.4231,
-88,6,13.3401,
-86,6,13.1684,
-84,6,12.9047,
-82,6,12.5456,
-80,6,12.0875,
-78,6,11.5281,
-76,6,10.8681,
-74,6,10.1144,
-72,6,9.28624,
-70,6,8.42432,
-68,6,7.60146,
-66,6,6.9248,
-64,6,6.51031,
-62,6,6.42369,
-60,6,6.63302,
-58,6,7.02858,
-56,6,7.48491,
-54,6,7.90307,
-52,6,8.21786,
-50,6,8.38849,
-48,6,8.38718,
-46,6,8.19027,
-44,6,7.77152,
-42,6,7.0958,
-40,6,6.11141,
-38,6,4.73867,
-36,6,2.85429,
-34,6,0.298855,
-32,6,-2.79565,
-30,6,-4.06286,
-28,6,-1.30186,
-26,6,2.04278,
-24,6,4.71042,
-22,6,6.77606,
-20,6,8.39796,
-18,6,9.6869,
-16,6,10.7154,
-14,6,11.5319,
-12,6,12.1696,
-10,6,12.6523,
-8,6,12.9967,
-6,6,13.2153,
-4,6,13.3168,
-2,6,13.3076,
0,6,13.1917,
2,6,12.9713,
4,6,12.6471,
6,6,12.2184,
8,6,11.683,
10,6,11.0377,
12,6,10.2783,
14,6,9.40043,
16,6,8.40088,
18,6,7.28011,
20,6,6.04786,
22,6,4.73314,
24,6,3.40004,
26,6,2.16338,
28,6,1.17852,
30,6,0.570562,
32,6,0.337091,
34,6,0.340864,
36,6,0.401576,
38,6,0.370595,
40,6,0.142762,
42,6,-0.362976,
44,6,-1.22668,
46,6,-2.54381,
48,6,-4.40624,
50,6,-6.64555,
52,6,-7.6918,
54,6,-5.56991,
56,6,-2.29584,
58,6,0.609547,
60,6,2.99823,
62,6,4.96891,
64,6,6.61711,
66,6,8.01179,
68,6,9.20119,
70,6,10.2195,
72,6,11.0914,
74,6,11.835,
76,6,12.4639,
78,6,12.9882,
80,6,13.4152,
82,6,13.7503,
84,6,13.997,
86,6,14.1575,
88,6,14.2323,
90,6,14.2211,
92,6,14.1222,
94,6,13.9328,
96,6,13.6491,
98,6,13.2665,
100,6,12.7795,
102,6,12.1829,
104,6,11.4728,
106,6,10.6494,
108,6,9.72335,
110,6,8.72641,
112,6,7.7291,
114,6,6.85791,
116,6,6.28247,
118,6,6.13444,
120,6,6.40424,
122,6,6.94636,
124,6,7.58547,
126,6,8.19193,
128,6,8.69045,
130,6,9.04179,
132,6,9.22508,
134,6,9.2265,
136,6,9.03246,
138,6,8.62495,
140,6,7.97698,
142,6,7.04648,
144,6,5.76565,
146,6,4.02092,
148,6,1.61418,
150,6,-1.77534,
152,6,-5.92213,
154,6,-5.53534,
156,6,-1.22777,
158,6,2.19553,
160,6,4.6783,
162,6,6.53732,
164,6,7.96581,
166,6,9.07714,
168,6,9.94155,
170,6,10.605,
172,6,11.0991,
174,6,11.446,
176,6,11.662,
178,6,11.7591,
180,6,11.7464,
-180,8,14.3377,
-178,8,13.8754,
-176,8,13.3319,
-174,8,12.7128,
-172,8,12.0248,
-170,8,11.2763,
-168,8,10.4782,
-166,8,9.64505,
-164,8,8.79555,
-162,8,7.95186,
-160,8,7.13744,
-158,8,6.37234,
-156,8,5.66696,
-154,8,5.01655,
-152,8,4.39895,
-150,8,3.77628,
-148,8,3.09893,
-146,8,2.3083,
-144,8,1.33602,
-142,8,0.0981868,
-140,8,-1.51432,
-138,8,-3.63461,
-136,8,-6.27828,
-134,8,-8.34064,
-132,8,-7.01107,
-130,8,-3.73245,
-128,8,-0.7313,
-126,8,1.71041,
-124,8,3.70646,
-122,8,5.37093,
-120,8,6.78471,
-118,8,8.00377,
-116,8,9.06781,
-114,8,10.0059,
-112,8,10.8397,
-110,8,11.586,
-108,8,12.2574,
-106,8,12.8634,
-104,8,13.4111,
-102,8,13.9052,
-100,8,14.3486,
-98,8,14.7424,
-96,8,15.0863,
-94,8,15.3787,
-92,8,15.6168,
-90,8,15.7969,
-88,8,15.9141,
-86,8,15.963,
-84,8,15.9371,
-82,8,15.8292,
-80,8,15.631,
-78,8,15.3336,
-76,8,14.9271,
-74,8,14.401,
-72,8,13.7451,
-70,8,12.9509,
-68,8,12.0155,
-66,8,10.9495,
-64,8,9.7923,
-62,8,8.6359,
-60,8,7.64198,
-58,8,7.0023,
-56,8,6.80921,
-54,8,6.9613,
-52,8,7.24245,
-50,8,7.45345,
-48,8,7.45607,
-46,8,7.1518,
-44,8,6.44498,
-42,8,5.19894,
-40,8,3.15609,
-38,8,-0.301878,
-36,8,-7.31111,
-34,8,-10.1229,
-32,8,-0.535771,
-30,8,4.27296,
-28,8,7.39598,
-26,8,9.65564,
-24,8,11.3742,
-22,8,12.7115,
-20,8,13.7591,
-18,8,14.5746,
-16,8,15.1969,
-14,8,15.6535,
-12,8,15.9648,
-10,8,16.1462,
-8,8,16.2092,
-6,8,16.1627,
-4,8,16.0134,
-2,8,15.7658,
0,8,15.4227,
2,8,14.9852,
4,8,14.4526,
6,8,13.8227,
8,8,13.0915,
10,8,12.2535,
12,8,11.3022,
14,8,10.231,
16,8,9.03551,
18,8,7.71893,
20,8,6.30227,
22,8,4.84344,
24,8,3.46209,
26,8,2.34259,
28,8,1.65677,
30,8,1.42329,
32,8,1.47736,
34,8,1.59602,
36,8,1.60226,
38,8,1.37606,
40,8,0.823425,
42,8,-0.16083,
44,8,-1.73808,
46,8,-4.20005,
48,8,-8.00744,
50,8,-11.3134,
52,8,-7.12425,
54,8,-2.40627,
56,8,0.991806,
58,8,3.5431,
60,8,5.55035,
62,8,7.18091,
64,8,8.53464,
66,8,9.67597,
68,8,10.6493,
70,8,11.4869,
72,8,12.2128,
74,8,12.8454,
76,8,13.3987,
78,8,13.8834,
80,8,14.3068,
82,8,14.674,
84,8,14.9875,
86,8,15.2479,
88,8,15.4536,
90,8,15.6018,
92,8,15.6878,
94,8,15.7058,
96,8,15.6485,
98,8,15.5074,
100,8,15.2727,
102,8,14.9331,
104,8,14.4758,
106,8,13.8865,
108,8,13.1499,
110,8,12.251,
112,8,11.1794,
114,8,9.94055,
116,8,8.58159,
118,8,7.24108,
120,8,6.1949,
122,8,5.75919,
124,8,5.98942,
126,8,6.60153,
128,8,7.25958,
130,8,7.75424,
132,8,7.98108,
134,8,7.88032,
136,8,7.39497,
138,8,6.439,
140,8,4.85215,
142,8,2.28835,
144,8,-2.19063,
146,8,-11.6745,
148,8,-4.99211,
150,8,1.74582,
152,8,5.6091,
154,8,8.24151,
156,8,10.1748,
158,8,11.6438,
160,8,12.7732,
162,8,13.6376,
164,8,14.2852,
166,8,14.7497,
168,8,15.0552,
170,8,15.2198,
172,8,15.2578,
174,8,15.1802,
176,8,14.9962,
178,8,14.7132,
180,8,14.3377,
-180,10,4.78581,
-178,10,3.44929,
-176,10,2.05597,
-174,10,0.580261,
-172,10,-1.06055,
-170,10,-3.0216,
-168,10,-5.53188,
-166,10,-8.71886,
-164,10,-10.9504,
-162,10,-8.65348,
-160,10,-5.07279,
-158,10,-2.25401,
-156,10,-0.184,
-154,10,1.30968,
-152,10,2.3422,
-150,10,2.98024,
-148,10,3.25801,
-146,10,3.18579,
-144,10,2.75253,
-142,10,1.92414,
-140,10,0.6389,
-138,10,-1.18989,
-136,10,-3.5929,
-134,10,-5.98825,
-132,10,-6.11617,
-130,10,-3.70291,
-128,10,-1.09524,
-126,10,0.967926,
-124,10,2.49813,
-122,10,3.59113,
-120,10,4.32244,
-118,10,4.74299,
-116,10,4.88613,
-114,10,4.7742,
-112,10,4.42479,
-110,10,3.85929,
-108,10,3.11815,
-106,10,2.2898,
-104,10,1.55179,
-102,10,1.17732,
-100,10,1.40036,
-98,10,2.20305,
-96,10,3.34535,
-94,10,4.58527,
-92,10,5.78196,
-90,10,6.87524,
-88,10,7.84548,
-86,10,8.68843,
-84,10,9.40316,
-82,10,9.98699,
-80,10,10.4337,
-78,10,10.733,
-76,10,10.8706,
-74,10,10.8285,
-72,10,10.5845,
-70,10,10.1132,
-68,10,9.38785,
-66,10,8.39028,
-64,10,7.14131,
-62,10,5.78838,
-60,10,4.7605,
-58,10,4.67647,
-56,10,5.60767,
-54,10,6.95489,
-52,10,8.21305,
-50,10,9.17718,
-48,10,9.79079,
-46,10,10.0422,
-44,10,9.92474,
-42,10,9.42258,
-40,10,8.50608,
-38,10,7.13632,
-36,10,5.30719,
-34,10,3.24906,
-32,10,1.97189,
-30,10,2.71624,
-28,10,4.65797,
-26,10,6.55839,
-24,10,8.05696,
-22,10,9.14481,
-20,10,9.87713,
-18,10,10.3082,
-16,10,10.4819,
-14,10,10.4338,
-12,10,10.1933,
-10,10,9.78709,
-8,10,9.24035,
-6,10,8.57803,
-4,10,7.82414,
-2,10,6.99921,
0,10,6.11549,
2,10,5.17054,
4,10,4.14033,
6,10,2.97264,
8,10,1.57828,
10,10,-0.18883,
12,10,-2.58864,
14,10,-6.1842,
16,10,-12.6686,
18,10,-18.0432,
20,10,-8.55506,
22,10,-3.74812,
24,10,-0.766782,
26,10,1.27927,
28,10,2.72469,
30,10,3.72506,
32,10,4.36004,
34,10,4.66989,
36,10,4.67013,
38,10,4.35701,
40,10,3.70791,
42,10,2.67754,
44,10,1.19007,
46,10,-0.867402,
48,10,-3.59349,
50,10,-6.54578,
52,10,-7.15674,
54,10,-4.73602,
56,10,-2.16251,
58,10,-0.257528,
60,10,1.03063,
62,10,1.81751,
64,10,2.18467,
66,10,2.18371,
68,10,1.84905,
70,10,1.2131,
72,10,0.33211,
74,10,-0.662071,
76,10,-1.4853,
78,10,-1.72087,
80,10,-1.14343,
82,10,0.0212324,
84,10,1.39315,
86,10,2.73733,
88,10,3.96533,
90,10,5.05909,
92,10,6.02343,
94,10,6.86549,
96,10,7.58712,
98,10,8.18315,
100,10,8.6418,
102,10,8.94582,
104,10,9.07326,
106,10,8.99779,
108,10,8.68863,
110,10,8.11139,
112,10,7.2338,
114,10,6.05042,
116,10,4.66875,
118,10,3.5207,
120,10,3.41425,
122,10,4.58815,
124,10,6.29494,
126,10,7.89658,
128,10,9.16787,
130,10,10.0653,
132,10,10.5917,
134,10,10.7521,
136,10,10.5397,
138,10,9.92891,
140,10,8.86871,
142,10,7.27389,
144,10,5.03434,
146,10,2.20459,
148,10,0.150972,
150,10,1.47183,
152,10,4.26509,
154,10,6.61122,
156,10,8.3211,
158,10,9.51042,
160,10,10.2863,
162,10,10.7234,
164,10,10.8726,
166,10,10.769,
168,10,10.4385,
170,10,9.9011,
172,10,9.17438,
174,10,8.27631,
176,10,7.22779,
178,10,6.05442,
180,10,4.78581,
-180,12,7.05933,
-178,12,7.78595,
-176,12,8.22437,
-174,12,8.39061,
-172,12,8.28145,
-170,12,7.87471,
-168,12,7.12503,
-166,12,5.95186,
-164,12,4.21023,
-162,12,1.61391,
-160,12,-2.49837,
-158,12,-9.50338,
-156,12,-7.96579,
-154,12,-1.71873,
-152,12,1.85126,
-150,12,4.0669,
-148,12,5.47155,
-146,12,6.30506,
-144,12,6.69046,
-142,12,6.69911,
-140,12,6.38031,
-138,12,5.78139,
-136,12,4.97,
-134,12,4.06298,
-132,12,3.24725,
-130,12,2.73773,
-128,12,2.63798,
-126,12,2.84542,
-124,12,3.14602,
-122,12,3.35576,
-120,12,3.36685,
-118,12,3.1344,
-116,12,2.66387,
-114,12,2.02275,
-112,12,1.37895,
-110,12,1.02003,
-108,12,1.22242,
-106,12,1.99267,
-104,12,3.06716,
-102,12,4.16942,
-100,12,5.13847,
-98,12,5.90502,
-96,12,6.44438,
-94,12,6.74808,
-92,12,6.81109,
-90,12,6.62759,
-88,12,6.19312,
-86,12,5.51586,
-84,12,4.64736,
-82,12,3.74749,
-80,12,3.15282,
-78,12,3.24538,
-76,12,4.0416,
-74,12,5.15289,
-72,12,6.19481,
-70,12,6.95685,
-68,12,7.34002,
-66,12,7.28265,
-64,12,6.71721,
-62,12,5.54145,
-60,12,3.59593,
-58,12,0.737694,
-56,12,-2.09148,
-54,12,-0.998641,
-52,12,2.32462,
-50,12,4.95283,
-48,12,6.69654,
-46,12,7.73383,
-44,12,8.1985,
-42,12,8.1782,
-40,12,7.74246,
-38,12,6.97522,
-36,12,6.0172,
-34,12,5.10096,
-32,12,4.49478,
-30,12,4.29986,
-28,12,4.33859,
-26,12,4.31913,
-24,12,4.00464,
-22,12,3.2247,
-20,12,1.80877,
-18,12,-0.519632,
-16,12,-4.38158,
-14,12,-11.1221,
-12,12,-10.1241,
-10,12,-3.67761,
-8,12,0.0717841,
-6,12,2.47006,
-4,12,4.09321,
-2,12,5.19987,
0,12,5.92347,
2,12,6.33673,
4,12,6.47666,
6,12,6.35459,
8,12,5.95911,
10,12,5.25362,
12,12,4.16687,
14,12,2.56909,
16,12,0.211933,
18,12,-3.4308,
20,12,-9.19189,
22,12,-9.20558,
24,12,-3.2448,
26,12,0.581838,
28,12,3.08318,
30,12,4.78215,
32,12,5.92138,
34,12,6.626,
36,12,6.96653,
38,12,6.98615,
40,12,6.71548,
42,12,6.18426,
44,12,5.43457,
46,12,4.538,
48,12,3.61037,
50,12,2.799,
52,12,2.21138,
54,12,1.82311,
56,12,1.47297,
58,12,0.946375,
60,12,0.0386596,
62,12,-1.42893,
64,12,-3.50917,
66,12,-5.35758,
68,12,-4.37042,
70,12,-1.23316,
72,12,1.72303,
74,12,4.0478,
76,12,5.82357,
78,12,7.16193,
80,12,8.14454,
82,12,8.82629,
84,12,9.24255,
86,12,9.41393,
88,12,9.3488,
90,12,9.04433,
92,12,8.48655,
94,12,7.65032,
96,12,6.50126,
98,12,5.00709,
100,12,3.18521,
102,12,1.26319,
104,12,-0.0391121,
106,12,0.0506174,
108,12,1.07141,
110,12,2.07497,
112,12,2.59163,
114,12,2.43761,
116,12,1.46106,
118,12,-0.563654,
120,12,-3.64565,
122,12,-4.48934,
124,12,-0.505014,
126,12,3.26427,
128,12,5.92918,
130,12,7.7433,
132,12,8.9022,
134,12,9.51678,
136,12,9.64615,
138,12,9.31816,
140,12,8.54338,
142,12,7.33417,
144,12,5.75257,
146,12,4.03422,
148,12,2.75384,
150,12,2.50617,
152,12,3.0624,
154,12,3.72119,
156,12,4.05634,
158,12,3.90533,
160,12,3.19028,
162,12,1.82404,
164,12,-0.321147,
166,12,-3.24491,
168,12,-5.35078,
170,12,-3.39477,
172,12,-0.0872268,
174,12,2.5745,
176,12,4.54986,
178,12,6.00483,
180,12,7.05933,
-180,14,3.72282,
-178,14,4.81494,
-176,14,5.73229,
-174,14,6.38734,
-172,14,6.74714,
-170,14,6.78827,
-168,14,6.4724,
-166,14,5.72703,
-164,14,4.41585,
-162,14,2.26628,
-160,14,-1.36342,
-158,14,-8.33492,
-156,14,-8.77058,
-154,14,-1.10132,
-152,14,3.0336,
-150,14,5.58586,
-148,14,7.22593,
-146,14,8.22893,
-144,14,8.72875,
-142,14,8.79585,
-140,14,8.46637,
-138,14,7.75439,
-136,14,6.65706,
-134,14,5.15653,
-132,14,3.22201,
-130,14,0.821441,
-128,14,-2.01396,
-126,14,-4.8942,
-124,14,-6.44371,
-122,14,-5.61035,
-120,14,-3.67638,
-118,14,-1.71154,
-116,14,0.0250499,
-114,14,1.48751,
-112,14,2.65846,
-110,14,3.52747,
-108,14,4.09242,
-106,14,4.36,
-104,14,4.34543,
-102,14,4.07284,
-100,14,3.57692,
-98,14,2.90455,
-96,14,2.1141,
-94,14,1.26809,
-92,14,0.41572,
-90,14,-0.434013,
-88,14,-1.34033,
-86,14,-2.45312,
-84,14,-4.03519,
-82,14,-6.45863,
-80,14,-9.37597,
-78,14,-7.72813,
-76,14,-2.72935,
-74,14,1.33073,
-72,14,4.35505,
-70,14,6.60403,
-68,14,8.23511,
-66,14,9.33231,
-64,14,9.93587,
-62,14,10.0565,
-60,14,9.68078,
-58,14,8.77093,
-56,14,7.26342,
-54,14,5.07922,
-52,14,2.22615,
-50,14,-0.657917,
-48,14,-1.63293,
-46,14,-0.660631,
-44,14,0.271767,
-42,14,0.483161,
-40,14,0.0342566,
-38,14,-0.731583,
-36,14,-1.26542,
-34,14,-1.24323,
-32,14,-1.0033,
-30,14,-1.12856,
-28,14,-2.04619,
-26,14,-4.04733,
-24,14,-6.81483,
-22,14,-6.6976,
-20,14,-3.09359,
-18,14,0.00440858,
-16,14,2.04924,
-14,14,3.24532,
-12,14,3.7609,
-10,14,3.70318,
-8,14,3.14983,
-6,14,2.1868,
-4,14,0.969027,
-2,14,-0.19018,
0,14,-0.826035,
2,14,-0.672725,
4,14,0.034106,
6,14,0.881295,
8,14,1.59991,
10,14,2.05462,
12,14,2.15612,
14,14,1.80442,
16,14,0.844861,
18,14,-1.0119,
20,14,-4.43482,
22,14,-11.2429,
24,14,-10.2952,
26,14,-2.8635,
28,14,1.29956,
30,14,3.9353,
32,14,5.66671,
34,14,6.75552,
36,14,7.32981,
38,14,7.45597,
40,14,7.16657,
42,14,6.47345,
44,14,5.37607,
46,14,3.87174,
48,14,1.97619,
50,14,-0.23091,
52,14,-2.52593,
54,14,-4.49062,
56,14,-5.64065,
58,14,-5.58148,
60,14,-4.14959,
62,14,-1.82942,
64,14,0.626567,
66,14,2.79785,
68,14,4.55618,
70,14,5.89279,
72,14,6.83434,
74,14,7.41415,
76,14,7.6642,
78,14,7.61423,
80,14,7.29342,
82,14,6.73392,
84,14,5.97599,
86,14,5.07498,
88,14,4.10651,
90,14,3.15957,
92,14,2.30202,
94,14,1.52304,
96,14,0.69407,
98,14,-0.424012,
100,14,-2.16578,
102,14,-4.91698,
104,14,-7.84007,
106,14,-5.52752,
108,14,-1.04019,
110,14,2.30443,
112,14,4.59357,
114,14,6.06581,
116,14,6.84706,
118,14,6.98214,
120,14,6.45396,
122,14,5.18241,
124,14,3.01613,
126,14,-0.157439,
128,14,-3.12267,
130,14,-2.03739,
132,14,0.712634,
134,14,2.5584,
136,14,3.38996,
138,14,3.36591,
140,14,2.6064,
142,14,1.2406,
144,14,-0.455654,
146,14,-1.90942,
148,14,-2.58406,
150,14,-2.71422,
152,14,-2.88699,
154,14,-3.23164,
156,14,-3.23063,
158,14,-2.25091,
160,14,-0.579683,
162,14,1.04707,
164,14,2.24743,
166,14,2.92969,
168,14,3.11433,
170,14,2.88038,
172,14,2.39343,
174,14,1.96587,
176,14,2.00127,
178,14,2.66825,
180,14,3.72282,
-180,16,8.06495,
-178,16,9.45791,
-176,16,10.12,
-174,16,10.2144,
-172,16,9.82468,
-170,16,8.99225,
-168,16,7.72675,
-166,16,5.99442,
-164,16,3.67093,
-162,16,0.411388,
-160,16,-4.65197,
-158,16,-9.25915,
-156,16,-2.90997,
-154,16,1.99613,
-152,16,5.17289,
-150,16,7.34345,
-148,16,8.81844,
-146,16,9.74792,
-144,16,10.2138,
-142,16,10.2643,
-140,16,9.92912,
-138,16,9.22581,
-136,16,8.16472,
-134,16,6.75412,
-132,16,5.01275,
-130,16,3.00944,
-128,16,0.988407,
-126,16,-0.383312,
-124,16,-0.249561,
-122,16,1.20487,
-120,16,3.05668,
-118,16,4.7516,
-116,16,6.09082,
-114,16,7.00084,
-112,16,7.43606,
-110,16,7.34236,
-108,16,6.63209,
-106,16,5.14755,
-104,16,2.59311,
-102,16,-1.44131,
-100,16,-4.45621,
-98,16,-0.564339,
-96,16,3.23767,
-94,16,5.59667,
-92,16,6.92856,
-90,16,7.48538,
-88,16,7.39263,
-86,16,6.71242,
-84,16,5.48325,
-82,16,3.76257,
-80,16,1.69606,
-78,16,-0.392349,
-76,16,-1.98479,
-74,16,-2.43503,
-72,16,-1.17535,
-70,16,1.37005,
-68,16,4.11756,
-66,16,6.46488,
-64,16,8.24872,
-62,16,9.46081,
-60,16,10.1316,
-58,16,10.3002,
-56,16,10.0139,
-54,16,9.33975,
-52,16,8.37672,
-50,16,7.24864,
-48,16,6.04597,
-46,16,4.73336,
-44,16,3.11183,
-42,16,0.860533,
-40,16,-2.43815,
-38,16,-7.27625,
-36,16,-12.862,
-34,16,-14.2008,
-32,16,-15.0209,
-30,16,-11.2711,
-28,16,-3.93412,
-26,16,1.19855,
-24,16,4.68128,
-22,16,7.01828,
-20,16,8.46405,
-18,16,9.13765,
-16,16,9.06826,
-14,16,8.19527,
-12,16,6.31378,
-10,16,2.86345,
-8,16,-4.03882,
-6,16,-7.53694,
-4,16,1.11494,
-2,16,5.16538,
0,16,7.34729,
2,16,8.46499,
4,16,8.82637,
6,16,8.57761,
8,16,7.80673,
10,16,6.60001,
12,16,5.09765,
14,16,3.53939,
16,16,2.20243,
18,16,1.1801,
20,16,0.346533,
22,16,-0.224303,
24,16,0.104428,
26,16,1.71945,
28,16,3.90033,
30,16,5.8967,
32,16,7.4373,
34,16,8.47996,
36,16,9.04167,
38,16,9.14311,
40,16,8.79295,
42,16,7.98242,
44,16,6.68174,
46,16,4.83725,
48,16,2.38558,
50,16,-0.593227,
52,16,-3.00111,
54,16,-2.31867,
56,16,0.409588,
58,16,3.11195,
60,16,5.37874,
62,16,7.20768,
64,16,8.61268,
66,16,9.58974,
68,16,10.1213,
70,16,10.1747,
72,16,9.69197,
74,16,8.5652,
76,16,6.57662,
78,16,3.20717,
80,16,-3.32403,
82,16,-15.7507,
84,16,-1.24386,
86,16,3.53564,
88,16,5.98882,
90,16,7.27677,
92,16,7.80064,
94,16,7.758,
96,16,7.28047,
98,16,6.48186,
100,16,5.46357,
102,16,4.28188,
104,16,2.91399,
106,16,1.34643,
108,16,0.045137,
110,16,0.450999,
112,16,2.73519,
114,16,5.27628,
116,16,7.29119,
118,16,8.66343,
120,16,9.42682,
122,16,9.6315,
124,16,9.32715,
126,16,8.57451,
128,16,7.46683,
130,16,6.14465,
132,16,4.76358,
134,16,3.38695,
136,16,1.89535,
138,16,0.0369955,
140,16,-2.45564,
142,16,-5.82871,
144,16,-10.5611,
146,16,-18.1732,
148,16,-12.1642,
150,16,-4.28797,
152,16,0.820083,
154,16,4.44028,
156,16,7.0356,
158,16,8.82256,
160,16,9.91262,
162,16,10.3537,
164,16,10.139,
166,16,9.19178,
168,16,7.307,
170,16,3.94675,
172,16,-2.8058,
174,16,-10.2673,
176,16,1.02722,
178,16,5.58525,
180,16,8.06495,
-180,18,8.3366,
-178,18,9.55773,
-176,18,10.0727,
-174,18,10.0028,
-172,18,9.37917,
-170,18,8.16904,
-168,18,6.26653,
-166,18,3.43378,
-164,18,-0.906164,
-162,18,-8.16265,
-160,18,-8.28349,
-158,18,-1.7398,
-156,18,2.16636,
-154,18,4.88685,
-152,18,6.95251,
-150,18,8.52791,
-148,18,9.66073,
-146,18,10.3671,
-144,18,10.6578,
-142,18,10.5434,
-140,18,10.035,
-138,18,9.14423,
-136,18,7.88871,
-134,18,6.3057,
-132,18,4.47902,
-130,18,2.56945,
-128,18,0.810403,
-126,18,-0.515271,
-124,18,-0.944596,
-122,18,0.0581701,
-120,18,2.15691,
-118,18,4.41554,
-116,18,6.28214,
-114,18,7.57283,
-112,18,8.22973,
-110,18,8.20528,
-108,18,7.40899,
-106,18,5.66544,
-104,18,2.7545,
-102,18,-0.223941,
-100,18,1.75927,
-98,18,5.65058,
-96,18,8.47926,
-94,18,10.3141,
-92,18,11.3852,
-90,18,11.8212,
-88,18,11.6745,
-86,18,10.9421,
-84,18,9.57316,
-82,18,7.47984,
-80,18,4.62778,
-78,18,1.595,
-76,18,0.493491,
-74,18,1.39581,
-72,18,1.9081,
-70,18,0.960193,
-68,18,-2.3933,
-66,18,-12.0976,
-64,18,-5.39623,
-62,18,1.80632,
-60,18,5.45075,
-58,18,7.5531,
-56,18,8.75003,
-54,18,9.35725,
-52,18,9.56588,
-50,18,9.47524,
-48,18,9.09244,
-46,18,8.35508,
-44,18,7.1926,
-42,18,5.63261,
-40,18,3.96749,
-38,18,2.7372,
-36,18,1.97926,
-34,18,0.780959,
-32,18,-2.25485,
-30,18,-8.28566,
-28,18,-2.14631,
-26,18,4.14934,
-24,18,7.83426,
-22,18,10.0658,
-20,18,11.2903,
-18,18,11.6907,
-16,18,11.3192,
-14,18,10.1168,
-12,18,7.85241,
-10,18,3.83686,
-8,18,-4.89331,
-6,18,-5.74613,
-4,18,3.01215,
-2,18,6.77447,
0,18,8.77943,
2,18,9.77344,
4,18,10.0236,
6,18,9.63066,
8,18,8.61443,
10,18,6.95276,
12,18,4.64821,
14,18,1.99783,
16,18,0.241358,
18,18,0.55613,
20,18,1.81048,
22,18,3.02174,
24,18,4.21051,
26,18,5.59004,
28,18,7.12497,
30,18,8.58514,
32,18,9.76743,
34,18,10.5669,
36,18,10.9447,
38,18,10.8896,
40,18,10.3965,
42,18,9.45633,
44,18,8.05369,
46,18,6.17118,
48,18,3.79975,
50,18,0.957795,
52,18,-2.19211,
54,18,-4.35749,
56,18,-2.55619,
58,18,1.29986,
60,18,4.72863,
62,18,7.37319,
64,18,9.28778,
66,18,10.5397,
68,18,11.163,
70,18,11.1498,
72,18,10.4336,
74,18,8.842,
76,18,5.95175,
78,18,0.557512,
80,18,-6.01494,
82,18,2.21766,
84,18,7.03432,
86,18,9.76488,
88,18,11.3688,
90,18,12.2044,
92,18,12.4274,
94,18,12.1055,
96,18,11.2624,
98,18,9.90535,
100,18,8.06537,
102,18,5.87933,
104,18,3.6829,
106,18,1.79979,
108,18,-0.143532,
110,18,-3.59682,
112,18,-14.1426,
114,18,-7.27662,
116,18,1.07184,
118,18,5.25862,
120,18,7.76554,
122,18,9.25403,
124,18,10.0233,
126,18,10.2621,
128,18,10.1209,
130,18,9.7273,
132,18,9.17519,
134,18,8.51746,
136,18,7.7901,
138,18,7.04517,
140,18,6.32108,
142,18,5.52464,
144,18,4.33527,
146,18,2.1976,
148,18,-1.45571,
150,18,-2.3408,
152,18,3.05243,
154,18,7.25466,
156,18,9.96981,
158,18,11.637,
160,18,12.4871,
162,18,12.6249,
164,18,12.0716,
166,18,10.7648,
168,18,8.50263,
170,18,4.7302,
172,18,-2.51167,
174,18,-7.25668,
176,18,2.00367,
178,18,6.10307,
180,18,8.3366,
-180,20,-8.92849,
-178,20,-8.38805,
-176,20,-4.53253,
-174,20,-1.33429,
-172,20,0.6782,
-170,20,1.65582,
-168,20,1.69997,
-166,20,0.819287,
-164,20,-1.09842,
-162,20,-4.4448,
-160,20,-10.6507,
-158,20,-15.7231,
-156,20,-6.11845,
-154,20,-0.793903,
-152,20,2.70589,
-150,20,5.14663,
-148,20,6.78442,
-146,20,7.73269,
-144,20,8.05,
-142,20,7.76018,
-140,20,6.8483,
-138,20,5.24177,
-136,20,2.79348,
-134,20,-0.544104,
-132,20,-3.0508,
-130,20,-1.36633,
-128,20,1.22878,
-126,20,2.71953,
-124,20,3.00922,
-122,20,2.1171,
-120,20,0.042589,
-118,20,-2.4354,
-116,20,-2.09259,
-114,20,0.528555,
-112,20,2.51134,
-110,20,3.39061,
-108,20,3.27019,
-106,20,2.3112,
-104,20,0.952154,
-102,20,0.443744,
-100,20,1.77763,
-98,20,3.88364,
-96,20,5.74804,
-94,20,7.13993,
-92,20,8.07644,
-90,20,8.59784,
-88,20,8.71793,
-86,20,8.4185,
-84,20,7.66066,
-82,20,6.43027,
-80,20,4.90627,
-78,20,3.85037,
-76,20,4.26964,
-74,20,5.66394,
-72,20,6.87076,
-70,20,7.35083,
-68,20,6.88336,
-66,20,5.20166,
-64,20,1.62517,
-62,20,-6.45605,
-60,20,-6.18373,
-58,20,1.86454,
-56,20,5.68579,
-54,20,7.91784,
-52,20,9.2918,
-50,20,10.0658,
-48,20,10.3182,
-46,20,10.0813,
-44,20,9.46341,
-42,20,8.78507,
-40,20,8.52535,
-38,20,8.789,
-36,20,9.0832,
-34,20,8.84822,
-32,20,7.69911,
-30,20,5.31976,
-28,20,1.81493,
-26,20,1.03256,
-24,20,4.39497,
-22,20,7.1112,
-20,20,8.62285,
-18,20,9.21435,
-16,20,9.1066,
-14,20,8.45032,
-12,20,7.35439,
-10,20,5.89342,
-8,20,4.09387,
-6,20,1.89984,
-4,20,-0.870411,
-2,20,-4.45016,
0,20,-7.5719,
2,20,-5.66694,
4,20,-2.17193,
6,20,0.261405,
8,20,1.65563,
10,20,2.19861,
12,20,2.02187,
14,20,1.23531,
16,20,-0.0532682,
18,20,-1.78028,
20,20,-3.93579,
22,20,-5.60203,
24,20,-3.53793,
26,20,0.607655,
28,20,4.0849,
30,20,6.59506,
32,20,8.26786,
34,20,9.22037,
36,20,9.52637,
38,20,9.22213,
40,20,8.31018,
42,20,6.76656,
44,20,4.59468,
46,20,2.10366,
48,20,0.551803,
50,20,0.92428,
52,20,1.78676,
54,20,1.84182,
56,20,0.568449,
58,20,-2.30933,
60,20,-4.16873,
62,20,-0.153726,
64,20,3.75194,
66,20,6.18443,
68,20,7.47429,
70,20,7.83817,
72,20,7.35587,
74,20,6.00022,
76,20,3.65778,
78,20,0.438727,
80,20,-1.11614,
82,20,1.61379,
84,20,4.7353,
86,20,6.98126,
88,20,8.47741,
90,20,9.38527,
92,20,9.79179,
94,20,9.72509,
96,20,9.17024,
98,20,8.08449,
100,20,6.43933,
102,20,4.38913,
104,20,2.7218,
106,20,2.58038,
108,20,3.39027,
110,20,3.7996,
112,20,3.13504,
114,20,0.986717,
116,20,-2.56754,
118,20,-2.08697,
120,20,2.45302,
122,20,5.73209,
124,20,7.78019,
126,20,9.03088,
128,20,9.77968,
130,20,10.2168,
132,20,10.4538,
134,20,10.5622,
136,20,10.6153,
138,20,10.6771,
140,20,10.7278,
142,20,10.6145,
144,20,10.096,
146,20,8.91732,
148,20,6.90485,
150,20,4.54437,
152,20,4.42006,
154,20,6.86194,
156,20,9.11672,
158,20,10.4668,
160,20,10.9737,
162,20,10.7554,
164,20,9.89972,
166,20,8.47156,
168,20,6.53296,
170,20,4.17658,
172,20,1.57413,
174,20,-1.02318,
176,20,-3.49934,
178,20,-6.14859,
180,20,-8.92849,
-180,22,10.0015,
-178,22,9.55247,
-176,22,8.07932,
-174,22,5.34872,
-172,22,0.758164,
-170,22,-6.00353,
-168,22,-4.05272,
-166,22,-0.0267101,
-164,22,1.70808,
-162,22,2.0371,
-160,22,1.35233,
-158,22,-0.347224,
-156,22,-3.57494,
-154,22,-9.47464,
-152,22,-7.85363,
-150,22,-1.44573,
-148,22,2.23539,
-146,22,4.3504,
-144,22,5.46121,
-142,22,5.84399,
-140,22,5.62365,
-138,22,4.77306,
-136,22,3.07418,
-134,22,0.120823,
-132,22,-3.52237,
-130,22,-1.82558,
-128,22,2.16402,
-126,22,4.60048,
-124,22,5.60413,
-122,22,5.38055,
-120,22,3.94146,
-118,22,1.06714,
-116,22,-3.97619,
-114,22,-14.2104,
-112,22,-14.4883,
-110,22,-8.76869,
-108,22,-7.31566,
-106,22,-7.02518,
-104,22,-6.58354,
-102,22,-5.89868,
-100,22,-5.2459,
-98,22,-4.13909,
-96,22,-2.00404,
-94,22,0.588234,
-92,22,2.87482,
-90,22,4.60002,
-88,22,5.77822,
-86,22,6.49431,
-84,22,6.8224,
-82,22,6.78645,
-80,22,6.35293,
-78,22,5.481,
-76,22,4.28987,
-74,22,3.39177,
-72,22,3.65802,
-70,22,4.75885,
-68,22,5.62419,
-66,22,5.64976,
-64,22,4.52035,
-62,22,1.80795,
-60,22,-3.22525,
-58,22,-4.48624,
-56,22,1.51317,
-54,22,5.486,
-52,22,7.98355,
-50,22,9.51539,
-48,22,10.2817,
-46,22,10.4152,
-44,22,10.1636,
-42,22,10.0103,
-40,22,10.3959,
-38,22,11.1419,
-36,22,11.694,
-34,22,11.6696,
-32,22,10.9071,
-30,22,9.36895,
-28,22,7.1629,
-26,22,4.78808,
-24,22,3.33118,
-22,22,3.26355,
-20,22,3.73533,
-18,22,4.06541,
-16,22,4.05147,
-14,22,3.76291,
-12,22,3.69648,
-10,22,4.63837,
-8,22,6.4698,
-6,22,8.2914,
-4,22,9.55033,
-2,22,10.0568,
0,22,9.71859,
2,22,8.39402,
4,22,5.74502,
6,22,0.756397,
8,22,-12.3493,
10,22,-4.18995,
12,22,1.80457,
14,22,4.21902,
16,22,5.07354,
18,22,4.9277,
20,22,3.94147,
22,22,1.97621,
24,22,-1.63189,
26,22,-9.46272,
28,22,-9.97882,
30,22,-1.72894,
32,22,1.87776,
34,22,3.52758,
36,22,3.93014,
38,22,3.3718,
40,22,2.0101,
42,22,-0.022987,
44,22,-2.32122,
46,22,-3.11602,
48,22,-1.03851,
50,22,1.61629,
52,22,3.46116,
54,22,4.26259,
56,22,3.95881,
58,22,2.40727,
60,22,-0.690818,
62,22,-5.05766,
64,22,-4.88692,
66,22,-1.44034,
68,22,0.526572,
70,22,1.08949,
72,22,0.586646,
74,22,-0.762879,
76,22,-2.74191,
78,22,-4.6568,
80,22,-4.36153,
82,22,-1.43063,
84,22,1.76131,
86,22,4.28236,
88,22,6.0487,
90,22,7.12024,
92,22,7.5713,
94,22,7.47945,
96,22,6.92572,
98,22,5.97479,
100,22,4.61996,
102,22,2.72601,
104,22,0.130205,
106,22,-2.319,
108,22,-1.49284,
110,22,1.13383,
112,22,2.84953,
114,22,3.22788,
116,22,2.20678,
118,22,-0.279646,
120,22,-2.89404,
122,22,-0.893721,
124,22,2.79461,
126,22,5.56639,
128,22,7.54709,
130,22,8.9854,
132,22,10.0222,
134,22,10.7701,
136,22,11.3566,
138,22,11.87,
140,22,12.2672,
142,22,12.3709,
144,22,11.9557,
146,22,10.809,
148,22,8.75357,
150,22,5.85096,
152,22,3.5817,
154,22,4.37647,
156,22,6.23509,
158,22,7.47391,
160,22,8.0194,
162,22,8.01653,
164,22,7.47153,
166,22,6.19707,
168,22,3.87375,
170,22,0.795697,
172,22,1.2508,
174,22,5.02713,
176,22,7.8811,
178,22,9.47378,
180,22,10.0015,
-180,24,11.0763,
-178,24,10.7471,
-176,24,9.42534,
-174,24,6.95008,
-172,24,2.78229,
-170,24,-5.09446,
-168,24,-12.9165,
-166,24,-3.13781,
-164,24,0.029735,
-162,24,1.30591,
-160,24,1.84979,
-158,24,2.02001,
-156,24,1.76142,
-154,24,1.03602,
-152,24,0.4462,
-150,24,1.24211,
-148,24,3.21684,
-146,24,5.15969,
-144,24,6.63766,
-142,24,7.68125,
-140,24,8.34341,
-138,24,8.55351,
-136,24,8.1343,
-134,24,6.86587,
-132,24,4.57915,
-130,24,1.7029,
-128,24,0.69826,
-126,24,1.9872,
-124,24,2.68848,
-122,24,1.75375,
-120,24,-1.36919,
-118,24,-7.57619,
-116,24,-7.26002,
-114,24,-2.51919,
-112,24,-0.952878,
-110,24,-1.84129,
-108,24,-5.33038,
-106,24,-9.415,
-104,24,-4.87559,
-102,24,-1.28216,
-100,24,-0.0960636,
-98,24,-0.89923,
-96,24,-3.28408,
-94,24,-3.20407,
-92,24,0.985146,
-90,24,4.35452,
-88,24,6.37423,
-86,24,7.37794,
-84,24,7.67152,
-82,24,7.54897,
-80,24,7.25732,
-78,24,6.83773,
-76,24,6.041,
-74,24,4.4293,
-72,24,1.46482,
-70,24,-2.84237,
-68,24,-2.91174,
-66,24,0.524636,
-64,24,2.26598,
-62,24,2.19402,
-60,24,0.330361,
-58,24,-3.78557,
-56,24,-6.90995,
-54,24,-1.09117,
-52,24,3.37488,
-50,24,6.01066,
-48,24,7.36736,
-46,24,7.78395,
-44,24,7.76874,
-42,24,8.14945,
-40,24,9.25636,
-38,24,10.4231,
-36,24,11.0025,
-34,24,10.7504,
-32,24,9.64162,
-30,24,7.79605,
-28,24,5.59215,
-26,24,3.89668,
-24,24,3.77094,
-22,24,5.09745,
-20,24,6.7153,
-18,24,7.76971,
-16,24,7.83301,
-14,24,6.55529,
-12,24,3.35426,
-10,24,-1.36151,
-8,24,2.20758,
-6,24,6.98061,
-4,24,9.63763,
-2,24,10.8497,
0,24,10.9364,
2,24,9.96441,
4,24,7.78128,
6,24,3.84992,
8,24,-3.23924,
10,24,-4.12509,
12,24,1.81346,
14,24,4.67332,
16,24,6.00715,
18,24,6.54293,
20,24,6.61384,
22,24,6.29337,
24,24,5.4666,
26,24,3.96665,
28,24,1.82599,
30,24,-0.0745081,
32,24,-0.06056,
34,24,1.39442,
36,24,3.06399,
38,24,4.75548,
40,24,6.36505,
42,24,7.60342,
44,24,8.23598,
46,24,8.17908,
48,24,7.48867,
50,24,6.36559,
52,24,5.10527,
54,24,3.82287,
56,24,2.18156,
58,24,-0.465383,
60,24,-4.46069,
62,24,-5.65064,
64,24,-2.21282,
66,24,0.00170445,
68,24,0.47165,
70,24,-0.540188,
72,24,-2.41197,
74,24,-2.87448,
76,24,-1.10792,
78,24,0.34307,
80,24,0.454543,
82,24,-0.62807,
84,24,-0.888486,
86,24,1.92776,
88,24,5.13391,
90,24,7.27859,
92,24,8.30791,
94,24,8.31534,
96,24,7.37354,
98,24,5.63548,
100,24,3.65408,
102,24,2.44693,
104,24,1.95817,
106,24,0.784776,
108,24,-2.56095,
110,24,-10.8005,
112,24,-6.59883,
114,24,-0.626897,
116,24,1.65403,
118,24,1.85193,
120,24,0.309085,
122,24,-3.16753,
124,24,-7.25663,
126,24,-3.37274,
128,24,1.42928,
130,24,4.58687,
132,24,6.67145,
134,24,8.13311,
136,24,9.32611,
138,24,10.4045,
140,24,11.238,
142,24,11.5565,
144,24,11.1132,
146,24,9.70698,
148,24,7.12927,
150,24,3.09474,
152,24,-2.80873,
154,24,-8.06899,
156,24,-2.80791,
158,24,2.55025,
160,24,6.13189,
162,24,8.2224,
164,24,8.95271,
166,24,8.2542,
168,24,5.66053,
170,24,-0.839849,
172,24,-6.8953,
174,24,4.08856,
176,24,8.34976,
178,24,10.372,
180,24,11.0763,
-180,26,4.36997,
-178,26,3.83881,
-176,26,2.82908,
-174,26,1.4511,
-172,26,-0.206761,
-170,26,-1.94665,
-168,26,-3.27878,
-166,26,-3.49861,
-164,26,-2.35626,
-162,26,-0.436519,
-160,26,1.42884,
-158,26,2.6691,
-156,26,2.97324,
-154,26,2.18261,
-152,26,0.475449,
-150,26,-0.590889,
-148,26,0.788393,
-146,26,2.76199,
-144,26,4.08042,
-142,26,4.92461,
-140,26,5.6578,
-138,26,6.20953,
-136,26,6.14284,
-134,26,5.01157,
-132,26,2.54472,
-130,26,-0.323609,
-128,26,0.0568649,
-126,26,1.78263,
-124,26,1.80237,
-122,26,-0.692563,
-120,26,-5.00088,
-118,26,-0.804103,
-116,26,3.84705,
-114,26,6.08545,
-112,26,6.50235,
-110,26,5.10432,
-108,26,0.934765,
-106,26,-13.4236,
-104,26,-1.25297,
-102,26,4.87313,
-100,26,7.38568,
-98,26,7.98735,
-96,26,6.94637,
-94,26,3.82823,
-92,26,-3.80198,
-90,26,-7.39929,
-88,26,2.10478,
-86,26,5.53986,
-84,26,6.82303,
-82,26,6.8964,
-80,26,6.36762,
-78,26,5.89344,
-76,26,5.76966,
-74,26,5.52781,
-72,26,4.44427,
-70,26,1.83151,
-68,26,-3.18066,
-66,26,-6.54049,
-64,26,-1.7609,
-62,26,0.997298,
-60,26,1.85507,
-58,26,1.44358,
-56,26,-0.148178,
-54,26,-3.50747,
-52,26,-10.5891,
-50,26,-12.6592,
-48,26,-6.59239,
-46,26,-3.96264,
-44,26,-0.471258,
-42,26,3.69078,
-40,26,6.68974,
-38,26,8.17048,
-36,26,8.15056,
-34,26,6.58122,
-32,26,3.33149,
-30,26,-1.11543,
-28,26,-3.39221,
-26,26,-3.44644,
-24,26,-2.4179,
-22,26,1.46497,
-20,26,5.00598,
-18,26,6.97917,
-16,26,7.43658,
-14,26,6.39466,
-12,26,3.55899,
-10,26,-2.1316,
-8,26,-7.9844,
-6,26,-1.42106,
-4,26,1.95187,
-2,26,3.15388,
0,26,3.04008,
2,26,1.93445,
4,26,-0.000254241,
6,26,-2.34826,
8,26,-3.44326,
10,26,-1.87847,
12,26,0.584307,
14,26,2.79187,
16,26,4.62819,
18,26,6.10331,
20,26,7.13466,
22,26,7.56878,
24,26,7.22531,
26,26,5.90547,
28,26,3.40301,
30,26,-0.211514,
32,26,-3.04822,
34,26,-2.84345,
36,26,-1.62195,
38,26,0.679578,
40,26,3.75211,
42,26,6.20298,
44,26,7.53326,
46,26,7.72464,
48,26,6.86465,
50,26,5.13533,
52,26,2.94189,
54,26,0.802166,
56,26,-1.28087,
58,26,-2.82726,
60,26,-0.779757,
62,26,2.95526,
64,26,5.66023,
66,26,7.06635,
68,26,7.23138,
70,26,6.11619,
72,26,3.69749,
74,26,1.38812,
76,26,2.90108,
78,26,5.52824,
80,26,6.84383,
82,26,6.59754,
84,26,4.49807,
86,26,-0.814202,
88,26,-12.7206,
90,26,-0.0161671,
92,26,4.55909,
94,26,6.24197,
96,26,6.17558,
98,26,4.69604,
100,26,2.43194,
102,26,1.72971,
104,26,3.2153,
106,26,4.25427,
108,26,3.81175,
110,26,1.64504,
112,26,-1.50884,
114,26,-0.783087,
116,26,2.30995,
118,26,4.12533,
120,26,4.63669,
122,26,4.14262,
124,26,2.74733,
126,26,0.237937,
128,26,-4.12079,
130,26,-12.5264,
132,26,-11.4309,
134,26,-3.47587,
136,26,1.59119,
138,26,5.07294,
140,26,7.09008,
142,26,7.62148,
144,26,6.5378,
146,26,3.59699,
148,26,-0.23218,
150,26,0.481446,
152,26,2.29869,
154,26,1.6847,
156,26,-1.1492,
158,26,-0.0256191,
160,26,4.43264,
162,26,6.99727,
164,26,7.74174,
166,26,6.90296,
168,26,4.41885,
170,26,0.140884,
172,26,-2.57201,
174,26,0.566646,
176,26,3.11324,
178,26,4.23195,
180,26,4.36997,
-180,28,0.764646,
-178,28,0.878394,
-176,28,-0.0948486,
-174,28,-2.04051,
-172,28,-3.15551,
-170,28,-1.73905,
-168,28,0.191357,
-166,28,1.46281,
-164,28,2.06581,
-162,28,2.13048,
-160,28,1.70211,
-158,28,0.668657,
-156,28,-1.39576,
-154,28,-5.26486,
-152,28,-6.20797,
-150,28,-0.253957,
-148,28,3.67386,
-146,28,5.56383,
-144,28,5.82083,
-142,28,4.58173,
-140,28,2.00616,
-138,28,-1.01602,
-136,28,-3.06602,
-134,28,-5.60519,
-132,28,-6.915,
-130,28,-0.816676,
-128,28,3.42977,
-126,28,5.29477,
-124,28,5.18308,
-122,28,2.99665,
-120,28,-1.0895,
-118,28,0.174624,
-116,28,4.70031,
-114,28,7.16604,
-112,28,7.79416,
-110,28,6.60556,
-108,28,2.79652,
-106,28,-6.01476,
-104,28,1.32797,
-102,28,6.95737,
-100,28,9.49183,
-98,28,10.3009,
-96,28,9.7627,
-94,28,7.87505,
-92,28,4.27981,
-90,28,-1.52418,
-88,28,-2.09506,
-86,28,2.37815,
-84,28,4.59857,
-82,28,5.04762,
-80,28,4.05713,
-78,28,1.83257,
-76,28,-0.445777,
-74,28,-0.249079,
-72,28,0.977795,
-70,28,1.05817,
-68,28,-0.331644,
-66,28,-2.18564,
-64,28,-1.60342,
-62,28,0.829293,
-60,28,2.95629,
-58,28,4.45152,
-56,28,5.28243,
-54,28,5.35377,
-52,28,4.69479,
-50,28,3.70587,
-48,28,3.26525,
-46,28,4.10477,
-44,28,5.96488,
-42,28,7.92383,
-40,28,9.17895,
-38,28,9.24334,
-36,28,7.70581,
-34,28,3.85562,
-32,28,-2.94741,
-30,28,-1.00109,
-28,28,2.30027,
-26,28,2.0756,
-24,28,-1.52605,
-22,28,-7.51073,
-20,28,-2.71432,
-18,28,0.856359,
-16,28,2.15775,
-14,28,2.76768,
-12,28,3.5473,
-10,28,4.23491,
-8,28,4.25537,
-6,28,3.44083,
-4,28,2.17487,
-2,28,1.31559,
0,28,1.00781,
2,28,0.182116,
4,28,-2.30053,
6,28,-6.94902,
8,28,-5.44313,
10,28,-0.296835,
12,28,2.73263,
14,28,4.39318,
16,28,5.24807,
18,28,5.59155,
20,28,5.4983,
22,28,4.81092,
24,28,3.09923,
26,28,-0.486985,
28,28,-5.41228,
30,28,-0.774828,
32,28,3.6178,
34,28,5.41509,
36,28,5.12676,
38,28,2.53729,
40,28,-3.87339,
42,28,-8.57283,
44,28,-1.54734,
46,28,0.303443,
48,28,-0.993438,
50,28,-4.69652,
52,28,-5.54509,
54,28,-2.76525,
56,28,-2.45762,
58,28,-6.1342,
60,28,-8.43171,
62,28,0.394139,
64,28,5.12315,
66,28,7.52379,
68,28,8.32819,
70,28,7.75338,
72,28,5.94966,
74,28,4.02513,
76,28,4.77805,
78,28,7.0381,
80,28,8.53056,
82,28,8.88335,
84,28,8.10979,
86,28,6.13886,
88,28,2.76293,
90,28,-1.37225,
92,28,-0.98744,
94,28,1.87061,
96,28,3.24187,
98,28,2.94276,
100,28,0.996761,
102,28,-1.98664,
104,28,-1.90716,
106,28,0.870697,
108,28,2.55238,
110,28,2.9428,
112,28,2.81893,
114,28,3.28044,
116,28,4.47724,
118,28,5.63354,
120,28,6.36068,
122,28,6.67313,
124,28,6.60766,
126,28,6.11051,
128,28,5.20331,
130,28,4.20266,
132,28,3.68399,
134,28,4.13066,
136,28,5.55604,
138,28,7.21478,
140,28,8.18046,
142,28,7.84361,
144,28,5.73797,
146,28,1.87225,
148,28,1.40773,
150,28,4.48837,
152,28,5.58013,
154,28,4.25404,
156,28,0.433888,
158,28,-1.99999,
160,28,1.66487,
162,28,4.10248,
164,28,5.03906,
166,28,5.42427,
168,28,5.7859,
170,28,5.91478,
172,28,5.34791,
174,28,3.8617,
176,28,1.8001,
178,28,0.555096,
180,28,0.764646,
-180,30,2.57092,
-178,30,3.07604,
-176,30,1.86277,
-174,30,-1.54268,
-172,30,-6.0417,
-170,30,-4.6606,
-168,30,-2.49693,
-166,30,-2.33263,
-164,30,-2.78464,
-162,30,-2.08427,
-160,30,-0.881377,
-158,30,-0.343636,
-156,30,-0.32543,
-154,30,0.243615,
-152,30,2.15741,
-150,30,4.68424,
-148,30,6.80871,
-146,30,8.02423,
-144,30,8.09511,
-142,30,6.84197,
-140,30,4.07062,
-138,30,-0.183264,
-136,30,-4.37973,
-134,30,-7.63356,
-132,30,-11.2833,
-130,30,-3.21909,
-128,30,2.07271,
-126,30,4.51687,
-124,30,5.01504,
-122,30,3.89167,
-120,30,1.64798,
-118,30,1.00478,
-116,30,3.45479,
-114,30,5.55536,
-112,30,6.0605,
-110,30,4.5003,
-108,30,-0.807952,
-106,30,-13.3289,
-104,30,2.28816,
-102,30,6.97843,
-100,30,8.92227,
-98,30,9.29335,
-96,30,8.45873,
-94,30,6.4869,
-92,30,3.10048,
-90,30,-2.846,
-88,30,-7.23252,
-86,30,0.205289,
-84,30,4.29665,
-82,30,6.28989,
-80,30,6.83462,
-78,30,6.08631,
-76,30,4.01034,
-74,30,0.712241,
-72,30,-2.03548,
-70,30,-1.67428,
-68,30,-0.892909,
-66,30,-1.14925,
-64,30,-1.81989,
-62,30,-1.6014,
-60,30,0.0259833,
-58,30,2.18508,
-56,30,3.89777,
-54,30,4.71774,
-52,30,4.68348,
-50,30,4.37595,
-48,30,4.79658,
-46,30,6.26851,
-44,30,8.14859,
-42,30,9.74496,
-40,30,10.5667,
-38,30,10.2778,
-36,30,8.69487,
-34,30,6.21171,
-32,30,5.07148,
-30,30,5.93915,
-28,30,6.13531,
-26,30,4.61682,
-24,30,1.29028,
-22,30,-3.16021,
-20,30,-8.12199,
-18,30,-16.9007,
-16,30,-2.40925,
-14,30,3.88518,
-12,30,7.08042,
-10,30,8.40942,
-8,30,8.2896,
-6,30,6.97368,
-4,30,5.08295,
-2,30,4.11618,
0,30,4.35331,
2,30,4.04837,
4,30,1.87186,
6,30,-3.95485,
8,30,-10.3434,
10,30,-1.48145,
12,30,1.69815,
14,30,2.32712,
16,30,1.6824,
18,30,1.01513,
20,30,1.22606,
22,30,1.84328,
24,30,2.34098,
26,30,3.04676,
28,30,4.58259,
30,30,6.68583,
32,30,8.4809,
34,30,9.38723,
36,30,9.09709,
38,30,7.29613,
40,30,3.3265,
42,30,-4.89575,
44,30,-8.75096,
46,30,-3.41807,
48,30,-4.20707,
50,30,-12.2339,
52,30,-10.7888,
54,30,-2.69534,
56,30,-0.338379,
58,30,-0.86205,
60,30,-3.56285,
62,30,-2.91543,
64,30,1.64754,
66,30,4.41878,
68,30,5.23707,
70,30,4.37479,
72,30,2.45111,
74,30,2.08229,
76,30,4.27267,
78,30,6.24999,
80,30,7.23908,
82,30,7.40369,
84,30,6.91353,
86,30,5.71497,
88,30,3.40328,
90,30,-1.17154,
92,30,-12.9521,
94,30,-4.51664,
96,30,1.32856,
98,30,3.64713,
100,30,4.16053,
102,30,3.38826,
104,30,1.81363,
106,30,0.58453,
108,30,0.786751,
110,30,1.55199,
112,30,1.92554,
114,30,1.90819,
116,30,1.89395,
118,30,2.20222,
120,30,2.93258,
122,30,3.88676,
124,30,4.56001,
126,30,4.50637,
128,30,3.7088,
130,30,2.95637,
132,30,3.49082,
134,30,5.19251,
136,30,7.20651,
138,30,8.94762,
140,30,9.95716,
142,30,9.99054,
144,30,9.20277,
146,30,8.4376,
148,30,8.52686,
150,30,8.70917,
152,30,7.84333,
154,30,5.34608,
156,30,0.987931,
158,30,-4.25941,
160,30,-8.38608,
162,30,-5.73277,
164,30,1.89107,
166,30,6.48055,
168,30,8.88703,
170,30,9.67376,
172,30,9.05156,
174,30,7.0658,
176,30,3.99803,
178,30,1.91076,
180,30,2.57092,
-180,32,-15.6884,
-178,32,-3.82544,
-176,32,-2.7473,
-174,32,-5.36371,
-172,32,-5.05979,
-170,32,-1.59988,
-168,32,-0.750963,
-166,32,-2.69441,
-164,32,-3.30607,
-162,32,1.07781,
-160,32,4.0552,
-158,32,5.0306,
-156,32,4.47822,
-154,32,2.92529,
-152,32,1.23978,
-150,32,0.720586,
-148,32,1.86907,
-146,32,3.35878,
-144,32,3.86359,
-142,32,2.7722,
-140,32,0.20524,
-138,32,-0.549198,
-136,32,1.90289,
-134,32,3.36972,
-132,32,3.05662,
-130,32,1.26581,
-128,32,-1.12625,
-126,32,-2.61457,
-124,32,-3.08309,
-122,32,-3.32706,
-120,32,-2.81715,
-118,32,-0.606995,
-116,32,2.20628,
-114,32,4.09629,
-112,32,4.36795,
-110,32,2.40338,
-108,32,-3.33123,
-106,32,-4.41614,
-104,32,2.53468,
-102,32,5.54386,
-100,32,6.35336,
-98,32,5.61368,
-96,32,3.47116,
-94,32,-0.507804,
-92,32,-9.10366,
-90,32,-7.85279,
-88,32,0.584639,
-86,32,4.68696,
-84,32,7.01052,
-82,32,8.18853,
-80,32,8.45171,
-78,32,7.90035,
-76,32,6.60314,
-74,32,4.68327,
-72,32,2.3859,
-70,32,-0.084144,
-68,32,-2.95709,
-66,32,-6.09032,
-64,32,-5.9537,
-62,32,-3.41834,
-60,32,-1.9142,
-58,32,-1.32143,
-56,32,-1.06121,
-54,32,-1.47892,
-52,32,-3.44962,
-50,32,-5.73851,
-48,32,-2.22274,
-46,32,2.29713,
-44,32,5.5484,
-42,32,7.68769,
-40,32,8.64088,
-38,32,8.29108,
-36,32,6.89138,
-34,32,5.89173,
-32,32,6.48324,
-30,32,6.96542,
-28,32,6.19813,
-26,32,4.78794,
-24,32,4.69175,
-22,32,5.41224,
-20,32,4.70743,
-18,32,0.687706,
-16,32,-19.0665,
-14,32,1.48616,
-12,32,7.0591,
-10,32,9.30467,
-8,32,9.61316,
-6,32,8.18033,
-4,32,4.56305,
-2,32,-3.06642,
0,32,-6.59486,
2,32,-0.881213,
4,32,-0.516705,
6,32,-4.18792,
8,32,-8.7669,
10,32,-4.27119,
12,32,-3.46047,
14,32,-10.0936,
16,32,-7.24397,
18,32,2.08553,
20,32,5.87611,
22,32,7.34622,
24,32,7.34141,
26,32,6.34435,
28,32,4.93699,
30,32,4.16583,
32,32,4.75591,
34,32,5.65985,
36,32,5.53217,
38,32,3.40339,
40,32,-2.81375,
42,32,-10.1811,
44,32,0.799474,
46,32,4.22992,
48,32,4.99396,
50,32,4.01913,
52,32,1.48046,
54,32,-2.95449,
56,32,-11.0179,
58,32,-15.8817,
60,32,-5.73569,
62,32,-0.540278,
64,32,2.38371,
66,32,3.32945,
68,32,2.02096,
70,32,-2.87281,
72,32,-9.9958,
74,32,-0.765313,
76,32,2.92244,
78,32,3.88309,
80,32,3.30422,
82,32,1.96428,
84,32,0.390369,
86,32,-1.69792,
88,32,-4.371,
90,32,-3.23301,
92,32,0.796059,
94,32,3.60918,
96,32,5.15931,
98,32,5.89163,
100,32,6.16404,
102,32,6.13728,
104,32,5.73495,
106,32,4.74061,
108,32,2.893,
110,32,-0.160085,
112,32,-5.10427,
114,32,-11.7026,
116,32,-8.05982,
118,32,-3.41794,
120,32,-0.386925,
122,32,1.66541,
124,32,2.57835,
126,32,1.87529,
128,32,-1.33305,
130,32,-10.1627,
132,32,-7.967,
134,32,-0.719745,
136,32,3.11862,
138,32,5.78698,
140,32,7.36344,
142,32,7.86978,
144,32,7.89842,
146,32,8.31372,
148,32,8.89002,
150,32,8.70657,
152,32,7.53503,
154,32,6.50119,
156,32,6.90314,
158,32,7.27061,
160,32,5.84593,
162,32,0.689313,
164,32,-10.486,
166,32,3.57181,
168,32,8.16761,
170,32,9.98024,
172,32,10.0588,
174,32,8.54588,
176,32,5.03442,
178,32,-2.28442,
180,32,-15.6884,
-180,34,2.19701,
-178,34,1.14586,
-176,34,-3.04932,
-174,34,-15.2511,
-172,34,-0.505558,
-170,34,4.17049,
-168,34,5.54069,
-166,34,4.8844,
-164,34,3.64041,
-162,34,4.43078,
-160,34,6.11035,
-158,34,6.52061,
-156,34,5.26415,
-154,34,2.86135,
-152,34,1.19681,
-150,34,0.605927,
-148,34,-1.39664,
-146,34,-6.54188,
-144,34,-11.9316,
-142,34,-9.5405,
-140,34,-6.57113,
-138,34,-0.947701,
-136,34,3.3156,
-134,34,5.71565,
-132,34,6.79212,
-130,34,7.01397,
-128,34,6.63544,
-126,34,5.64385,
-124,34,3.93101,
-122,34,1.5058,
-120,34,-1.48119,
-118,34,-3.50284,
-116,34,-1.43946,
-114,34,0.951261,
-112,34,1.12996,
-110,34,-1.75208,
-108,34,-7.08967,
-106,34,-1.89257,
-104,34,2.02702,
-102,34,3.06466,
-100,34,2.1,
-98,34,-0.514572,
-96,34,-4.70309,
-94,34,-8.71942,
-92,34,-4.06904,
-90,34,1.19345,
-88,34,4.53009,
-86,34,6.39453,
-84,34,7.09192,
-82,34,6.82554,
-80,34,5.79131,
-78,34,4.28819,
-76,34,2.83229,
-74,34,1.88121,
-72,34,1.05447,
-70,34,-0.841082,
-68,34,-6.01446,
-66,34,-20.3211,
-64,34,-3.34767,
-62,34,1.35759,
-60,34,3.0875,
-58,34,3.10717,
-56,34,1.93356,
-54,34,-0.215179,
-52,34,-3.51304,
-50,34,-6.38935,
-48,34,-3.53027,
-46,34,0.165525,
-44,34,2.87107,
-42,34,4.6833,
-40,34,5.27976,
-38,34,4.51527,
-36,34,3.56879,
-34,34,4.56976,
-32,34,5.80142,
-30,34,5.33416,
-28,34,3.37431,
-26,34,3.90426,
-24,34,7.03052,
-22,34,8.86842,
-20,34,8.86796,
-18,34,6.81597,
-16,34,1.51596,
-14,34,-4.9017,
-12,34,3.49784,
-10,34,7.24889,
-8,34,8.38632,
-6,34,7.758,
-4,34,5.71154,
-2,34,3.05782,
0,34,1.61681,
2,34,0.847387,
4,34,-1.93939,
6,34,-6.29263,
8,34,-0.611744,
10,34,3.38659,
12,34,4.29119,
14,34,2.70843,
16,34,1.30227,
18,34,4.68465,
20,34,7.67319,
22,34,8.63961,
24,34,7.76231,
26,34,5.18804,
28,34,1.09679,
30,34,-4.33377,
32,34,-10.4239,
34,34,-6.27025,
36,34,-2.72869,
38,34,-3.31991,
40,34,-9.295,
42,34,-4.03796,
44,34,2.75014,
46,34,6.08876,
48,34,7.6982,
50,34,8.23598,
52,34,7.96252,
54,34,6.91412,
56,34,4.98373,
58,34,2.05851,
60,34,-0.656948,
62,34,0.536601,
64,34,2.75327,
66,34,3.07915,
68,34,0.596613,
70,34,-7.29521,
72,34,-5.46676,
74,34,0.731983,
76,34,2.22492,
78,34,0.946235,
80,34,-2.83843,
82,34,-8.97292,
84,34,-12.2679,
86,34,-6.85052,
88,34,-0.798414,
90,34,3.36144,
92,34,5.78822,
94,34,6.79383,
96,34,6.62446,
98,34,5.6543,
100,34,4.7021,
102,34,4.53604,
104,34,4.5949,
106,34,3.81576,
108,34,1.43781,
110,34,-3.46632,
112,34,-7.87247,
114,34,-2.56377,
116,34,0.740602,
118,34,2.14644,
120,34,2.63437,
122,34,2.80226,
124,34,2.63659,
126,34,1.50837,
128,34,-1.11213,
130,34,-2.85019,
132,34,-0.42303,
134,34,1.46403,
136,34,2.05007,
138,34,2.55484,
140,34,3.25515,
142,34,3.82143,
144,34,4.97116,
146,34,6.51175,
148,34,6.95832,
150,34,5.42766,
152,34,3.06885,
154,34,5.509,
156,34,8.80761,
158,34,10.1362,
160,34,9.53727,
162,34,6.7345,
164,34,-0.488321,
166,34,-7.32574,
168,34,4.28945,
170,34,7.83823,
172,34,8.80228,
174,34,8.02166,
176,34,5.86985,
178,34,3.35885,
180,34,2.19701,
-180,36,3.52068,
-178,36,1.26576,
-176,36,-5.91708,
-174,36,-3.49952,
-172,36,3.61438,
-170,36,6.3842,
-168,36,6.69496,
-166,36,4.86456,
-164,36,1.78435,
-162,36,2.83867,
-160,36,5.64648,
-158,36,6.34375,
-156,36,4.84654,
-154,36,2.84336,
-152,36,4.14319,
-150,36,5.80988,
-148,36,5.429,
-146,36,2.6904,
-144,36,-1.80746,
-142,36,-3.28708,
-140,36,-3.20401,
-138,36,-6.53635,
-136,36,-10.4187,
-134,36,-3.11914,
-132,36,1.67197,
-130,36,4.63841,
-128,36,6.31133,
-126,36,6.73739,
-124,36,5.96625,
-122,36,4.08095,
-120,36,0.953345,
-118,36,-3.5069,
-116,36,-4.56527,
-114,36,-2.54143,
-112,36,-4.0002,
-110,36,-11.9393,
-108,36,-3.5943,
-106,36,1.91268,
-104,36,3.7109,
-102,36,3.23823,
-100,36,0.863474,
-98,36,-3.3977,
-96,36,-8.65025,
-94,36,-9.96225,
-92,36,-7.83251,
-90,36,-3.66205,
-88,36,0.346967,
-86,36,2.67691,
-84,36,3.09852,
-82,36,1.41613,
-80,36,-3.01935,
-78,36,-10.6141,
-76,36,-9.03915,
-74,36,-6.85284,
-72,36,-6.56362,
-70,36,-6.17173,
-68,36,-6.57582,
-66,36,-6.88144,
-64,36,-3.43974,
-62,36,-0.0767145,
-60,36,1.38026,
-58,36,1.06367,
-56,36,-0.765511,
-54,36,-3.76191,
-52,36,-6.91032,
-50,36,-6.27082,
-48,36,-2.72926,
-46,36,0.0522152,
-44,36,1.9545,
-42,36,2.98817,
-40,36,2.59666,
-38,36,0.505367,
-36,36,-0.149358,
-34,36,2.44394,
-32,36,3.29454,
-30,36,0.845259,
-28,36,-2.3411,
-26,36,3.55808,
-24,36,7.61369,
-22,36,9.30642,
-20,36,9.33326,
-18,36,7.89836,
-16,36,5.02661,
-14,36,1.84255,
-12,36,2.09032,
-10,36,3.76457,
-8,36,4.31739,
-6,36,4.10475,
-4,36,4.12368,
-2,36,4.40379,
0,36,3.84102,
2,36,1.08976,
4,36,-7.68808,
6,36,-4.13117,
8,36,3.58377,
10,36,6.49796,
12,36,6.82207,
14,36,4.52167,
16,36,-0.766199,
18,36,2.01431,
20,36,6.60976,
22,36,7.97352,
24,36,6.80326,
26,36,3.77872,
28,36,2.66657,
30,36,4.29885,
32,36,4.53742,
34,36,3.10293,
36,36,1.55861,
38,36,1.00881,
40,36,-0.354735,
42,36,-4.67941,
44,36,-11.5166,
46,36,-3.04596,
48,36,2.1725,
50,36,5.19418,
52,36,6.81632,
54,36,7.20196,
56,36,6.37288,
58,36,4.35236,
60,36,1.85119,
62,36,1.54326,
64,36,2.78953,
66,36,2.45553,
68,36,-1.11501,
70,36,-9.49937,
72,36,-2.33216,
74,36,1.67597,
76,36,2.44063,
78,36,1.53759,
80,36,-0.0852546,
82,36,-2.25673,
84,36,-5.39209,
86,36,-6.30095,
88,36,-2.58078,
90,36,0.828779,
92,36,3.22174,
94,36,4.53216,
96,36,4.4746,
98,36,2.77541,
100,36,0.00877293,
102,36,-0.115416,
104,36,1.59243,
106,36,1.43057,
108,36,-1.8445,
110,36,-10.6983,
112,36,-5.40061,
114,36,-0.415245,
116,36,0.874867,
118,36,-0.144422,
120,36,-3.35239,
122,36,-8.21024,
124,36,-9.23114,
126,36,-10.1267,
128,36,-19.5952,
130,36,-5.73291,
132,36,0.181208,
134,36,2.41795,
136,36,2.70751,
138,36,2.17366,
140,36,1.57522,
142,36,1.86588,
144,36,4.03014,
146,36,5.91647,
148,36,5.59294,
150,36,1.32176,
152,36,-7.09502,
154,36,4.27033,
156,36,8.46116,
158,36,9.72845,
160,36,9.11571,
162,36,6.67901,
164,36,1.5048,
166,36,-4.59334,
168,36,1.92431,
170,36,5.22164,
172,36,5.87003,
174,36,4.93965,
176,36,3.79113,
178,36,3.71114,
180,36,3.52068,
-180,38,-3.85815,
-178,38,-5.48484,
-176,38,-1.31368,
-174,38,3.29023,
-172,38,5.65528,
-170,38,6.10717,
-168,38,4.56203,
-166,38,-0.254113,
-164,38,-12.8092,
-162,38,0.550182,
-160,38,4.84853,
-158,38,5.39158,
-156,38,2.6455,
-154,38,-1.67714,
-152,38,3.13268,
-150,38,6.3364,
-148,38,6.46896,
-146,38,4.30316,
-144,38,2.78326,
-142,38,5.08876,
-140,38,7.07429,
-138,38,7.55933,
-136,38,6.72201,
-134,38,4.36647,
-132,38,-0.941552,
-130,38,-15.267,
-128,38,-2.26139,
-126,38,1.35827,
-124,38,1.42025,
-122,38,-0.806479,
-120,38,-5.54896,
-118,38,-7.26512,
-116,38,-1.82165,
-114,38,-0.0351834,
-112,38,-2.34215,
-110,38,-7.22252,
-108,38,-0.426246,
-106,38,3.88463,
-104,38,5.58093,
-102,38,5.62164,
-100,38,4.0133,
-98,38,-0.207166,
-96,38,-6.85243,
-94,38,-1.24019,
-92,38,1.65098,
-90,38,0.581431,
-88,38,-5.16279,
-86,38,-7.65287,
-84,38,-2.30714,
-82,38,-2.69302,
-80,38,-5.87768,
-78,38,-0.716532,
-76,38,2.95174,
-74,38,3.21193,
-72,38,0.0828847,
-70,38,-7.54525,
-68,38,-5.20746,
-66,38,-1.65091,
-64,38,-1.67904,
-62,38,-3.43976,
-60,38,-5.62143,
-58,38,-8.58366,
-56,38,-14.0182,
-54,38,-14.8854,
-52,38,-10.2272,
-50,38,-6.8427,
-48,38,-3.46096,
-46,38,-0.416503,
-44,38,1.80358,
-42,38,2.70117,
-40,38,1.50455,
-38,38,-3.31527,
-36,38,-10.2963,
-34,38,-4.12029,
-32,38,-4.85851,
-30,38,-18.521,
-28,38,-0.504909,
-26,38,5.15885,
-24,38,7.53094,
-22,38,8.1362,
-20,38,7.46059,
-18,38,5.63835,
-16,38,2.97759,
-14,38,1.21487,
-12,38,1.51648,
-10,38,1.38033,
-8,38,-0.959901,
-6,38,-6.54328,
-4,38,-6.87,
-2,38,-2.8772,
0,38,-3.10024,
2,38,-9.87154,
4,38,-8.49416,
6,38,0.827784,
8,38,4.62208,
10,38,6.06448,
12,38,5.59359,
14,38,2.45139,
16,38,-8.30422,
18,38,-0.565764,
20,38,5.58287,
22,38,7.10627,
24,38,5.40072,
26,38,0.401573,
28,38,1.30984,
30,38,5.25501,
32,38,5.92449,
34,38,4.38747,
36,38,3.59623,
38,38,5.58642,
40,38,7.36579,
42,38,7.98047,
44,38,7.47211,
46,38,5.58386,
48,38,1.29081,
50,38,-9.21936,
52,38,-4.69302,
54,38,0.105218,
56,38,0.603608,
58,38,-1.38364,
60,38,-2.86641,
62,38,0.328257,
64,38,2.79809,
66,38,2.69811,
68,38,-0.445418,
70,38,-6.72676,
72,38,-4.04087,
74,38,0.161668,
76,38,2.67325,
78,38,4.11243,
80,38,3.89865,
82,38,1.13625,
84,38,-4.82976,
86,38,-2.84879,
88,38,0.277077,
90,38,-1.12105,
92,38,-10.8672,
94,38,-6.73078,
96,38,-0.497296,
98,38,-0.86903,
100,38,-6.84758,
102,38,-1.47114,
104,38,3.88838,
106,38,5.20889,
108,38,3.37607,
110,38,-2.52903,
112,38,-5.32632,
114,38,0.575566,
116,38,2.4411,
118,38,2.07073,
120,38,0.797299,
122,38,0.219415,
124,38,0.631259,
126,38,0.62924,
128,38,-0.554947,
130,38,-1.79191,
132,38,-0.663156,
134,38,0.961788,
136,38,1.57243,
138,38,1.296,
140,38,-0.110843,
142,38,-1.51413,
144,38,1.32207,
146,38,3.75236,
148,38,2.85106,
150,38,-4.49212,
152,38,-3.72859,
154,38,4.68893,
156,38,7.32524,
158,38,7.47633,
160,38,5.856,
162,38,2.27124,
164,38,-5.04547,
166,38,-5.40272,
168,38,0.794076,
170,38,2.69172,
172,38,1.84701,
174,38,-1.38842,
176,38,-4.72108,
178,38,-3.77622,
180,38,-3.85815,
-180,40,-5.65954,
-178,40,-0.356333,
-176,40,3.42552,
-174,40,5.37975,
-172,40,5.68451,
-170,40,4.42535,
-168,40,1.71845,
-166,40,-1.33641,
-164,40,-1.01769,
-162,40,1.7658,
-160,40,3.64682,
-158,40,3.43742,
-156,40,-0.500525,
-154,40,-13.7593,
-152,40,1.20944,
-150,40,5.27011,
-148,40,5.39395,
-146,40,2.98055,
-144,40,3.16796,
-142,40,7.12831,
-140,40,9.76868,
-138,40,10.9952,
-136,40,11.2054,
-134,40,10.4463,
-132,40,8.43721,
-130,40,4.72361,
-128,40,-1.1253,
-126,40,-9.04679,
-124,40,-19.0206,
-122,40,-15.5673,
-120,40,-7.77974,
-118,40,-0.940259,
-116,40,3.02912,
-114,40,4.2261,
-112,40,2.97471,
-110,40,0.112175,
-108,40,-1.05286,
-106,40,0.725816,
-104,40,3.12045,
-102,40,4.75109,
-100,40,4.48455,
-98,40,1.16027,
-96,40,-3.31162,
-94,40,3.07604,
-92,40,6.70154,
-90,40,7.40739,
-88,40,5.89639,
-86,40,2.9411,
-84,40,0.760014,
-82,40,-1.34214,
-80,40,-6.84802,
-78,40,0.113129,
-76,40,5.20043,
-74,40,6.41591,
-72,40,4.37839,
-70,40,-1.69684,
-68,40,-2.36756,
-66,40,2.03805,
-64,40,2.66365,
-62,40,0.792211,
-60,40,-2.70543,
-58,40,-6.71375,
-56,40,-9.55541,
-54,40,-9.82332,
-52,40,-8.56604,
-50,40,-6.77767,
-48,40,-3.91254,
-46,40,-0.481291,
-44,40,2.11949,
-42,40,3.03603,
-40,40,1.65082,
-38,40,-2.98813,
-36,40,-8.98751,
-34,40,-6.81532,
-32,40,-5.14342,
-30,40,0.608035,
-28,40,5.0643,
-26,40,7.12636,
-24,40,7.42424,
-22,40,6.48672,
-20,40,4.69997,
-18,40,2.13249,
-16,40,-1.59918,
-14,40,-5.69536,
-12,40,-3.82325,
-10,40,-0.578262,
-8,40,0.765557,
-6,40,0.351595,
-4,40,-1.68318,
-2,40,-5.18551,
0,40,-7.78391,
2,40,-4.34037,
4,40,-0.257982,
6,40,2.16151,
8,40,3.02745,
10,40,2.80997,
12,40,2.31057,
14,40,1.97228,
16,40,1.81359,
18,40,3.01087,
20,40,5.12669,
22,40,5.84918,
24,40,3.60334,
26,40,-6.28179,
28,40,-2.39403,
30,40,4.20593,
32,40,5.10104,
34,40,3.31119,
36,40,3.44551,
38,40,6.90672,
40,40,9.4959,
42,40,10.8689,
44,40,11.2714,
46,40,10.6576,
48,40,8.76775,
50,40,5.26709,
52,40,-0.127033,
54,40,-6.75828,
56,40,-9.92752,
58,40,-10.2565,
60,40,-5.96007,
62,40,-0.130059,
64,40,2.87535,
66,40,3.338,
68,40,1.93755,
70,40,-0.363728,
72,40,-4.32652,
74,40,-12.1403,
76,40,-1.12849,
78,40,3.36673,
80,40,4.03486,
82,40,1.60029,
84,40,-0.684126,
86,40,3.57882,
88,40,6.46704,
90,40,6.79025,
92,40,4.63737,
94,40,0.0842475,
96,40,-2.09252,
98,40,-2.0453,
100,40,-11.0704,
102,40,-2.61657,
104,40,5.03559,
106,40,7.43009,
108,40,6.75855,
110,40,3.41599,
112,40,1.18968,
114,40,4.05568,
116,40,5.66228,
118,40,5.47989,
120,40,4.37375,
122,40,3.29135,
124,40,2.65153,
126,40,2.02908,
128,40,0.816411,
130,40,-1.01945,
132,40,-1.84688,
134,40,-0.465076,
136,40,1.26797,
138,40,1.98442,
140,40,0.591745,
142,40,-4.27272,
144,40,-5.0346,
146,40,-1.52049,
148,40,-4.40406,
150,40,-11.1097,
152,40,1.87967,
154,40,5.76998,
156,40,6.33371,
158,40,4.57477,
160,40,0.969597,
162,40,-2.97642,
164,40,-4.56277,
166,40,-4.66966,
168,40,-4.06238,
170,40,-3.21576,
172,40,-3.12871,
174,40,-4.09346,
176,40,-5.89889,
178,40,-7.88979,
180,40,-5.65954,
-180,42,-2.5098,
-178,42,0.171647,
-176,42,3.00157,
-174,42,4.36215,
-172,42,3.9089,
-170,42,1.72286,
-168,42,0.134767,
-166,42,1.70976,
-164,42,2.75115,
-162,42,2.05046,
-160,42,0.803738,
-158,42,0.381677,
-156,42,-0.824887,
-154,42,-2.66223,
-152,42,0.596026,
-150,42,3.36569,
-148,42,2.79518,
-146,42,-2.47473,
-144,42,-2.83774,
-142,42,4.75738,
-140,42,8.39416,
-138,42,10.288,
-136,42,11.2032,
-134,42,11.2193,
-132,42,10.1226,
-130,42,7.77478,
-128,42,4.46749,
-126,42,1.34662,
-124,42,0.0775226,
-122,42,-0.406573,
-120,42,-1.84623,
-118,42,0.339117,
-116,42,4.0212,
-114,42,5.40611,
-112,42,5.13069,
-110,42,4.5853,
-108,42,3.69668,
-106,42,0.521193,
-104,42,-7.58999,
-102,42,-3.31298,
-100,42,0.644753,
-98,42,0.138585,
-96,42,-2.08386,
-94,42,2.2576,
-92,42,6.54338,
-90,42,8.24651,
-88,42,7.64237,
-86,42,4.73482,
-84,42,0.30937,
-82,42,-2.05633,
-80,42,-6.89398,
-78,42,-6.27482,
-76,42,3.14203,
-74,42,6.04933,
-72,42,5.26393,
-70,42,0.714592,
-68,42,-1.80964,
-66,42,2.34514,
-64,42,3.06289,
-62,42,0.768036,
-60,42,-3.71201,
-58,42,-7.55169,
-56,42,-8.59244,
-54,42,-9.95614,
-52,42,-12.6911,
-50,42,-16.5822,
-48,42,-9.61104,
-46,42,-2.28998,
-44,42,1.53574,
-42,42,2.52945,
-40,42,0.61333,
-38,42,-4.16526,
-36,42,-4.62047,
-34,42,-2.30813,
-32,42,0.387088,
-30,42,4.53268,
-28,42,7.23598,
-26,42,7.95547,
-24,42,6.88895,
-22,42,4.37461,
-20,42,1.78497,
-18,42,1.36676,
-16,42,1.41637,
-14,42,-0.230161,
-12,42,-2.54026,
-10,42,0.17137,
-8,42,3.38862,
-6,42,4.46167,
-4,42,3.54956,
-2,42,0.959869,
0,42,-1.98518,
2,42,-2.01684,
4,42,-0.371141,
6,42,0.154925,
8,42,-1.57144,
10,42,-4.84886,
12,42,-0.786987,
14,42,3.40053,
16,42,4.86079,
18,42,4.39862,
20,42,3.51103,
22,42,3.35471,
24,42,2.11956,
26,42,-1.66959,
28,42,-0.173095,
30,42,3.61513,
32,42,3.85652,
34,42,0.398198,
36,42,-2.7986,
38,42,2.93242,
40,42,6.76724,
42,42,8.96147,
44,42,10.1335,
46,42,10.2626,
48,42,9.16298,
50,42,6.84092,
52,42,3.82402,
54,42,1.46093,
56,42,0.860183,
58,42,0.327498,
60,42,-1.67333,
62,42,-1.3047,
64,42,1.32962,
66,42,2.19347,
68,42,2.42214,
70,42,3.08883,
72,42,2.5486,
74,42,-0.536466,
76,42,-4.0806,
78,42,-2.00379,
80,42,-0.53482,
82,42,-0.163579,
84,42,1.66517,
86,42,4.78502,
88,42,7.24427,
90,42,8.1724,
92,42,7.09878,
94,42,3.35787,
96,42,-1.94405,
98,42,-0.368838,
100,42,-1.26517,
102,42,-8.75836,
104,42,2.24795,
106,42,6.89728,
108,42,7.62526,
110,42,5.49755,
112,42,2.5875,
114,42,3.77979,
116,42,5.02014,
118,42,4.08251,
120,42,1.14176,
122,42,-3.191,
124,42,-5.96468,
126,42,-4.71001,
128,42,-3.55042,
130,42,-4.17856,
132,42,-5.19194,
134,42,-2.40973,
136,42,1.05862,
138,42,2.63052,
140,42,1.67308,
142,42,-3.03783,
144,42,-12.4939,
146,42,-10.0744,
148,42,-17.3925,
150,42,-1.09933,
152,42,4.73161,
154,42,6.58389,
156,42,5.60475,
158,42,1.75511,
160,42,-2.27912,
162,42,0.998944,
164,42,2.77303,
166,42,1.48154,
168,42,-3.86334,
170,42,-12.411,
172,42,-3.06621,
174,42,-0.219887,
176,42,-0.357155,
178,42,-2.00907,
180,42,-2.5098,
-180,44,-15.7949,
-178,44,-10.7046,
-176,44,-3.61044,
-174,44,0.144988,
-172,44,0.73255,
-170,44,-1.88861,
-168,44,-3.36699,
-166,44,0.815346,
-164,44,2.37095,
-162,44,0.332681,
-160,44,-6.29983,
-158,44,-5.11895,
-156,44,-1.17858,
-154,44,-0.923472,
-152,44,-0.274891,
-150,44,1.69766,
-148,44,1.78788,
-146,44,-1.33257,
-144,44,-6.2829,
-142,44,-1.34928,
-140,44,3.10825,
-138,44,5.95036,
-136,44,7.9166,
-134,44,8.88423,
-132,44,8.53916,
-130,44,6.90676,
-128,44,4.70111,
-126,44,3.34897,
-124,44,3.29115,
-122,44,2.37366,
-120,44,-2.17012,
-118,44,-3.68838,
-116,44,1.88078,
-114,44,3.15185,
-112,44,3.27229,
-110,44,5.06836,
-108,44,6.43559,
-106,44,5.96064,
-104,44,3.24037,
-102,44,-3.55448,
-100,44,-12.157,
-98,44,-2.69146,
-96,44,-2.6151,
-94,44,-5.2072,
-92,44,1.27724,
-90,44,5.0488,
-88,44,5.27573,
-86,44,1.88555,
-84,44,-4.07123,
-82,44,0.110848,
-80,44,1.22215,
-78,44,-4.42222,
-76,44,-4.33149,
-74,44,3.16061,
-72,44,4.32449,
-70,44,0.892013,
-68,44,-6.33023,
-66,44,-0.492051,
-64,44,1.63616,
-62,44,0.813957,
-60,44,0.232445,
-58,44,0.889745,
-56,44,1.09975,
-54,44,0.368584,
-52,44,-1.59536,
-50,44,-6.48319,
-48,44,-17.4175,
-46,44,-2.30947,
-44,44,2.34197,
-42,44,3.06227,
-40,44,0.0333228,
-38,44,-7.6809,
-36,44,-4.45326,
-34,44,-1.87332,
-32,44,0.539308,
-30,44,4.61517,
-28,44,7.01423,
-26,44,7.26057,
-24,44,5.36088,
-22,44,0.797096,
-20,44,-4.01173,
-18,44,0.583897,
-16,44,3.10404,
-14,44,2.66796,
-12,44,0.652918,
-10,44,1.90086,
-8,44,4.52438,
-6,44,5.02896,
-4,44,3.07654,
-2,44,-1.56421,
0,44,-9.17043,
2,44,-13.272,
4,44,-7.46821,
6,44,-4.07286,
8,44,-5.05182,
10,44,-12.8149,
12,44,-2.50544,
14,44,3.06832,
16,44,4.65186,
18,44,3.20068,
20,44,-1.16972,
22,44,-1.98124,
24,44,0.808614,
26,44,1.2364,
28,44,1.86417,
30,44,3.45401,
32,44,3.45697,
34,44,0.803679,
36,44,-5.31677,
38,44,-10.2713,
40,44,-3.59554,
42,44,1.1549,
44,44,4.33767,
46,44,5.85405,
48,44,5.60524,
50,44,4.0033,
52,44,2.20483,
54,44,1.62546,
56,44,2.23485,
58,44,1.59132,
60,44,-2.75477,
62,44,-6.2699,
64,44,-2.19459,
66,44,-2.57639,
68,44,-1.0783,
70,44,2.94149,
72,44,4.73583,
74,44,4.7766,
76,44,3.4025,
78,44,-0.703698,
80,44,-16.5552,
82,44,-3.30428,
84,44,1.02296,
86,44,1.94123,
88,44,3.21936,
90,44,4.90207,
92,44,4.75465,
94,44,1.26554,
96,44,-3.76029,
98,44,1.74887,
100,44,3.32722,
102,44,-1.30652,
104,44,-8.10759,
106,44,4.17112,
108,44,6.77076,
110,44,5.23679,
112,44,-0.432487,
114,44,-1.58998,
116,44,2.00065,
118,44,1.88951,
120,44,-0.693541,
122,44,-3.76928,
124,44,-4.25797,
126,44,-2.99954,
128,44,-2.47948,
130,44,-4.31488,
132,44,-9.56871,
134,44,-4.20813,
136,44,1.15875,
138,44,3.06922,
140,44,2.12301,
142,44,-2.36154,
144,44,-12.1406,
146,44,-15.026,
148,44,-7.79637,
150,44,1.35912,
152,44,5.50818,
154,44,6.4755,
156,44,4.49122,
158,44,-2.2064,
160,44,-5.6299,
162,44,2.37032,
164,44,4.4783,
166,44,3.47823,
168,44,0.0303691,
170,44,-1.51048,
172,44,0.891697,
174,44,1.30392,
176,44,-1.18254,
178,44,-7.07982,
180,44,-15.7949,
-180,46,-2.79722,
-178,46,-3.11788,
-176,46,-8.42976,
-174,46,-4.8733,
-172,46,-1.02442,
-170,46,-1.89381,
-168,46,-6.3058,
-166,46,-2.765,
-164,46,0.142412,
-162,46,-1.40526,
-160,46,-6.69155,
-158,46,-2.82406,
-156,46,0.441706,
-154,46,0.445926,
-152,46,0.0410618,
-150,46,1.66388,
-148,46,2.80615,
-146,46,2.38279,
-144,46,0.848277,
-142,46,-1.53437,
-140,46,-4.30121,
-138,46,-3.83598,
-136,46,0.315404,
-134,46,3.36055,
-132,46,4.16123,
-130,46,3.21108,
-128,46,1.98012,
-126,46,2.20582,
-124,46,3.21742,
-122,46,2.12196,
-120,46,-5.59421,
-118,46,-6.16193,
-116,46,0.67487,
-114,46,-0.974608,
-112,46,-6.03847,
-110,46,1.71611,
-108,46,5.67494,
-106,46,7.10926,
-104,46,6.61818,
-102,46,3.5776,
-100,46,-3.54291,
-98,46,-4.8918,
-96,46,-2.37159,
-94,46,-5.44373,
-92,46,-5.30278,
-90,46,-0.721805,
-88,46,-0.504529,
-86,46,-5.65283,
-84,46,-5.08444,
-82,46,1.62803,
-80,46,3.21042,
-78,46,0.387707,
-76,46,-11.8103,
-74,46,-1.306,
-72,46,2.23253,
-70,46,-0.0665775,
-68,46,-13.314,
-66,46,-2.33785,
-64,46,2.03039,
-62,46,2.97394,
-60,46,3.27173,
-58,46,3.35109,
-56,46,2.78762,
-54,46,1.51382,
-52,46,-1.07672,
-50,46,-7.96158,
-48,46,-7.79359,
-46,46,1.67336,
-44,46,5.2191,
-42,46,5.41661,
-40,46,1.97317,
-38,46,-8.00492,
-36,46,-5.25048,
-34,46,-2.85544,
-32,46,-1.70952,
-30,46,2.61898,
-28,46,5.11714,
-26,46,5.22789,
-24,46,3.02915,
-22,46,-2.81139,
-20,46,-13.74,
-18,46,-0.948733,
-16,46,2.19154,
-14,46,1.27031,
-12,46,-0.860497,
-10,46,2.47151,
-8,46,4.80413,
-6,46,3.867,
-4,46,-0.854314,
-2,46,-6.00968,
0,46,-2.68878,
2,46,-2.96193,
4,46,-3.98227,
6,46,-1.03212,
8,46,0.153412,
10,46,-2.21853,
12,46,-4.89736,
14,46,-0.330559,
16,46,1.6356,
18,46,-0.611873,
20,46,-12.5301,
22,46,-3.21498,
24,46,2.13853,
26,46,3.21593,
28,46,3.04735,
30,46,3.4245,
32,46,3.62959,
34,46,3.0688,
36,46,2.33533,
38,46,1.76618,
40,46,0.993119,
42,46,-1.26293,
44,46,-5.2085,
46,46,-3.88844,
48,46,-2.15718,
50,46,-2.05136,
52,46,-1.58395,
54,46,-0.133289,
56,46,1.55306,
58,46,0.481009,
60,46,-8.08276,
62,46,-5.5854,
64,46,-1.03623,
66,46,-5.54416,
68,46,-10.2494,
70,46,0.146024,
72,46,3.3538,
74,46,4.90117,
76,46,5.04536,
78,46,2.74489,
80,46,-3.6046,
82,46,-5.82194,
84,46,-1.75553,
86,46,-3.0133,
88,46,-11.2306,
90,46,-7.39491,
92,46,-3.19406,
94,46,-5.54064,
96,46,-5.00554,
98,46,2.23151,
100,46,4.787,
102,46,3.1934,
104,46,-5.51363,
106,46,-0.280264,
108,46,4.7633,
110,46,4.22979,
112,46,-2.45112,
114,46,-6.67076,
116,46,1.66809,
118,46,3.27435,
120,46,2.72461,
122,46,1.52661,
124,46,0.233411,
126,46,-1.02973,
128,46,-2.86606,
130,46,-7.8611,
132,46,-13.07,
134,46,-1.12738,
136,46,3.26831,
138,46,4.45463,
140,46,2.94885,
142,46,-1.94459,
144,46,-11.5492,
146,46,-13.8021,
148,46,-6.7303,
150,46,1.18318,
152,46,4.83382,
154,46,5.44984,
156,46,3.09653,
158,46,-4.2663,
160,46,-4.75872,
162,46,2.05631,
164,46,3.69948,
166,46,2.45648,
168,46,0.722914,
170,46,2.27299,
172,46,3.35914,
174,46,1.4192,
176,46,-6.16513,
178,46,-10.6656,
180,46,-2.79722,
-180,48,1.51579,
-178,48,2.111,
-176,48,1.43106,
-174,48,0.556434,
-172,48,0.238145,
-170,48,-0.162265,
-168,48,-1.52521,
-166,48,-1.38937,
-164,48,0.410391,
-162,48,0.965748,
-160,48,1.50779,
-158,48,3.09933,
-156,48,3.762,
-154,48,2.64661,
-152,48,0.812322,
-150,48,0.843965,
-148,48,1.56852,
-146,48,1.33168,
-144,48,0.420474,
-142,48,-0.792381,
-140,48,-1.35492,
-138,48,-2.29745,
-136,48,-6.47492,
-134,48,-7.12832,
-132,48,-3.86374,
-130,48,-3.45083,
-128,48,-3.12664,
-126,48,-0.922767,
-124,48,1.27637,
-122,48,-0.313241,
-120,48,-15.3105,
-118,48,-1.17267,
-116,48,2.4611,
-114,48,0.332901,
-112,48,-4.88047,
-110,48,-2.69592,
-108,48,1.63149,
-106,48,4.84878,
-104,48,5.7358,
-102,48,3.72832,
-100,48,-1.75158,
-98,48,-4.48569,
-96,48,-0.258631,
-94,48,1.71872,
-92,48,1.91315,
-90,48,0.28121,
-88,48,-3.83502,
-86,48,-8.97989,
-84,48,-4.21894,
-82,48,0.0548983,
-80,48,1.90923,
-78,48,1.30942,
-76,48,-2.3682,
-74,48,-4.54784,
-72,48,-0.751483,
-70,48,-0.452678,
-68,48,-2.91525,
-66,48,-1.11506,
-64,48,1.55295,
-62,48,2.07444,
-60,48,1.62923,
-58,48,0.691401,
-56,48,-0.946157,
-54,48,-2.90634,
-52,48,-6.39725,
-50,48,-11.0302,
-48,48,-0.953488,
-46,48,4.84645,
-44,48,7.4272,
-42,48,7.24256,
-40,48,3.76074,
-38,48,-4.79432,
-36,48,-4.89595,
-34,48,-3.8894,
-32,48,-5.28326,
-30,48,-0.249716,
-28,48,2.42941,
-26,48,2.41763,
-24,48,0.827797,
-22,48,-1.50044,
-20,48,-2.47559,
-18,48,0.314038,
-16,48,1.25909,
-14,48,-3.27224,
-12,48,-5.18117,
-10,48,3.16004,
-8,48,4.84876,
-6,48,1.87816,
-4,48,-8.40318,
-2,48,-1.49893,
0,48,2.07826,
2,48,2.30055,
4,48,2.5323,
6,48,3.26573,
8,48,2.64566,
10,48,-0.704749,
12,48,-10.7478,
14,48,-9.19796,
16,48,-3.38854,
18,48,-2.72514,
20,48,-0.797614,
22,48,2.79314,
24,48,4.69878,
26,48,4.61935,
28,48,3.33143,
30,48,2.31228,
32,48,1.92627,
34,48,1.81698,
36,48,2.18306,
38,48,3.18976,
40,48,4.42395,
42,48,4.13127,
44,48,0.904716,
46,48,-6.68839,
48,48,-17.7375,
50,48,-7.83108,
52,48,-4.03213,
54,48,-1.41295,
56,48,0.715549,
58,48,-1.29387,
60,48,-15.3478,
62,48,-1.03164,
64,48,1.38608,
66,48,-1.56011,
68,48,-2.21006,
70,48,-0.0326095,
72,48,-0.0787169,
74,48,1.29074,
76,48,2.66816,
78,48,1.50921,
80,48,-3.28754,
82,48,-8.31072,
84,48,-1.56065,
86,48,1.13746,
88,48,0.471132,
90,48,-3.55099,
92,48,-11.1559,
94,48,-12.8555,
96,48,-5.59741,
98,48,1.09683,
100,48,4.31515,
102,48,4.1776,
104,48,-0.686465,
106,48,-5.93422,
108,48,2.63361,
110,48,4.18495,
112,48,1.42138,
114,48,-2.03857,
116,48,0.858222,
118,48,2.1044,
120,48,1.28801,
122,48,-0.637993,
124,48,-3.22277,
126,48,-5.49831,
128,48,-7.97555,
130,48,-10.1804,
132,48,-3.14104,
134,48,2.5202,
136,48,5.2911,
138,48,5.6181,
140,48,3.40408,
142,48,-2.15388,
144,48,-10.1133,
146,48,-11.7362,
148,48,-8.53923,
150,48,-0.215149,
152,48,3.34352,
154,48,3.84669,
156,48,1.93736,
158,48,-0.998517,
160,48,0.342051,
162,48,2.73904,
164,48,2.32804,
166,48,-1.78221,
168,48,-0.9044,
170,48,3.77016,
172,48,4.43141,
174,48,0.807978,
176,48,-13.4784,
178,48,-2.6338,
180,48,1.51579,
-180,50,-0.340631,
-178,50,1.77848,
-176,50,4.20511,
-174,50,4.22776,
-172,50,1.34695,
-170,50,-0.943202,
-168,50,1.53965,
-166,50,3.10737,
-164,50,3.60212,
-162,50,3.90177,
-160,50,4.69763,
-158,50,5.69702,
-156,50,5.61849,
-154,50,3.78836,
-152,50,0.477797,
-150,50,-2.32723,
-148,50,-3.78755,
-146,50,-5.5147,
-144,50,-6.43033,
-142,50,-6.05418,
-140,50,-1.90105,
-138,50,0.273075,
-136,50,-1.78669,
-134,50,-9.83224,
-132,50,-17.2144,
-130,50,-9.35101,
-128,50,-7.50547,
-126,50,-4.82498,
-124,50,-1.66044,
-122,50,-4.74423,
-120,50,-11.0257,
-118,50,1.18959,
-116,50,3.03948,
-114,50,2.14245,
-112,50,2.40135,
-110,50,1.07426,
-108,50,-4.32004,
-106,50,-1.27319,
-104,50,1.38562,
-102,50,-0.128466,
-100,50,-3.25619,
-98,50,-1.40731,
-96,50,1.82849,
-94,50,3.36074,
-92,50,2.84785,
-90,50,-0.00781449,
-88,50,-5.50113,
-86,50,-10.503,
-84,50,-8.64399,
-82,50,-4.28306,
-80,50,-0.749245,
-78,50,0.400782,
-76,50,-1.61504,
-74,50,-7.95511,
-72,50,-3.97241,
-70,50,0.0882424,
-68,50,0.203618,
-66,50,-1.55104,
-64,50,-2.94056,
-62,50,-4.56386,
-60,50,-6.92124,
-58,50,-10.0916,
-56,50,-18.0037,
-54,50,-13.6729,
-52,50,-10.7829,
-50,50,-5.67543,
-48,50,1.05306,
-46,50,5.61344,
-44,50,7.77885,
-42,50,7.34274,
-40,50,3.73952,
-38,50,-2.34832,
-36,50,-1.90036,
-34,50,-3.69136,
-32,50,-9.17507,
-30,50,-1.53431,
-28,50,0.978322,
-26,50,0.208917,
-24,50,-0.844841,
-22,50,-1.10333,
-20,50,-0.67518,
-18,50,1.93347,
-16,50,2.34307,
-14,50,-3.00658,
-12,50,-3.05775,
-10,50,3.847,
-8,50,4.5185,
-6,50,-0.13996,
-4,50,-16.9019,
-2,50,-1.43223,
0,50,1.02237,
2,50,2.69192,
4,50,5.06298,
6,50,5.58562,
8,50,3.15158,
10,50,-3.36883,
12,50,-5.17242,
14,50,-0.665582,
16,50,0.927502,
18,50,1.9493,
20,50,3.62615,
22,50,5.22118,
24,50,5.68217,
26,50,4.6066,
28,50,2.12332,
30,50,-0.962288,
32,50,-3.7809,
34,50,-4.67287,
36,50,-3.85546,
38,50,-0.884988,
40,50,3.12693,
42,50,4.20579,
44,50,1.54105,
46,50,-5.92152,
48,50,-31.8442,
50,50,-8.58871,
52,50,-4.58737,
54,50,-2.07386,
56,50,-0.131535,
58,50,-3.53904,
60,50,-8.73744,
62,50,1.07198,
64,50,1.74073,
66,50,-0.811943,
68,50,1.45877,
70,50,2.40625,
72,50,-0.593336,
74,50,-4.99938,
76,50,-3.77529,
78,50,-3.66534,
80,50,-6.78208,
82,50,-3.69541,
84,50,1.89239,
86,50,4.04892,
88,50,3.34909,
90,50,-0.157821,
92,50,-6.73739,
94,50,-10.3093,
96,50,-5.08951,
98,50,-0.0945047,
100,50,2.70707,
102,50,2.70923,
104,50,-1.79037,
106,50,-11.663,
108,50,1.51849,
110,50,4.35984,
112,50,2.95845,
114,50,-2.00847,
116,50,-5.37898,
118,50,-4.97542,
120,50,-6.89673,
122,50,-11.2645,
124,50,-17.7237,
126,50,-10.0996,
128,50,-7.55621,
130,50,-5.37215,
132,50,-0.743644,
134,50,3.37487,
136,50,5.49419,
138,50,5.27585,
140,50,2.42003,
142,50,-2.76234,
144,50,-4.64037,
146,50,-7.12289,
148,50,-13.5781,
150,50,-1.72026,
152,50,1.94127,
154,50,2.23773,
156,50,0.59706,
158,50,-0.624546,
160,50,1.77272,
162,50,3.91231,
164,50,2.84325,
166,50,-5.52788,
168,50,-3.70092,
170,50,3.5389,
172,50,3.95495,
174,50,-0.659093,
176,50,-9.55521,
178,50,-2.23972,
180,50,-0.340631,
-180,52,-10.971,
-178,52,-1.26257,
-176,52,4.89413,
-174,52,5.80049,
-172,52,2.00794,
-170,52,-4.80546,
-168,52,2.91536,
-166,52,5.62316,
-164,52,5.71882,
-162,52,5.19921,
-160,52,5.39805,
-158,52,6.03871,
-156,52,5.67314,
-154,52,3.37328,
-152,52,-1.13558,
-150,52,-7.52765,
-148,52,-15.2903,
-146,52,-9.69787,
-144,52,-6.05657,
-142,52,-11.7372,
-140,52,-8.95496,
-138,52,-1.90034,
-136,52,-2.73652,
-134,52,-10.637,
-132,52,-15.903,
-130,52,-8.4035,
-128,52,-8.06357,
-126,52,-8.2546,
-124,52,-4.7909,
-122,52,-11.538,
-120,52,-4.65797,
-118,52,1.81944,
-116,52,1.73743,
-114,52,1.90529,
-112,52,4.24405,
-110,52,3.17192,
-108,52,-3.63783,
-106,52,-19.8128,
-104,52,-8.11341,
-102,52,-5.09342,
-100,52,-0.821001,
-98,52,1.83551,
-96,52,3.06026,
-94,52,2.61759,
-92,52,-0.300761,
-90,52,-7.11249,
-88,52,-17.4853,
-86,52,-13.5968,
-84,52,-7.80405,
-82,52,-3.0548,
-80,52,-1.0347,
-78,52,-1.55261,
-76,52,-5.54608,
-74,52,-21.0152,
-72,52,-4.53775,
-70,52,0.162147,
-68,52,0.634272,
-66,52,-2.29478,
-64,52,-8.39655,
-62,52,-9.78609,
-60,52,-6.65815,
-58,52,-5.51447,
-56,52,-6.25762,
-54,52,-7.66787,
-52,52,-8.76574,
-50,52,-5.63262,
-48,52,-0.270258,
-46,52,4.02069,
-44,52,6.15535,
-42,52,5.51584,
-40,52,1.89109,
-38,52,-0.0546541,
-36,52,1.03088,
-34,52,-2.7343,
-32,52,-12.2895,
-30,52,-0.491221,
-28,52,1.65767,
-26,52,0.275211,
-24,52,-1.08422,
-22,52,-2.99663,
-20,52,-4.2049,
-18,52,1.7794,
-16,52,3.50576,
-14,52,1.04557,
-12,52,0.0630074,
-10,52,3.22354,
-8,52,2.9947,
-6,52,-2.18805,
-4,52,-11.1849,
-2,52,-5.48588,
0,52,-7.32001,
2,52,0.715341,
4,52,5.81998,
6,52,6.72816,
8,52,3.37687,
10,52,-11.121,
12,52,0.4715,
14,52,4.63707,
16,52,5.15466,
18,52,4.71598,
20,52,4.7425,
22,52,5.05411,
24,52,4.63736,
26,52,2.75342,
28,52,-0.988537,
30,52,-7.38056,
32,52,-27.0464,
34,52,-7.37908,
36,52,-6.57319,
38,52,-18.9703,
40,52,-1.17009,
42,52,1.77891,
44,52,-1.24977,
46,52,-11.543,
48,52,-12.3829,
50,52,-7.72433,
52,52,-4.98982,
54,52,-3.16322,
56,52,-1.73693,
58,52,-7.94915,
60,52,-4.51721,
62,52,2.01773,
64,52,0.786441,
66,52,-2.22412,
68,52,2.13506,
70,52,3.00464,
72,52,0.394816,
74,52,-4.01497,
76,52,-5.39256,
78,52,-3.25267,
80,52,-1.56773,
82,52,1.33003,
84,52,3.91358,
86,52,4.2685,
88,52,1.91283,
90,52,-3.58942,
92,52,-7.96901,
94,52,-4.34537,
96,52,-1.53958,
98,52,0.16262,
100,52,0.511847,
102,52,-1.30122,
104,52,-8.66583,
106,52,-8.70249,
108,52,0.805719,
110,52,3.41022,
112,52,2.27048,
114,52,-2.89021,
116,52,-11.4652,
118,52,-12.1906,
120,52,-12.562,
122,52,-10.7799,
124,52,-9.99622,
126,52,-7.80556,
128,52,-7.15934,
130,52,-6.18851,
132,52,-2.27591,
134,52,1.78351,
136,52,3.89228,
138,52,3.36267,
140,52,0.303944,
142,52,-1.19007,
144,52,-0.232079,
146,52,-3.40989,
148,52,-20.0022,
150,52,-2.09493,
152,52,1.47643,
154,52,1.57463,
156,52,-0.405793,
158,52,-4.20486,
160,52,-0.324075,
162,52,3.9419,
164,52,4.21742,
166,52,0.274969,
168,52,-3.03899,
170,52,1.35402,
172,52,1.41759,
174,52,-3.85953,
176,52,-7.36275,
178,52,-3.8924,
180,52,-10.971,
-180,54,-4.18945,
-178,54,-1.44216,
-176,54,4.61721,
-174,54,6.03067,
-172,54,2.43799,
-170,54,-12.6604,
-168,54,3.12961,
-166,54,6.43186,
-164,54,6.21537,
-162,54,4.72579,
-160,54,3.97813,
-158,54,4.34814,
-156,54,3.9771,
-154,54,1.45694,
-152,54,-3.3542,
-150,54,-7.43384,
-148,54,-5.51665,
-146,54,-1.44923,
-144,54,0.573287,
-142,54,-1.48557,
-140,54,-14.2918,
-138,54,-8.0222,
-136,54,-7.03966,
-134,54,-16.6157,
-132,54,-10.6147,
-130,54,-7.22071,
-128,54,-8.36448,
-126,54,-10.6828,
-124,54,-7.06896,
-122,54,-24.2569,
-120,54,-2.57736,
-118,54,1.28751,
-116,54,-1.53131,
-114,54,0.606643,
-112,54,4.09721,
-110,54,2.78555,
-108,54,-2.52647,
-106,54,-9.07938,
-104,54,-18.1455,
-102,54,-3.13901,
-100,54,1.56256,
-98,54,3.29997,
-96,54,3.28432,
-94,54,0.738312,
-92,54,-7.86356,
-90,54,-10.3825,
-88,54,-3.19005,
-86,54,-1.7953,
-84,54,-0.343154,
-82,54,0.713152,
-80,54,-0.468886,
-78,54,-5.12215,
-76,54,-19.8309,
-74,54,-7.62203,
-72,54,-2.69434,
-70,54,-0.910443,
-68,54,-0.661272,
-66,54,-1.4851,
-64,54,-1.74803,
-62,54,-0.953021,
-60,54,-0.800389,
-58,54,-1.63443,
-56,54,-3.4688,
-54,54,-6.45165,
-52,54,-8.46509,
-50,54,-5.79511,
-48,54,-2.91444,
-46,54,0.507612,
-44,54,2.73637,
-42,54,1.87717,
-40,54,-0.451658,
-38,54,1.95039,
-36,54,2.6436,
-34,54,-2.40551,
-32,54,-11.6475,
-30,54,0.574929,
-28,54,2.23946,
-26,54,1.01959,
-24,54,0.678429,
-22,54,-1.89653,
-20,54,-17.1531,
-18,54,0.288923,
-16,54,3.63301,
-14,54,2.9465,
-12,54,1.02635,
-10,54,0.456436,
-8,54,-0.671747,
-6,54,-5.18323,
-4,54,-7.49587,
-2,54,-4.26286,
0,54,-8.28381,
2,54,-0.88948,
4,54,5.53094,
6,54,7.0534,
8,54,3.95692,
10,54,-14.9874,
12,54,2.71606,
14,54,6.75216,
16,54,6.79496,
18,54,5.11787,
20,54,3.37869,
22,54,2.30352,
24,54,1.10421,
26,54,-1.50554,
28,54,-6.57236,
30,54,-13.8698,
32,54,-7.17785,
34,54,-1.04799,
36,54,0.297874,
38,54,-4.16434,
40,54,-5.56872,
42,54,-1.60904,
44,54,-6.16103,
46,54,-11.0155,
48,54,-6.55206,
50,54,-6.72564,
52,54,-5.53246,
54,54,-5.1801,
56,54,-4.54927,
58,54,-19.4916,
60,54,-1.66415,
62,54,2.41475,
64,54,-0.783056,
66,54,-4.42906,
68,54,1.16222,
70,54,1.53466,
72,54,-0.598624,
74,54,-2.9727,
76,54,-2.70862,
78,54,-0.228515,
80,54,1.49472,
82,54,3.28429,
84,54,4.19899,
86,54,2.60805,
88,54,-3.2812,
90,54,-9.51997,
92,54,-1.66213,
94,54,1.0794,
96,54,1.64495,
98,54,0.553263,
100,54,-2.62188,
102,54,-9.36202,
104,54,-13.6338,
106,54,-4.81899,
108,54,-0.690916,
110,54,0.741307,
112,54,-0.295225,
114,54,-2.61626,
116,54,-2.51279,
118,54,-2.78899,
120,54,-5.14589,
122,54,-6.94594,
124,54,-8.73736,
126,54,-9.73212,
128,54,-10.3321,
130,54,-9.24357,
132,54,-5.80986,
134,54,-1.40076,
136,54,1.18869,
138,54,0.581252,
140,54,-1.48729,
142,54,0.596584,
144,54,1.59271,
146,54,-2.17925,
148,54,-10.6875,
150,54,-1.23687,
152,54,1.41465,
154,54,1.62365,
156,54,0.420776,
158,54,-6.28149,
160,54,-6.47862,
162,54,2.67309,
164,54,4.75892,
166,54,3.53298,
168,54,-0.223231,
170,54,-3.5579,
172,54,-4.17832,
174,54,-9.71279,
176,54,-7.8861,
178,54,-2.44734,
180,54,-4.18945,
-180,56,0.262229,
-178,56,0.286724,
-176,56,3.64355,
-174,56,5.15201,
-172,56,2.102,
-170,56,-18.8108,
-168,56,2.21418,
-166,56,5.82641,
-164,56,5.20551,
-162,56,2.35063,
-160,56,-0.154092,
-158,56,0.10117,
-156,56,0.445699,
-154,56,-1.51968,
-152,56,-4.61018,
-150,56,-5.4193,
-148,56,-3.41916,
-146,56,0.132459,
-144,56,2.22875,
-142,56,1.12578,
-140,56,-5.93923,
-138,56,-15.0256,
-136,56,-10.3378,
-134,56,-11.5751,
-132,56,-6.8755,
-130,56,-5.77278,
-128,56,-8.18524,
-126,56,-11.1756,
-124,56,-7.46396,
-122,56,-17.8499,
-120,56,-2.24387,
-118,56,-0.184272,
-116,56,-8.14321,
-114,56,-0.444545,
-112,56,2.83424,
-110,56,0.535375,
-108,56,-3.05489,
-106,56,-5.93808,
-104,56,-14.7276,
-102,56,-2.49047,
-100,56,1.3672,
-98,56,2.66827,
-96,56,2.36844,
-94,56,-0.738086,
-92,56,-7.50502,
-90,56,-2.16836,
-88,56,1.60132,
-86,56,2.6985,
-84,56,2.94602,
-82,56,2.17418,
-80,56,-1.5654,
-78,56,-14.7811,
-76,56,-6.60238,
-74,56,-2.07368,
-72,56,-1.31747,
-70,56,-2.82967,
-68,56,-3.94102,
-66,56,-1.31594,
-64,56,0.644847,
-62,56,0.969904,
-60,56,-0.142643,
-58,56,-2.2277,
-56,56,-4.48428,
-54,56,-6.21197,
-52,56,-5.4856,
-50,56,-3.54943,
-48,56,-3.74778,
-46,56,-3.88115,
-44,56,-2.08403,
-42,56,-3.35185,
-40,56,-1.79977,
-38,56,2.56531,
-36,56,2.58771,
-34,56,-3.81232,
-32,56,-8.01976,
-30,56,0.812918,
-28,56,1.43101,
-26,56,0.418339,
-24,56,2.1277,
-22,56,1.58977,
-20,56,-2.72167,
-18,56,-0.71394,
-16,56,2.8013,
-14,56,3.24749,
-12,56,0.630627,
-10,56,-5.76364,
-8,56,-7.30303,
-6,56,-8.3537,
-4,56,-6.30007,
-2,56,-1.07042,
0,56,-1.13727,
2,56,-0.85097,
4,56,4.47041,
6,56,6.53828,
8,56,4.03168,
10,56,-11.6876,
12,56,2.86468,
14,56,7.02731,
16,56,6.58132,
18,56,3.27286,
20,56,-1.35253,
22,56,-4.91082,
24,56,-7.08088,
26,56,-9.99612,
28,56,-14.4713,
30,56,-12.4831,
32,56,-5.45604,
34,56,0.0556781,
36,56,1.93761,
38,56,-0.70697,
40,56,-5.73392,
42,56,-4.18441,
44,56,-10.2473,
46,56,-6.56331,
48,56,-4.79563,
50,56,-6.85524,
52,56,-5.76386,
54,56,-7.73909,
56,56,-8.41008,
58,56,-11.5068,
60,56,0.242556,
62,56,2.3859,
64,56,-2.74916,
66,56,-6.51816,
68,56,-1.16938,
70,56,-1.80887,
72,56,-2.95355,
74,56,-5.00973,
76,56,-3.93144,
78,56,-0.420606,
80,56,1.26851,
82,56,2.68257,
84,56,2.86668,
86,56,-0.107337,
88,56,-12.3062,
90,56,-4.15751,
92,56,2.14744,
94,56,4.06492,
96,56,3.4236,
98,56,-0.0225733,
100,56,-8.9752,
102,56,-9.74562,
104,56,-4.2111,
106,56,-3.30255,
108,56,-3.33263,
110,56,-4.11796,
112,56,-5.74508,
114,56,-3.63303,
116,56,-0.859962,
118,56,-1.30382,
120,56,-5.08713,
122,56,-8.26871,
124,56,-9.80353,
126,56,-11.5557,
128,56,-10.3488,
130,56,-8.07903,
132,56,-7.51572,
134,56,-4.57379,
136,56,-1.26958,
138,56,-1.84878,
140,56,-3.05565,
142,56,0.339184,
144,56,0.861177,
146,56,-4.10563,
148,56,-6.12633,
150,56,-0.244388,
152,56,0.668283,
154,56,1.00485,
156,56,1.55077,
158,56,-0.956285,
160,56,-5.18474,
162,56,0.808781,
164,56,4.3202,
166,56,4.61065,
168,56,1.1138,
170,56,-12.3098,
172,56,-7.98205,
174,56,-8.91379,
176,56,-10.808,
178,56,-1.14507,
180,56,0.262229,
-180,58,-0.541279,
-178,58,-0.451529,
-176,58,1.84132,
-174,58,3.16558,
-172,58,0.491027,
-170,58,-18.016,
-168,58,0.0054788,
-166,58,3.92801,
-164,58,2.89875,
-162,58,-1.79753,
-160,58,-9.38594,
-158,58,-9.76736,
-156,58,-4.97836,
-154,58,-4.43358,
-152,58,-5.31975,
-150,58,-6.46515,
-148,58,-5.17658,
-146,58,-1.13572,
-144,58,1.28713,
-142,58,0.679685,
-140,58,-5.60824,
-138,58,-13.0913,
-136,58,-9.18133,
-134,58,-10.0701,
-132,58,-5.96603,
-130,58,-4.86678,
-128,58,-7.4878,
-126,58,-10.7409,
-124,58,-7.11737,
-122,58,-14.1087,
-120,58,-2.8048,
-118,58,-2.30352,
-116,58,-26.1677,
-114,58,-0.615809,
-112,58,0.711135,
-110,58,-3.52403,
-108,58,-3.39476,
-106,58,-5.71136,
-104,58,-20.3244,
-102,58,-3.7827,
-100,58,-1.19806,
-98,58,-0.344646,
-96,58,0.140258,
-94,58,-0.841467,
-92,58,-3.26145,
-90,58,-1.53413,
-88,58,2.71427,
-86,58,4.4989,
-84,58,4.06834,
-82,58,1.99036,
-80,58,-3.14201,
-78,58,-11.4769,
-76,58,-1.94617,
-74,58,-0.0284245,
-72,58,-0.935707,
-70,58,-3.80339,
-68,58,-10.4947,
-66,58,-3.11701,
-64,58,0.592417,
-62,58,0.666782,
-60,58,-1.51991,
-58,58,-4.77537,
-56,58,-5.98188,
-54,58,-4.94904,
-52,58,-3.70099,
-50,58,-3.1754,
-48,58,-5.24765,
-46,58,-8.95253,
-44,58,-7.0029,
-42,58,-10.9402,
-40,58,-3.94871,
-38,58,1.25263,
-36,58,0.488116,
-34,58,-8.89882,
-32,58,-5.30479,
-30,58,0.134548,
-28,58,-1.42591,
-26,58,-2.46488,
-24,58,2.2685,
-22,58,3.37193,
-20,58,1.62175,
-18,58,-0.423361,
-16,58,1.27972,
-14,58,2.44242,
-12,58,-0.657964,
-10,58,-14.0948,
-8,58,-6.88656,
-6,58,-7.17255,
-4,58,-6.81368,
-2,58,-1.43087,
0,58,-1.12007,
2,58,-1.69737,
4,58,2.69777,
6,58,5.00389,
8,58,3.00862,
10,58,-11.9249,
12,58,1.31123,
14,58,5.87672,
16,58,4.92232,
18,58,-1.17207,
20,58,-19.5859,
22,58,-9.49847,
24,58,-11.3617,
26,58,-17.2241,
28,58,-18.346,
30,58,-14.3271,
32,58,-7.52168,
34,58,-1.54992,
36,58,0.969992,
38,58,-1.03153,
40,58,-5.93163,
42,58,-4.68302,
44,58,-7.89595,
46,58,-4.3731,
48,58,-4.81889,
50,58,-8.00071,
52,58,-5.25367,
54,58,-8.98382,
56,58,-12.0676,
58,58,-7.15652,
60,58,1.02125,
62,58,1.78559,
64,58,-5.43336,
66,58,-8.37993,
68,58,-5.01261,
70,58,-5.14278,
72,58,-3.17478,
74,58,-7.75031,
76,58,-8.53463,
78,58,-2.67685,
80,58,-1.52673,
82,58,-0.485463,
84,58,0.0166491,
86,58,-1.52427,
88,58,-5.93273,
90,58,-3.03135,
92,58,3.14128,
94,58,5.29574,
96,58,4.02105,
98,58,-1.62277,
100,58,-19.7268,
102,58,-3.74441,
104,58,-1.44725,
106,58,-3.38988,
108,58,-6.34442,
110,58,-7.35685,
112,58,-15.8548,
114,58,-7.82997,
116,58,-1.80727,
118,58,-1.81548,
120,58,-6.76137,
122,58,-10.0725,
124,58,-9.19894,
126,58,-10.1753,
128,58,-8.02702,
130,58,-6.48512,
132,58,-7.75282,
134,58,-6.0546,
136,58,-1.99521,
138,58,-2.552,
140,58,-5.22281,
142,58,-2.29031,
144,58,-2.83281,
146,58,-11.7735,
148,58,-3.13536,
150,58,0.124653,
152,58,-1.53759,
154,58,-1.14375,
156,58,1.5847,
158,58,1.62478,
160,58,-0.651547,
162,58,-0.854833,
164,58,3.1917,
166,58,4.32308,
168,58,0.811665,
170,58,-7.88657,
172,58,-2.97654,
174,58,-4.77351,
176,58,-15.1517,
178,58,-2.72861,
180,58,-0.541279,
-180,60,-7.00526,
-178,60,-4.49507,
-176,60,-1.12741,
-174,60,0.116993,
-172,60,-2.17092,
-170,60,-16.0232,
-168,60,-3.81303,
-166,60,1.00648,
-164,60,0.39561,
-162,60,-3.16648,
-160,60,-6.10305,
-158,60,-12.582,
-156,60,-10.9704,
-154,60,-6.84612,
-152,60,-7.40155,
-150,60,-10.9011,
-148,60,-6.69808,
-146,60,-2.39882,
-144,60,-0.99117,
-142,60,-1.90571,
-140,60,-10.0617,
-138,60,-9.37142,
-136,60,-6.53406,
-134,60,-11.394,
-132,60,-7.47061,
-130,60,-5.00174,
-128,60,-7.09759,
-126,60,-10.1808,
-124,60,-6.85938,
-122,60,-13.8089,
-120,60,-3.86715,
-118,60,-4.46662,
-116,60,-8.80657,
-114,60,-0.541816,
-112,60,-2.36744,
-110,60,-8.86619,
-108,60,-3.0047,
-106,60,-6.4381,
-104,60,-11.8,
-102,60,-4.3741,
-100,60,-4.89705,
-98,60,-6.35358,
-96,60,-3.35156,
-94,60,-0.444619,
-92,60,-1.17035,
-90,60,-5.06802,
-88,60,1.5401,
-86,60,4.69007,
-84,60,3.75755,
-82,60,0.771434,
-80,60,-1.43153,
-78,60,-3.02262,
-76,60,-0.524949,
-74,60,0.195524,
-72,60,-1.51773,
-70,60,-2.68891,
-68,60,-9.51138,
-66,60,-7.49854,
-64,60,-0.474086,
-62,60,-0.130238,
-60,60,-3.20363,
-58,60,-7.54252,
-56,60,-6.94459,
-54,60,-4.47287,
-52,60,-3.60587,
-50,60,-4.90212,
-48,60,-9.90679,
-46,60,-9.41294,
-44,60,-5.20216,
-42,60,-10.1762,
-40,60,-9.24898,
-38,60,-2.41483,
-36,60,-4.69868,
-34,60,-22.9466,
-32,60,-3.64325,
-30,60,-1.45939,
-28,60,-7.42752,
-26,60,-7.09283,
-24,60,1.30018,
-22,60,3.42589,
-20,60,2.69023,
-18,60,-0.66768,
-16,60,-0.686093,
-14,60,0.837432,
-12,60,-2.65851,
-10,60,-6.60579,
-8,60,-3.24145,
-6,60,-5.21103,
-4,60,-7.51972,
-2,60,-5.24168,
0,60,-5.52921,
2,60,-4.00709,
4,60,0.11588,
6,60,2.34065,
8,60,1.19749,
10,60,-8.08243,
12,60,-2.16531,
14,60,3.56102,
16,60,2.73205,
18,60,-4.35603,
20,60,-4.09584,
22,60,-1.34203,
24,60,-4.30382,
26,60,-12.6301,
28,60,-18.9852,
30,60,-10.6803,
32,60,-6.29672,
34,60,-3.29676,
36,60,-1.30933,
38,60,-3.07406,
40,60,-5.97255,
42,60,-3.13829,
44,60,-3.87545,
46,60,-2.39943,
48,60,-4.83956,
50,60,-9.8517,
52,60,-4.84947,
54,60,-8.39124,
56,60,-12.9811,
58,60,-6.8922,
60,60,0.613299,
62,60,0.394761,
64,60,-9.80112,
66,60,-9.94914,
68,60,-10.4524,
70,60,-3.84743,
72,60,-1.3083,
74,60,-7.27681,
76,60,-12.2267,
78,60,-4.46805,
80,60,-4.89014,
82,60,-5.37428,
84,60,-2.63799,
86,60,-0.404415,
88,60,-2.02845,
90,60,-6.47167,
92,60,2.15334,
94,60,5.26253,
96,60,3.6678,
98,60,-4.04158,
100,60,-6.1092,
102,60,-0.925657,
104,60,-0.86882,
106,60,-4.50786,
108,60,-7.99108,
110,60,-3.65186,
112,60,-5.81978,
114,60,-20.3079,
116,60,-3.72036,
118,60,-2.17048,
120,60,-7.00715,
122,60,-11.8305,
124,60,-9.74212,
126,60,-9.51799,
128,60,-6.26428,
130,60,-5.60528,
132,60,-8.08851,
134,60,-5.52716,
136,60,-1.18212,
138,60,-1.52973,
140,60,-5.61795,
142,60,-6.31394,
144,60,-9.77226,
146,60,-8.7967,
148,60,-0.832913,
150,60,-0.392614,
152,60,-6.55662,
154,60,-4.66781,
156,60,0.553781,
158,60,2.01181,
160,60,0.475441,
162,60,-2.82754,
164,60,1.74317,
166,60,3.10518,
168,60,-0.837003,
170,60,-3.67642,
172,60,-0.802452,
174,60,-3.46881,
176,60,-13.3996,
178,60,-9.2581,
180,60,-7.00526,
-180,62,-8.63652,
-178,62,-7.90444,
-176,62,-6.01054,
-174,62,-2.8307,
-172,62,-3.29032,
-170,62,-10.5946,
-168,62,-9.18895,
-166,62,-1.51016,
-164,62,0.0257115,
-162,62,-0.458983,
-160,62,-1.3706,
-158,62,-5.57781,
-156,62,-15.3104,
-154,62,-9.50761,
-152,62,-10.4405,
-150,62,-10.4141,
-148,62,-2.71263,
-146,62,-0.124869,
-144,62,-1.5035,
-142,62,-5.22297,
-140,62,-22.9779,
-138,62,-5.1158,
-136,62,-3.33561,
-134,62,-9.54423,
-132,62,-11.6147,
-130,62,-6.34567,
-128,62,-7.55145,
-126,62,-9.16638,
-124,62,-6.31043,
-122,62,-14.9795,
-120,62,-5.34092,
-118,62,-6.03526,
-116,62,-4.89226,
-114,62,-0.910128,
-112,62,-6.79081,
-110,62,-8.31408,
-108,62,-2.6338,
-106,62,-7.50815,
-104,62,-6.75896,
-102,62,-3.65145,
-100,62,-5.50096,
-98,62,-7.86332,
-96,62,-6.07021,
-94,62,-0.325232,
-92,62,0.537292,
-90,62,-8.23643,
-88,62,-1.69483,
-86,62,3.67728,
-84,62,2.32182,
-82,62,-0.890447,
-80,62,1.41109,
-78,62,0.614004,
-76,62,-0.762751,
-74,62,-0.79984,
-72,62,-3.11772,
-70,62,-1.36434,
-68,62,-3.60051,
-66,62,-16.1406,
-64,62,-1.41593,
-62,62,-0.207178,
-60,62,-3.73248,
-58,62,-9.54668,
-56,62,-8.63668,
-54,62,-5.03245,
-52,62,-3.86278,
-50,62,-5.95243,
-48,62,-8.42663,
-46,62,-3.41576,
-44,62,-1.12802,
-42,62,-3.98098,
-40,62,-13.0255,
-38,62,-9.65599,
-36,62,-19.5477,
-34,62,-7.16712,
-32,62,-2.81237,
-30,62,-3.63106,
-28,62,-6.74531,
-26,62,-3.42078,
-24,62,0.0474856,
-22,62,2.08119,
-20,62,1.73674,
-18,62,-2.66667,
-16,62,-2.63132,
-14,62,-1.27816,
-12,62,-5.13028,
-10,62,-3.78421,
-8,62,-2.52421,
-6,62,-5.11274,
-4,62,-6.90923,
-2,62,-6.35729,
0,62,-4.77028,
2,62,-4.31903,
4,62,-3.57952,
6,62,-0.734149,
8,62,0.0918232,
10,62,-4.4479,
12,62,-9.09053,
14,62,0.956784,
16,62,2.1546,
18,62,-0.205092,
20,62,0.591999,
22,62,1.0654,
24,62,-2.85563,
26,62,-13.9518,
28,62,-10.9163,
30,62,-5.17877,
32,62,-2.06819,
34,62,-1.53801,
36,62,-2.41695,
38,62,-4.63715,
40,62,-4.6446,
42,62,-1.3401,
44,62,-1.09319,
46,62,-0.425704,
48,62,-3.68681,
50,62,-12.5882,
52,62,-5.33182,
54,62,-7.02531,
56,62,-9.48409,
58,62,-9.75786,
60,62,-1.01802,
62,62,-2.01008,
64,62,-19.3041,
66,62,-10.7115,
68,62,-13.6545,
70,62,-1.79101,
72,62,-0.326361,
74,62,-6.45304,
76,62,-9.09749,
78,62,-4.069,
80,62,-3.9322,
82,62,-3.60285,
84,62,-1.41393,
86,62,0.92224,
88,62,-0.149849,
90,62,-13.4534,
92,62,-0.377703,
94,62,4.23312,
96,62,2.49989,
98,62,-7.1607,
100,62,-1.95825,
102,62,0.462856,
104,62,-1.4309,
106,62,-6.10442,
108,62,-9.24827,
110,62,-1.27962,
112,62,-1.31937,
114,62,-13.7183,
116,62,-4.87604,
118,62,-1.17219,
120,62,-4.67025,
122,62,-13.7092,
124,62,-12.4452,
126,62,-9.11176,
128,62,-4.85582,
130,62,-4.98122,
132,62,-8.40368,
134,62,-4.46805,
136,62,-0.351619,
138,62,-0.608083,
140,62,-4.35924,
142,62,-6.99458,
144,62,-6.8052,
146,62,-2.11022,
148,62,0.575995,
150,62,-1.96499,
152,62,-21.2804,
154,62,-4.5227,
156,62,-0.726503,
158,62,0.982344,
160,62,-0.713884,
162,62,-6.49091,
164,62,0.469833,
166,62,1.25229,
168,62,-3.23581,
170,62,-1.71589,
172,62,-0.518351,
174,62,-3.95825,
176,62,-10.4644,
178,62,-12.9275,
180,62,-8.63652,
-180,64,-0.122498,
-178,64,-2.42904,
-176,64,-15.742,
-174,64,-2.89764,
-172,64,-1.53662,
-170,64,-7.35234,
-168,64,-10.5648,
-166,64,-1.72119,
-164,64,0.904073,
-162,64,1.02529,
-160,64,-0.156956,
-158,64,-4.38977,
-156,64,-21.0387,
-154,64,-9.76256,
-152,64,-8.62043,
-150,64,-5.09059,
-148,64,0.611401,
-146,64,2.54335,
-144,64,0.43102,
-142,64,-5.27596,
-140,64,-11.1407,
-138,64,-2.2907,
-136,64,-0.881239,
-134,64,-5.54437,
-132,64,-16.486,
-130,64,-9.20581,
-128,64,-8.9375,
-126,64,-7.47389,
-124,64,-5.11805,
-122,64,-15.1794,
-120,64,-7.47553,
-118,64,-7.21347,
-116,64,-3.72725,
-114,64,-2.03258,
-112,64,-12.9755,
-110,64,-4.77805,
-108,64,-2.49777,
-106,64,-7.1639,
-104,64,-3.90151,
-102,64,-3.19361,
-100,64,-4.71561,
-98,64,-3.90712,
-96,64,-5.21627,
-94,64,-0.579171,
-92,64,1.8744,
-90,64,-2.78097,
-88,64,-7.12027,
-86,64,1.5984,
-84,64,-0.0925368,
-82,64,-2.33837,
-80,64,3.16772,
-78,64,2.40945,
-76,64,-2.11713,
-74,64,-2.49481,
-72,64,-5.8468,
-70,64,-0.811313,
-68,64,-0.620938,
-66,64,-16.2476,
-64,64,-1.64583,
-62,64,0.605486,
-60,64,-2.93382,
-58,64,-10.5175,
-56,64,-11.9335,
-54,64,-6.31785,
-52,64,-3.91534,
-50,64,-4.62096,
-48,64,-3.68944,
-46,64,-0.165722,
-44,64,1.06656,
-42,64,-1.34776,
-40,64,-8.17979,
-38,64,-16.8575,
-36,64,-10.1159,
-34,64,-2.98517,
-32,64,-2.8656,
-30,64,-4.59566,
-28,64,-0.554429,
-26,64,1.16902,
-24,64,-0.395703,
-22,64,-0.461767,
-20,64,-1.04032,
-18,64,-6.87465,
-16,64,-3.33332,
-14,64,-3.50859,
-12,64,-7.16403,
-10,64,-3.14035,
-8,64,-3.74567,
-6,64,-6.90535,
-4,64,-5.99197,
-2,64,-1.23621,
0,64,1.03179,
2,64,-1.61821,
4,64,-9.12418,
6,64,-1.38742,
8,64,0.585879,
10,64,-2.87454,
12,64,-15.4927,
14,64,0.0506618,
16,64,3.1388,
18,64,2.40027,
20,64,1.84187,
22,64,1.17915,
24,64,-3.60751,
26,64,-12.9385,
28,64,-5.92015,
30,64,-2.20196,
32,64,0.517632,
34,64,0.908588,
36,64,-1.24523,
38,64,-4.28266,
40,64,-3.50916,
42,64,-0.363255,
44,64,0.452715,
46,64,1.09159,
48,64,-1.99795,
50,64,-14.1361,
52,64,-6.35712,
54,64,-4.69231,
56,64,-4.93075,
58,64,-15.6482,
60,64,-4.10457,
62,64,-5.77903,
64,64,-19.414,
66,64,-10.6428,
68,64,-11.8314,
70,64,-1.11729,
72,64,-0.674521,
74,64,-7.00789,
76,64,-6.90481,
78,64,-3.69436,
80,64,-2.43971,
82,64,-0.55949,
84,64,0.646218,
86,64,1.54589,
88,64,0.782155,
90,64,-6.41103,
92,64,-3.79854,
94,64,2.32284,
96,64,0.593389,
98,64,-11.115,
100,64,-0.366743,
102,64,0.920012,
104,64,-2.72083,
106,64,-7.0819,
108,64,-12.6319,
110,64,-0.605902,
112,64,0.636537,
114,64,-8.54909,
116,64,-4.19315,
118,64,0.768155,
120,64,-1.57939,
122,64,-10.595,
124,64,-16.3004,
126,64,-9.21464,
128,64,-4.50811,
130,64,-5.36428,
132,64,-9.48312,
134,64,-3.70833,
136,64,-0.0726198,
138,64,-0.585752,
140,64,-4.24332,
142,64,-6.14719,
144,64,-3.31733,
146,64,0.37894,
148,64,0.906617,
150,64,-4.92127,
152,64,-6.92203,
154,64,-0.756622,
156,64,-1.12689,
158,64,-0.882005,
160,64,-3.94891,
162,64,-10.0044,
164,64,-0.0471636,
166,64,-0.992769,
168,64,-4.75796,
170,64,-0.603926,
172,64,-0.972716,
174,64,-4.98796,
176,64,-9.71799,
178,64,-3.9372,
180,64,-0.122498,
-180,66,3.02973,
-178,66,0.81951,
-176,66,-16.1696,
-174,66,-1.5568,
-172,66,0.0525129,
-170,66,-5.90617,
-168,66,-8.0218,
-166,66,-1.26193,
-164,66,1.1092,
-162,66,1.12152,
-160,66,-0.532129,
-158,66,-4.89742,
-156,66,-14.182,
-154,66,-6.81286,
-152,66,-5.18381,
-150,66,-2.33763,
-148,66,2.26221,
-146,66,4.03705,
-144,66,2.01179,
-142,66,-3.54835,
-140,66,-7.12879,
-138,66,-0.890005,
-136,66,0.565006,
-134,66,-2.80376,
-132,66,-11.0576,
-130,66,-13.491,
-128,66,-10.2314,
-126,66,-5.38222,
-124,66,-3.51809,
-122,66,-12.2303,
-120,66,-10.8618,
-118,66,-8.60915,
-116,66,-3.94541,
-114,66,-4.07978,
-112,66,-15.6162,
-110,66,-2.81743,
-108,66,-2.36817,
-106,66,-4.85946,
-104,66,-1.89692,
-102,66,-3.06908,
-100,66,-5.67774,
-98,66,-2.80939,
-96,66,-4.049,
-94,66,-1.05505,
-92,66,2.51069,
-90,66,0.384239,
-88,66,-10.5081,
-86,66,-1.61563,
-84,66,-3.41445,
-82,66,-3.26645,
-80,66,3.83359,
-78,66,3.10998,
-76,66,-4.28753,
-74,66,-3.94414,
-72,66,-9.21456,
-70,66,-1.01743,
-68,66,0.879746,
-66,66,-11.0847,
-64,66,-1.33234,
-62,66,1.78829,
-60,66,-1.55821,
-58,66,-9.82828,
-56,66,-16.4715,
-54,66,-8.56784,
-52,66,-4.50114,
-50,66,-3.69245,
-48,66,-1.61455,
-46,66,1.13349,
-44,66,1.72514,
-42,66,-0.801075,
-40,66,-6.66339,
-38,66,-12.0775,
-36,66,-5.89051,
-34,66,-1.75811,
-32,66,-3.8356,
-30,66,-2.77983,
-28,66,2.86281,
-26,66,3.67513,
-24,66,-0.126357,
-22,66,-4.10516,
-20,66,-6.14428,
-18,66,-8.51293,
-16,66,-2.26535,
-14,66,-5.34319,
-12,66,-7.54181,
-10,66,-3.32956,
-8,66,-5.95506,
-6,66,-10.1532,
-4,66,-5.96449,
-2,66,1.54971,
0,66,3.8345,
2,66,0.353787,
4,66,-16.6525,
6,66,0.0745651,
8,66,1.31186,
10,66,-2.90503,
12,66,-7.20212,
14,66,0.586277,
16,66,3.77882,
18,66,3.2845,
20,66,1.53884,
22,66,0.0303232,
24,66,-5.16297,
26,66,-8.70257,
28,66,-3.40347,
30,66,-0.904463,
32,66,1.63876,
34,66,2.28576,
36,66,-0.00855815,
38,66,-3.66771,
40,66,-3.44036,
42,66,-0.336958,
44,66,1.03112,
46,66,1.98346,
48,66,-0.631519,
50,66,-11.0347,
52,66,-6.3743,
54,66,-2.00548,
56,66,-1.41795,
58,66,-10.6671,
60,66,-9.51549,
62,66,-11.5439,
64,66,-11.4433,
66,66,-10.2997,
68,66,-10.828,
70,66,-1.67055,
72,66,-2.10191,
74,66,-7.54998,
76,66,-5.4638,
78,66,-4.10454,
80,66,-2.6951,
82,66,0.273677,
84,66,1.4878,
86,66,1.5373,
88,66,1.01039,
90,66,-2.59866,
92,66,-6.4366,
94,66,-0.497137,
96,66,-2.00283,
98,66,-15.6568,
100,66,-0.199925,
102,66,0.584519,
104,66,-4.52943,
106,66,-6.22389,
108,66,-18.116,
110,66,-1.00472,
112,66,1.37696,
114,66,-7.13223,
116,66,-2.5345,
118,66,2.7142,
120,66,0.912431,
122,66,-7.02736,
124,66,-20.0033,
126,66,-11.2208,
128,66,-5.70288,
130,66,-7.37895,
132,66,-10.1874,
134,66,-2.74112,
136,66,-0.000304527,
138,66,-1.162,
140,66,-5.5381,
142,66,-7.20491,
144,66,-2.67653,
146,66,0.872655,
148,66,0.141935,
150,66,-9.33116,
152,66,-1.22638,
154,66,1.88229,
156,66,-0.760648,
158,66,-2.93848,
160,66,-8.88614,
162,66,-5.53316,
164,66,0.247432,
166,66,-3.41271,
168,66,-4.30696,
170,66,0.0567309,
172,66,-1.28121,
174,66,-4.95497,
176,66,-10.7321,
178,66,-0.874088,
180,66,3.02973,
-180,68,3.98197,
-178,68,2.05859,
-176,68,-9.10656,
-174,68,-0.947539,
-172,68,0.601309,
-170,68,-5.52615,
-168,68,-7.04331,
-166,68,-1.74163,
-164,68,0.32637,
-162,68,0.532952,
-160,68,-1.32277,
-158,68,-5.26465,
-156,68,-8.87656,
-154,68,-4.52359,
-152,68,-3.24643,
-150,68,-1.26979,
-148,68,2.73321,
-146,68,4.52261,
-144,68,2.6386,
-142,68,-2.71837,
-140,68,-6.11849,
-138,68,-0.543666,
-136,68,1.18494,
-134,68,-1.23236,
-132,68,-6.71813,
-130,68,-13.7612,
-128,68,-9.44079,
-126,68,-3.4335,
-124,68,-1.96284,
-122,68,-8.72904,
-120,68,-16.2593,
-118,68,-10.0753,
-116,68,-4.87838,
-114,68,-7.10078,
-112,68,-12.258,
-110,68,-2.13136,
-108,68,-2.13953,
-106,68,-2.56307,
-104,68,-0.48679,
-102,68,-2.66669,
-100,68,-8.61302,
-98,68,-4.00038,
-96,68,-4.13963,
-94,68,-1.56178,
-92,68,2.42886,
-90,68,1.51143,
-88,68,-7.36439,
-86,68,-6.38723,
-84,68,-7.65079,
-82,68,-3.97434,
-80,68,3.64934,
-78,68,3.03583,
-76,68,-6.99304,
-74,68,-4.19728,
-72,68,-10.1082,
-70,68,-1.76497,
-68,68,1.58325,
-66,68,-8.96863,
-64,68,-0.806641,
-62,68,2.92077,
-60,68,-0.256033,
-58,68,-8.43155,
-56,68,-15.0338,
-54,68,-12.3383,
-52,68,-6.24348,
-50,68,-3.97623,
-48,68,-1.08527,
-46,68,1.26305,
-44,68,1.2934,
-42,68,-1.71135,
-40,68,-7.73395,
-38,68,-11.8137,
-36,68,-5.39639,
-34,68,-2.18587,
-32,68,-5.32964,
-30,68,-0.237221,
-28,68,4.79735,
-26,68,4.8921,
-24,68,-0.065897,
-22,68,-8.9148,
-20,68,-14.8528,
-18,68,-4.16258,
-16,68,-0.778805,
-14,68,-6.43929,
-12,68,-6.85275,
-10,68,-3.69481,
-8,68,-7.25755,
-6,68,-11.6657,
-4,68,-7.11538,
-2,68,2.41675,
0,68,4.75738,
2,68,1.05179,
4,68,-13.6215,
6,68,1.06943,
8,68,1.40495,
10,68,-4.17486,
12,68,-4.09314,
14,68,0.704158,
16,68,3.52914,
18,68,3.25028,
20,68,0.612627,
22,68,-1.67642,
24,68,-6.17594,
26,68,-6.15184,
28,68,-2.36148,
30,68,-0.723208,
32,68,1.7414,
34,68,2.70846,
36,68,0.46779,
38,68,-3.77177,
40,68,-4.46079,
42,68,-1.14667,
44,68,0.867377,
46,68,2.28614,
48,68,0.149642,
50,68,-7.96415,
52,68,-4.94827,
54,68,0.175653,
56,68,0.981305,
58,68,-5.30146,
60,68,-18.3268,
62,68,-15.2499,
64,68,-8.23185,
66,68,-9.80562,
68,68,-11.1525,
70,68,-3.26338,
72,68,-4.02028,
74,68,-6.04756,
76,68,-4.06418,
78,68,-4.63025,
80,68,-4.5093,
82,68,-0.606634,
84,68,1.14469,
86,68,1.08299,
88,68,0.664829,
90,68,-1.51294,
92,68,-7.38834,
94,68,-4.47983,
96,68,-5.25493,
98,68,-16.8217,
100,68,-1.04771,
102,68,-0.490341,
104,68,-6.52634,
106,68,-4.3859,
108,68,-12.5664,
110,68,-2.04238,
112,68,1.45622,
114,68,-7.21917,
116,68,-0.966903,
118,68,4.21316,
120,68,2.57094,
122,68,-5.14582,
124,68,-20.8162,
126,68,-17.0945,
128,68,-8.71037,
130,68,-11.1952,
132,68,-7.91206,
134,68,-1.36673,
136,68,0.278866,
138,68,-1.64239,
140,68,-7.00182,
142,68,-10.1358,
144,68,-3.78474,
146,68,0.0986677,
148,68,-1.68917,
150,68,-9.49167,
152,68,1.68788,
154,68,3.31347,
156,68,-0.577456,
158,68,-4.71831,
160,68,-10.2504,
162,68,-1.73678,
164,68,0.762151,
166,68,-5.8243,
168,68,-3.33591,
170,68,0.301808,
172,68,-1.19777,
174,68,-3.88509,
176,68,-12.8879,
178,68,-0.163466,
180,68,3.98197,
-180,70,3.56158,
-178,70,2.04973,
-176,70,-6.35128,
-174,70,-1.28993,
-172,70,0.269682,
-170,70,-5.65945,
-168,70,-7.57337,
-166,70,-3.52551,
-164,70,-1.17606,
-162,70,0.0637017,
-160,70,-1.49257,
-158,70,-4.70218,
-156,70,-6.31637,
-154,70,-3.42234,
-152,70,-2.49456,
-150,70,-1.26043,
-148,70,2.37199,
-146,70,4.27418,
-144,70,2.50202,
-142,70,-2.84827,
-140,70,-6.63199,
-138,70,-0.957432,
-136,70,1.19026,
-134,70,-0.467949,
-132,70,-4.33944,
-130,70,-10.1279,
-128,70,-7.47886,
-126,70,-1.95987,
-124,70,-0.732811,
-122,70,-6.09171,
-120,70,-17.6814,
-118,70,-10.4554,
-116,70,-5.81832,
-114,70,-10.1211,
-112,70,-10.127,
-110,70,-2.4013,
-108,70,-1.94259,
-106,70,-1.05014,
-104,70,0.32878,
-102,70,-1.97421,
-100,70,-11.1979,
-98,70,-7.41762,
-96,70,-5.39844,
-94,70,-1.95952,
-92,70,1.85059,
-90,70,1.48739,
-88,70,-5.13116,
-86,70,-14.3668,
-84,70,-13.0671,
-82,70,-4.85689,
-80,70,2.7962,
-78,70,2.36312,
-76,70,-9.85558,
-74,70,-3.70204,
-72,70,-8.13349,
-70,70,-2.81308,
-68,70,1.83445,
-66,70,-7.93211,
-64,70,-0.284381,
-62,70,3.81019,
-60,70,0.6905,
-58,70,-7.40456,
-56,70,-10.3075,
-54,70,-14.569,
-52,70,-9.18597,
-50,70,-5.0542,
-48,70,-1.30432,
-46,70,0.738343,
-44,70,0.117384,
-42,70,-3.78113,
-40,70,-10.7028,
-38,70,-14.4366,
-36,70,-6.81887,
-34,70,-3.79605,
-32,70,-6.03037,
-30,70,1.76635,
-28,70,5.86929,
-26,70,5.27551,
-24,70,-0.685437,
-22,70,-15.7254,
-20,70,-12.4711,
-18,70,-1.23873,
-16,70,0.237763,
-14,70,-6.88897,
-12,70,-6.23012,
-10,70,-4.05188,
-8,70,-6.63082,
-6,70,-9.40365,
-4,70,-9.43503,
-2,70,1.92223,
0,70,4.39998,
2,70,0.744686,
4,70,-9.72062,
6,70,1.16305,
8,70,0.85324,
10,70,-6.43079,
12,70,-3.19261,
14,70,-0.213184,
16,70,2.48646,
18,70,2.90307,
20,70,-0.0696337,
22,70,-3.17045,
24,70,-6.14633,
26,70,-5.02053,
28,70,-2.25681,
30,70,-1.32662,
32,70,1.10919,
34,70,2.44369,
36,70,0.275491,
38,70,-4.55659,
40,70,-6.41406,
42,70,-2.6539,
44,70,0.130809,
46,70,2.08774,
48,70,0.34681,
50,70,-6.33397,
52,70,-3.48338,
54,70,1.62398,
56,70,2.49639,
58,70,-2.36822,
60,70,-12.184,
62,70,-10.706,
64,70,-6.61168,
66,70,-8.98564,
68,70,-11.9599,
70,70,-5.88511,
72,70,-5.18312,
74,70,-3.75661,
76,70,-2.85617,
78,70,-4.59319,
80,70,-7.15943,
82,70,-2.91637,
84,70,-0.168022,
86,70,0.341341,
88,70,-0.00880649,
90,70,-1.85476,
92,70,-7.95327,
94,70,-10.4873,
96,70,-9.18695,
98,70,-14.5551,
100,70,-2.69616,
102,70,-2.24968,
104,70,-7.90224,
106,70,-2.83735,
108,70,-7.96489,
110,70,-3.38169,
112,70,1.19195,
114,70,-7.98601,
116,70,0.137005,
118,70,5.1954,
120,70,3.52681,
122,70,-4.46203,
124,70,-14.8056,
126,70,-19.7196,
128,70,-13.8911,
130,70,-14.5397,
132,70,-5.18324,
134,70,-0.139943,
136,70,0.662099,
138,70,-1.72962,
140,70,-6.91888,
142,70,-12.4419,
144,70,-6.08861,
146,70,-1.58001,
148,70,-4.56985,
150,70,-5.20001,
152,70,3.3338,
154,70,3.90605,
156,70,-1.04242,
158,70,-6.40107,
160,70,-7.5535,
162,70,0.220483,
164,70,0.996702,
166,70,-8.10006,
168,70,-2.82379,
170,70,0.109424,
172,70,-1.08762,
174,70,-2.96735,
176,70,-14.3876,
178,70,-0.972649,
180,70,3.56158,
-180,72,2.07186,
-178,72,1.17824,
-176,72,-5.08698,
-174,72,-2.35746,
-172,72,-0.692705,
-170,72,-5.87112,
-168,72,-8.85417,
-166,72,-6.82549,
-164,72,-2.78194,
-162,72,0.174731,
-160,72,-0.931894,
-158,72,-3.86601,
-156,72,-5.20784,
-154,72,-3.19307,
-152,72,-2.51964,
-150,72,-1.95791,
-148,72,1.40187,
-146,72,3.49934,
-144,72,1.82648,
-142,72,-3.62008,
-140,72,-8.07426,
-138,72,-1.9153,
-136,72,0.750758,
-134,72,-0.270148,
-132,72,-3.10701,
-130,72,-7.7968,
-128,72,-5.96968,
-126,72,-1.03123,
-124,72,0.0865519,
-122,72,-4.31828,
-120,72,-12.6008,
-118,72,-9.39339,
-116,72,-6.15464,
-114,72,-10.0242,
-112,72,-9.0629,
-110,72,-3.47043,
-108,72,-1.92651,
-106,72,-0.288645,
-104,72,0.571301,
-102,72,-1.4558,
-100,72,-9.11034,
-98,72,-13.8956,
-96,72,-7.34293,
-94,72,-2.20705,
-92,72,1.15342,
-90,72,0.97798,
-88,72,-3.99066,
-86,72,-22.3814,
-84,72,-19.4076,
-82,72,-6.0477,
-80,72,1.39609,
-78,72,1.20738,
-76,72,-12.4415,
-74,72,-3.37599,
-72,72,-6.51422,
-70,72,-3.9392,
-68,72,1.81821,
-66,72,-7.30897,
-64,72,0.10911,
-62,72,4.40823,
-60,72,1.24776,
-58,72,-6.91595,
-56,72,-7.09199,
-54,72,-10.7108,
-52,72,-11.9603,
-50,72,-6.20865,
-48,72,-1.75088,
-46,72,-0.0567087,
-44,72,-1.49773,
-42,72,-6.83231,
-40,72,-13.6799,
-38,72,-16.1779,
-36,72,-9.68073,
-34,72,-6.31257,
-32,72,-5.04333,
-30,72,3.12691,
-28,72,6.37641,
-26,72,5.08305,
-24,72,-2.10086,
-22,72,-27.8279,
-20,72,-8.1372,
-18,72,0.184237,
-16,72,0.642366,
-14,72,-6.97158,
-12,72,-5.98382,
-10,72,-4.52194,
-8,72,-5.7125,
-6,72,-7.36513,
-4,72,-12.4525,
-2,72,0.286236,
0,72,3.0183,
2,72,-0.323407,
4,72,-7.7553,
6,72,0.593677,
8,72,-0.0708335,
10,72,-9.28874,
12,72,-3.53755,
14,72,-2.28186,
16,72,0.903469,
18,72,2.64517,
20,72,-0.0771207,
22,72,-3.95409,
24,72,-5.69661,
26,72,-4.69495,
28,72,-2.73911,
30,72,-2.48934,
32,72,-0.0740429,
34,72,1.69987,
36,72,-0.377166,
38,72,-5.7369,
40,72,-9.01285,
42,72,-4.723,
44,72,-1.04718,
46,72,1.48057,
48,72,0.0309004,
50,72,-5.87962,
52,72,-2.65424,
54,72,2.41015,
56,72,3.33515,
58,72,-0.748523,
60,72,-7.50649,
62,72,-7.5298,
64,72,-5.79796,
66,72,-7.95888,
68,72,-12.0789,
70,72,-9.70722,
72,72,-4.81368,
74,72,-2.07488,
76,72,-2.10516,
78,72,-4.20022,
80,72,-8.55933,
82,72,-6.39352,
84,72,-2.22307,
86,72,-0.562065,
88,72,-0.627366,
90,72,-2.61792,
92,72,-8.23065,
94,72,-22.3619,
96,72,-14.0663,
98,72,-13.128,
100,72,-4.94051,
102,72,-4.53813,
104,72,-7.93977,
106,72,-1.93343,
108,72,-5.72018,
110,72,-4.76109,
112,72,0.784161,
114,72,-8.8832,
116,72,0.756619,
118,72,5.73313,
120,72,3.96255,
122,72,-4.49145,
124,72,-10.1337,
126,72,-11.8189,
128,72,-18.7027,
130,72,-13.1291,
132,72,-3.56417,
134,72,0.545656,
136,72,0.805029,
138,72,-1.78739,
140,72,-6.00151,
142,72,-10.9458,
144,72,-9.11475,
146,72,-3.92742,
148,72,-8.3729,
150,72,-2.25654,
152,72,4.21296,
154,72,3.90633,
156,72,-2.25533,
158,72,-8.54472,
160,72,-6.093,
162,72,0.998962,
164,72,0.768121,
166,72,-10.1295,
168,72,-2.86386,
170,72,-0.510136,
172,72,-1.28454,
174,72,-2.66443,
176,72,-13.3431,
178,72,-3.09243,
180,72,2.07186,
-180,74,-0.405922,
-178,74,-0.326289,
-176,74,-4.51783,
-174,74,-3.77014,
-172,74,-2.0398,
-170,74,-5.91534,
-168,74,-9.42792,
-166,74,-11.6454,
-164,74,-3.65711,
-162,74,0.632118,
-160,74,-0.251515,
-158,74,-3.3407,
-156,74,-4.95361,
-154,74,-3.54619,
-152,74,-3.03714,
-150,74,-3.12789,
-148,74,-0.0224684,
-146,74,2.35274,
-144,74,0.790534,
-142,74,-4.74564,
-140,74,-9.96201,
-138,74,-3.24698,
-136,74,-0.00232716,
-134,74,-0.479546,
-132,74,-2.61591,
-130,74,-6.72827,
-128,74,-5.19114,
-126,74,-0.591575,
-124,74,0.515207,
-122,74,-3.21655,
-120,74,-9.35256,
-118,74,-8.00569,
-116,74,-5.92435,
-114,74,-7.90567,
-112,74,-8.54386,
-110,74,-5.26957,
-108,74,-2.13146,
-106,74,-0.120411,
-104,74,0.30573,
-102,74,-1.39997,
-100,74,-6.60095,
-98,74,-15.7413,
-96,74,-8.77455,
-94,74,-2.34614,
-92,74,0.731374,
-90,74,0.611433,
-88,74,-3.31768,
-86,74,-13.5836,
-84,74,-16.695,
-82,74,-7.41211,
-80,74,-0.470059,
-78,74,-0.338502,
-76,74,-14.4891,
-74,74,-3.57797,
-72,74,-5.83728,
-70,74,-4.97755,
-68,74,1.62708,
-66,74,-6.94174,
-64,74,0.321629,
-62,74,4.73865,
-60,74,1.48166,
-58,74,-6.82736,
-56,74,-5.07937,
-54,74,-7.46586,
-52,74,-11.7492,
-50,74,-6.88587,
-48,74,-2.17498,
-46,74,-0.872423,
-44,74,-3.26497,
-42,74,-10.5608,
-40,74,-12.5028,
-38,74,-13.2921,
-36,74,-13.7498,
-34,74,-9.38604,
-32,74,-3.507,
-30,74,3.95508,
-28,74,6.48793,
-26,74,4.48001,
-24,74,-4.36356,
-22,74,-17.7044,
-20,74,-6.45248,
-18,74,0.650134,
-16,74,0.515331,
-14,74,-6.86539,
-12,74,-6.04027,
-10,74,-5.25541,
-8,74,-5.42169,
-6,74,-6.40513,
-4,74,-13.794,
-2,74,-2.49196,
0,74,0.685002,
2,74,-1.96609,
4,74,-6.6394,
6,74,-0.275208,
8,74,-1.00177,
10,74,-11.6593,
12,74,-4.61654,
14,74,-5.62529,
16,74,-0.838157,
18,74,2.57194,
20,74,0.289099,
22,74,-4.21063,
24,74,-5.28011,
26,74,-4.73704,
28,74,-3.54375,
30,74,-4.03531,
32,74,-1.67938,
34,74,0.636476,
36,74,-1.30491,
38,74,-6.9935,
40,74,-11.5303,
42,74,-7.18518,
44,74,-2.55252,
46,74,0.554872,
48,74,-0.709885,
50,74,-6.33729,
52,74,-2.47621,
54,74,2.66516,
56,74,3.66129,
58,74,0.0654792,
60,74,-5.18197,
62,74,-5.77282,
64,74,-5.47804,
66,74,-7.04765,
68,74,-11.1667,
70,74,-14.4995,
72,74,-3.82212,
74,74,-1.15997,
76,74,-1.88346,
78,74,-3.99111,
80,74,-7.70292,
82,74,-9.38008,
84,74,-4.58424,
86,74,-1.5239,
88,74,-0.865041,
90,74,-2.66187,
92,74,-7.38892,
94,74,-17.9472,
96,74,-20.4913,
98,74,-12.9729,
100,74,-7.35078,
102,74,-6.82897,
104,74,-7.1733,
106,74,-1.64754,
108,74,-4.82316,
110,74,-6.01276,
112,74,0.347752,
114,74,-9.49939,
116,74,0.977503,
118,74,5.9294,
120,74,4.03781,
122,74,-4.87375,
124,74,-7.26138,
126,74,-8.18089,
128,74,-16.4129,
130,74,-11.5302,
132,74,-2.98074,
134,74,0.639422,
136,74,0.526076,
138,74,-2.20201,
140,74,-5.5309,
142,74,-9.09488,
144,74,-12.1215,
146,74,-6.76821,
148,74,-11.9311,
150,74,-0.554616,
152,74,4.56863,
154,74,3.47596,
156,74,-4.24595,
158,74,-11.567,
160,74,-5.92778,
162,74,0.984475,
164,74,0.06307,
166,74,-11.6774,
168,74,-3.3352,
170,74,-1.516,
172,74,-1.88934,
174,74,-2.96246,
176,74,-11.5136,
178,74,-6.69367,
180,74,-0.405922,
-180,76,-3.97906,
-178,76,-2.29806,
-176,76,-4.29423,
-174,76,-4.96079,
-172,76,-3.51924,
-170,76,-5.78362,
-168,76,-8.3244,
-166,76,-13.1643,
-164,76,-3.6111,
-162,76,1.03182,
-160,76,0.178868,
-158,76,-3.22631,
-156,76,-5.2104,
-154,76,-4.26244,
-152,76,-3.84266,
-150,76,-4.58917,
-148,76,-1.78442,
-146,76,0.955656,
-144,76,-0.465766,
-142,76,-5.98926,
-140,76,-11.6427,
-138,76,-4.80148,
-136,76,-0.96413,
-134,76,-0.978272,
-132,76,-2.62888,
-130,76,-6.4998,
-128,76,-5.00617,
-126,76,-0.545876,
-124,76,0.615033,
-122,76,-2.61565,
-120,76,-7.48531,
-118,76,-6.94893,
-116,76,-5.56913,
-114,76,-6.24023,
-112,76,-8.33132,
-110,76,-7.77014,
-108,76,-2.50807,
-106,76,-0.396356,
-104,76,-0.384677,
-102,76,-1.85993,
-100,76,-5.34868,
-98,76,-10.2691,
-96,76,-8.51312,
-94,76,-2.44556,
-92,76,0.722172,
-90,76,0.726817,
-88,76,-2.8371,
-86,76,-10.1671,
-84,76,-11.6466,
-82,76,-8.58822,
-80,76,-2.74976,
-78,76,-2.1754,
-76,76,-15.8469,
-74,76,-4.3446,
-72,76,-5.91667,
-70,76,-5.8525,
-68,76,1.30417,
-66,76,-6.82819,
-64,76,0.356466,
-62,76,4.85166,
-60,76,1.47806,
-58,76,-6.98647,
-56,76,-3.88525,
-54,76,-5.66232,
-52,76,-10.2148,
-50,76,-7.17319,
-48,76,-2.56555,
-46,76,-1.61083,
-44,76,-4.94166,
-42,76,-13.765,
-40,76,-10.0346,
-38,76,-10.5265,
-36,76,-17.7216,
-34,76,-12.2234,
-32,76,-2.31778,
-30,76,4.37029,
-28,76,6.3154,
-26,76,3.58486,
-24,76,-7.58972,
-22,76,-12.2429,
-20,76,-5.99385,
-18,76,0.489177,
-16,76,-0.0200127,
-14,76,-6.65075,
-12,76,-6.25656,
-10,76,-6.31019,
-8,76,-5.81551,
-6,76,-6.27062,
-4,76,-12.1331,
-2,76,-6.60535,
0,76,-2.69556,
2,76,-4.02268,
4,76,-5.86328,
6,76,-1.03898,
8,76,-1.64616,
10,76,-12.0602,
12,76,-5.84649,
14,76,-10.0357,
16,76,-2.25379,
18,76,2.56204,
20,76,0.619525,
22,76,-4.33772,
24,76,-4.98053,
26,76,-4.87683,
28,76,-4.46458,
30,76,-5.80898,
32,76,-3.60748,
34,76,-0.617753,
36,76,-2.3592,
38,76,-8.08539,
40,76,-12.7735,
42,76,-9.74685,
44,76,-4.26728,
46,76,-0.598323,
48,76,-1.78112,
50,76,-7.53124,
52,76,-2.81103,
54,76,2.51696,
56,76,3.60542,
58,76,0.344992,
60,76,-3.96776,
62,76,-4.81621,
64,76,-5.49138,
66,76,-6.44388,
68,76,-9.98729,
70,76,-15.4876,
72,76,-3.01634,
74,76,-0.865054,
76,76,-2.14605,
78,76,-4.20916,
80,76,-6.58061,
82,76,-8.86518,
84,76,-6.33424,
86,76,-2.45848,
88,76,-0.722377,
90,76,-1.73197,
92,76,-5.80716,
94,76,-12.4518,
96,76,-21.7923,
98,76,-13.908,
100,76,-9.02872,
102,76,-8.03226,
104,76,-6.40967,
106,76,-1.8719,
108,76,-4.7955,
110,76,-7.0573,
112,76,-0.0698344,
114,76,-9.69087,
116,76,0.903491,
118,76,5.8804,
120,76,3.87669,
122,76,-5.3544,
124,76,-5.54215,
126,76,-6.44723,
128,76,-14.6536,
130,76,-11.391,
132,76,-3.17524,
134,76,0.23488,
136,76,-0.180887,
138,76,-3.10015,
140,76,-5.76016,
142,76,-8.25567,
144,76,-14.2055,
146,76,-9.9772,
148,76,-12.4704,
150,76,0.346436,
152,76,4.55061,
154,76,2.73178,
156,76,-7.10397,
158,76,-15.1332,
160,76,-6.65658,
162,76,0.412493,
164,76,-1.06885,
166,76,-12.3805,
168,76,-4.09775,
170,76,-2.84998,
172,76,-2.87086,
174,76,-3.73203,
176,76,-10.2088,
178,76,-12.6104,
180,76,-3.97906,
-180,78,-9.05455,
-178,78,-4.59122,
-176,78,-4.2463,
-174,78,-5.44723,
-172,78,-4.89489,
-170,78,-5.59612,
-168,78,-6.62568,
-166,78,-9.62567,
-164,78,-3.22869,
-162,78,1.19455,
-160,78,0.301624,
-158,78,-3.44133,
-156,78,-5.75319,
-154,78,-5.17535,
-152,78,-4.78433,
-150,78,-6.18603,
-148,78,-3.78601,
-146,78,-0.590229,
-144,78,-1.82957,
-142,78,-7.17976,
-140,78,-12.4672,
-138,78,-6.42973,
-136,78,-2.04695,
-134,78,-1.66946,
-132,78,-2.9807,
-130,78,-6.82303,
-128,78,-5.23367,
-126,78,-0.793856,
-124,78,0.459738,
-122,78,-2.38101,
-120,78,-6.42877,
-118,78,-6.30481,
-116,78,-5.36511,
-114,78,-5.2944,
-112,78,-8.32083,
-110,78,-10.872,
-108,78,-2.97201,
-106,78,-0.987719,
-104,78,-1.41159,
-102,78,-2.78652,
-100,78,-5.08592,
-98,78,-7.52025,
-96,78,-7.35036,
-94,78,-2.55898,
-92,78,0.95302,
-90,78,1.17328,
-88,78,-2.49642,
-86,78,-8.49912,
-84,78,-8.38826,
-82,78,-9.18201,
-80,78,-5.4088,
-78,78,-4.16396,
-76,78,-16.2065,
-74,78,-5.62419,
-72,78,-6.54195,
-70,78,-6.57207,
-68,78,0.87412,
-66,78,-6.9659,
-64,78,0.246434,
-62,78,4.80024,
-60,78,1.31222,
-58,78,-7.28526,
-56,78,-3.26089,
-54,78,-4.80927,
-52,78,-9.27677,
-50,78,-7.44975,
-48,78,-2.99428,
-46,78,-2.27531,
-44,78,-6.37838,
-42,78,-14.4922,
-40,78,-8.42332,
-38,78,-8.89148,
-36,78,-17.9474,
-34,78,-13.6965,
-32,78,-1.61081,
-30,78,4.47645,
-28,78,5.94286,
-26,78,2.49208,
-24,78,-11.9587,
-22,78,-9.27181,
-20,78,-6.15004,
-18,78,-0.0810681,
-16,78,-0.833357,
-14,78,-6.38786,
-12,78,-6.51775,
-10,78,-7.65549,
-8,78,-6.77002,
-6,78,-6.7043,
-4,78,-10.1247,
-2,78,-11.7165,
0,78,-7.47656,
2,78,-6.32899,
4,78,-5.23795,
6,78,-1.42656,
8,78,-1.95859,
10,78,-11.0787,
12,78,-6.49047,
14,78,-11.687,
16,78,-3.04378,
18,78,2.4857,
20,78,0.755646,
22,78,-4.52592,
24,78,-4.7909,
26,78,-5.00697,
28,78,-5.35707,
30,78,-7.66038,
32,78,-5.77075,
34,78,-1.95393,
36,78,-3.42763,
38,78,-8.93618,
40,78,-12.6326,
42,78,-11.8979,
44,78,-6.05086,
46,78,-1.88486,
48,78,-3.08288,
50,78,-9.33576,
52,78,-3.50244,
54,78,2.07983,
56,78,3.27564,
58,78,0.262269,
60,78,-3.38086,
62,78,-4.34418,
64,78,-5.73389,
66,78,-6.17385,
68,78,-9.06956,
70,78,-12.2963,
72,78,-2.56669,
74,78,-1.02656,
76,78,-2.8063,
78,78,-4.86361,
80,78,-6.07649,
82,78,-7.10936,
84,78,-6.72914,
86,78,-3.30234,
88,78,-0.439963,
90,78,-0.566857,
92,78,-4.35825,
94,78,-10.2027,
96,78,-16.5677,
98,78,-15.8623,
100,78,-9.31701,
102,78,-7.73716,
104,78,-5.93329,
106,78,-2.48728,
108,78,-5.36479,
110,78,-7.87435,
112,78,-0.464798,
114,78,-9.59764,
116,78,0.628929,
118,78,5.66507,
120,78,3.56998,
122,78,-5.78773,
124,78,-4.5678,
126,78,-5.73317,
128,78,-14.6846,
130,78,-12.4762,
132,78,-3.92801,
134,78,-0.53809,
136,78,-1.23862,
138,78,-4.45178,
140,78,-6.56252,
142,78,-8.19962,
144,78,-15.2522,
146,78,-13.49,
148,78,-11.134,
150,78,0.721506,
152,78,4.26783,
154,78,1.76868,
156,78,-11.0736,
158,78,-16.0815,
160,78,-8.0133,
162,78,-0.549899,
164,78,-2.55183,
166,78,-12.1839,
168,78,-5.02328,
170,78,-4.44048,
172,78,-4.14439,
174,78,-4.82248,
176,78,-9.50531,
178,78,-20.5954,
180,78,-9.05455,
-180,80,-16.1768,
-178,80,-7.05182,
-176,80,-4.30368,
-174,80,-5.31911,
-172,80,-6.01706,
-170,80,-5.46557,
-168,80,-5.24533,
-166,80,-7.02592,
-164,80,-2.96228,
-162,80,1.11045,
-160,80,0.173979,
-158,80,-3.87625,
-156,80,-6.42997,
-154,80,-6.16026,
-152,80,-5.75054,
-150,80,-7.77773,
-148,80,-5.93084,
-146,80,-2.19287,
-144,80,-3.20727,
-142,80,-8.22577,
-140,80,-12.4441,
-138,80,-7.98333,
-136,80,-3.17551,
-134,80,-2.46826,
-132,80,-3.54294,
-130,80,-7.48784,
-128,80,-5.70971,
-126,80,-1.24105,
-124,80,0.122615,
-122,80,-2.40659,
-120,80,-5.88338,
-118,80,-5.99643,
-116,80,-5.36992,
-114,80,-4.87769,
-112,80,-8.44554,
-110,80,-13.9269,
-108,80,-3.44739,
-106,80,-1.78026,
-104,80,-2.68226,
-102,80,-4.09563,
-100,80,-5.51182,
-98,80,-6.29175,
-96,80,-6.32618,
-94,80,-2.71352,
-92,80,1.1964,
-90,80,1.64347,
-88,80,-2.31079,
-86,80,-7.5848,
-84,80,-6.25729,
-82,80,-9.15587,
-80,80,-8.41512,
-78,80,-6.0909,
-76,80,-15.5751,
-74,80,-7.34321,
-72,80,-7.53234,
-70,80,-7.18363,
-68,80,0.360917,
-66,80,-7.32021,
-64,80,0.0328247,
-62,80,4.63064,
-60,80,1.0412,
-58,80,-7.65605,
-56,80,-3.03134,
-54,80,-4.56571,
-52,80,-9.0428,
-50,80,-7.90798,
-48,80,-3.49752,
-46,80,-2.89212,
-44,80,-7.53247,
-42,80,-13.6443,
-40,80,-7.55865,
-38,80,-8.02121,
-36,80,-16.1308,
-34,80,-13.8607,
-32,80,-1.29674,
-30,80,4.36184,
-28,80,5.44031,
-26,80,1.28605,
-24,80,-16.56,
-22,80,-7.47613,
-20,80,-6.59756,
-18,80,-0.897238,
-16,80,-1.79381,
-14,80,-6.14109,
-12,80,-6.76481,
-10,80,-9.18842,
-8,80,-8.14346,
-6,80,-7.50615,
-4,80,-8.73667,
-2,80,-12.339,
0,80,-14.026,
2,80,-8.69611,
4,80,-4.74005,
6,80,-1.46802,
8,80,-2.09389,
10,80,-9.99425,
12,80,-6.25852,
14,80,-8.96372,
16,80,-3.3418,
18,80,2.29115,
20,80,0.699022,
22,80,-4.80252,
24,80,-4.71066,
26,80,-5.12864,
28,80,-6.14336,
30,80,-9.44322,
32,80,-8.07552,
34,80,-3.27824,
36,80,-4.43202,
38,80,-9.60164,
40,80,-12.1093,
42,80,-13.1439,
44,80,-7.73614,
46,80,-3.20869,
48,80,-4.50861,
50,80,-11.6284,
52,80,-4.39826,
54,80,1.45537,
56,80,2.76439,
58,80,-0.0586571,
60,80,-3.17922,
62,80,-4.18182,
64,80,-6.12645,
66,80,-6.18228,
68,80,-8.50403,
70,80,-9.85907,
72,80,-2.42175,
74,80,-1.50107,
76,80,-3.76102,
78,80,-5.87111,
80,80,-6.16832,
82,80,-5.98357,
84,80,-6.30231,
86,80,-4.02207,
88,80,-0.221703,
90,80,0.338507,
92,80,-3.34832,
94,80,-9.18496,
96,80,-13.158,
98,80,-18.9374,
100,80,-8.79033,
102,80,-6.86824,
104,80,-5.74429,
106,80,-3.37276,
108,80,-6.34017,
110,80,-8.48316,
112,80,-0.849818,
114,80,-9.43118,
116,80,0.23123,
118,80,5.34452,
120,80,3.18144,
122,80,-6.12578,
124,80,-4.07962,
126,80,-5.62273,
128,80,-15.9952,
130,80,-14.5349,
132,80,-5.05618,
134,80,-1.54688,
136,80,-2.53832,
138,80,-6.16276,
140,80,-7.74329,
142,80,-8.61559,
144,80,-15.8377,
146,80,-17.2994,
148,80,-10.0423,
150,80,0.748853,
152,80,3.80801,
154,80,0.672627,
156,80,-16.5776,
158,80,-13.7706,
160,80,-9.80703,
162,80,-1.76551,
164,80,-4.28668,
166,80,-11.5158,
168,80,-5.9988,
170,80,-6.19656,
172,80,-5.59843,
174,80,-6.07628,
176,80,-9.24822,
178,80,-15.123,
180,80,-16.1768,
-180,82,-17.5465,
-178,82,-9.49882,
-176,82,-4.44981,
-174,82,-5.0099,
-172,82,-6.86984,
-170,82,-5.45189,
-168,82,-4.35161,
-166,82,-5.56418,
-164,82,-2.93393,
-162,82,0.832536,
-160,82,-0.126718,
-158,82,-4.43527,
-156,82,-7.1424,
-154,82,-7.12819,
-152,82,-6.66366,
-150,82,-9.23977,
-148,82,-8.10518,
-146,82,-3.76266,
-144,82,-4.51943,
-142,82,-9.108,
-140,82,-12.0903,
-138,82,-9.33807,
-136,82,-4.28558,
-134,82,-3.29912,
-132,82,-4.2107,
-130,82,-8.32498,
-128,82,-6.29879,
-126,82,-1.80253,
-124,82,-0.328258,
-122,82,-2.60741,
-120,82,-5.67477,
-118,82,-5.93278,
-116,82,-5.54535,
-114,82,-4.80685,
-112,82,-8.6465,
-110,82,-15.1768,
-108,82,-3.89012,
-106,82,-2.66944,
-104,82,-4.09351,
-102,82,-5.68196,
-100,82,-6.39824,
-98,82,-5.88609,
-96,82,-5.69416,
-94,82,-2.91492,
-92,82,1.3307,
-90,82,1.96589,
-88,82,-2.28321,
-86,82,-7.06628,
-84,82,-4.87043,
-82,82,-8.83023,
-80,82,-11.6959,
-78,82,-7.68726,
-76,82,-14.5434,
-74,82,-9.40539,
-72,82,-8.71673,
-70,82,-7.73103,
-68,82,-0.20561,
-66,82,-7.83455,
-64,82,-0.246417,
-62,82,4.38003,
-60,82,0.705533,
-58,82,-8.05809,
-56,82,-3.0666,
-54,82,-4.70436,
-52,82,-9.28767,
-50,82,-8.54095,
-48,82,-4.05885,
-46,82,-3.47061,
-44,82,-8.42871,
-42,82,-12.8148,
-40,82,-7.17145,
-38,82,-7.6162,
-36,82,-14.7593,
-34,82,-13.6701,
-32,82,-1.26264,
-30,82,4.10052,
-28,82,4.86905,
-26,82,0.0498167,
-24,82,-16.3732,
-22,82,-6.39471,
-20,82,-7.14721,
-18,82,-1.82536,
-16,82,-2.77755,
-14,82,-5.96691,
-12,82,-6.98929,
-10,82,-10.7384,
-8,82,-9.78346,
-6,82,-8.50851,
-4,82,-7.9055,
-2,82,-9.23147,
0,82,-15.6301,
2,82,-10.9099,
4,82,-4.39842,
6,82,-1.37433,
8,82,-2.21523,
10,82,-9.2018,
12,82,-5.59378,
14,82,-6.61973,
16,82,-3.45897,
18,82,1.98721,
20,82,0.501492,
22,82,-5.14071,
24,82,-4.74098,
26,82,-5.27424,
28,82,-6.80207,
30,82,-11.0302,
32,82,-10.4003,
34,82,-4.51141,
36,82,-5.32515,
38,82,-10.1635,
40,82,-11.7455,
42,82,-13.5524,
44,82,-9.16197,
46,82,-4.47776,
48,82,-5.94592,
50,82,-14.214,
52,82,-5.35699,
54,82,0.734165,
56,82,2.15227,
58,82,-0.520739,
60,82,-3.21702,
62,82,-4.21988,
64,82,-6.60617,
66,82,-6.39096,
68,82,-8.22892,
70,82,-8.39218,
72,82,-2.4961,
74,82,-2.16205,
76,82,-4.89165,
78,82,-7.10895,
80,82,-6.68211,
82,82,-5.523,
84,82,-5.82973,
86,82,-4.61533,
88,82,-0.148358,
90,82,0.887976,
92,82,-2.76158,
94,82,-8.77852,
96,82,-11.0645,
98,82,-23.5081,
100,82,-8.20165,
102,82,-6.12018,
104,82,-5.76987,
106,82,-4.4046,
108,82,-7.56082,
110,82,-8.93176,
112,82,-1.23465,
114,82,-9.3218,
116,82,-0.229483,
118,82,4.96468,
120,82,2.75484,
122,82,-6.38068,
124,82,-3.90439,
126,82,-5.86522,
128,82,-18.2589,
130,82,-17.292,
132,82,-6.3947,
134,82,-2.66529,
136,82,-3.95869,
138,82,-8.1035,
140,82,-9.0979,
142,82,-9.26048,
144,82,-16.3019,
146,82,-21.3733,
148,82,-9.46753,
150,82,0.55202,
152,82,3.24504,
154,82,-0.472269,
156,82,-21.2864,
158,82,-11.6245,
160,82,-11.8646,
162,82,-3.10719,
164,82,-6.13941,
166,82,-10.813,
168,82,-6.93052,
170,82,-7.99652,
172,82,-7.0997,
174,82,-7.33519,
176,82,-9.29294,
178,82,-11.2297,
180,82,-17.5465,
-180,84,-13.6719,
-178,84,-11.7237,
-176,84,-4.68956,
-174,84,-4.81336,
-172,84,-7.52765,
-170,84,-5.57427,
-168,84,-3.88719,
-166,84,-4.83238,
-164,84,-3.12117,
-162,84,0.425732,
-160,84,-0.532357,
-158,84,-5.04417,
-156,84,-7.83244,
-154,84,-8.02019,
-152,84,-7.4746,
-150,84,-10.4737,
-148,84,-10.1597,
-146,84,-5.20863,
-144,84,-5.69834,
-142,84,-9.84718,
-140,84,-11.7735,
-138,84,-10.4322,
-136,84,-5.32394,
-134,84,-4.09634,
-132,84,-4.89862,
-130,84,-9.19617,
-128,84,-6.9026,
-126,84,-2.40508,
-124,84,-0.832404,
-122,84,-2.91517,
-120,84,-5.69107,
-118,84,-6.03848,
-116,84,-5.82965,
-114,84,-4.94473,
-112,84,-8.87912,
-110,84,-14.3904,
-108,84,-4.28971,
-106,84,-3.55943,
-104,84,-5.52367,
-102,84,-7.40761,
-100,84,-7.54629,
-98,84,-5.9457,
-96,84,-5.40508,
-94,84,-3.15608,
-92,84,1.32738,
-90,84,2.10087,
-88,84,-2.39186,
-86,84,-6.79871,
-84,84,-4.02077,
-82,84,-8.51421,
-80,84,-15.0239,
-78,84,-8.76795,
-76,84,-13.6321,
-74,84,-11.6579,
-72,84,-9.91875,
-70,84,-8.23695,
-68,84,-0.790422,
-66,84,-8.44458,
-64,84,-0.561409,
-62,84,4.07703,
-60,84,0.333525,
-58,84,-8.46816,
-56,84,-3.26965,
-54,84,-5.06101,
-52,84,-9.79319,
-50,84,-9.25345,
-48,84,-4.63354,
-46,84,-4.00307,
-44,84,-9.11223,
-42,84,-12.3394,
-40,84,-7.07409,
-38,84,-7.48618,
-36,84,-13.9728,
-34,84,-13.5934,
-32,84,-1.41387,
-30,84,3.75302,
-28,84,4.28278,
-26,84,-1.13064,
-24,84,-13.7726,
-22,84,-5.79461,
-20,84,-7.69426,
-18,84,-2.75283,
-16,84,-3.68343,
-14,84,-5.90229,
-12,84,-7.21052,
-10,84,-12.0947,
-8,84,-11.5064,
-6,84,-9.55943,
-4,84,-7.47182,
-2,84,-7.12071,
0,84,-11.8512,
2,84,-12.771,
4,84,-4.23575,
6,84,-1.32308,
8,84,-2.40684,
10,84,-8.71979,
12,84,-4.97245,
14,84,-5.24114,
16,84,-3.59214,
18,84,1.60938,
20,84,0.217896,
22,84,-5.50829,
24,84,-4.87289,
26,84,-5.46341,
28,84,-7.34558,
30,84,-12.34,
32,84,-12.574,
34,84,-5.59094,
36,84,-6.08559,
38,84,-10.6696,
40,84,-11.6233,
42,84,-13.6018,
44,84,-10.2383,
46,84,-5.61319,
48,84,-7.28211,
50,84,-16.7109,
52,84,-6.26063,
54,84,-0.0040702,
56,84,1.5093,
58,84,-1.04482,
60,84,-3.39507,
62,84,-4.38256,
64,84,-7.12401,
66,84,-6.72596,
68,84,-8.16536,
70,84,-7.57692,
72,84,-2.71473,
74,84,-2.89496,
76,84,-6.06011,
78,84,-8.42555,
80,84,-7.44259,
82,84,-5.51718,
84,84,-5.58618,
86,84,-5.10157,
88,84,-0.220953,
90,84,1.12981,
92,84,-2.50708,
94,84,-8.70724,
96,84,-9.79589,
98,84,-30.2158,
100,84,-7.82132,
102,84,-5.65973,
104,84,-5.93604,
106,84,-5.4587,
108,84,-8.87143,
110,84,-9.27899,
112,84,-1.61906,
114,84,-9.31366,
116,84,-0.708278,
118,84,4.55949,
120,84,2.32014,
122,84,-6.58398,
124,84,-3.92378,
126,84,-6.28685,
128,84,-21.1289,
130,84,-20.0781,
132,84,-7.78233,
134,84,-3.7775,
136,84,-5.37267,
138,84,-10.1049,
140,84,-10.4262,
142,84,-9.95601,
144,84,-16.6978,
146,84,-25.3405,
148,84,-9.27456,
150,84,0.219154,
152,84,2.64113,
154,84,-1.58177,
156,84,-18.5877,
158,84,-10.2805,
160,84,-13.9894,
162,84,-4.44874,
164,84,-7.93264,
166,84,-10.2807,
168,84,-7.74984,
170,84,-9.68118,
172,84,-8.4989,
174,84,-8.45952,
176,84,-9.53325,
178,84,-9.44453,
180,84,-13.6719,
-180,86,-11.7633,
-178,86,-13.5285,
-176,86,-5.03116,
-174,86,-4.83139,
-172,86,-8.07459,
-170,86,-5.8313,
-168,86,-3.7712,
-166,86,-4.5868,
-164,86,-3.46834,
-162,86,-0.0520985,
-160,86,-0.991173,
-158,86,-5.6499,
-156,86,-8.47018,
-154,86,-8.80044,
-152,86,-8.15639,
-150,86,-11.4177,
-148,86,-11.9058,
-146,86,-6.43985,
-144,86,-6.68745,
-142,86,-10.4717,
-140,86,-11.6209,
-138,86,-11.2815,
-136,86,-6.2477,
-134,86,-4.80622,
-132,86,-5.54061,
-130,86,-9.99926,
-128,86,-7.46533,
-126,86,-2.98922,
-124,86,-1.33903,
-122,86,-3.27631,
-120,86,-5.85684,
-118,86,-6.25635,
-116,86,-6.165,
-114,86,-5.19332,
-112,86,-9.12311,
-110,86,-13.3269,
-108,86,-4.65677,
-106,86,-4.36619,
-104,86,-6.82917,
-102,86,-9.08176,
-100,86,-8.75292,
-98,86,-6.24868,
-96,86,-5.36211,
-94,86,-3.42423,
-92,86,1.20117,
-90,86,2.06685,
-88,86,-2.60212,
-86,86,-6.7249,
-84,86,-3.58527,
-82,86,-8.36182,
-80,86,-17.8419,
-78,86,-9.37742,
-76,86,-13.0509,
-74,86,-13.837,
-72,86,-10.9629,
-70,86,-8.70537,
-68,86,-1.35752,
-66,86,-9.08871,
-64,86,-0.891115,
-62,86,3.74272,
-60,86,-0.05518,
-58,86,-8.87522,
-56,86,-3.57077,
-54,86,-5.51207,
-52,86,-10.3827,
-50,86,-9.93232,
-48,86,-5.17269,
-46,86,-4.4768,
-44,86,-9.62529,
-42,86,-12.1631,
-40,86,-7.14542,
-38,86,-7.51131,
-36,86,-13.5837,
-34,86,-13.6964,
-32,86,-1.67935,
-30,86,3.36651,
-28,86,3.72655,
-26,86,-2.16793,
-24,86,-12.0831,
-22,86,-5.53625,
-20,86,-8.19048,
-18,86,-3.58912,
-16,86,-4.44864,
-14,86,-5.9642,
-12,86,-7.45333,
-10,86,-13.0981,
-8,86,-13.0911,
-6,86,-10.5208,
-4,86,-7.31517,
-2,86,-6.00276,
0,86,-9.69444,
2,86,-14.1646,
4,86,-4.25631,
6,86,-1.39855,
8,86,-2.69033,
10,86,-8.50407,
12,86,-4.58942,
14,86,-4.54715,
16,86,-3.80608,
18,86,1.19778,
20,86,-0.108888,
22,86,-5.88109,
24,86,-5.08852,
26,86,-5.69725,
28,86,-7.79842,
30,86,-13.3509,
32,86,-14.3748,
34,86,-6.47357,
36,86,-6.71074,
38,86,-11.1333,
40,86,-11.6944,
42,86,-13.6459,
44,86,-10.9819,
46,86,-6.55788,
48,86,-8.41546,
50,86,-18.5766,
52,86,-7.03015,
54,86,-0.692165,
56,86,0.894244,
58,86,-1.56658,
60,86,-3.64172,
62,86,-4.6137,
64,86,-7.64321,
66,86,-7.12806,
68,86,-8.25399,
70,86,-7.21372,
72,86,-3.02012,
74,86,-3.59731,
76,86,-7.11245,
78,86,-9.64703,
80,86,-8.28961,
82,86,-5.78951,
84,86,-5.58648,
86,86,-5.50863,
88,86,-0.408687,
90,86,1.13746,
92,86,-2.49542,
94,86,-8.82762,
96,86,-9.11107,
98,86,-33.5907,
100,86,-7.67366,
102,86,-5.46843,
104,86,-6.18692,
106,86,-6.42169,
108,86,-10.1144,
110,86,-9.57585,
112,86,-1.99476,
114,86,-9.40569,
116,86,-1.17278,
118,86,4.15351,
120,86,1.89793,
122,86,-6.76374,
124,86,-4.05851,
126,86,-6.76107,
128,86,-23.8557,
130,86,-21.6732,
132,86,-9.05691,
134,86,-4.78265,
136,86,-6.65323,
138,86,-11.9484,
140,86,-11.5553,
142,86,-10.5811,
144,86,-17.0049,
146,86,-28.0034,
148,86,-9.33538,
150,86,-0.187563,
152,86,2.04659,
154,86,-2.57456,
156,86,-15.8937,
158,86,-9.57268,
160,86,-15.9456,
162,86,-5.66632,
164,86,-9.46852,
166,86,-9.97111,
168,86,-8.41579,
170,86,-11.0703,
172,86,-9.65136,
174,86,-9.35626,
176,86,-9.89731,
178,86,-8.73762,
180,86,-11.7633,
-180,88,-11.1757,
-178,88,-14.7923,
-176,88,-5.48019,
-174,88,-5.07733,
-172,88,-8.56325,
-170,88,-6.21408,
-168,88,-3.94189,
-166,88,-4.69483,
-164,88,-3.92627,
-162,88,-0.556996,
-160,88,-1.4682,
-158,88,-6.21881,
-156,88,-9.04406,
-154,88,-9.44933,
-152,88,-8.69702,
-150,88,-12.0489,
-148,88,-13.1498,
-146,88,-7.3735,
-144,88,-7.44254,
-142,88,-11.0013,
-140,88,-11.6523,
-138,88,-11.9482,
-136,88,-7.02218,
-134,88,-5.38951,
-132,88,-6.09053,
-130,88,-10.6735,
-128,88,-7.9674,
-126,88,-3.51109,
-124,88,-1.80944,
-122,88,-3.65202,
-120,88,-6.12209,
-118,88,-6.54567,
-116,88,-6.50617,
-114,88,-5.48608,
-112,88,-9.37961,
-110,88,-12.7478,
-108,88,-5.0089,
-106,88,-5.02353,
-104,88,-7.85564,
-102,88,-10.4547,
-100,88,-9.80313,
-98,88,-6.64429,
-96,88,-5.48357,
-94,88,-3.7061,
-92,88,0.977715,
-90,88,1.8952,
-88,88,-2.88034,
-86,88,-6.82426,
-84,88,-3.48968,
-82,88,-8.42658,
-80,88,-19.4489,
-78,88,-9.7153,
-76,88,-12.8465,
-74,88,-15.5463,
-72,88,-11.7066,
-70,88,-9.13191,
-68,88,-1.87568,
-66,88,-9.71604,
-64,88,-1.2226,
-62,88,3.39124,
-60,88,-0.447753,
-58,88,-9.27647,
-56,88,-3.92388,
-54,88,-5.96757,
-52,88,-10.9249,
-50,88,-10.4833,
-48,88,-5.63762,
-46,88,-4.88272,
-44,88,-10.0016,
-42,88,-12.1968,
-40,88,-7.3086,
-38,88,-7.61679,
-36,88,-13.452,
-34,88,-13.9339,
-32,88,-2.00977,
-30,88,2.97473,
-28,88,3.23477,
-26,88,-2.98188,
-24,88,-11.307,
-22,88,-5.53221,
-20,88,-8.62102,
-18,88,-4.26934,
-16,88,-5.05,
-14,88,-6.15488,
-12,88,-7.73585,
-10,88,-13.7342,
-8,88,-14.3219,
-6,88,-11.2796,
-4,88,-7.35636,
-2,88,-5.54986,
0,88,-8.76715,
2,88,-15.0897,
4,88,-4.45226,
6,88,-1.62468,
8,88,-3.05917,
10,88,-8.51463,
12,88,-4.47996,
14,88,-4.3348,
16,88,-4.10206,
18,88,0.785792,
20,88,-0.450854,
22,88,-6.2454,
24,88,-5.36921,
26,88,-5.96827,
28,88,-8.18429,
30,88,-14.0831,
32,88,-15.5856,
34,88,-7.13555,
36,88,-7.209,
38,88,-11.5519,
40,88,-11.8998,
42,88,-13.8286,
44,88,-11.4775,
46,88,-7.2795,
48,88,-9.26903,
50,88,-19.5592,
52,88,-7.62908,
54,88,-1.27826,
56,88,0.352719,
58,88,-2.03683,
60,88,-3.90574,
62,88,-4.87193,
64,88,-8.13751,
66,88,-7.55454,
68,88,-8.4564,
70,88,-7.19342,
72,88,-3.37195,
74,88,-4.18473,
76,88,-7.90051,
78,88,-10.6001,
80,88,-9.08284,
82,88,-6.21376,
84,88,-5.78623,
86,88,-5.86265,
88,88,-0.675715,
90,88,0.973722,
92,88,-2.65757,
94,88,-9.06294,
96,88,-8.88428,
98,88,-30.5118,
100,88,-7.72153,
102,88,-5.49639,
104,88,-6.48731,
106,88,-7.20651,
108,88,-11.1388,
110,88,-9.85786,
112,88,-2.35117,
114,88,-9.58335,
116,88,-1.60092,
118,88,3.76359,
120,88,1.50188,
122,88,-6.93859,
124,88,-4.25881,
126,88,-7.19968,
128,88,-25.3754,
130,88,-21.9241,
132,88,-10.0647,
134,88,-5.60045,
136,88,-7.68376,
138,88,-13.3808,
140,88,-12.367,
142,88,-11.0619,
144,88,-17.2055,
146,88,-28.5711,
148,88,-9.56733,
150,88,-0.626727,
152,88,1.49864,
154,88,-3.38005,
156,88,-14.6573,
158,88,-9.34046,
160,88,-17.4966,
162,88,-6.65127,
164,88,-10.5985,
166,88,-9.87549,
168,88,-8.90985,
170,88,-12.0119,
172,88,-10.4515,
174,88,-9.99293,
176,88,-10.3401,
178,88,-8.71008,
180,88,-11.1757,
-180,90,-11.4815,
-178,90,-15.5022,
-176,90,-6.0397,
-174,90,-5.54092,
-172,90,-9.01509,
-170,90,-6.71282,
-168,90,-4.36207,
-166,90,-5.09157,
-164,90,-4.46479,
-162,90,-1.06149,
-160,90,-1.944,
-158,90,-6.73506,
-156,90,-9.55452,
-154,90,-9.95798,
-152,90,-9.09329,
-150,90,-12.374,
-148,90,-13.7612,
-146,90,-7.94878,
-144,90,-7.93375,
-142,90,-11.4422,
-140,90,-11.8586,
-138,90,-12.4911,
-136,90,-7.61848,
-134,90,-5.82336,
-132,90,-6.5224,
-130,90,-11.1936,
-128,90,-8.40877,
-126,90,-3.94384,
-124,90,-2.21955,
-122,90,-4.01893,
-120,90,-6.4577,
-118,90,-6.88077,
-116,90,-6.8228,
-114,90,-5.78254,
-112,90,-9.65772,
-110,90,-12.7592,
-108,90,-5.3618,
-106,90,-5.48983,
-104,90,-8.47179,
-102,90,-11.2666,
-100,90,-10.5014,
-98,90,-7.03667,
-96,90,-5.71629,
-94,90,-3.99151,
-92,90,0.677772,
-90,90,1.61008,
-88,90,-3.20367,
-86,90,-7.09127,
-84,90,-3.6942,
-82,90,-8.72335,
-80,90,-19.749,
-78,90,-9.95181,
-76,90,-13.0175,
-74,90,-16.3833,
-72,90,-12.0764,
-70,90,-9.51409,
-68,90,-2.32424,
-66,90,-10.2923,
-64,90,-1.55013,
-62,90,3.02985,
-60,90,-0.837843,
-58,90,-9.67384,
-56,90,-4.30332,
-54,90,-6.37149,
-52,90,-11.3357,
-50,90,-10.848,
-48,90,-6.00603,
-46,90,-5.21837,
-44,90,-10.2659,
-42,90,-12.3756,
-40,90,-7.5181,
-38,90,-7.7589,
-36,90,-13.494,
-34,90,-14.2509,
-32,90,-2.3752,
-30,90,2.59802,
-28,90,2.82907,
-26,90,-3.51375,
-24,90,-11.2299,
-22,90,-5.73185,
-20,90,-8.98746,
-18,90,-4.75606,
-16,90,-5.48688,
-14,90,-6.46673,
-12,90,-8.06603,
-10,90,-14.102,
-8,90,-15.0677,
-6,90,-11.7645,
-4,90,-7.54835,
-2,90,-5.58018,
0,90,-8.63499,
2,90,-15.6121,
4,90,-4.81159,
6,90,-2.00104,
8,90,-3.5013,
10,90,-8.72306,
12,90,-4.62962,
14,90,-4.49187,
16,90,-4.46397,
18,90,0.394724,
20,90,-0.793956,
22,90,-6.59874,
24,90,-5.70377,
26,90,-6.27134,
28,90,-8.52086,
30,90,-14.5598,
32,90,-16.0866,
34,90,-7.57009,
36,90,-7.59271,
38,90,-11.9208,
40,90,-12.1989,
42,90,-14.1933,
44,90,-11.8075,
46,90,-7.76677,
48,90,-9.80013,
50,90,-19.9085,
52,90,-8.04823,
54,90,-1.72865,
56,90,-0.0853184,
58,90,-2.42341,
60,90,-4.1545,
62,90,-5.13037,
64,90,-8.58973,
66,90,-7.97627,
68,90,-8.74501,
70,90,-7.46209,
72,90,-3.74643,
74,90,-4.60085,
76,90,-8.31933,
78,90,-11.1503,
80,90,-9.71376,
82,90,-6.71059,
84,90,-6.1495,
86,90,-6.18368,
88,90,-0.994086,
90,90,0.680781,
92,90,-2.94945,
94,90,-9.37544,
96,90,-9.05329,
98,90,-29.9177,
100,90,-7.92533,
102,90,-5.70281,
104,90,-6.81923,
106,90,-7.76061,
108,90,-11.8237,
110,90,-10.1475,
112,90,-2.68122,
114,90,-9.83628,
116,90,-1.97938,
118,90,3.39973,
120,90,1.13961,
122,90,-7.12033,
124,90,-4.49832,
126,90,-7.55192,
128,90,-25.6579,
130,90,-21.9565,
132,90,-10.6866,
134,90,-6.17632,
136,90,-8.37419,
138,90,-14.1811,
140,90,-12.8033,
142,90,-11.3578,
144,90,-17.2778,
146,90,-28.0075,
148,90,-9.92342,
150,90,-1.07451,
152,90,1.02024,
154,90,-3.94902,
156,90,-14.4604,
158,90,-9.48965,
160,90,-18.4829,
162,90,-7.3296,
164,90,-11.2814,
166,90,-9.96868,
168,90,-9.22644,
170,90,-12.4334,
172,90,-10.8587,
174,90,-10.3827,
176,90,-10.8363,
178,90,-9.20154,
180,90,-11.4815,
-180,92,-12.5778,
-178,92,-15.7103,
-176,92,-6.71208,
-174,92,-6.21371,
-172,92,-9.43383,
-170,92,-7.3193,
-168,92,-5.01712,
-166,92,-5.76006,
-164,92,-5.0759,
-162,92,-1.55541,
-160,92,-2.41329,
-158,92,-7.19955,
-156,92,-10.0104,
-154,92,-10.3247,
-152,92,-9.34669,
-150,92,-12.4165,
-148,92,-13.7231,
-146,92,-8.14147,
-144,92,-8.14827,
-142,92,-11.7872,
-140,92,-12.2283,
-138,92,-12.9274,
-136,92,-8.01313,
-134,92,-6.10249,
-132,92,-6.83028,
-130,92,-11.5564,
-128,92,-8.79267,
-126,92,-4.27859,
-124,92,-2.56198,
-122,92,-4.36977,
-120,92,-6.85339,
-118,92,-7.25023,
-116,92,-7.10002,
-114,92,-6.06517,
-112,92,-9.96141,
-110,92,-13.3683,
-108,92,-5.72502,
-106,92,-5.7522,
-104,92,-8.61618,
-102,92,-11.3657,
-100,92,-10.7378,
-98,92,-7.38512,
-96,92,-6.03798,
-94,92,-4.27569,
-92,92,0.310406,
-90,92,1.22045,
-88,92,-3.56592,
-86,92,-7.52784,
-84,92,-4.18777,
-82,92,-9.25732,
-80,92,-19.0551,
-78,92,-10.1416,
-76,92,-13.557,
-74,92,-16.1897,
-72,92,-12.0749,
-70,92,-9.85815,
-68,92,-2.69737,
-66,92,-10.8042,
-64,92,-1.87457,
-62,92,2.6587,
-60,92,-1.22591,
-58,92,-10.0712,
-56,92,-4.70139,
-54,92,-6.70411,
-52,92,-11.5798,
-50,92,-11.0083,
-48,92,-6.2737,
-46,92,-5.48802,
-44,92,-10.4357,
-42,92,-12.6626,
-40,92,-7.75362,
-38,92,-7.91841,
-36,92,-13.6659,
-34,92,-14.6077,
-32,92,-2.7634,
-30,92,2.24327,
-28,92,2.51683,
-26,92,-3.74042,
-24,92,-11.7611,
-22,92,-6.11523,
-20,92,-9.29873,
-18,92,-5.03796,
-16,92,-5.75972,
-14,92,-6.88398,
-12,92,-8.44188,
-10,92,-14.2936,
-8,92,-15.3085,
-6,92,-11.9563,
-4,92,-7.86975,
-2,92,-6.01625,
0,92,-9.12828,
2,92,-15.7958,
4,92,-5.32305,
6,92,-2.52229,
8,92,-4.00991,
10,92,-9.11021,
12,92,-5.01716,
14,92,-4.96813,
16,92,-4.87912,
18,92,0.0316559,
20,92,-1.1366,
22,92,-6.95067,
24,92,-6.0946,
26,92,-6.61114,
28,92,-8.81914,
30,92,-14.7791,
32,92,-15.8988,
34,92,-7.78323,
36,92,-7.87336,
38,92,-12.2396,
40,92,-12.575,
42,92,-14.7538,
44,92,-12.0126,
46,92,-8.02206,
48,92,-10.0013,
50,92,-19.8172,
52,92,-8.2841,
54,92,-2.02979,
56,92,-0.407645,
58,92,-2.71324,
60,92,-4.37413,
62,92,-5.37777,
64,92,-8.99069,
66,92,-8.37365,
68,92,-9.09193,
70,92,-8.00392,
72,92,-4.13641,
74,92,-4.82639,
76,92,-8.33929,
78,92,-11.235,
80,92,-10.1215,
82,92,-7.24801,
84,92,-6.66841,
86,92,-6.48461,
88,92,-1.34968,
90,92,0.277165,
92,92,-3.35334,
94,92,-9.75333,
96,92,-9.60122,
98,92,-32.1863,
100,92,-8.25554,
102,92,-6.06361,
104,92,-7.17728,
106,92,-8.06114,
108,92,-12.1029,
110,92,-10.46,
112,92,-2.98539,
114,92,-10.1668,
116,92,-2.30281,
118,92,3.06533,
120,92,0.812783,
122,92,-7.3185,
124,92,-4.77045,
126,92,-7.80526,
128,92,-25.2974,
130,92,-22.2946,
132,92,-10.8716,
134,92,-6.48553,
136,92,-8.67903,
138,92,-14.2553,
140,92,-12.8504,
142,92,-11.4524,
144,92,-17.1887,
146,92,-26.9231,
148,92,-10.3818,
150,92,-1.52266,
152,92,0.619316,
154,92,-4.26263,
156,92,-15.1222,
158,92,-9.98141,
160,92,-18.8412,
162,92,-7.67681,
164,92,-11.5555,
166,92,-10.2261,
168,92,-9.36694,
170,92,-12.3544,
172,92,-10.8964,
174,92,-10.5577,
176,92,-11.3735,
178,92,-10.1783,
180,92,-12.5778,
-180,94,-14.6048,
-178,94,-15.4741,
-176,94,-7.50011,
-174,94,-7.09484,
-172,94,-9.81627,
-170,94,-8.0274,
-168,94,-5.91068,
-166,94,-6.72325,
-164,94,-5.77235,
-162,94,-2.04528,
-160,94,-2.88411,
-158,94,-7.62909,
-156,94,-10.4273,
-154,94,-10.5534,
-152,94,-9.46225,
-150,94,-12.2092,
-148,94,-13.126,
-146,94,-7.97216,
-144,94,-8.09297,
-142,94,-12.0121,
-140,94,-12.747,
-138,94,-13.2148,
-136,94,-8.19214,
-134,94,-6.23959,
-132,94,-7.02854,
-130,94,-11.774,
-128,94,-9.12039,
-126,94,-4.52556,
-124,94,-2.84689,
-122,94,-4.71337,
-120,94,-7.31634,
-118,94,-7.65635,
-116,94,-7.33939,
-114,94,-6.33828,
-112,94,-10.2849,
-110,94,-14.6028,
-108,94,-6.09847,
-106,94,-5.82605,
-104,94,-8.32468,
-102,94,-10.8053,
-100,94,-10.5389,
-98,94,-7.70586,
-96,94,-6.45604,
-94,94,-4.56022,
-92,94,-0.128809,
-90,94,0.717856,
-88,94,-3.97969,
-86,94,-8.14252,
-84,94,-4.98688,
-82,94,-10.0282,
-80,94,-17.4955,
-78,94,-10.2214,
-76,94,-14.4579,
-74,94,-15.1529,
-72,94,-11.7609,
-70,94,-10.1813,
-68,94,-3.00579,
-66,94,-11.2609,
-64,94,-2.20312,
-62,94,2.27074,
-60,94,-1.61946,
-58,94,-10.4724,
-56,94,-5.1268,
-54,94,-6.98269,
-52,94,-11.6718,
-50,94,-10.9866,
-48,94,-6.45468,
-46,94,-5.70275,
-44,94,-10.5238,
-42,94,-13.0488,
-40,94,-8.01927,
-38,94,-8.09942,
-36,94,-13.9583,
-34,94,-14.9847,
-32,94,-3.17927,
-30,94,1.90399,
-28,94,2.29077,
-26,94,-3.68037,
-24,94,-12.9219,
-22,94,-6.69104,
-20,94,-9.56742,
-18,94,-5.12765,
-16,94,-5.86191,
-14,94,-7.38107,
-12,94,-8.85229,
-10,94,-14.3265,
-8,94,-15.0906,
-6,94,-11.8849,
-4,94,-8.3217,
-2,94,-6.85648,
0,94,-10.2384,
2,94,-15.6662,
4,94,-5.97742,
6,94,-3.18501,
8,94,-4.58682,
10,94,-9.66267,
12,94,-5.62541,
14,94,-5.76128,
16,94,-5.34556,
18,94,-0.31104,
20,94,-1.48888,
22,94,-7.32332,
24,94,-6.56101,
26,94,-7.00583,
28,94,-9.08491,
30,94,-14.7154,
32,94,-15.1475,
34,94,-7.79099,
36,94,-8.0594,
38,94,-12.5137,
40,94,-13.0372,
42,94,-15.5164,
44,94,-12.0836,
46,94,-8.05599,
48,94,-9.89547,
50,94,-19.1431,
52,94,-8.3298,
54,94,-2.18899,
56,94,-0.620745,
58,94,-2.91362,
60,94,-4.57004,
62,94,-5.6194,
64,94,-9.33794,
66,94,-8.73418,
68,94,-9.46326,
70,94,-8.83686,
72,94,-4.55189,
74,94,-4.88195,
76,94,-8.0121,
78,94,-10.8813,
80,94,-10.3046,
82,94,-7.84368,
84,94,-7.36819,
86,94,-6.77038,
88,94,-1.74426,
90,94,-0.242755,
92,94,-3.87825,
94,94,-10.2071,
96,94,-10.5531,
98,94,-34.3284,
100,94,-8.69012,
102,94,-6.56963,
104,94,-7.56512,
106,94,-8.10891,
108,94,-11.9846,
110,94,-10.8064,
112,94,-3.27319,
114,94,-10.5931,
116,94,-2.5737,
118,94,2.75717,
120,94,0.516837,
122,94,-7.54437,
124,94,-5.08722,
126,94,-7.98513,
128,94,-24.2783,
130,94,-22.5703,
132,94,-10.6558,
134,94,-6.53656,
136,94,-8.61061,
138,94,-13.6828,
140,94,-12.535,
142,94,-11.3544,
144,94,-16.9121,
146,94,-25.2842,
148,94,-10.9397,
150,94,-1.97753,
152,94,0.288828,
154,94,-4.3358,
156,94,-16.6625,
158,94,-10.8222,
160,94,-18.5619,
162,94,-7.72,
164,94,-11.4735,
166,94,-10.629,
168,94,-9.34147,
170,94,-11.8671,
172,94,-10.6344,
174,94,-10.5541,
176,94,-11.9481,
178,94,-11.7105,
180,94,-14.6048,
-180,96,-17.9606,
-178,96,-14.841,
-176,96,-8.40643,
-174,96,-8.18356,
-172,96,-10.1574,
-170,96,-8.8337,
-168,96,-7.05557,
-166,96,-8.03965,
-164,96,-6.58032,
-162,96,-2.55202,
-160,96,-3.37739,
-158,96,-8.05625,
-156,96,-10.8267,
-154,96,-10.654,
-152,96,-9.45063,
-150,96,-11.7948,
-148,96,-12.1285,
-146,96,-7.50287,
-144,96,-7.79594,
-142,96,-12.0735,
-140,96,-13.3775,
-138,96,-13.2562,
-136,96,-8.15919,
-134,96,-6.26501,
-132,96,-7.1527,
-130,96,-11.8843,
-128,96,-9.4009,
-126,96,-4.71498,
-124,96,-3.10135,
-122,96,-5.07363,
-120,96,-7.86975,
-118,96,-8.11472,
-116,96,-7.56024,
-114,96,-6.62899,
-112,96,-10.6188,
-110,96,-16.4366,
-108,96,-6.46729,
-106,96,-5.75047,
-104,96,-7.71404,
-102,96,-9.80781,
-100,96,-10.0521,
-98,96,-8.06865,
-96,96,-7.00345,
-94,96,-4.85269,
-92,96,-0.655829,
-90,96,0.0782303,
-88,96,-4.47534,
-86,96,-8.95402,
-84,96,-6.13845,
-82,96,-11.0095,
-80,96,-15.2834,
-78,96,-10.043,
-76,96,-15.6889,
-74,96,-13.6602,
-72,96,-11.2285,
-70,96,-10.5093,
-68,96,-3.27532,
-66,96,-11.6935,
-64,96,-2.54915,
-62,96,1.85172,
-60,96,-2.03277,
-58,96,-10.88,
-56,96,-5.60477,
-54,96,-7.2591,
-52,96,-11.6785,
-50,96,-10.8442,
-48,96,-6.58095,
-46,96,-5.88121,
-44,96,-10.5423,
-42,96,-13.5569,
-40,96,-8.34714,
-38,96,-8.33263,
-36,96,-14.402,
-34,96,-15.3781,
-32,96,-3.64472,
-30,96,1.56045,
-28,96,2.1297,
-26,96,-3.38795,
-24,96,-14.826,
-22,96,-7.49723,
-20,96,-9.80957,
-18,96,-5.06113,
-16,96,-5.79167,
-14,96,-7.91976,
-12,96,-9.27795,
-10,96,-14.1621,
-8,96,-14.5034,
-6,96,-11.6196,
-4,96,-8.92745,
-2,96,-8.17129,
0,96,-12.08,
2,96,-15.2131,
4,96,-6.76611,
6,96,-3.98604,
8,96,-5.24055,
10,96,-10.3681,
12,96,-6.43787,
14,96,-6.91394,
16,96,-5.87093,
18,96,-0.654972,
20,96,-1.87289,
22,96,-7.75151,
24,96,-7.14023,
26,96,-7.48736,
28,96,-9.32086,
30,96,-14.3493,
32,96,-14.0088,
34,96,-7.61855,
36,96,-8.15652,
38,96,-12.7535,
40,96,-13.6215,
42,96,-16.4617,
44,96,-11.9716,
46,96,-7.88701,
48,96,-9.53108,
50,96,-17.7728,
52,96,-8.186,
54,96,-2.23375,
56,96,-0.749326,
58,96,-3.0519,
60,96,-4.76675,
62,96,-5.87659,
64,96,-9.63348,
66,96,-9.0537,
68,96,-9.82436,
70,96,-10.0199,
72,96,-5.02064,
74,96,-4.82293,
76,96,-7.44984,
78,96,-10.203,
80,96,-10.321,
82,96,-8.56674,
84,96,-8.30526,
86,96,-7.03594,
88,96,-2.19451,
90,96,-0.907517,
92,96,-4.55923,
94,96,-10.7742,
96,96,-11.9844,
98,96,-27.9695,
100,96,-9.20425,
102,96,-7.21946,
104,96,-7.99433,
106,96,-7.93372,
108,96,-11.5537,
110,96,-11.1926,
112,96,-3.5619,
114,96,-11.1483,
116,96,-2.8026,
118,96,2.46518,
120,96,0.240741,
122,96,-7.81347,
124,96,-5.48036,
126,96,-8.15295,
128,96,-22.6439,
130,96,-21.8974,
132,96,-10.151,
134,96,-6.37351,
136,96,-8.2402,
138,96,-12.6755,
140,96,-11.9385,
142,96,-11.1074,
144,96,-16.4658,
146,96,-23.1931,
148,96,-11.6099,
150,96,-2.46016,
152,96,0.00750622,
154,96,-4.21326,
156,96,-19.1678,
158,96,-12.0559,
160,96,-17.7166,
162,96,-7.52877,
164,96,-11.091,
166,96,-11.166,
168,96,-9.17559,
170,96,-11.1104,
172,96,-10.1723,
174,96,-10.4148,
176,96,-12.5614,
178,96,-13.9868,
180,96,-17.9606,
-180,98,-21.8,
-178,98,-13.8726,
-176,98,-9.43123,
-174,98,-9.4525,
-172,98,-10.4502,
-170,98,-9.74058,
-168,98,-8.45116,
-166,98,-9.7849,
-164,98,-7.51796,
-162,98,-3.10556,
-160,98,-3.92638,
-158,98,-8.53005,
-156,98,-11.2376,
-154,98,-10.6461,
-152,98,-9.33309,
-150,98,-11.2295,
-148,98,-10.9108,
-146,98,-6.82373,
-144,98,-7.30605,
-142,98,-11.9143,
-140,98,-14.0118,
-138,98,-12.9467,
-136,98,-7.94369,
-134,98,-6.22562,
-132,98,-7.26003,
-130,98,-11.9672,
-128,98,-9.6707,
-126,98,-4.89696,
-124,98,-3.36721,
-122,98,-5.48761,
-120,98,-8.55162,
-118,98,-8.65507,
-116,98,-7.80134,
-114,98,-6.98907,
-112,98,-10.9645,
-110,98,-18.2385,
-108,98,-6.79689,
-106,98,-5.58185,
-104,98,-6.93659,
-102,98,-8.63854,
-100,98,-9.47895,
-98,98,-8.59031,
-96,98,-7.72987,
-94,98,-5.16504,
-92,98,-1.29168,
-90,98,-0.731198,
-88,98,-5.09682,
-86,98,-10.001,
-84,98,-7.72834,
-82,98,-12.087,
-80,98,-12.8193,
-78,98,-9.46806,
-76,98,-17.1228,
-74,98,-12.0861,
-72,98,-10.5971,
-70,98,-10.8701,
-68,98,-3.54295,
-66,98,-12.1526,
-64,98,-2.93208,
-62,98,1.38048,
-60,98,-2.48605,
-58,98,-11.2945,
-56,98,-6.17818,
-54,98,-7.61539,
-52,98,-11.7121,
-50,98,-10.6733,
-48,98,-6.70025,
-46,98,-6.04938,
-44,98,-10.5022,
-42,98,-14.2475,
-40,98,-8.80579,
-38,98,-8.68272,
-36,98,-15.0864,
-34,98,-15.7714,
-32,98,-4.19806,
-30,98,1.18003,
-28,98,2.00046,
-26,98,-2.93937,
-24,98,-17.484,
-22,98,-8.60448,
-20,98,-10.0483,
-18,98,-4.89856,
-16,98,-5.5751,
-14,98,-8.45042,
-12,98,-9.69411,
-10,98,-13.7726,
-8,98,-13.6889,
-6,98,-11.2564,
-4,98,-9.73422,
-2,98,-10.1194,
0,98,-14.7728,
2,98,-14.4243,
4,98,-7.67783,
6,98,-4.91329,
8,98,-5.97906,
10,98,-11.2073,
12,98,-7.42424,
14,98,-8.51589,
16,98,-6.46029,
18,98,-1.03359,
20,98,-2.32415,
22,98,-8.28316,
24,98,-7.88648,
26,98,-8.09838,
28,98,-9.52788,
30,98,-13.7049,
32,98,-12.6647,
34,98,-7.301,
36,98,-8.17008,
38,98,-12.9721,
40,98,-14.3941,
42,98,-17.4637,
44,98,-11.6172,
46,98,-7.54564,
48,98,-8.97874,
50,98,-15.9642,
52,98,-7.88239,
54,98,-2.20973,
56,98,-0.8346,
58,98,-3.17404,
60,98,-5.00729,
62,98,-6.18495,
64,98,-9.88076,
66,98,-9.34111,
68,98,-10.1579,
70,98,-11.6784,
72,98,-5.58812,
74,98,-4.72927,
76,98,-6.7914,
78,98,-9.36623,
80,98,-10.2748,
82,98,-9.53994,
84,98,-9.55045,
86,98,-7.26395,
88,98,-2.72828,
90,98,-1.76468,
92,98,-5.45518,
94,98,-11.5327,
96,98,-14.0488,
98,98,-22.5714,
100,98,-9.7534,
102,98,-8.00442,
104,98,-8.4851,
106,98,-7.60388,
108,98,-10.9522,
110,98,-11.6137,
112,98,-3.8729,
114,98,-11.8738,
116,98,-3.00879,
118,98,2.17196,
120,98,-0.0334139,
122,98,-8.14617,
124,98,-6.00462,
126,98,-8.40459,
128,98,-20.9665,
130,98,-20.1992,
132,98,-9.51322,
134,98,-6.07502,
136,98,-7.68504,
138,98,-11.4895,
140,98,-11.2005,
142,98,-10.796,
144,98,-15.9307,
146,98,-20.9484,
148,98,-12.4165,
150,98,-3.00738,
152,98,-0.259046,
154,98,-3.96069,
156,98,-21.651,
158,98,-13.74,
160,98,-16.5099,
162,98,-7.20155,
164,98,-10.4954,
166,98,-11.831,
168,98,-8.91509,
170,98,-10.2378,
172,98,-9.62373,
174,98,-10.1968,
176,98,-13.2163,
178,98,-17.2571,
180,98,-21.8,
-180,100,-18.5791,
-178,100,-12.6681,
-176,100,-10.5689,
-174,100,-10.7845,
-172,100,-10.6816,
-170,100,-10.7642,
-168,100,-10.0263,
-166,100,-11.937,
-164,100,-8.53771,
-162,100,-3.73346,
-160,100,-4.57395,
-158,100,-9.11812,
-156,100,-11.7033,
-154,100,-10.5656,
-152,100,-9.14807,
-150,100,-10.5869,
-148,100,-9.63811,
-146,100,-6.037,
-144,100,-6.69045,
-142,100,-11.492,
-140,100,-14.4093,
-138,100,-12.2616,
-136,100,-7.60279,
-134,100,-6.18253,
-132,100,-7.42915,
-130,100,-12.1557,
-128,100,-10.0123,
-126,100,-5.1395,
-124,100,-3.69802,
-122,100,-6.00337,
-120,100,-9.41454,
-118,100,-9.32489,
-116,100,-8.12155,
-114,100,-7.49649,
-112,100,-11.3496,
-110,100,-17.929,
-108,100,-7.03666,
-106,100,-5.38827,
-104,100,-6.14108,
-102,100,-7.51908,
-100,100,-9.01901,
-98,100,-9.43299,
-96,100,-8.68166,
-94,100,-5.51066,
-92,100,-2.04862,
-90,100,-1.73496,
-88,100,-5.89379,
-86,100,-11.3651,
-84,100,-9.90199,
-82,100,-12.9582,
-80,100,-10.4317,
-78,100,-8.49863,
-76,100,-18.4172,
-74,100,-10.6902,
-72,100,-9.99989,
-70,100,-11.2828,
-68,100,-3.85144,
-66,100,-12.7041,
-64,100,-3.37725,
-62,100,0.829299,
-60,100,-3.00456,
-58,100,-11.7128,
-56,100,-6.9092,
-54,100,-8.15974,
-52,100,-11.9098,
-50,100,-10.5745,
-48,100,-6.86885,
-46,100,-6.2358,
-44,100,-10.4031,
-42,100,-15.2107,
-40,100,-9.51534,
-38,100,-9.26046,
-36,100,-16.1847,
-34,100,-16.05,
-32,100,-4.88988,
-30,100,0.718061,
-28,100,1.86024,
-26,100,-2.41848,
-24,100,-19.252,
-22,100,-10.1251,
-20,100,-10.3245,
-18,100,-4.72416,
-16,100,-5.28126,
-14,100,-8.92622,
-12,100,-10.0777,
-10,100,-13.1969,
-8,100,-12.8228,
-6,100,-10.9078,
-4,100,-10.8176,
-2,100,-12.9569,
0,100,-17.1912,
2,100,-13.3371,
4,100,-8.69575,
6,100,-5.92853,
8,100,-6.79518,
10,100,-12.1399,
12,100,-8.5139,
14,100,-10.6838,
16,100,-7.08286,
18,100,-1.48721,
20,100,-2.89338,
22,100,-8.98132,
24,100,-8.86881,
26,100,-8.88451,
28,100,-9.70512,
30,100,-12.8607,
32,100,-11.271,
34,100,-6.88429,
36,100,-8.10967,
38,100,-13.1787,
40,100,-15.4547,
42,100,-18.1177,
44,100,-10.9964,
46,100,-7.07964,
48,100,-8.32696,
50,100,-14.1231,
52,100,-7.48985,
54,100,-2.17776,
56,100,-0.932039,
58,100,-3.34272,
60,100,-5.35259,
62,100,-6.59198,
64,100,-10.0833,
66,100,-9.62391,
68,100,-10.487,
70,100,-14.0665,
72,100,-6.31514,
74,100,-4.69508,
76,100,-6.17355,
78,100,-8.53937,
80,100,-10.29,
82,100,-10.9427,
84,100,-11.1093,
86,100,-7.42611,
88,100,-3.37689,
90,100,-2.8709,
92,100,-6.64256,
94,100,-12.6282,
96,100,-17.0584,
98,100,-18.9836,
100,100,-10.2546,
102,100,-8.879,
104,100,-9.06714,
106,100,-7.2222,
108,100,-10.3438,
110,100,-12.046,
112,100,-4.22613,
114,100,-12.8028,
116,100,-3.22119,
118,100,1.85185,
120,100,-0.331334,
122,100,-8.56605,
124,100,-6.74356,
126,100,-8.873,
128,100,-19.8435,
130,100,-18.4255,
132,100,-8.91308,
134,100,-5.74865,
136,100,-7.08762,
138,100,-10.3567,
140,100,-10.4968,
142,100,-10.5435,
144,100,-15.4309,
146,100,-18.7725,
148,100,-13.3759,
150,100,-3.67437,
152,100,-0.557397,
154,100,-3.65512,
156,100,-20.018,
158,100,-15.8263,
160,100,-15.219,
162,100,-6.85249,
164,100,-9.81288,
166,100,-12.6203,
168,100,-8.62461,
170,100,-9.3886,
172,100,-9.10319,
174,100,-9.97461,
176,100,-13.9139,
178,100,-20.3162,
180,100,-18.5791,
-180,102,-13.6041,
-178,102,-11.3595,
-176,102,-11.8053,
-174,102,-11.8831,
-172,102,-10.8251,
-170,102,-11.9433,
-168,102,-11.5341,
-166,102,-13.8715,
-164,102,-9.40708,
-162,102,-4.43841,
-160,102,-5.36366,
-158,102,-9.90946,
-156,102,-12.2941,
-154,102,-10.4736,
-152,102,-8.95722,
-150,102,-9.95805,
-148,102,-8.44521,
-146,102,-5.24599,
-144,102,-6.03133,
-142,102,-10.8259,
-140,102,-14.2518,
-138,102,-11.3065,
-136,102,-7.21548,
-134,102,-6.2081,
-132,102,-7.75874,
-130,102,-12.6353,
-128,102,-10.5613,
-126,102,-5.5247,
-124,102,-4.15538,
-122,102,-6.67785,
-120,102,-10.5287,
-118,102,-10.1981,
-116,102,-8.59725,
-114,102,-8.2556,
-112,102,-11.8345,
-110,102,-15.3816,
-108,102,-7.1451,
-106,102,-5.24607,
-104,102,-5.45645,
-102,102,-6.6113,
-100,102,-8.8505,
-98,102,-10.8159,
-96,102,-9.8514,
-94,102,-5.90043,
-92,102,-2.90428,
-90,102,-2.91088,
-88,102,-6.90819,
-86,102,-13.2248,
-84,102,-12.9166,
-82,102,-13.1793,
-80,102,-8.29475,
-78,102,-7.30166,
-76,102,-19.0664,
-74,102,-9.62875,
-72,102,-9.57262,
-70,102,-11.744,
-68,102,-4.24408,
-66,102,-13.4253,
-64,102,-3.91563,
-62,102,0.163923,
-60,102,-3.61829,
-58,102,-12.1304,
-56,102,-7.88012,
-54,102,-9.02401,
-52,102,-12.3978,
-50,102,-10.6219,
-48,102,-7.13582,
-46,102,-6.45781,
-44,102,-10.207,
-42,102,-16.45,
-40,102,-10.6747,
-38,102,-10.2431,
-36,102,-17.9645,
-34,102,-15.869,
-32,102,-5.76832,
-30,102,0.11945,
-28,102,1.6589,
-26,102,-1.90783,
-24,102,-16.8891,
-22,102,-12.2314,
-20,102,-10.7186,
-18,102,-4.64475,
-16,102,-5.01694,
-14,102,-9.33235,
-12,102,-10.4199,
-10,102,-12.5367,
-8,102,-12.0744,
-6,102,-10.6953,
-4,102,-12.2882,
-2,102,-16.5926,
0,102,-15.4185,
2,102,-12.0666,
4,102,-9.79905,
6,102,-6.94755,
8,102,-7.64399,
10,102,-13.0804,
12,102,-9.56745,
14,102,-13.3269,
16,102,-7.60746,
18,102,-2.05184,
20,102,-3.64643,
22,102,-9.92818,
24,102,-10.1684,
26,102,-9.8805,
28,102,-9.85151,
30,102,-11.9296,
32,102,-9.94751,
34,102,-6.42586,
36,102,-7.99565,
38,102,-13.3708,
40,102,-16.9263,
42,102,-17.7576,
44,102,-10.1575,
46,102,-6.55554,
48,102,-7.67528,
50,102,-12.5306,
52,102,-7.11278,
54,102,-2.21079,
56,102,-1.10949,
58,102,-3.63654,
60,102,-5.88273,
62,102,-7.15597,
64,102,-10.2502,
66,102,-9.95108,
68,102,-10.8856,
70,102,-17.692,
72,102,-7.2679,
74,102,-4.82153,
76,102,-5.71619,
78,102,-7.85932,
80,102,-10.4798,
82,102,-12.9843,
84,102,-12.6153,
86,102,-7.49424,
88,102,-4.16167,
90,102,-4.26469,
92,102,-8.19442,
94,102,-14.3337,
96,102,-21.6977,
98,102,-16.6032,
100,102,-10.5871,
102,102,-9.71569,
104,102,-9.77762,
106,102,-6.90678,
108,102,-9.88475,
110,102,-12.4424,
112,102,-4.63408,
114,102,-13.9186,
116,102,-3.47965,
118,102,1.46936,
120,102,-0.688605,
122,102,-9.09609,
124,102,-7.81972,
126,102,-9.7411,
128,102,-19.7347,
130,102,-17.3091,
132,102,-8.52439,
134,102,-5.52311,
136,102,-6.5978,
138,102,-9.46501,
140,102,-10.0123,
142,102,-10.5031,
144,102,-15.0852,
146,102,-16.74,
148,102,-14.4248,
150,102,-4.53873,
152,102,-0.946123,
154,102,-3.37851,
156,102,-16.1619,
158,102,-17.6966,
160,102,-14.0944,
162,102,-6.60226,
164,102,-9.18121,
166,102,-13.5232,
168,102,-8.3815,
170,102,-8.67322,
172,102,-8.7165,
174,102,-9.83667,
176,102,-14.6456,
178,102,-18.0915,
180,102,-13.6041,
-180,104,-10.1324,
-178,104,-10.0884,
-176,104,-13.1196,
-174,104,-12.344,
-172,104,-10.8374,
-170,104,-13.3228,
-168,104,-12.542,
-166,104,-13.9377,
-164,104,-9.6523,
-162,104,-5.16054,
-160,104,-6.31453,
-158,104,-11.0117,
-156,104,-13.1323,
-154,104,-10.4621,
-152,104,-8.848,
-150,104,-9.44963,
-148,104,-7.44151,
-146,104,-4.55126,
-144,104,-5.42349,
-142,104,-10.0262,
-140,104,-13.4596,
-138,104,-10.2724,
-136,104,-6.87348,
-134,104,-6.38329,
-132,104,-8.36679,
-130,104,-13.6535,
-128,104,-11.5071,
-126,104,-6.1436,
-124,104,-4.80461,
-122,104,-7.5753,
-120,104,-11.9905,
-118,104,-11.3909,
-116,104,-9.31231,
-114,104,-9.39311,
-112,104,-12.5116,
-110,104,-12.7721,
-108,104,-7.13377,
-106,104,-5.23861,
-104,104,-4.99362,
-102,104,-6.03587,
-100,104,-9.1395,
-98,104,-13.0382,
-96,104,-11.0634,
-94,104,-6.33789,
-92,104,-3.76514,
-90,104,-4.12078,
-88,104,-8.15257,
-86,104,-15.9963,
-84,104,-17.2951,
-82,104,-12.634,
-80,104,-6.49282,
-78,104,-6.10025,
-76,104,-18.9089,
-74,104,-8.99819,
-72,104,-9.44646,
-70,104,-12.2089,
-68,104,-4.76042,
-66,104,-14.3971,
-64,104,-4.58274,
-62,104,-0.656646,
-60,104,-4.36319,
-58,104,-12.5504,
-56,104,-9.19302,
-54,104,-10.3615,
-52,104,-13.2197,
-50,104,-10.8154,
-48,104,-7.51626,
-46,104,-6.69803,
-44,104,-9.81662,
-42,104,-17.3343,
-40,104,-12.6153,
-38,104,-11.9178,
-36,104,-20.5038,
-34,104,-14.7864,
-32,104,-6.83665,
-30,104,-0.678325,
-28,104,1.34033,
-26,104,-1.48652,
-24,104,-13.3321,
-22,104,-15.1835,
-20,104,-11.3837,
-18,104,-4.78984,
-16,104,-4.90858,
-14,104,-9.71295,
-12,104,-10.7401,
-10,104,-11.9106,
-8,104,-11.5817,
-6,104,-10.7482,
-4,104,-14.2968,
-2,104,-17.4385,
0,104,-11.7497,
2,104,-10.7832,
4,104,-10.9745,
6,104,-7.84493,
8,104,-8.42326,
10,104,-13.8731,
12,104,-10.3991,
14,104,-14.9687,
16,104,-7.75351,
18,104,-2.73489,
20,104,-4.65518,
22,104,-11.2214,
24,104,-11.8764,
26,104,-11.0928,
28,104,-9.97702,
30,104,-11.0321,
32,104,-8.78626,
34,104,-5.99555,
36,104,-7.8674,
38,104,-13.5254,
40,104,-18.8488,
42,104,-16.2278,
44,104,-9.21206,
46,104,-6.05431,
48,104,-7.12641,
50,104,-11.3356,
52,104,-6.87001,
54,104,-2.39163,
56,104,-1.44662,
58,104,-4.15231,
60,104,-6.70272,
62,104,-7.94914,
64,104,-10.4123,
66,104,-10.3906,
68,104,-11.4649,
70,104,-22.5826,
72,104,-8.48099,
74,104,-5.21325,
76,104,-5.52081,
78,104,-7.42371,
80,104,-10.9015,
82,104,-15.5464,
84,104,-12.8966,
86,104,-7.46219,
88,104,-5.07153,
90,104,-5.89301,
92,104,-10.1071,
94,104,-17.2179,
96,104,-27.7966,
98,104,-15.1781,
100,104,-10.6494,
102,104,-10.2882,
104,104,-10.6522,
106,104,-6.77093,
108,104,-9.71488,
110,104,-12.7418,
112,104,-5.09842,
114,104,-15.0731,
116,104,-3.83653,
118,104,0.976584,
120,104,-1.15466,
122,104,-9.75563,
124,104,-9.41452,
126,104,-11.2766,
128,104,-21.2425,
130,104,-17.2824,
132,104,-8.53014,
134,104,-5.54226,
136,104,-6.36205,
138,104,-8.96631,
140,104,-9.93106,
142,104,-10.8512,
144,104,-14.9393,
146,104,-14.8441,
148,104,-15.2314,
150,104,-5.70715,
152,104,-1.49729,
154,104,-3.21595,
156,104,-13.0875,
158,104,-17.8529,
160,104,-13.3291,
162,104,-6.5758,
164,104,-8.72216,
166,104,-14.5014,
168,104,-8.26949,
170,104,-8.17317,
172,104,-8.55775,
174,104,-9.88012,
176,104,-15.3823,
178,104,-14.1407,
180,104,-10.1324,
-180,106,-7.77729,
-178,106,-8.98713,
-176,106,-14.4933,
-174,106,-12.0947,
-172,106,-10.6735,
-170,106,-14.8205,
-168,106,-12.8638,
-166,106,-12.2258,
-164,106,-8.99473,
-162,106,-5.74628,
-160,106,-7.36274,
-158,106,-12.5143,
-156,106,-14.4314,
-154,106,-10.6524,
-152,106,-8.93096,
-150,106,-9.18085,
-148,106,-6.7229,
-146,106,-4.05276,
-144,106,-4.97383,
-142,106,-9.27487,
-140,106,-12.3709,
-138,106,-9.36071,
-136,106,-6.67575,
-134,106,-6.79724,
-132,106,-9.392,
-130,106,-15.5589,
-128,106,-13.0993,
-126,106,-7.08844,
-124,106,-5.70808,
-122,106,-8.76587,
-120,106,-13.9404,
-118,106,-13.087,
-116,106,-10.3287,
-114,106,-11.0315,
-112,106,-13.5093,
-110,106,-10.881,
-108,106,-7.09556,
-106,106,-5.45651,
-104,106,-4.85491,
-102,106,-5.89438,
-100,106,-10.0609,
-98,106,-16.3562,
-96,106,-11.8652,
-94,106,-6.81458,
-92,106,-4.45764,
-90,106,-5.07521,
-88,106,-9.5881,
-86,106,-20.8241,
-84,106,-24.2089,
-82,106,-11.7686,
-80,106,-5.08024,
-78,106,-5.08251,
-76,106,-18.2592,
-74,106,-8.85711,
-72,106,-9.74134,
-70,106,-12.5816,
-68,106,-5.43484,
-66,106,-15.6853,
-64,106,-5.41451,
-62,106,-1.68008,
-60,106,-5.28347,
-58,106,-13.0077,
-56,106,-10.9702,
-54,106,-12.3304,
-52,106,-14.1734,
-50,106,-11.0396,
-48,106,-7.96355,
-46,106,-6.88866,
-44,106,-9.12037,
-42,106,-16.1838,
-40,106,-15.8762,
-38,106,-14.7958,
-36,106,-21.488,
-34,106,-12.898,
-32,106,-7.95472,
-30,106,-1.73913,
-28,106,0.841782,
-26,106,-1.23393,
-24,106,-10.5946,
-22,106,-19.1947,
-20,106,-12.6012,
-18,106,-5.31872,
-16,106,-5.087,
-14,106,-10.1672,
-12,106,-11.0918,
-10,106,-11.413,
-8,106,-11.4461,
-6,106,-11.2083,
-4,106,-16.9947,
-2,106,-14.0708,
0,106,-8.92341,
2,106,-9.66941,
4,106,-12.2387,
6,106,-8.52781,
8,106,-8.99931,
10,106,-14.3157,
12,106,-10.9142,
14,106,-13.4163,
16,106,-7.25158,
18,106,-3.47202,
20,106,-5.95535,
22,106,-12.8985,
24,106,-14.0856,
26,106,-12.5025,
28,106,-10.1312,
30,106,-10.2883,
32,106,-7.8677,
34,106,-5.67815,
36,106,-7.79242,
38,106,-13.611,
40,106,-20.6086,
42,106,-14.1729,
44,106,-8.29187,
46,106,-5.66288,
48,106,-6.77969,
50,106,-10.6257,
52,106,-6.87894,
54,106,-2.81231,
56,106,-2.03682,
58,106,-5.01402,
60,106,-7.95838,
62,106,-9.07057,
64,106,-10.6479,
66,106,-11.0221,
68,106,-12.3412,
70,106,-20.6084,
72,106,-9.83703,
74,106,-5.97514,
76,106,-5.67534,
78,106,-7.29342,
80,106,-11.4769,
82,106,-16.4531,
84,106,-11.3976,
86,106,-7.36691,
88,106,-6.03483,
90,106,-7.46897,
92,106,-12.0928,
94,106,-22.6093,
96,106,-23.6256,
98,106,-14.6627,
100,106,-10.456,
102,106,-10.3997,
104,106,-11.7047,
106,106,-6.9121,
108,106,-9.96196,
110,106,-12.8972,
112,106,-5.61438,
114,106,-15.9282,
116,106,-4.35837,
118,106,0.309719,
120,106,-1.79938,
122,106,-10.5679,
124,106,-11.8135,
126,106,-13.9036,
128,106,-25.3382,
130,106,-18.9317,
132,106,-9.14492,
134,106,-5.96185,
136,106,-6.51447,
138,106,-8.98227,
140,106,-10.4385,
142,106,-11.7793,
144,106,-14.874,
146,106,-13.0783,
148,106,-15.0954,
150,106,-7.32502,
152,106,-2.30104,
154,106,-3.25838,
156,106,-10.9857,
158,106,-16.3284,
160,106,-13.0758,
162,106,-6.90841,
164,106,-8.53138,
166,106,-15.4461,
168,106,-8.37466,
170,106,-7.9452,
172,106,-8.7071,
174,106,-10.2055,
176,106,-16.0627,
178,106,-11.3013,
180,106,-7.77729,
-180,108,-6.28143,
-178,108,-8.17599,
-176,108,-15.9168,
-174,108,-11.5702,
-172,108,-10.3313,
-170,108,-15.826,
-168,108,-12.9515,
-166,108,-10.5512,
-164,108,-7.84831,
-162,108,-6.01438,
-160,108,-8.27948,
-158,108,-14.2961,
-156,108,-16.5784,
-154,108,-11.1824,
-152,108,-9.33044,
-150,108,-9.28055,
-148,108,-6.38319,
-146,108,-3.85492,
-144,108,-4.80303,
-142,108,-8.78326,
-140,108,-11.4576,
-138,108,-8.75193,
-136,108,-6.7303,
-134,108,-7.55224,
-132,108,-10.9954,
-130,108,-18.8264,
-128,108,-15.6538,
-126,108,-8.43545,
-124,108,-6.91186,
-122,108,-10.3222,
-120,108,-16.5822,
-118,108,-15.5817,
-116,108,-11.6101,
-114,108,-13.1411,
-112,108,-15.0313,
-110,108,-9.80964,
-108,108,-7.18658,
-106,108,-5.99826,
-104,108,-5.14433,
-102,108,-6.28371,
-100,108,-11.8173,
-98,108,-19.1702,
-96,108,-11.873,
-94,108,-7.30866,
-92,108,-4.8377,
-90,108,-5.55279,
-88,108,-11.1516,
-86,108,-28.8814,
-84,108,-27.2809,
-82,108,-11.1124,
-80,108,-4.1126,
-78,108,-4.38979,
-76,108,-17.2773,
-74,108,-9.20226,
-72,108,-10.5356,
-70,108,-12.7416,
-68,108,-6.30123,
-66,108,-17.2835,
-64,108,-6.43558,
-62,108,-2.95754,
-60,108,-6.43057,
-58,108,-13.5931,
-56,108,-13.3669,
-54,108,-15,
-52,108,-14.6957,
-50,108,-11.1336,
-48,108,-8.39207,
-46,108,-6.95692,
-44,108,-8.14501,
-42,108,-13.2776,
-40,108,-20.1917,
-38,108,-19.9062,
-36,108,-18.3345,
-34,108,-10.8663,
-32,108,-8.73616,
-30,108,-3.11471,
-28,108,0.0895853,
-26,108,-1.23787,
-24,108,-8.76335,
-22,108,-22.103,
-20,108,-14.9038,
-18,108,-6.44294,
-16,108,-5.68094,
-14,108,-10.8054,
-12,108,-11.5549,
-10,108,-11.0991,
-8,108,-11.719,
-6,108,-12.2348,
-4,108,-20.154,
-2,108,-11.2197,
0,108,-7.12114,
2,108,-8.89818,
4,108,-13.6607,
6,108,-9.05095,
8,108,-9.31793,
10,108,-14.297,
12,108,-11.2492,
14,108,-10.7676,
16,108,-6.20361,
18,108,-4.0908,
20,108,-7.40852,
22,108,-14.5098,
24,108,-16.7724,
26,108,-14.1557,
28,108,-10.4419,
30,108,-9.82579,
32,108,-7.27804,
34,108,-5.57973,
36,108,-7.87657,
38,108,-13.6364,
40,108,-20.2896,
42,108,-12.1937,
44,108,-7.51359,
46,108,-5.46519,
48,108,-6.7262,
50,108,-10.4723,
52,108,-7.24735,
54,108,-3.57585,
56,108,-2.99347,
58,108,-6.39684,
60,108,-9.87293,
62,108,-10.6768,
64,108,-11.105,
66,108,-11.9237,
68,108,-13.5928,
70,108,-15.4666,
72,108,-10.8235,
74,108,-7.19948,
76,108,-6.25979,
78,108,-7.49278,
80,108,-11.9008,
82,108,-13.9403,
84,108,-9.41739,
86,108,-7.28995,
88,108,-6.91564,
90,108,-8.48617,
92,108,-13.4091,
94,108,-24.6361,
96,108,-18.3036,
98,108,-15.1738,
100,108,-10.163,
102,108,-10.1156,
104,108,-12.8932,
106,108,-7.40877,
108,108,-10.751,
110,108,-12.9084,
112,108,-6.18813,
114,108,-16.1922,
116,108,-5.12617,
118,108,-0.615188,
120,108,-2.72313,
122,108,-11.5957,
124,108,-15.5216,
126,108,-18.0744,
128,108,-24.3224,
130,108,-23.8628,
132,108,-10.6603,
134,108,-6.94171,
136,108,-7.15033,
138,108,-9.56922,
140,108,-11.6977,
142,108,-13.4421,
144,108,-14.5791,
146,108,-11.5018,
148,108,-13.7533,
150,108,-9.57911,
152,108,-3.47632,
154,108,-3.60953,
156,108,-9.72336,
158,108,-14.6909,
160,108,-13.4535,
162,108,-7.76289,
164,108,-8.67953,
166,108,-16.1181,
168,108,-8.78238,
170,108,-8.02028,
172,108,-9.21768,
174,108,-10.9087,
176,108,-16.6068,
178,108,-9.53087,
180,108,-6.28143,
-180,110,-5.56798,
-178,110,-7.77292,
-176,110,-17.3437,
-174,110,-11.2739,
-172,110,-9.90148,
-170,110,-15.2889,
-168,110,-13.4899,
-166,110,-9.7163,
-164,110,-6.85257,
-162,110,-5.96962,
-160,110,-8.73345,
-158,110,-15.4862,
-156,110,-20.3959,
-154,110,-12.173,
-152,110,-10.1622,
-150,110,-9.88113,
-148,110,-6.52203,
-146,110,-4.07315,
-144,110,-5.04941,
-142,110,-8.76785,
-140,110,-11.0957,
-138,110,-8.61536,
-136,110,-7.16292,
-134,110,-8.77974,
-132,110,-13.3401,
-130,110,-22.5733,
-128,110,-19.2557,
-126,110,-10.1976,
-124,110,-8.41579,
-122,110,-12.3071,
-120,110,-20.0895,
-118,110,-19.3183,
-116,110,-12.884,
-114,110,-14.9763,
-112,110,-17.4766,
-110,110,-9.60386,
-108,110,-7.58179,
-106,110,-6.96837,
-104,110,-5.97485,
-102,110,-7.2971,
-100,110,-14.6123,
-98,110,-17.4091,
-96,110,-11.4316,
-94,110,-7.79331,
-92,110,-4.98628,
-90,110,-5.78109,
-88,110,-12.9221,
-86,110,-20.2799,
-84,110,-20.8715,
-82,110,-10.9792,
-80,110,-3.66316,
-78,110,-4.14311,
-76,110,-15.8245,
-74,110,-9.85183,
-72,110,-11.7294,
-70,110,-12.6392,
-68,110,-7.41066,
-66,110,-18.9638,
-64,110,-7.63373,
-62,110,-4.52969,
-60,110,-7.84292,
-58,110,-14.4267,
-56,110,-16.6312,
-54,110,-17.9527,
-52,110,-14.4923,
-50,110,-11.1566,
-48,110,-8.82435,
-46,110,-6.96222,
-44,110,-7.15043,
-42,110,-10.526,
-40,110,-18.5546,
-38,110,-25.8516,
-36,110,-15.218,
-34,110,-9.2831,
-32,110,-8.80579,
-30,110,-4.81333,
-28,110,-1.01231,
-26,110,-1.60793,
-24,110,-7.74731,
-22,110,-19.1416,
-20,110,-19.2922,
-18,110,-8.48309,
-16,110,-6.81048,
-14,110,-11.6702,
-12,110,-12.2115,
-10,110,-10.983,
-8,110,-12.3311,
-6,110,-13.9715,
-4,110,-21.8073,
-2,110,-9.66105,
0,110,-6.26963,
2,110,-8.6427,
4,110,-15.3694,
6,110,-9.63495,
8,110,-9.51003,
10,110,-13.9493,
12,110,-11.7017,
14,110,-8.756,
16,110,-5.05223,
18,110,-4.39725,
20,110,-8.46609,
22,110,-14.4282,
24,110,-18.9057,
26,110,-16.3942,
28,110,-11.1386,
30,110,-9.79428,
32,110,-7.12813,
34,110,-5.84158,
36,110,-8.27781,
38,110,-13.7225,
40,110,-18.053,
42,110,-10.5702,
44,110,-6.97076,
46,110,-5.53566,
48,110,-7.04257,
50,110,-10.9462,
52,110,-8.06627,
54,110,-4.80086,
56,110,-4.46505,
58,110,-8.59263,
60,110,-12.8042,
62,110,-13.0288,
64,110,-12.0148,
66,110,-13.1439,
68,110,-15.201,
70,110,-12.1337,
72,110,-10.7069,
74,110,-8.91417,
76,110,-7.35088,
78,110,-8.00881,
80,110,-11.8162,
82,110,-11.2083,
84,110,-7.9523,
86,110,-7.33701,
88,110,-7.59692,
90,110,-8.8674,
92,110,-13.7308,
94,110,-17.0033,
96,110,-14.6967,
98,110,-17.0528,
100,110,-9.98009,
102,110,-9.74893,
104,110,-14.0831,
106,110,-8.31949,
108,110,-12.2103,
110,110,-12.8377,
112,110,-6.86508,
114,110,-16.0729,
116,110,-6.23073,
118,110,-1.90621,
120,110,-4.07086,
122,110,-13.0167,
124,110,-21.4993,
126,110,-20.0504,
128,110,-17.2408,
130,110,-27.6811,
132,110,-13.5269,
134,110,-8.59646,
136,110,-8.2325,
138,110,-10.5625,
140,110,-13.6441,
142,110,-15.6515,
144,110,-13.88,
146,110,-10.2641,
148,110,-11.9619,
150,110,-12.5891,
152,110,-5.19511,
154,110,-4.39731,
156,110,-9.22806,
158,110,-13.5687,
160,110,-14.4531,
162,110,-9.36757,
164,110,-9.21101,
166,110,-16.1716,
168,110,-9.56857,
170,110,-8.3943,
172,110,-10.0676,
174,110,-12.0503,
176,110,-16.9845,
178,110,-8.69716,
180,110,-5.56798,
-180,112,-5.68656,
-178,112,-7.91199,
-176,112,-18.4587,
-174,112,-11.5041,
-172,112,-9.56254,
-170,112,-13.6002,
-168,112,-15.1112,
-166,112,-9.94586,
-164,112,-6.40561,
-162,112,-5.90798,
-160,112,-8.69817,
-158,112,-14.9177,
-156,112,-28.2825,
-154,112,-13.6389,
-152,112,-11.4771,
-150,112,-11.1003,
-148,112,-7.25086,
-146,112,-4.84217,
-144,112,-5.87441,
-142,112,-9.45185,
-140,112,-11.5982,
-138,112,-9.13047,
-136,112,-8.12881,
-134,112,-10.6784,
-132,112,-16.398,
-130,112,-20.3338,
-128,112,-21.2932,
-126,112,-12.2084,
-124,112,-10.1124,
-122,112,-14.7296,
-120,112,-23.4323,
-118,112,-24.0365,
-116,112,-13.682,
-114,112,-14.9602,
-112,112,-21.7644,
-110,112,-10.3909,
-108,112,-8.44217,
-106,112,-8.46361,
-104,112,-7.46616,
-102,112,-8.99559,
-100,112,-18.3118,
-98,112,-15.1315,
-96,112,-11.2804,
-94,112,-8.26217,
-92,112,-5.21877,
-90,112,-6.34544,
-88,112,-15.3963,
-86,112,-14.5156,
-84,112,-16.6202,
-82,112,-11.4667,
-80,112,-3.83555,
-78,112,-4.47627,
-76,112,-13.9701,
-74,112,-10.2595,
-72,112,-12.6833,
-70,112,-12.3946,
-68,112,-8.87277,
-66,112,-20.1,
-64,112,-8.92242,
-62,112,-6.38565,
-60,112,-9.46771,
-58,112,-15.4764,
-56,112,-21.1084,
-54,112,-19.6548,
-52,112,-14.2163,
-50,112,-11.5411,
-48,112,-9.57316,
-46,112,-7.19608,
-44,112,-6.52301,
-42,112,-8.71589,
-40,112,-14.7239,
-38,112,-21.5761,
-36,112,-13.8024,
-34,112,-8.5256,
-32,112,-8.40321,
-30,112,-6.73271,
-28,112,-2.60853,
-26,112,-2.49774,
-24,112,-7.49427,
-22,112,-15.1424,
-20,112,-21.6101,
-18,112,-12.0032,
-16,112,-8.54901,
-14,112,-12.5976,
-12,112,-13.0881,
-10,112,-11.0409,
-8,112,-12.932,
-6,112,-16.245,
-4,112,-20.6345,
-2,112,-9.33166,
0,112,-6.40811,
2,112,-9.11364,
4,112,-17.5359,
6,112,-10.56,
8,112,-9.84,
10,112,-13.5914,
12,112,-12.55,
14,112,-7.59925,
16,112,-4.21791,
18,112,-4.4389,
20,112,-8.51654,
22,112,-12.323,
24,112,-17.7888,
26,112,-20.2422,
28,112,-12.549,
30,112,-10.3784,
32,112,-7.57932,
34,112,-6.67093,
36,112,-9.23063,
38,112,-14.1275,
40,112,-16.0298,
42,112,-9.43675,
44,112,-6.74711,
46,112,-5.9365,
48,112,-7.77655,
50,112,-12.1017,
52,112,-9.38928,
54,112,-6.62961,
56,112,-6.67102,
58,112,-12.2262,
60,112,-16.8823,
62,112,-16.3563,
64,112,-13.7148,
66,112,-14.633,
68,112,-17.037,
70,112,-10.1949,
72,112,-9.68676,
74,112,-10.9236,
76,112,-9.03232,
78,112,-8.81243,
80,112,-11.3705,
82,112,-9.62264,
84,112,-7.3264,
86,112,-7.61446,
88,112,-8.12605,
90,112,-9.32773,
92,112,-13.9146,
94,112,-12.4251,
96,112,-12.0394,
98,112,-21.022,
100,112,-10.0769,
102,112,-9.61987,
104,112,-15.059,
106,112,-9.68062,
108,112,-14.4637,
110,112,-12.812,
112,112,-7.75638,
114,112,-16.1483,
116,112,-7.75331,
118,112,-3.69541,
120,112,-6.04943,
122,112,-15.2059,
124,112,-27.1931,
126,112,-15.9805,
128,112,-12.9014,
130,112,-18.5178,
132,112,-18.2157,
134,112,-10.76,
136,112,-9.37634,
138,112,-11.3047,
140,112,-15.2295,
142,112,-17.1074,
144,112,-13.177,
146,112,-9.59404,
148,112,-10.5017,
150,112,-15.4872,
152,112,-7.74102,
154,112,-5.79207,
156,112,-9.45993,
158,112,-12.8823,
160,112,-15.5041,
162,112,-12.1057,
164,112,-10.1232,
166,112,-15.4184,
168,112,-10.7685,
170,112,-9.01868,
172,112,-11.0495,
174,112,-13.547,
176,112,-17.3139,
178,112,-8.82259,
180,112,-5.68656,
-180,114,-6.82597,
-178,114,-8.76804,
-176,114,-18.3523,
-174,114,-12.2553,
-172,114,-9.49891,
-170,114,-12.1313,
-168,114,-18.7578,
-166,114,-11.2552,
-164,114,-6.66655,
-162,114,-6.24,
-160,114,-8.65056,
-158,114,-13.4959,
-156,114,-28.6259,
-154,114,-15.2986,
-152,114,-13.1443,
-150,114,-12.9976,
-148,114,-8.70502,
-146,114,-6.33032,
-144,114,-7.46302,
-142,114,-11.057,
-140,114,-13.3443,
-138,114,-10.5013,
-136,114,-9.81561,
-134,114,-13.5964,
-132,114,-18.9802,
-130,114,-16.6249,
-128,114,-19.1745,
-126,114,-13.9774,
-124,114,-11.7093,
-122,114,-17.394,
-120,114,-22.8685,
-118,114,-23.9101,
-116,114,-13.9892,
-114,114,-13.5753,
-112,114,-27.6052,
-110,114,-12.469,
-108,114,-9.8989,
-106,114,-10.5182,
-104,114,-9.71133,
-102,114,-11.3049,
-100,114,-21.2939,
-98,114,-14.8719,
-96,114,-11.9671,
-94,114,-8.76639,
-92,114,-5.89255,
-90,114,-7.87191,
-88,114,-19.5319,
-86,114,-11.2373,
-84,114,-13.4351,
-82,114,-12.299,
-80,114,-4.77756,
-78,114,-5.57648,
-76,114,-12.1597,
-74,114,-9.83146,
-72,114,-12.383,
-70,114,-12.2768,
-68,114,-10.9352,
-66,114,-19.9846,
-64,114,-10.1282,
-62,114,-8.37596,
-60,114,-10.9903,
-58,114,-16.1568,
-56,114,-24.0006,
-54,114,-19.0416,
-52,114,-14.518,
-50,114,-12.8338,
-48,114,-11.2343,
-46,114,-8.11576,
-44,114,-6.64204,
-42,114,-8.08745,
-40,114,-13.1868,
-38,114,-20.0408,
-36,114,-14.6174,
-34,114,-8.94377,
-32,114,-8.19567,
-30,114,-8.56878,
-28,114,-4.95306,
-26,114,-4.14864,
-24,114,-7.92481,
-22,114,-11.9024,
-20,114,-15.063,
-18,114,-17.7097,
-16,114,-10.7513,
-14,114,-13.0657,
-12,114,-14.0038,
-10,114,-11.2276,
-8,114,-12.9137,
-6,114,-17.4688,
-4,114,-19.2165,
-2,114,-10.337,
0,114,-7.75515,
2,114,-10.638,
4,114,-20.2202,
6,114,-12.0439,
8,114,-10.5546,
10,114,-13.5563,
12,114,-13.9266,
14,114,-7.22529,
16,114,-3.96594,
18,114,-4.60696,
20,114,-8.03557,
22,114,-10.1839,
24,114,-14.8624,
26,114,-27.4836,
28,114,-15.02,
30,114,-11.797,
32,114,-8.89388,
34,114,-8.41831,
36,114,-11.0816,
38,114,-15.1617,
40,114,-15.0633,
42,114,-8.9067,
44,114,-6.9415,
46,114,-6.71903,
48,114,-8.9062,
50,114,-13.8718,
52,114,-11.1713,
54,114,-9.23711,
56,114,-9.99769,
58,114,-19.4004,
60,114,-17.5856,
62,114,-18.4998,
64,114,-16.7165,
66,114,-16.1204,
68,114,-19.1573,
70,114,-9.42325,
72,114,-8.71682,
74,114,-12.59,
76,114,-11.4438,
78,114,-9.93967,
80,114,-11.2209,
82,114,-9.36254,
84,114,-7.69581,
86,114,-8.22382,
88,114,-8.73361,
90,114,-10.7457,
92,114,-14.6597,
94,114,-9.68035,
96,114,-10.1168,
98,114,-24.9821,
100,114,-10.5451,
102,114,-9.93318,
104,114,-15.6562,
106,114,-11.5007,
108,114,-17.5621,
110,114,-13.0179,
112,114,-9.05382,
114,114,-16.9535,
116,114,-9.70773,
118,114,-6.11931,
120,114,-8.92048,
122,114,-18.5556,
124,114,-23.5456,
126,114,-13.0876,
128,114,-10.49,
130,114,-14.1384,
132,114,-20.7584,
134,114,-12.4298,
136,114,-9.8841,
138,114,-11.1362,
140,114,-14.9801,
142,114,-16.9486,
144,114,-13.2298,
146,114,-9.79877,
148,114,-9.75493,
150,114,-15.2752,
152,114,-11.6746,
154,114,-8.03328,
156,114,-10.2996,
158,114,-12.3033,
160,114,-15.1725,
162,114,-16.7075,
164,114,-11.2954,
166,114,-14.0754,
168,114,-12.2809,
170,114,-9.82898,
172,114,-11.7194,
174,114,-14.9299,
176,114,-17.8887,
178,114,-10.122,
180,114,-6.82597,
-180,116,-9.43181,
-178,116,-10.576,
-176,116,-16.493,
-174,116,-12.7399,
-172,116,-9.74907,
-170,116,-11.6437,
-168,116,-25.8973,
-166,116,-12.5466,
-164,116,-7.48878,
-162,116,-7.29644,
-160,116,-9.19206,
-158,116,-12.6929,
-156,116,-22.2405,
-154,116,-16.5802,
-152,116,-14.8072,
-150,116,-15.5497,
-148,116,-11.0958,
-146,116,-8.76954,
-144,116,-9.96536,
-142,116,-13.5967,
-140,116,-16.9744,
-138,116,-12.9168,
-136,116,-12.3819,
-134,116,-18.1595,
-132,116,-18.8175,
-130,116,-14.6495,
-128,116,-17.3086,
-126,116,-14.9496,
-124,116,-12.8012,
-122,116,-19.6021,
-120,116,-20.3971,
-118,116,-20.7234,
-116,116,-14.5688,
-114,116,-12.4949,
-112,116,-21.6838,
-110,116,-16.5595,
-108,116,-12.0292,
-106,116,-12.9572,
-104,116,-12.6594,
-102,116,-13.8113,
-100,116,-22.0048,
-98,116,-17.494,
-96,116,-13.7488,
-94,116,-9.43863,
-92,116,-7.26429,
-90,116,-11.0102,
-88,116,-21.1213,
-86,116,-9.358,
-84,116,-11.009,
-82,116,-12.4541,
-80,116,-6.68197,
-78,116,-7.76171,
-76,116,-10.8577,
-74,116,-8.88665,
-72,116,-11.1774,
-70,116,-12.5953,
-68,116,-14.1375,
-66,116,-18.5027,
-64,116,-11.0541,
-62,116,-10.1154,
-60,116,-11.7982,
-58,116,-15.6086,
-56,116,-20.1205,
-54,116,-17.0592,
-52,116,-14.925,
-50,116,-14.811,
-48,116,-14.2955,
-46,116,-10.1909,
-44,116,-7.85266,
-42,116,-8.85909,
-40,116,-14.0871,
-38,116,-22.3153,
-36,116,-19.2579,
-34,116,-11.147,
-32,116,-8.7152,
-30,116,-9.87172,
-28,116,-8.56194,
-26,116,-6.99256,
-24,116,-8.73679,
-22,116,-9.40859,
-20,116,-10.8422,
-18,116,-19.035,
-16,116,-12.6128,
-14,116,-12.529,
-12,116,-14.3585,
-10,116,-11.5253,
-8,116,-12.1941,
-6,116,-16.162,
-4,116,-18.6364,
-2,116,-13.1119,
0,116,-10.8964,
2,116,-13.8448,
4,116,-22.153,
6,116,-14,
8,116,-11.7241,
10,116,-14.1058,
12,116,-15.6056,
14,116,-7.47727,
16,116,-4.44036,
18,116,-5.4287,
20,116,-8.13718,
22,116,-9.07218,
24,116,-12.7074,
26,116,-23.0225,
28,116,-18.1332,
30,116,-14.2141,
32,116,-11.5745,
34,116,-11.8181,
36,116,-14.1178,
38,116,-16.7036,
40,116,-15.4353,
42,116,-9.1253,
44,116,-7.69973,
46,116,-7.92428,
48,116,-10.2365,
50,116,-15.6697,
52,116,-13.1417,
54,116,-12.8115,
56,116,-15.3216,
58,116,-29.2889,
60,116,-13.4521,
62,116,-15.4007,
64,116,-21.5616,
66,116,-17.1411,
68,116,-22.5278,
70,116,-9.86272,
72,116,-8.42023,
74,116,-13.305,
76,116,-14.9834,
78,116,-11.6177,
80,116,-12.0254,
82,116,-10.6295,
84,116,-9.26282,
86,116,-9.28864,
88,116,-9.69556,
90,116,-13.9678,
92,116,-15.226,
94,116,-8.14199,
96,116,-8.9514,
98,116,-19.9842,
100,116,-11.3945,
102,116,-10.7962,
104,116,-15.933,
106,116,-13.7394,
108,116,-21.0892,
110,116,-13.6662,
112,116,-11.0434,
114,116,-18.8719,
116,116,-11.897,
118,116,-9.21261,
120,116,-12.668,
122,116,-20.3177,
124,116,-21.8968,
126,116,-12.0489,
128,116,-9.53846,
130,116,-12.2955,
132,116,-17.6916,
134,116,-12.6224,
136,116,-9.75772,
138,116,-10.6599,
140,116,-14.2981,
142,116,-17.0346,
144,116,-14.8423,
146,116,-11.3335,
148,116,-9.90946,
150,116,-13.127,
152,116,-18.3039,
154,116,-11.4138,
156,116,-11.3091,
158,116,-11.6109,
160,116,-13.5044,
162,116,-22.4618,
164,116,-12.3508,
166,116,-12.5655,
168,116,-13.6708,
170,116,-10.8674,
172,116,-11.8556,
174,116,-15.4756,
176,116,-19.1175,
178,116,-13.2014,
180,116,-9.43181,
-180,118,-14.6657,
-178,118,-13.5078,
-176,118,-13.8593,
-174,118,-11.4548,
-172,118,-9.96541,
-170,118,-12.5517,
-168,118,-20.3362,
-166,118,-10.8591,
-164,118,-8.00936,
-162,118,-9.11123,
-160,118,-10.8168,
-158,118,-13.2004,
-156,118,-20.7279,
-154,118,-17.4627,
-152,118,-16.3816,
-150,118,-18.9648,
-148,118,-14.9127,
-146,118,-12.4672,
-144,118,-13.0115,
-142,118,-15.6985,
-140,118,-23.107,
-138,118,-16.1857,
-136,118,-15.5575,
-134,118,-23.8039,
-132,118,-17.3383,
-130,118,-14.1255,
-128,118,-16.9265,
-126,118,-15.2405,
-124,118,-13.3026,
-122,118,-20.6008,
-120,118,-18.6083,
-118,118,-18.6465,
-116,118,-16.431,
-114,118,-12.325,
-112,118,-16.6281,
-110,118,-24.0358,
-108,118,-14.7796,
-106,118,-15.2961,
-104,118,-15.9585,
-102,118,-15.7899,
-100,118,-20.0785,
-98,118,-22.9532,
-96,118,-15.8242,
-94,118,-10.4804,
-92,118,-9.3493,
-90,118,-15.3111,
-88,118,-15.2782,
-86,118,-8.54488,
-84,118,-9.41645,
-82,118,-11.2089,
-80,118,-9.62236,
-78,118,-11.7135,
-76,118,-10.4045,
-74,118,-8.31328,
-72,118,-10.3259,
-70,118,-13.6283,
-68,118,-19.5095,
-66,118,-16.1259,
-64,118,-11.5423,
-62,118,-11.0555,
-60,118,-11.5593,
-58,118,-14.2181,
-56,118,-16.96,
-54,118,-15.1606,
-52,118,-14.1391,
-50,118,-14.4991,
-48,118,-15.8866,
-46,118,-13.2932,
-44,118,-10.4351,
-42,118,-11.3919,
-40,118,-17.6685,
-38,118,-18.0997,
-36,118,-20.4434,
-34,118,-16.9637,
-32,118,-10.3145,
-30,118,-10.4154,
-28,118,-14.3979,
-26,118,-11.8691,
-24,118,-9.22994,
-22,118,-7.76815,
-20,118,-8.81424,
-18,118,-15.1732,
-16,118,-12.9673,
-14,118,-11.2279,
-12,118,-13.5959,
-10,118,-12.0232,
-8,118,-11.5387,
-6,118,-14.4996,
-4,118,-18.6073,
-2,118,-18.4408,
0,118,-17.5047,
2,118,-19.555,
4,118,-19.9889,
6,118,-15.2022,
8,118,-12.9363,
10,118,-15.392,
12,118,-16.5787,
14,118,-8.00878,
16,118,-5.62694,
18,118,-7.43598,
20,118,-9.77023,
22,118,-9.37038,
24,118,-11.9965,
26,118,-17.9226,
28,118,-18.5862,
30,118,-17.1443,
32,118,-16.8937,
34,118,-18.7228,
36,118,-15.8363,
38,118,-16.5486,
40,118,-17.3477,
42,118,-10.2895,
44,118,-9.25232,
46,118,-9.55333,
48,118,-11.2579,
50,118,-16.0353,
52,118,-14.7536,
54,118,-17.2974,
56,118,-25.297,
58,118,-16.8746,
60,118,-10.4335,
62,118,-12.0328,
64,118,-23.9083,
66,118,-17.5082,
68,118,-27.6435,
70,118,-11.751,
72,118,-9.02439,
74,118,-13.3642,
76,118,-20.9367,
78,118,-14.2685,
80,118,-14.2404,
82,118,-13.8873,
84,118,-12.3371,
86,118,-11.0297,
88,118,-11.2411,
90,118,-18.8975,
92,118,-13.7895,
94,118,-7.59106,
96,118,-8.64964,
98,118,-16.1547,
100,118,-12.5673,
102,118,-12.2727,
104,118,-16.1853,
106,118,-16.1808,
108,118,-22.5876,
110,118,-14.8515,
112,118,-14.1259,
114,118,-21.3787,
116,118,-13.7168,
118,118,-12.4823,
120,118,-14.9253,
122,118,-16.5893,
124,118,-21.6875,
126,118,-12.5579,
128,118,-9.87324,
130,118,-12.2647,
132,118,-16.3035,
134,118,-12.4657,
136,118,-9.86748,
138,118,-10.9139,
140,118,-14.8306,
142,118,-17.9193,
144,118,-18.158,
146,118,-14.9307,
148,118,-11.0745,
150,118,-11.6831,
152,118,-22.7535,
154,118,-15.5069,
156,118,-11.6753,
158,118,-11.0105,
160,118,-12.1773,
162,118,-18.9964,
164,118,-12.7014,
166,118,-11.2333,
168,118,-14.1877,
170,118,-12.4692,
172,118,-12.0255,
174,118,-15.4144,
176,118,-21.3339,
178,118,-20.1096,
180,118,-14.6657,
-180,120,-23.2294,
-178,120,-16.4186,
-176,120,-11.4069,
-174,120,-8.96535,
-172,120,-9.48794,
-170,120,-15.2928,
-168,120,-14.1212,
-166,120,-7.67588,
-164,120,-7.12983,
-162,120,-10.5877,
-160,120,-13.7982,
-158,120,-15.5661,
-156,120,-22.304,
-154,120,-18.4694,
-152,120,-18.5358,
-150,120,-24.9523,
-148,120,-21.0943,
-146,120,-16.7457,
-144,120,-14.2407,
-142,120,-14.9641,
-140,120,-23.2512,
-138,120,-18.5832,
-136,120,-17.7153,
-134,120,-22.1475,
-132,120,-16.3838,
-130,120,-14.7021,
-128,120,-17.8322,
-126,120,-15.5332,
-124,120,-13.7241,
-122,120,-21.1766,
-120,120,-17.4121,
-118,120,-16.9535,
-116,120,-21.0948,
-114,120,-13.11,
-112,120,-13.8859,
-110,120,-21.8252,
-108,120,-17.7454,
-106,120,-17.3269,
-104,120,-19.4757,
-102,120,-16.7244,
-100,120,-15.614,
-98,120,-16.1939,
-96,120,-15.0827,
-94,120,-12.1075,
-92,120,-11.5048,
-90,120,-13.6902,
-88,120,-11.4504,
-86,120,-8.71097,
-84,120,-8.77436,
-82,120,-9.65214,
-80,120,-12.3863,
-78,120,-19.7441,
-76,120,-11.1587,
-74,120,-8.79221,
-72,120,-10.5821,
-70,120,-15.5636,
-68,120,-22.1966,
-66,120,-13.7436,
-64,120,-11.5346,
-62,120,-10.9013,
-60,120,-10.5344,
-58,120,-12.7174,
-56,120,-15.7702,
-54,120,-14.6319,
-52,120,-13.1109,
-50,120,-12.241,
-48,120,-12.9684,
-46,120,-14.5736,
-44,120,-14.1774,
-42,120,-16.2883,
-40,120,-19.005,
-38,120,-11.7438,
-36,120,-11.7914,
-34,120,-23.8624,
-32,120,-13.2833,
-30,120,-10.34,
-28,120,-16.5242,
-26,120,-17.2957,
-24,120,-9.01284,
-22,120,-7.1849,
-20,120,-8.6395,
-18,120,-14.1014,
-16,120,-12.178,
-14,120,-9.88317,
-12,120,-12.2568,
-10,120,-12.982,
-8,120,-11.7626,
-6,120,-13.9854,
-4,120,-18.524,
-2,120,-20.2233,
0,120,-20.8759,
2,120,-18.786,
4,120,-15.9754,
6,120,-13.8422,
8,120,-13.0843,
10,120,-17.2032,
12,120,-15.8394,
14,120,-8.25079,
16,120,-7.07419,
18,120,-11.0226,
20,120,-14.3747,
22,120,-11.391,
24,120,-13.0036,
26,120,-16.4736,
28,120,-17.0915,
30,120,-18.4383,
32,120,-25.5295,
34,120,-18.5097,
36,120,-12.358,
38,120,-13.5926,
40,120,-19.746,
42,120,-12.5846,
44,120,-11.9494,
46,120,-11.4227,
48,120,-11.4095,
50,120,-14.7122,
52,120,-15.6399,
54,120,-21.2912,
56,120,-24.3934,
58,120,-13.3739,
60,120,-9.00224,
62,120,-10.1803,
64,120,-20.4486,
66,120,-17.4067,
68,120,-20.889,
70,120,-14.9944,
72,120,-10.3712,
74,120,-13.0255,
76,120,-23.9452,
78,120,-17.3997,
80,120,-16.9916,
82,120,-18.5942,
84,120,-16.7369,
86,120,-13.9055,
88,120,-13.5576,
90,120,-16.8488,
92,120,-11.5127,
94,120,-7.97403,
96,120,-9.36204,
98,120,-14.5358,
100,120,-13.9858,
102,120,-14.4569,
104,120,-16.8171,
106,120,-17.9157,
108,120,-19.7511,
110,120,-16.0327,
112,120,-18.5641,
114,120,-20.6599,
116,120,-14.437,
118,120,-14.3467,
120,120,-13.3805,
122,120,-13.2728,
124,120,-20.3844,
126,120,-14.4359,
128,120,-11.4108,
130,120,-13.8571,
132,120,-17.2002,
134,120,-13.1293,
136,120,-10.8155,
138,120,-12.3599,
140,120,-16.3654,
142,120,-16.1589,
144,120,-16.3165,
146,120,-18.7244,
148,120,-13.1333,
150,120,-11.4084,
152,120,-16.9419,
154,120,-16.1053,
156,120,-11.2041,
158,120,-10.9711,
160,120,-12.1479,
162,120,-15.3507,
164,120,-12.1865,
166,120,-10.289,
168,120,-13.6116,
170,120,-15.4004,
172,120,-13.2353,
174,120,-15.9093,
176,120,-23.2136,
178,120,-24.7559,
180,120,-23.2294,
-180,122,-17.0724,
-178,122,-16.0552,
-176,122,-9.49078,
-174,122,-6.84754,
-172,122,-8.40693,
-170,122,-19.62,
-168,122,-10.6804,
-166,122,-5.37994,
-164,122,-5.57461,
-162,122,-9.81458,
-160,122,-16.032,
-158,122,-19.3171,
-156,122,-21.4103,
-154,122,-18.3339,
-152,122,-21.2906,
-150,122,-29.5905,
-148,122,-20.9158,
-146,122,-15.9401,
-144,122,-12.7238,
-142,122,-13.3895,
-140,122,-19.7869,
-138,122,-18.8022,
-136,122,-18.0582,
-134,122,-19.5961,
-132,122,-16.2856,
-130,122,-16.039,
-128,122,-19.7838,
-126,122,-16.5857,
-124,122,-14.8347,
-122,122,-22.8757,
-120,122,-16.3871,
-118,122,-15.0913,
-116,122,-30.3664,
-114,122,-14.5403,
-112,122,-12.5088,
-110,122,-16.7019,
-108,122,-19.6741,
-106,122,-19.4254,
-104,122,-24.5367,
-102,122,-16.4934,
-100,122,-12.078,
-98,122,-11.156,
-96,122,-12.6483,
-94,122,-14.3916,
-92,122,-12.6001,
-90,122,-10.4844,
-88,122,-9.78461,
-86,122,-9.90097,
-84,122,-9.22998,
-82,122,-8.92007,
-80,122,-12.3158,
-78,122,-30.4975,
-76,122,-13.831,
-74,122,-10.9727,
-72,122,-12.4776,
-70,122,-18.019,
-68,122,-16.7199,
-66,122,-12.1724,
-64,122,-11.4264,
-62,122,-10.1689,
-60,122,-9.24477,
-58,122,-11.1478,
-56,122,-15.3357,
-54,122,-16.1792,
-52,122,-13.8077,
-50,122,-11.6349,
-48,122,-11.4697,
-46,122,-13.8983,
-44,122,-17.4075,
-42,122,-24.1115,
-40,122,-15.2311,
-38,122,-8.41922,
-36,122,-7.68027,
-34,122,-13.6575,
-32,122,-17.3038,
-30,122,-9.89901,
-28,122,-11.1588,
-26,122,-13.1144,
-24,122,-8.82682,
-22,122,-7.91104,
-20,122,-10.5862,
-18,122,-15.5012,
-16,122,-11.2272,
-14,122,-9.03875,
-12,122,-11.3354,
-10,122,-14.8411,
-8,122,-13.5934,
-6,122,-15.0213,
-4,122,-18.316,
-2,122,-16.0865,
0,122,-14.577,
2,122,-13.9831,
4,122,-12.6169,
6,122,-11.2057,
8,122,-11.7924,
10,122,-18.0684,
12,122,-14.1497,
14,122,-7.91375,
16,122,-7.71926,
18,122,-13.7188,
20,122,-24.081,
22,122,-14.5739,
24,122,-15.4564,
26,122,-17.4795,
28,122,-17.2943,
30,122,-18.27,
32,122,-17.8555,
34,122,-12.116,
36,122,-9.19627,
38,122,-11.0153,
40,122,-18.5023,
42,122,-15.4759,
44,122,-16.0286,
46,122,-12.9438,
48,122,-10.9334,
50,122,-13.2536,
52,122,-16.1234,
54,122,-23.2272,
56,122,-20.1181,
58,122,-12.6724,
60,122,-9.0081,
62,122,-9.7553,
64,122,-18.4818,
66,122,-16.8438,
68,122,-15.0231,
70,122,-15.476,
72,122,-11.4112,
74,122,-12.0265,
76,122,-16.5341,
78,122,-16.4388,
80,122,-15.8721,
82,122,-16.9807,
84,122,-17.9131,
86,122,-18.4232,
88,122,-16.383,
90,122,-13.2244,
92,122,-10.2675,
94,122,-9.35079,
96,122,-11.2912,
98,122,-14.5186,
100,122,-15.5944,
102,122,-17.5669,
104,122,-18.226,
106,122,-17.4276,
108,122,-15.7433,
110,122,-15.4859,
112,122,-21.2042,
114,122,-17.858,
116,122,-14.2487,
118,122,-14.2307,
120,122,-11.6002,
122,122,-11.467,
124,122,-18.0662,
126,122,-17.2137,
128,122,-13.9904,
130,122,-17.0616,
132,122,-20.1517,
134,122,-14.7698,
136,122,-12.606,
138,122,-14.7187,
140,122,-16.3846,
142,122,-12.6081,
144,122,-11.5694,
146,122,-14.3509,
148,122,-15.0668,
150,122,-12.3358,
152,122,-14.4045,
154,122,-13.7555,
156,122,-10.6488,
158,122,-11.8461,
160,122,-14.0686,
162,122,-13.6877,
164,122,-11.3033,
166,122,-9.86009,
168,122,-12.5723,
170,122,-20.1171,
172,122,-16.8656,
174,122,-17.951,
176,122,-20.8073,
178,122,-16.2727,
180,122,-17.0724,
-180,124,-14.6386,
-178,124,-14.8259,
-176,124,-8.23528,
-174,124,-5.66842,
-172,124,-7.66895,
-170,124,-20.6495,
-168,124,-8.96067,
-166,124,-4.3526,
-164,124,-4.62214,
-162,124,-8.15964,
-160,124,-13.2848,
-158,124,-15.8775,
-156,124,-15.0094,
-154,124,-15.2699,
-152,124,-20.7234,
-150,124,-21.8803,
-148,124,-15.9275,
-146,124,-12.9542,
-144,124,-11.3122,
-142,124,-12.8068,
-140,124,-18.9109,
-138,124,-18.5324,
-136,124,-18.2728,
-134,124,-19.2947,
-132,124,-17.0068,
-130,124,-17.7313,
-128,124,-22.5255,
-126,124,-19.2075,
-124,124,-17.3207,
-122,124,-26.1701,
-120,124,-15.5958,
-118,124,-13.6429,
-116,124,-21.8618,
-114,124,-15.72,
-112,124,-12.0002,
-110,124,-14.4265,
-108,124,-19.3085,
-106,124,-20.233,
-104,124,-27.6111,
-102,124,-16.269,
-100,124,-10.6129,
-98,124,-9.24095,
-96,124,-11.3162,
-94,124,-16.7426,
-92,124,-13.2486,
-90,124,-9.68828,
-88,124,-9.97233,
-86,124,-12.287,
-84,124,-11.0585,
-82,124,-9.59231,
-80,124,-11.6973,
-78,124,-19.2157,
-76,124,-20.5863,
-74,124,-15.8969,
-72,124,-16.4499,
-70,124,-18.3399,
-68,124,-13.6947,
-66,124,-11.8668,
-64,124,-12.2247,
-62,124,-10.0533,
-60,124,-8.52905,
-58,124,-9.91793,
-56,124,-13.8962,
-54,124,-17.5975,
-52,124,-16.6354,
-50,124,-13.5792,
-48,124,-12.7663,
-46,124,-14.8348,
-44,124,-17.8938,
-42,124,-23.1576,
-40,124,-14.2741,
-38,124,-7.47264,
-36,124,-6.0971,
-34,124,-10.0446,
-32,124,-18.6049,
-30,124,-9.46333,
-28,124,-8.31783,
-26,124,-10.0616,
-24,124,-9.56878,
-22,124,-10.1613,
-20,124,-15.4425,
-18,124,-16.5575,
-16,124,-10.5605,
-14,124,-9.1001,
-12,124,-11.4855,
-10,124,-17.9799,
-8,124,-18.4932,
-6,124,-17.8081,
-4,124,-18.3683,
-2,124,-15.1883,
0,124,-13.3182,
2,124,-12.1756,
4,124,-10.2094,
6,124,-8.83159,
8,124,-10.0331,
10,124,-16.28,
12,124,-12.5111,
14,124,-7.40954,
16,124,-7.37195,
18,124,-11.3469,
20,124,-15.022,
22,124,-14.0308,
24,124,-15.5196,
26,124,-18.1617,
28,124,-19.9416,
30,124,-19.6971,
32,124,-14.5555,
34,124,-9.77194,
36,124,-8.03767,
38,124,-10.2744,
40,124,-16.4273,
42,124,-15.8661,
44,124,-18.5713,
46,124,-13.7085,
48,124,-10.7529,
50,124,-12.7129,
52,124,-16.9437,
54,124,-25.6587,
56,124,-19.7692,
58,124,-13.8929,
60,124,-10.4523,
62,124,-10.5911,
64,124,-17.6713,
66,124,-15.9387,
68,124,-11.9457,
70,124,-12.1984,
72,124,-10.9449,
74,124,-10.7551,
76,124,-12.696,
78,124,-13.4297,
80,124,-13.424,
82,124,-14.2432,
84,124,-15.6819,
86,124,-18.8694,
88,124,-16.5935,
90,124,-12.0737,
92,124,-10.6664,
94,124,-11.9567,
96,124,-14.716,
98,124,-15.7466,
100,124,-17.1246,
102,124,-21.4686,
104,124,-20.8286,
106,124,-15.494,
108,124,-12.4209,
110,124,-13.1015,
112,124,-18.5254,
114,124,-16.7193,
116,124,-14.3068,
118,124,-13.8651,
120,124,-10.886,
122,124,-10.8564,
124,124,-16.201,
126,124,-18.6189,
128,124,-16.7408,
130,124,-21.2306,
132,124,-24.4137,
134,124,-16.7846,
136,124,-14.4836,
138,124,-16.4044,
140,124,-15.0799,
142,124,-10.7199,
144,124,-9.20087,
146,124,-10.9867,
148,124,-15.4005,
150,124,-14.4727,
152,124,-13.725,
154,124,-12.2188,
156,124,-10.4681,
158,124,-13.3817,
160,124,-19.1063,
162,124,-12.8269,
164,124,-10.5267,
166,124,-10.0679,
168,124,-11.8108,
170,124,-18.1003,
172,124,-23.793,
174,124,-21.0326,
176,124,-17.423,
178,124,-13.6558,
180,124,-14.6386,
-180,126,-16.877,
-178,126,-14.9621,
-176,126,-7.73854,
-174,126,-5.54658,
-172,126,-7.9858,
-170,126,-20.5334,
-168,126,-8.85381,
-166,126,-4.68449,
-164,126,-4.84113,
-162,126,-7.38509,
-160,126,-10.1933,
-158,126,-10.8343,
-156,126,-10.359,
-154,126,-11.735,
-152,126,-17.4476,
-150,126,-20.644,
-148,126,-14.5529,
-146,126,-11.9615,
-144,126,-11.2544,
-142,126,-13.6174,
-140,126,-19.6303,
-138,126,-18.0594,
-136,126,-18.544,
-134,126,-20.2341,
-132,126,-18.3879,
-130,126,-19.4592,
-128,126,-24.729,
-126,126,-24.003,
-124,126,-21.2344,
-122,126,-27.5568,
-120,126,-15.802,
-118,126,-13.4239,
-116,126,-17.8801,
-114,126,-15.7243,
-112,126,-12.0442,
-110,126,-13.8022,
-108,126,-18.4119,
-106,126,-18.0558,
-104,126,-20.315,
-102,126,-17.7229,
-100,126,-11.6372,
-98,126,-9.80406,
-96,126,-11.6685,
-94,126,-17.6047,
-92,126,-14.9017,
-90,126,-11.3271,
-88,126,-12.1699,
-86,126,-16.2209,
-84,126,-14.9156,
-82,126,-12.3938,
-80,126,-13.2337,
-78,126,-17.2629,
-76,126,-20.4335,
-74,126,-17.3816,
-72,126,-16.9562,
-70,126,-15.6478,
-68,126,-12.5735,
-66,126,-12.8003,
-64,126,-15.2985,
-62,126,-11.9478,
-60,126,-9.48618,
-58,126,-10.209,
-56,126,-12.8498,
-54,126,-15.0152,
-52,126,-16.0885,
-50,126,-15.4435,
-48,126,-14.6406,
-46,126,-14.1308,
-44,126,-13.0186,
-42,126,-14.5175,
-40,126,-15.8588,
-38,126,-8.77774,
-36,126,-6.43816,
-34,126,-9.19806,
-32,126,-17.1358,
-30,126,-9.51413,
-28,126,-7.42022,
-26,126,-9.31725,
-24,126,-11.5507,
-22,126,-13.1042,
-20,126,-16.939,
-18,126,-13.7238,
-16,126,-10.5875,
-14,126,-10.5556,
-12,126,-13.1603,
-10,126,-19.7949,
-8,126,-31.198,
-6,126,-21.0202,
-4,126,-18.0758,
-2,126,-17.2406,
0,126,-16.4708,
2,126,-12.5317,
4,126,-8.69032,
6,126,-7.1237,
8,126,-8.49423,
10,126,-13.4602,
12,126,-11.3006,
14,126,-7.32593,
16,126,-7.23435,
18,126,-9.59722,
20,126,-11.2454,
22,126,-11.4514,
24,126,-12.6104,
26,126,-15.2065,
28,126,-20.9214,
30,126,-25.9564,
32,126,-15.0419,
34,126,-10.3265,
36,126,-9.30454,
38,126,-12.4061,
40,126,-16.2053,
42,126,-13.4722,
44,126,-15.6999,
46,126,-14.4317,
48,126,-11.7549,
50,126,-13.795,
52,126,-19.1255,
54,126,-30.1446,
56,126,-20.6519,
58,126,-16.5617,
60,126,-13.3603,
62,126,-12.3246,
64,126,-16.583,
66,126,-15.2472,
68,126,-10.8034,
70,126,-10.1911,
72,126,-10.0598,
74,126,-10.0699,
76,126,-11.1508,
78,126,-11.9453,
80,126,-12.6848,
82,126,-14.2222,
84,126,-14.578,
86,126,-14.0691,
88,126,-13.456,
90,126,-12.5686,
92,126,-13.1249,
94,126,-16.4923,
96,126,-20.0061,
98,126,-17.6678,
100,126,-17.2113,
102,126,-21.0489,
104,126,-25.4518,
106,126,-13.9532,
108,126,-10.1563,
110,126,-10.7694,
112,126,-15.8809,
114,126,-17.9647,
116,126,-15.949,
118,126,-14.9995,
120,126,-11.6791,
122,126,-11.6618,
124,126,-15.8544,
126,126,-17.5758,
128,126,-17.4881,
130,126,-21.1538,
132,126,-22.3601,
134,126,-16.9543,
136,126,-14.5137,
138,126,-15.4937,
140,126,-14.9645,
142,126,-11.1896,
144,126,-9.15826,
146,126,-10.1902,
148,126,-15.4013,
150,126,-17.3498,
152,126,-13.4974,
154,126,-11.4515,
156,126,-10.5049,
158,126,-13.8017,
160,126,-20.9253,
162,126,-11.9154,
164,126,-10.067,
166,126,-11.1021,
168,126,-12.0688,
170,126,-13.5352,
172,126,-16.7527,
174,126,-18.5836,
176,126,-15.4982,
178,126,-13.8058,
180,126,-16.877,
-180,128,-25.6967,
-178,128,-15.249,
-176,128,-8.16914,
-174,128,-6.57695,
-172,128,-9.57199,
-170,128,-23.0418,
-168,128,-10.6108,
-166,128,-6.69768,
-164,128,-6.61025,
-162,128,-7.94222,
-160,128,-8.68292,
-158,128,-8.12166,
-156,128,-7.70487,
-154,128,-9.2332,
-152,128,-14.4898,
-150,128,-25.0123,
-148,128,-16.3535,
-146,128,-13.0045,
-144,128,-12.6219,
-142,128,-15.6645,
-140,128,-20.2588,
-138,128,-17.4853,
-136,128,-18.5884,
-134,128,-20.9504,
-132,128,-20.0062,
-130,128,-21.5883,
-128,128,-25.8994,
-126,128,-27.8797,
-124,128,-23.4208,
-122,128,-26.7918,
-120,128,-18.1321,
-118,128,-14.7256,
-116,128,-16.2017,
-114,128,-14.8916,
-112,128,-12.7241,
-110,128,-15.0361,
-108,128,-18.6487,
-106,128,-14.5709,
-104,128,-14.0807,
-102,128,-17.1466,
-100,128,-16.0795,
-98,128,-13.4009,
-96,128,-13.992,
-94,128,-17.0221,
-92,128,-17.0463,
-90,128,-15.6151,
-88,128,-17.2742,
-86,128,-22.3937,
-84,128,-22.7219,
-82,128,-19.778,
-80,128,-18.523,
-78,128,-16.2137,
-76,128,-13.0789,
-74,128,-11.5198,
-72,128,-12.1448,
-70,128,-13.2005,
-68,128,-12.6264,
-66,128,-13.7116,
-64,128,-19.5561,
-62,128,-18.4307,
-60,128,-13.9841,
-58,128,-14.053,
-56,128,-15.1291,
-54,128,-14.3975,
-52,128,-13.7648,
-50,128,-13.2823,
-48,128,-12.2065,
-46,128,-10.1701,
-44,128,-8.51748,
-42,128,-9.31346,
-40,128,-14.5212,
-38,128,-12.8772,
-36,128,-8.64955,
-34,128,-10.2594,
-32,128,-17.282,
-30,128,-10.3817,
-28,128,-7.79484,
-26,128,-9.83062,
-24,128,-14,
-22,128,-13.4368,
-20,128,-12.2673,
-18,128,-11.495,
-16,128,-11.7787,
-14,128,-14.2131,
-12,128,-16.2263,
-10,128,-16.4127,
-8,128,-19.1227,
-6,128,-20.026,
-4,128,-16.5454,
-2,128,-17.265,
0,128,-22.0637,
2,128,-13.1714,
4,128,-7.94853,
6,128,-6.28343,
8,128,-7.57041,
10,128,-11.3683,
12,128,-10.782,
14,128,-8.09574,
16,128,-8.22733,
18,128,-10.1145,
20,128,-11.0297,
22,128,-10.7047,
24,128,-10.8937,
26,128,-12.3207,
28,128,-15.6581,
30,128,-19.5853,
32,128,-16.605,
34,128,-13.5233,
36,128,-14.2159,
38,128,-20.9254,
40,128,-14.3539,
42,128,-10.6645,
44,128,-12.3134,
46,128,-15.0367,
48,128,-14.5813,
50,128,-17.3991,
52,128,-22.6671,
54,128,-25.4127,
56,128,-20.9998,
58,128,-19.6085,
60,128,-17.327,
62,128,-14.0783,
64,128,-15.2148,
66,128,-15.3335,
68,128,-11.3661,
70,128,-9.9757,
72,128,-9.96631,
74,128,-10.2661,
76,128,-11.0148,
78,128,-11.8119,
80,128,-13.4596,
82,128,-16.6924,
84,128,-14.577,
86,128,-11.4515,
88,128,-11.2472,
90,128,-13.6671,
92,128,-18.4747,
94,128,-25.6239,
96,128,-27.17,
98,128,-18.372,
100,128,-14.794,
102,128,-16.32,
104,128,-30.3995,
106,128,-13.5061,
108,128,-9.03502,
110,128,-9.4203,
112,128,-14.3313,
114,128,-21.0578,
116,128,-20.2636,
118,128,-20.2307,
120,128,-15.4839,
122,128,-15.4404,
124,128,-18.7287,
126,128,-17.3976,
128,128,-17.2123,
130,128,-18.8203,
132,128,-18.3389,
134,128,-14.8138,
136,128,-12.4624,
138,128,-12.7978,
140,128,-15.0695,
142,128,-14.6323,
144,128,-11.6812,
146,128,-11.7453,
148,128,-17.0321,
150,128,-18.3099,
152,128,-12.5461,
154,128,-10.7944,
156,128,-10.5229,
158,128,-12.5881,
160,128,-15.0665,
162,128,-10.9914,
164,128,-9.94752,
166,128,-12.9935,
168,128,-14.4716,
170,128,-11.8346,
172,128,-12.1251,
174,128,-14.5501,
176,128,-15.0589,
178,128,-15.6243,
180,128,-25.6967,
-180,130,-19.8552,
-178,130,-14.5276,
-176,130,-9.94842,
-174,130,-9.04643,
-172,130,-11.8472,
-170,130,-17.6021,
-168,130,-14.0128,
-166,130,-11.2799,
-164,130,-10.6016,
-162,130,-10.0396,
-160,130,-9.00807,
-158,130,-7.61685,
-156,130,-6.93505,
-154,130,-8.14739,
-152,130,-12.2429,
-150,130,-19.3807,
-148,130,-16.5904,
-146,130,-13.4102,
-144,130,-13.1357,
-142,130,-15.6346,
-140,130,-18.3253,
-138,130,-17.5485,
-136,130,-18.7686,
-134,130,-19.2845,
-132,130,-19.2298,
-130,130,-22.5485,
-128,130,-26.9032,
-126,130,-24.6819,
-124,130,-20.5907,
-122,130,-22.2891,
-120,130,-21.9266,
-118,130,-16.2087,
-116,130,-14.7549,
-114,130,-14.4642,
-112,130,-15.065,
-110,130,-19.9203,
-108,130,-16.1555,
-106,130,-10.5717,
-104,130,-9.43187,
-102,130,-11.7177,
-100,130,-17.9853,
-98,130,-22.1625,
-96,130,-17.8624,
-94,130,-16.6749,
-92,130,-17.3327,
-90,130,-19.9515,
-88,130,-26.2616,
-86,130,-33.2185,
-84,130,-26.9278,
-82,130,-23.8244,
-80,130,-19.5388,
-78,130,-14.2056,
-76,130,-10.3372,
-74,130,-8.68601,
-72,130,-9.38314,
-70,130,-12.1371,
-68,130,-13.7955,
-66,130,-13.1341,
-64,130,-14.7261,
-62,130,-19.851,
-60,130,-23.0701,
-58,130,-23.2476,
-56,130,-22.0731,
-54,130,-18.3691,
-52,130,-15.4783,
-50,130,-13.1985,
-48,130,-10.919,
-46,130,-8.30098,
-44,130,-6.50815,
-42,130,-6.83617,
-40,130,-10.9298,
-38,130,-20.7728,
-36,130,-13.0369,
-34,130,-13.0464,
-32,130,-20.216,
-30,130,-11.7711,
-28,130,-8.55811,
-26,130,-10.165,
-24,130,-14.8261,
-22,130,-13.1252,
-20,130,-10.9532,
-18,130,-11.3591,
-16,130,-14.0553,
-14,130,-19.43,
-12,130,-16.3998,
-10,130,-13.3132,
-8,130,-14.597,
-6,130,-18.0836,
-4,130,-15.4531,
-2,130,-13.7389,
0,130,-14.2549,
2,130,-11.5528,
4,130,-7.90491,
6,130,-6.5849,
8,130,-7.80534,
10,130,-10.91,
12,130,-11.4997,
14,130,-10.2103,
16,130,-11.007,
18,130,-13.3152,
20,130,-13.7142,
22,130,-12.0091,
24,130,-10.7864,
26,130,-10.7191,
28,130,-11.4301,
30,130,-11.7559,
32,130,-11.6156,
34,130,-12.1915,
36,130,-14.1169,
38,130,-13.8142,
40,130,-9.76012,
42,130,-8.10786,
44,130,-9.643,
46,130,-13.4535,
48,130,-17.0945,
50,130,-20.5602,
52,130,-19.3376,
54,130,-19.1907,
56,130,-20.6756,
58,130,-22.3097,
60,130,-20.9217,
62,130,-15.4134,
64,130,-14.9574,
66,130,-17.0747,
68,130,-13.731,
70,130,-11.0367,
72,130,-10.3877,
74,130,-10.6237,
76,130,-11.2431,
78,130,-12.2394,
80,130,-14.8808,
82,130,-20.9063,
84,130,-15.3877,
86,130,-11.2295,
88,130,-11.2449,
90,130,-15.2748,
92,130,-26.4828,
94,130,-31.0395,
96,130,-28.828,
98,130,-16.1454,
100,130,-11.9586,
102,130,-13.0337,
104,130,-24.8956,
106,130,-14.0118,
108,130,-8.99612,
110,130,-9.359,
112,130,-14.3615,
114,130,-21.3362,
116,130,-19.9018,
118,130,-24.9682,
120,130,-26.7668,
122,130,-26.3804,
124,130,-20.4781,
126,130,-16.7236,
128,130,-17.1447,
130,130,-18.6384,
132,130,-17.6225,
134,130,-13.6579,
136,130,-10.8546,
138,130,-10.5004,
140,130,-13.0494,
142,130,-20.1708,
144,130,-18.1909,
146,130,-15.9038,
148,130,-21.0549,
150,130,-16.0618,
152,130,-10.9689,
154,130,-10.0136,
156,130,-10.798,
158,130,-12.2152,
160,130,-12.8024,
162,130,-10.5299,
164,130,-9.85561,
166,130,-13.6372,
168,130,-20.2372,
170,130,-12.5227,
172,130,-10.6533,
174,130,-12.4403,
176,130,-15.5806,
178,130,-17.5299,
180,130,-19.8552,
-180,132,-16.8473,
-178,132,-15.394,
-176,132,-14.4811,
-174,132,-13.7602,
-172,132,-13.148,
-170,132,-13.1612,
-168,132,-15.2177,
-166,132,-19.0699,
-164,132,-16.1731,
-162,132,-13.2233,
-160,132,-11.824,
-158,132,-9.86426,
-156,132,-8.40077,
-154,132,-8.84581,
-152,132,-11.3935,
-150,132,-13.7141,
-148,132,-12.4851,
-146,132,-11.3053,
-144,132,-11.7038,
-142,132,-13.9074,
-140,132,-17.2724,
-138,132,-19.0939,
-136,132,-17.8109,
-134,132,-15.2873,
-132,132,-14.9921,
-130,132,-17.309,
-128,132,-19.5902,
-126,132,-18.2412,
-124,132,-16.0494,
-122,132,-16.7038,
-120,132,-19.7663,
-118,132,-16.4596,
-116,132,-14.1438,
-114,132,-15.2609,
-112,132,-19.7043,
-110,132,-18.1262,
-108,132,-10.9863,
-106,132,-7.53813,
-104,132,-6.88194,
-102,132,-8.68499,
-100,132,-12.7347,
-98,132,-16.3487,
-96,132,-16.7207,
-94,132,-17.9602,
-92,132,-18.539,
-90,132,-17.148,
-88,132,-18.0855,
-86,132,-25.7995,
-84,132,-22.6003,
-82,132,-15.7169,
-80,132,-14.3027,
-78,132,-13.654,
-76,132,-10.4283,
-74,132,-8.15186,
-72,132,-8.64637,
-70,132,-12.721,
-68,132,-16.4034,
-66,132,-12.2653,
-64,132,-11.5346,
-62,132,-13.2904,
-60,132,-13.4334,
-58,132,-12.1557,
-56,132,-12.5514,
-54,132,-15.3057,
-52,132,-18.4468,
-50,132,-16.5761,
-48,132,-12.8176,
-46,132,-9.13342,
-44,132,-6.77436,
-42,132,-6.50157,
-40,132,-9.27316,
-38,132,-18.4275,
-36,132,-19.7604,
-34,132,-17.4463,
-32,132,-23.5988,
-30,132,-12.0264,
-28,132,-8.35305,
-26,132,-9.0244,
-24,132,-13.3722,
-22,132,-15.7273,
-20,132,-12.911,
-18,132,-12.77,
-16,132,-14.8156,
-14,132,-16.0022,
-12,132,-13.4105,
-10,132,-11.6555,
-8,132,-12.7205,
-6,132,-16.8096,
-4,132,-16.656,
-2,132,-12.9657,
0,132,-11.3606,
2,132,-10.1357,
4,132,-8.7533,
6,132,-8.46946,
8,132,-10.1016,
10,132,-13.2925,
12,132,-14.6974,
14,132,-14.4135,
16,132,-15.995,
18,132,-20.0017,
20,132,-21.0702,
22,132,-15.7389,
24,132,-12.1543,
26,132,-10.3314,
28,132,-9.18191,
30,132,-8.12326,
32,132,-7.61324,
34,132,-7.99308,
36,132,-8.69399,
38,132,-8.40144,
40,132,-7.22861,
42,132,-6.95097,
44,132,-8.51897,
46,132,-11.6899,
48,132,-15.2724,
50,132,-17.1596,
52,132,-15.9386,
54,132,-16.4745,
56,132,-19.8822,
58,132,-23.5049,
60,132,-22.6743,
62,132,-17.5384,
64,132,-17.1134,
66,132,-22.4659,
68,132,-16.5194,
70,132,-11.5962,
72,132,-10.075,
74,132,-10.2376,
76,132,-11.3322,
78,132,-13.3098,
80,132,-17.3068,
82,132,-24.192,
84,132,-16.8248,
86,132,-13.2384,
88,132,-13.8373,
90,132,-18.2277,
92,132,-22.242,
94,132,-24.4289,
96,132,-24.7195,
98,132,-13.7063,
100,132,-10.3936,
102,132,-11.9531,
104,132,-22.9072,
106,132,-14.2592,
108,132,-9.60954,
110,132,-10.5214,
112,132,-16.4745,
114,132,-18.5003,
116,132,-15.0014,
118,132,-15.3532,
120,132,-16.0673,
122,132,-14.8731,
124,132,-13.0348,
126,132,-12.6065,
128,132,-14.0642,
130,132,-16.7172,
132,132,-18.7263,
134,132,-14.6086,
136,132,-10.8006,
138,132,-9.5809,
140,132,-10.9885,
142,132,-15.8373,
144,132,-20.1312,
146,132,-18.8664,
148,132,-21.5587,
150,132,-13.8267,
152,132,-9.65415,
154,132,-9.35283,
156,132,-11.7284,
158,132,-14.2653,
160,132,-13.1043,
162,132,-10.4585,
164,132,-9.25141,
166,132,-10.7658,
168,132,-14.7704,
170,132,-13.3428,
172,132,-10.8681,
174,132,-11.7139,
176,132,-15.6172,
178,132,-18.7654,
180,132,-16.8473,
-180,134,-18.4927,
-178,134,-19.7382,
-176,134,-28.7584,
-174,134,-18.4039,
-172,134,-13.1601,
-170,134,-12.3275,
-168,134,-14.6973,
-166,134,-16.221,
-164,134,-13.4407,
-162,134,-13.2351,
-160,134,-17.2352,
-158,134,-17.6549,
-156,134,-12.7505,
-154,134,-11.555,
-152,134,-12.3486,
-150,134,-12.016,
-148,134,-10.8643,
-146,134,-11.0731,
-144,134,-12.9228,
-142,134,-15.8824,
-140,134,-17.4306,
-138,134,-15.3052,
-136,134,-12.4841,
-134,134,-10.8087,
-132,134,-10.9252,
-130,134,-12.5738,
-128,134,-14.1323,
-126,134,-13.8537,
-124,134,-12.9531,
-122,134,-13.9919,
-120,134,-18.9146,
-118,134,-18.4344,
-116,134,-14.1706,
-114,134,-13.7832,
-112,134,-14.0148,
-110,134,-11.1728,
-108,134,-8.14474,
-106,134,-6.65646,
-104,134,-6.90676,
-102,134,-8.74589,
-100,134,-10.8603,
-98,134,-11.6219,
-96,134,-13.484,
-94,134,-21.3039,
-92,134,-19.6375,
-90,134,-12.9199,
-88,134,-12.4961,
-86,134,-17.8459,
-84,134,-23.7223,
-82,134,-14.5038,
-80,134,-13.9449,
-78,134,-17.1246,
-76,134,-12.3468,
-74,134,-8.78134,
-72,134,-9.38097,
-70,134,-15.3419,
-68,134,-16.845,
-66,134,-10.8074,
-64,134,-10.2643,
-62,134,-12.1722,
-60,134,-11.4595,
-58,134,-9.26919,
-56,134,-8.96533,
-54,134,-10.6641,
-52,134,-13.4759,
-50,134,-16.0405,
-48,134,-16.0613,
-46,134,-12.0999,
-44,134,-8.87029,
-42,134,-7.74418,
-40,134,-9.22487,
-38,134,-14.3422,
-36,134,-20.3017,
-34,134,-20.0702,
-32,134,-18.3544,
-30,134,-10.5626,
-28,134,-7.15831,
-26,134,-7.1609,
-24,134,-10.5313,
-22,134,-18.8865,
-20,134,-17.7097,
-18,134,-13.6957,
-16,134,-13.0638,
-14,134,-13.0524,
-12,134,-12.1132,
-10,134,-11.1388,
-8,134,-11.5745,
-6,134,-14.2033,
-4,134,-17.7317,
-2,134,-15.4668,
0,134,-12.5139,
2,134,-11.2688,
4,134,-11.3748,
6,134,-12.9822,
8,134,-16.7876,
10,134,-21.9213,
12,134,-19.0569,
14,134,-15.69,
16,134,-14.405,
18,134,-15.2435,
20,134,-18.8462,
22,134,-19.4466,
24,134,-14.1506,
26,134,-10.8023,
28,134,-8.53378,
30,134,-7.00814,
32,134,-6.61694,
34,134,-7.3996,
36,134,-8.48059,
38,134,-8.57875,
40,134,-8.07066,
42,134,-8.17281,
44,134,-9.31598,
46,134,-11.0638,
48,134,-12.9856,
50,134,-14.7555,
52,134,-15.1067,
54,134,-15.4014,
56,134,-16.2946,
58,134,-16.5013,
60,134,-16.7139,
62,134,-16.771,
64,134,-17.3972,
66,134,-17.8988,
68,134,-13.686,
70,134,-10.4105,
72,134,-9.47198,
74,134,-10.3017,
76,134,-12.5255,
78,134,-16.5341,
80,134,-24.3795,
82,134,-21.3455,
84,134,-15.6162,
86,134,-13.7221,
88,134,-13.9479,
90,134,-14.8252,
92,134,-16.1174,
94,134,-21.606,
96,134,-21.6862,
98,134,-12.9573,
100,134,-10.9002,
102,134,-13.805,
104,134,-21.8481,
106,134,-12.6683,
108,134,-9.94284,
110,134,-11.7972,
112,134,-15.9632,
114,134,-13.5034,
116,134,-11.5789,
118,134,-12.0054,
120,134,-12.6463,
122,134,-11.8081,
124,134,-10.6435,
126,134,-10.4723,
128,134,-11.2822,
130,134,-12.8897,
132,134,-15.6178,
134,134,-15.3729,
136,134,-11.6774,
138,134,-9.79782,
140,134,-10.2311,
142,134,-12.6093,
144,134,-14.4477,
146,134,-15.5456,
148,134,-18.4159,
150,134,-13.0847,
152,134,-9.1514,
154,134,-9.01055,
156,134,-12.7233,
158,134,-20.3053,
160,134,-14.6216,
162,134,-10.4255,
164,134,-8.55616,
166,134,-8.33391,
168,134,-9.5588,
170,134,-10.8969,
172,134,-11.0025,
174,134,-11.6938,
176,134,-14.5874,
178,134,-18.5838,
180,134,-18.4927,
-180,136,-16.0735,
-178,136,-15.3198,
-176,136,-14.4425,
-174,136,-12.8779,
-172,136,-12.1385,
-170,136,-13.6306,
-168,136,-16.4215,
-166,136,-13.6115,
-164,136,-10.7449,
-162,136,-10.9491,
-160,136,-14.4137,
-158,136,-17.6722,
-156,136,-15.0285,
-154,136,-14.5991,
-152,136,-14.6222,
-150,136,-12.2375,
-148,136,-11.4513,
-146,136,-14.4814,
-144,136,-23.9722,
-142,136,-14.6932,
-140,136,-9.62412,
-138,136,-7.44385,
-136,136,-6.58131,
-134,136,-6.64578,
-132,136,-7.71255,
-130,136,-9.63555,
-128,136,-11.4134,
-126,136,-11.8587,
-124,136,-11.706,
-122,136,-13.1333,
-120,136,-18.3561,
-118,136,-16.7816,
-116,136,-11.427,
-114,136,-9.73091,
-112,136,-9.53746,
-110,136,-9.07158,
-108,136,-8.42412,
-106,136,-8.59076,
-104,136,-9.75261,
-102,136,-10.8042,
-100,136,-10.4717,
-98,136,-10.4408,
-96,136,-12.7846,
-94,136,-16.6342,
-92,136,-12.4159,
-90,136,-9.3478,
-88,136,-9.78903,
-86,136,-14.2097,
-84,136,-20.2874,
-82,136,-16.3568,
-80,136,-18.867,
-78,136,-19.9911,
-76,136,-10.8058,
-74,136,-8.27431,
-72,136,-10.3514,
-70,136,-20.7931,
-68,136,-13.1564,
-66,136,-8.43872,
-64,136,-8.47772,
-62,136,-11.5568,
-60,136,-13.4524,
-58,136,-11.0486,
-56,136,-10.1676,
-54,136,-11.1326,
-52,136,-12.7051,
-50,136,-14.6811,
-48,136,-17.0923,
-46,136,-15.2804,
-44,136,-11.4995,
-42,136,-9.3329,
-40,136,-9.43438,
-38,136,-12.0985,
-36,136,-15.9158,
-34,136,-17.2658,
-32,136,-15.2,
-30,136,-9.74545,
-28,136,-6.50638,
-26,136,-5.96908,
-24,136,-8.09129,
-22,136,-13.369,
-20,136,-16.8929,
-18,136,-13.3049,
-16,136,-12.4069,
-14,136,-13.3796,
-12,136,-13.4586,
-10,136,-11.8002,
-8,136,-10.7219,
-6,136,-11.1061,
-4,136,-12.7852,
-2,136,-14.6222,
0,136,-15.2637,
2,136,-15.9471,
4,136,-18.6162,
6,136,-24.1975,
8,136,-21.0735,
10,136,-15.6135,
12,136,-12.3435,
14,136,-10.2627,
16,136,-9.31201,
18,136,-9.7665,
20,136,-11.7354,
22,136,-14.0733,
24,136,-13.5416,
26,136,-10.9158,
28,136,-8.40295,
30,136,-7.04302,
32,136,-7.59172,
34,136,-10.8169,
36,136,-16.687,
38,136,-13.8381,
40,136,-9.88687,
42,136,-8.04379,
44,136,-7.247,
46,136,-7.15289,
48,136,-7.864,
50,136,-9.35831,
52,136,-10.855,
54,136,-11.2924,
56,136,-10.9407,
58,136,-10.7614,
60,136,-11.1769,
62,136,-11.7597,
64,136,-12.0047,
66,136,-11.7193,
68,136,-10.7123,
70,136,-9.98635,
72,136,-10.615,
74,136,-12.6711,
76,136,-15.0939,
78,136,-17.0354,
80,136,-18.4699,
82,136,-15.7852,
84,136,-11.9933,
86,136,-9.84862,
88,136,-9.23684,
90,136,-9.99644,
92,136,-12.5151,
94,136,-17.8229,
96,136,-18.4322,
98,136,-14.2881,
100,136,-14.5551,
102,136,-18.2866,
104,136,-13.6734,
106,136,-9.75416,
108,136,-9.55194,
110,136,-11.8955,
112,136,-11.6634,
114,136,-8.97448,
116,136,-8.19085,
118,136,-9.34639,
120,136,-11.7453,
122,136,-13.8119,
124,136,-13.8529,
126,136,-12.7991,
128,136,-11.7085,
130,136,-11.52,
132,136,-12.6853,
134,136,-13.3705,
136,136,-11.6251,
138,136,-10.1345,
140,136,-10.3985,
142,136,-12.0813,
144,136,-13.0493,
146,136,-14.1186,
148,136,-18.7721,
150,136,-14.6726,
152,136,-9.72045,
154,136,-9.04311,
156,136,-12.4348,
158,136,-24.5061,
160,136,-16.388,
162,136,-11.2853,
164,136,-9.27404,
166,136,-8.32519,
168,136,-8.26976,
170,136,-9.14492,
172,136,-10.6262,
174,136,-12.4302,
176,136,-14.6723,
178,136,-16.409,
180,136,-16.0735,
-180,138,-13.9361,
-178,138,-11.6345,
-176,138,-10.1668,
-174,138,-9.53036,
-172,138,-10.1385,
-170,138,-12.3705,
-168,138,-14.4621,
-166,138,-12.4125,
-164,138,-10.4319,
-162,138,-10.2383,
-160,138,-10.6654,
-158,138,-10.561,
-156,138,-11.5134,
-154,138,-16.2067,
-152,138,-18.149,
-150,138,-11.8992,
-148,138,-10.8921,
-146,138,-14.582,
-144,138,-14.2732,
-142,138,-7.64915,
-140,138,-4.36315,
-138,138,-3.07647,
-136,138,-3.06018,
-134,138,-4.02455,
-132,138,-5.89539,
-130,138,-8.48585,
-128,138,-10.9779,
-126,138,-12.1035,
-124,138,-12.1618,
-122,138,-13.0661,
-120,138,-15.0144,
-118,138,-12.6338,
-116,138,-9.2552,
-114,138,-8.25555,
-112,138,-9.30589,
-110,138,-11.0836,
-108,138,-11.4668,
-106,138,-10.6983,
-104,138,-9.83572,
-102,138,-9.27019,
-100,138,-9.6925,
-98,138,-11.8634,
-96,138,-14.6047,
-94,138,-11.7613,
-92,138,-8.61553,
-90,138,-7.97444,
-88,138,-9.94261,
-86,138,-14.3001,
-84,138,-16.146,
-82,138,-16.2348,
-80,138,-17.7457,
-78,138,-11.3661,
-76,138,-7.26283,
-74,138,-6.73085,
-72,138,-10.2333,
-70,138,-21.2893,
-68,138,-11.0906,
-66,138,-7.173,
-64,138,-7.08912,
-62,138,-9.57407,
-60,138,-13.4852,
-58,138,-15.4126,
-56,138,-16.1568,
-54,138,-17.0314,
-52,138,-16.6083,
-50,138,-17.2577,
-48,138,-18.2912,
-46,138,-15.7439,
-44,138,-12.3325,
-42,138,-9.87118,
-40,138,-9.24934,
-38,138,-10.9575,
-36,138,-14.1981,
-34,138,-16.0221,
-32,138,-15.9733,
-30,138,-11.5734,
-28,138,-7.58497,
-26,138,-6.06145,
-24,138,-6.78842,
-22,138,-9.51503,
-20,138,-13.0106,
-18,138,-14.1168,
-16,138,-14.8134,
-14,138,-17.9514,
-12,138,-18.5161,
-10,138,-13.579,
-8,138,-10.7002,
-6,138,-9.7164,
-4,138,-10.0487,
-2,138,-11.3956,
0,138,-13.7974,
2,138,-17.6467,
4,138,-20.2983,
6,138,-16.3468,
8,138,-12.8764,
10,138,-10.7391,
12,138,-9.13549,
14,138,-7.82169,
16,138,-7.10973,
18,138,-7.31922,
20,138,-8.53619,
22,138,-10.6781,
24,138,-13.0406,
26,138,-11.9742,
28,138,-8.57253,
30,138,-6.83498,
32,138,-7.64647,
34,138,-11.6922,
36,138,-13.7941,
38,138,-8.16847,
40,138,-4.96495,
42,138,-3.48077,
44,138,-2.95225,
46,138,-3.10749,
48,138,-3.90596,
50,138,-5.30351,
52,138,-6.93698,
54,138,-8.00102,
56,138,-8.32665,
58,138,-8.75995,
60,138,-9.55548,
62,138,-9.95175,
64,138,-9.79257,
66,138,-9.91909,
68,138,-10.6998,
70,138,-12.3796,
72,138,-15.4438,
74,138,-16.4322,
76,138,-13.1161,
78,138,-11.6497,
80,138,-12.5872,
82,138,-13.1313,
84,138,-10.2241,
86,138,-7.83075,
88,138,-7.36917,
90,138,-8.95497,
92,138,-12.823,
94,138,-16.9424,
96,138,-15.816,
98,138,-16.5089,
100,138,-19.8544,
102,138,-12.8795,
104,138,-8.33606,
106,138,-7.23577,
108,138,-9.10253,
110,138,-12.5725,
112,138,-10.1317,
114,138,-7.00709,
116,138,-6.08559,
118,138,-6.84385,
120,138,-9.01869,
122,138,-13.0045,
124,138,-21.1219,
126,138,-21.1514,
128,138,-14.3975,
130,138,-12.3542,
132,138,-12.4379,
134,138,-12.4985,
136,138,-11.3085,
138,138,-10.4379,
140,138,-11.2369,
142,138,-13.4972,
144,138,-13.912,
146,138,-13.9127,
148,138,-19.7335,
150,138,-20.798,
152,138,-11.4934,
154,138,-9.46062,
156,138,-11.2829,
158,138,-17.4274,
160,138,-20.3834,
162,138,-15.4993,
164,138,-13.6151,
166,138,-12.1007,
168,138,-10.7311,
170,138,-10.517,
172,138,-11.9402,
174,138,-15.2138,
176,138,-19.1136,
178,138,-17.3907,
180,138,-13.9361,
-180,140,-17.4092,
-178,140,-13.9312,
-176,140,-10.9315,
-174,140,-9.15135,
-172,140,-8.6235,
-170,140,-9.08296,
-168,140,-10.0203,
-166,140,-11.0785,
-164,140,-12.125,
-162,140,-11.4961,
-160,140,-9.09303,
-158,140,-7.86952,
-156,140,-9.40982,
-154,140,-16.0833,
-152,140,-15.6087,
-150,140,-9.19757,
-148,140,-8.08057,
-146,140,-9.92971,
-144,140,-9.49229,
-142,140,-5.47166,
-140,140,-2.94431,
-138,140,-2.11279,
-136,140,-2.60845,
-134,140,-4.25932,
-132,140,-7.05573,
-130,140,-10.9513,
-128,140,-15.2107,
-126,140,-17.265,
-124,140,-16.4782,
-122,140,-16.4204,
-120,140,-17.2872,
-118,140,-14.1169,
-116,140,-10.8786,
-114,140,-10.5136,
-112,140,-13.5467,
-110,140,-16.4691,
-108,140,-11.0065,
-106,140,-7.65263,
-104,140,-6.5509,
-102,140,-7.17298,
-100,140,-9.85027,
-98,140,-16.5413,
-96,140,-17.8585,
-94,140,-10.8417,
-92,140,-8.77642,
-90,140,-9.94152,
-88,140,-14.7918,
-86,140,-20.3593,
-84,140,-15.9373,
-82,140,-15.1503,
-80,140,-13.1815,
-78,140,-8.76405,
-76,140,-6.50327,
-74,140,-7.02143,
-72,140,-10.9476,
-70,140,-16.4337,
-68,140,-10.8071,
-66,140,-7.95762,
-64,140,-7.94559,
-62,140,-9.77426,
-60,140,-12.4843,
-58,140,-15.4908,
-56,140,-19.8422,
-54,140,-20.3419,
-52,140,-17.0134,
-50,140,-16.0845,
-48,140,-15.1461,
-46,140,-13.529,
-44,140,-12.181,
-42,140,-10.7486,
-40,140,-10.3191,
-38,140,-12.231,
-36,140,-15.418,
-34,140,-15.0349,
-32,140,-16.1768,
-30,140,-18.4951,
-28,140,-11.2347,
-26,140,-7.18611,
-24,140,-5.98188,
-22,140,-6.79927,
-20,140,-9.38012,
-18,140,-13.9166,
-16,140,-21.6969,
-14,140,-26.4661,
-12,140,-18.7725,
-10,140,-14.8895,
-8,140,-12.7595,
-6,140,-11.7528,
-4,140,-11.6958,
-2,140,-12.6367,
0,140,-14.5468,
2,140,-15.7712,
4,140,-13.7528,
6,140,-11.2593,
8,140,-10.0122,
10,140,-9.88354,
12,140,-10.0349,
14,140,-9.39596,
16,140,-8.14854,
18,140,-7.24189,
20,140,-7.29243,
22,140,-8.9849,
24,140,-14.1758,
26,140,-19.9601,
28,140,-10.3465,
30,140,-7.05427,
32,140,-6.97546,
34,140,-8.47622,
36,140,-7.53578,
38,140,-4.61476,
40,140,-2.70517,
42,140,-1.95522,
44,140,-2.03051,
46,140,-2.70256,
48,140,-3.87173,
50,140,-5.53397,
52,140,-7.57721,
54,140,-9.37212,
56,140,-10.5069,
58,140,-11.9472,
60,140,-13.4622,
62,140,-12.2109,
64,140,-10.3787,
66,140,-10.4122,
68,140,-12.816,
70,140,-18.4367,
72,140,-20.8974,
74,140,-14.0146,
76,140,-10.622,
78,140,-9.90948,
80,140,-11.6137,
82,140,-13.9182,
84,140,-11.4803,
86,140,-9.02204,
88,140,-9.14962,
90,140,-12.5951,
92,140,-23.0118,
94,140,-18.2481,
96,140,-14.6317,
98,140,-16.9726,
100,140,-15.6761,
102,140,-9.26603,
104,140,-6.44301,
106,140,-6.54168,
108,140,-9.74273,
110,140,-16.3037,
112,140,-12.259,
114,140,-8.14907,
116,140,-6.7612,
118,140,-6.87753,
120,140,-8.02591,
122,140,-10.1443,
124,140,-13.0315,
126,140,-14.7742,
128,140,-14.2328,
130,140,-14.2008,
132,140,-15.1886,
134,140,-14.8787,
136,140,-12.9553,
138,140,-11.9289,
140,140,-13.0218,
142,140,-15.2577,
144,140,-13.155,
146,140,-11.252,
148,140,-13.3528,
150,140,-22.0092,
152,140,-14.1616,
154,140,-9.7542,
156,140,-9.18835,
158,140,-10.7978,
160,140,-13.3768,
162,140,-16.0401,
164,140,-18.6819,
166,140,-18.0771,
168,140,-15.3552,
170,140,-14.2696,
172,140,-15.1098,
174,140,-17.3593,
176,140,-19.4826,
178,140,-19.5856,
180,140,-17.4092,
-180,142,-12.9774,
-178,142,-19.2826,
-176,142,-19.2737,
-174,142,-11.99,
-172,142,-8.53723,
-170,142,-7.09226,
-168,142,-7.29501,
-166,142,-9.63479,
-164,142,-15.5008,
-162,142,-13.8025,
-160,142,-8.16294,
-158,142,-6.4244,
-156,142,-7.73436,
-154,142,-11.1122,
-152,142,-9.30649,
-150,142,-6.05213,
-148,142,-5.45213,
-146,142,-7.18427,
-144,142,-9.0971,
-142,142,-7.42047,
-140,142,-5.47422,
-138,142,-5.17723,
-136,142,-6.59707,
-134,142,-9.93495,
-132,142,-15.935,
-130,142,-20.5593,
-128,142,-16.7657,
-126,142,-15.0374,
-124,142,-14.7745,
-122,142,-15.8737,
-120,142,-20.2164,
-118,142,-23.9226,
-116,142,-17.2759,
-114,142,-16.4214,
-112,142,-22.7713,
-110,142,-17.0313,
-108,142,-9.90395,
-106,142,-7.12468,
-104,142,-6.79819,
-102,142,-8.5591,
-100,142,-12.9963,
-98,142,-24.0039,
-96,142,-19.302,
-94,142,-14.2297,
-92,142,-13.8425,
-90,142,-16.7111,
-88,142,-19.7094,
-86,142,-16.8625,
-84,142,-16.1179,
-82,142,-18.6119,
-80,142,-16.4958,
-78,142,-12.098,
-76,142,-10.7347,
-74,142,-12.307,
-72,142,-15.9213,
-70,142,-14.5875,
-68,142,-11.4341,
-66,142,-10.4593,
-64,142,-11.0407,
-62,142,-11.9383,
-60,142,-12.4996,
-58,142,-14.0527,
-56,142,-18.0489,
-54,142,-19.95,
-52,142,-16.2385,
-50,142,-13.6357,
-48,142,-11.6843,
-46,142,-10.9201,
-44,142,-11.7493,
-42,142,-13.0033,
-40,142,-13.9742,
-38,142,-16.4097,
-36,142,-14.8765,
-34,142,-10.8377,
-32,142,-10.5251,
-30,142,-16.2056,
-28,142,-17.6009,
-26,142,-8.00585,
-24,142,-4.66873,
-22,142,-3.96037,
-20,142,-5.1592,
-18,142,-8.27076,
-16,142,-13.55,
-14,142,-16.6621,
-12,142,-14.3526,
-10,142,-14.2767,
-8,142,-17.7683,
-6,142,-26.9038,
-4,142,-21.2919,
-2,142,-17.8078,
0,142,-18.8446,
2,142,-19.694,
4,142,-14.1737,
6,142,-10.2022,
8,142,-8.51965,
10,142,-8.8283,
12,142,-11.4356,
14,142,-17.2608,
16,142,-15.3924,
18,142,-9.82837,
20,142,-7.5633,
22,142,-7.90083,
24,142,-11.2494,
26,142,-15.5582,
28,142,-10.3038,
30,142,-7.26984,
32,142,-7.16739,
34,142,-8.62904,
36,142,-8.45701,
38,142,-6.46286,
40,142,-5.33049,
42,142,-5.51938,
44,142,-6.80478,
46,142,-8.87818,
48,142,-11.3259,
50,142,-14.0567,
52,142,-17.6171,
54,142,-19.5898,
56,142,-18.3387,
58,142,-19.0774,
60,142,-17.3347,
62,142,-12.1196,
64,142,-9.46164,
66,142,-9.55841,
68,142,-12.6538,
70,142,-19.7616,
72,142,-17.5632,
74,142,-12.993,
76,142,-11.5366,
78,142,-12.0926,
80,142,-14.7431,
82,142,-18.9947,
84,142,-17.3202,
86,142,-14.5095,
88,142,-14.4614,
90,142,-15.3774,
92,142,-13.529,
94,142,-11.58,
96,142,-12.2084,
98,142,-16.2401,
100,142,-15.3377,
102,142,-10.023,
104,142,-8.06402,
106,142,-9.03022,
108,142,-13.6498,
110,142,-28.954,
112,142,-16.4165,
114,142,-12.1732,
116,142,-11.1534,
118,142,-11.4657,
120,142,-12.4883,
122,142,-14.1281,
124,142,-16.0892,
126,142,-17.4783,
128,142,-18.8748,
130,142,-22.1865,
132,142,-23.102,
134,142,-18.0715,
136,142,-14.7296,
138,142,-13.226,
140,142,-13.2841,
142,142,-12.7418,
144,142,-9.8513,
146,142,-8.02642,
148,142,-9.02506,
150,142,-14.5188,
152,142,-16.0306,
154,142,-8.82848,
156,142,-6.09341,
158,142,-5.59315,
160,142,-6.49327,
162,142,-8.41238,
164,142,-10.4893,
166,142,-10.6919,
168,142,-9.58409,
170,142,-9.12382,
172,142,-9.48283,
174,142,-9.86815,
176,142,-9.92033,
178,142,-10.5331,
180,142,-12.9774,
-180,144,-8.30807,
-178,144,-10.967,
-176,144,-18.2237,
-174,144,-19.8098,
-172,144,-10.4447,
-170,144,-7.03722,
-168,144,-6.3268,
-166,144,-7.87891,
-164,144,-10.7374,
-162,144,-9.20437,
-160,144,-6.1039,
-158,144,-5.27912,
-156,144,-6.9831,
-154,144,-10.2513,
-152,144,-8.77364,
-150,144,-5.86009,
-148,144,-5.19703,
-146,144,-6.61989,
-144,144,-9.47136,
-142,144,-11.8097,
-140,144,-12.9134,
-138,144,-15.661,
-136,144,-22.417,
-134,144,-16.8362,
-132,144,-11.2011,
-130,144,-8.59993,
-128,144,-7.68962,
-126,144,-7.83166,
-124,144,-8.55289,
-122,144,-9.75706,
-120,144,-11.9428,
-118,144,-15.3446,
-116,144,-17.2276,
-114,144,-17.3687,
-112,144,-21.8509,
-110,144,-23.5022,
-108,144,-13.8526,
-106,144,-10.4923,
-104,144,-10.3096,
-102,144,-13.027,
-100,144,-20.1355,
-98,144,-25.6042,
-96,144,-20.2871,
-94,144,-22.1551,
-92,144,-24.0205,
-90,144,-15.8764,
-88,144,-11.8598,
-86,144,-10.5444,
-84,144,-11.2188,
-82,144,-13.6266,
-80,144,-17.3268,
-78,144,-20.5976,
-76,144,-20.1215,
-74,144,-16.6237,
-72,144,-13.7961,
-70,144,-12.6396,
-68,144,-13.0075,
-66,144,-13.7731,
-64,144,-12.5775,
-62,144,-10.333,
-60,144,-9.26236,
-58,144,-10.09,
-56,144,-13.2132,
-54,144,-18.5153,
-52,144,-17.6165,
-50,144,-12.5743,
-48,144,-9.51778,
-46,144,-8.56931,
-44,144,-9.64084,
-42,144,-12.1479,
-40,144,-14.5833,
-38,144,-15.2518,
-36,144,-11.5394,
-34,144,-8.01437,
-32,144,-7.22333,
-30,144,-9.86013,
-28,144,-13.3474,
-26,144,-7.02711,
-24,144,-3.07338,
-22,144,-1.71921,
-20,144,-2.30762,
-18,144,-4.83839,
-16,144,-10.0603,
-14,144,-17.0173,
-12,144,-12.2814,
-10,144,-9.59972,
-8,144,-9.59855,
-6,144,-11.0216,
-4,144,-12.2147,
-2,144,-12.5084,
0,144,-13.7049,
2,144,-17.2388,
4,144,-16.8297,
6,144,-11.3118,
8,144,-8.22578,
10,144,-7.29018,
12,144,-8.30967,
14,144,-11.5109,
16,144,-14.3673,
18,144,-10.6474,
20,144,-7.79755,
22,144,-7.33182,
24,144,-8.81609,
26,144,-10.3437,
28,144,-9.06224,
30,144,-7.75465,
32,144,-8.27121,
34,144,-10.3874,
36,144,-12.3004,
38,144,-12.9611,
40,144,-14.9036,
42,144,-19.1429,
44,144,-16.3964,
46,144,-11.6963,
48,144,-9.30693,
50,144,-8.46339,
52,144,-8.54149,
54,144,-8.87147,
56,144,-9.159,
58,144,-9.68034,
60,144,-9.92197,
62,144,-8.84977,
64,144,-7.73813,
66,144,-8.2076,
68,144,-11.2864,
70,144,-18.9038,
72,144,-18.4869,
74,144,-13.8624,
76,144,-13.7416,
78,144,-16.9046,
80,144,-22.7335,
82,144,-24.7355,
84,144,-25.1494,
86,144,-20.3896,
88,144,-13.5677,
90,144,-9.47808,
92,144,-7.48218,
94,144,-7.26162,
96,144,-8.83686,
98,144,-12.1039,
100,144,-13.9746,
102,144,-12.2115,
104,144,-11.7268,
106,144,-14.1773,
108,144,-21.1041,
110,144,-19.3676,
112,144,-13.9065,
114,144,-12.0003,
116,144,-11.954,
118,144,-13.0092,
120,144,-14.6685,
122,144,-16.3864,
124,144,-17.4261,
126,144,-17.5568,
128,144,-16.8157,
130,144,-14.8426,
132,144,-12.7706,
134,144,-11.7443,
136,144,-11.6638,
138,144,-11.8456,
140,144,-11.9291,
142,144,-10.9789,
144,144,-8.53721,
146,144,-6.79936,
148,144,-7.23886,
150,144,-10.6605,
152,144,-12.1746,
154,144,-6.66714,
156,144,-3.56744,
158,144,-2.65843,
160,144,-3.43504,
162,144,-5.77643,
164,144,-8.90335,
166,144,-8.52277,
168,144,-5.7754,
170,144,-4.24142,
172,144,-4.11287,
174,144,-4.97561,
176,144,-6.17045,
178,144,-7.14413,
180,144,-8.30807,
-180,146,-10.3447,
-178,146,-11.0011,
-176,146,-13.7651,
-174,146,-21.0386,
-172,146,-15.0531,
-170,146,-10.0219,
-168,146,-8.4719,
-166,146,-8.58578,
-164,146,-7.84749,
-162,146,-5.50652,
-160,146,-3.82738,
-158,146,-3.83347,
-156,146,-5.95842,
-154,146,-11.0663,
-152,146,-16.4006,
-150,146,-11.8012,
-148,146,-9.86651,
-146,146,-10.3865,
-144,146,-12.2087,
-142,146,-14.7126,
-140,146,-18.0545,
-138,146,-17.4787,
-136,146,-12.4829,
-134,146,-9.15324,
-132,146,-7.48445,
-130,146,-7.04661,
-128,146,-7.57312,
-126,146,-8.78737,
-124,146,-10.2719,
-122,146,-11.8276,
-120,146,-13.84,
-118,146,-15.593,
-116,146,-14.4107,
-114,146,-12.7996,
-112,146,-13.2298,
-110,146,-15.5936,
-108,146,-15.05,
-106,146,-11.6848,
-104,146,-10.1347,
-102,146,-10.7312,
-100,146,-13.3705,
-98,146,-17.6985,
-96,146,-21.4983,
-94,146,-24.1752,
-92,146,-24.1267,
-90,146,-17.3758,
-88,146,-12.8177,
-86,146,-10.1734,
-84,146,-8.60223,
-82,146,-7.54405,
-80,146,-6.68021,
-78,146,-5.97373,
-76,146,-5.61642,
-74,146,-5.89802,
-72,146,-7.14249,
-70,146,-9.81361,
-68,146,-14.9763,
-66,146,-20.5553,
-64,146,-13.6211,
-62,146,-9.68839,
-60,146,-8.36705,
-58,146,-9.06032,
-56,146,-11.8064,
-54,146,-17.3672,
-52,146,-20.0356,
-50,146,-12.8782,
-48,146,-9.03884,
-46,146,-7.697,
-44,146,-8.1548,
-42,146,-9.37854,
-40,146,-9.97923,
-38,146,-9.72754,
-36,146,-8.2022,
-34,146,-5.97442,
-32,146,-4.8499,
-30,146,-5.52484,
-28,146,-6.95053,
-26,146,-5.3983,
-24,146,-2.65083,
-22,146,-1.4265,
-20,146,-2.1108,
-18,146,-5.17696,
-16,146,-13.2373,
-14,146,-15.6163,
-12,146,-6.99452,
-10,146,-4.23382,
-8,146,-3.84936,
-6,146,-5.17331,
-4,146,-8.01876,
-2,146,-11.6542,
0,146,-13.1257,
2,146,-12.3986,
4,146,-11.8795,
6,146,-11.1441,
8,146,-9.76674,
10,146,-8.67292,
12,146,-8.57387,
14,146,-9.30737,
16,146,-9.41951,
18,146,-7.93507,
20,146,-6.50381,
22,146,-6.25928,
24,146,-7.35137,
26,146,-9.39161,
28,146,-11.5235,
30,146,-13.7732,
32,146,-17.5901,
34,146,-20.6312,
36,146,-18.4099,
38,146,-18.168,
40,146,-15.7023,
42,146,-10.0617,
44,146,-6.32518,
46,146,-4.46476,
48,146,-4.02117,
50,146,-4.68146,
52,146,-6.11778,
54,146,-7.78313,
56,146,-9.22151,
58,146,-10.7142,
60,146,-11.7943,
62,146,-10.3888,
64,146,-8.36683,
66,146,-7.98183,
68,146,-10.0062,
70,146,-15.6263,
72,146,-19.246,
74,146,-13.8051,
76,146,-12.519,
78,146,-14.4804,
80,146,-19.4776,
82,146,-24.74,
84,146,-27.061,
86,146,-23.1187,
88,146,-14.6302,
90,146,-10.0112,
92,146,-7.80106,
94,146,-7.30593,
96,146,-8.01384,
98,146,-8.88226,
100,146,-8.58766,
102,146,-7.72397,
104,146,-7.61413,
106,146,-8.82689,
108,146,-11.5654,
110,146,-14.9628,
112,146,-14.5827,
114,146,-11.9549,
116,146,-10.2651,
118,146,-9.47978,
120,146,-9.17828,
122,146,-9.08332,
124,146,-9.15139,
126,146,-9.45487,
128,146,-9.86383,
130,146,-10.033,
132,146,-10.1598,
134,146,-11.0193,
136,146,-12.7814,
138,146,-13.9272,
140,146,-13.4541,
142,146,-11.9724,
144,146,-9.16383,
146,146,-6.65643,
148,146,-5.70843,
150,146,-6.22703,
152,146,-6.37622,
154,146,-4.41184,
156,146,-2.4848,
158,146,-1.98241,
160,146,-3.2624,
162,146,-6.95916,
164,146,-13.0926,
166,146,-8.27612,
168,146,-3.63553,
170,146,-1.62822,
172,146,-1.38356,
174,146,-2.62432,
176,146,-5.23974,
178,146,-8.55393,
180,146,-10.3447,
-180,148,-18.1387,
-178,148,-16.7261,
-176,148,-15.9877,
-174,148,-18.8437,
-172,148,-20.64,
-170,148,-18.6435,
-168,148,-19.3668,
-166,148,-16.7323,
-164,148,-10.1529,
-162,148,-6.10597,
-160,148,-4.19642,
-158,148,-3.98541,
-156,148,-5.26309,
-154,148,-7.68682,
-152,148,-9.82649,
-150,148,-9.73742,
-148,148,-8.65173,
-146,148,-7.99935,
-144,148,-8.19925,
-142,148,-9.59509,
-140,148,-12.5317,
-138,148,-15.9413,
-136,148,-15.2943,
-134,148,-13.5457,
-132,148,-13.5417,
-130,148,-15.2689,
-128,148,-18.1498,
-126,148,-20.4831,
-124,148,-20.9795,
-122,148,-20.4287,
-120,148,-17.4618,
-118,148,-13.2487,
-116,148,-10.1827,
-114,148,-8.83118,
-112,148,-9.4195,
-110,148,-12.4498,
-108,148,-16.242,
-106,148,-11.8701,
-104,148,-8.12271,
-102,148,-6.66701,
-100,148,-6.87,
-98,148,-8.30671,
-96,148,-10.4089,
-94,148,-12.3497,
-92,148,-14.1771,
-90,148,-17.7293,
-88,148,-25.7767,
-86,148,-16.0344,
-84,148,-9.52446,
-82,148,-5.8118,
-80,148,-3.63027,
-78,148,-2.59376,
-76,148,-2.5862,
-74,148,-3.60563,
-72,148,-5.71839,
-70,148,-9.09729,
-68,148,-14.3037,
-66,148,-21.7726,
-64,148,-18.0287,
-62,148,-13.8052,
-60,148,-12.5519,
-58,148,-13.3765,
-56,148,-15.567,
-54,148,-17.4905,
-52,148,-15.7944,
-50,148,-11.6947,
-48,148,-8.62706,
-46,148,-7.12572,
-44,148,-6.65038,
-42,148,-6.23026,
-40,148,-5.51635,
-38,148,-4.985,
-36,148,-4.53721,
-34,148,-3.67298,
-32,148,-2.85915,
-30,148,-2.96645,
-28,148,-4.21866,
-26,148,-5.5231,
-24,148,-5.16304,
-22,148,-4.57735,
-20,148,-5.80141,
-18,148,-10.8246,
-16,148,-20.1899,
-14,148,-7.55927,
-12,148,-3.1442,
-10,148,-1.52927,
-8,148,-1.72184,
-6,148,-3.60435,
-4,148,-7.60235,
-2,148,-14.0802,
0,148,-13.0401,
2,148,-9.47129,
4,148,-8.65607,
6,148,-9.87001,
8,148,-12.5813,
10,148,-15.6105,
12,148,-17.3404,
14,148,-17.237,
16,148,-13.9941,
18,148,-10.269,
20,148,-7.88649,
22,148,-6.86651,
24,148,-6.94508,
26,148,-7.84468,
28,148,-9.21502,
30,148,-10.1632,
32,148,-9.52844,
34,148,-8.3075,
36,148,-8.21114,
38,148,-10.2029,
40,148,-14.3672,
42,148,-12.6775,
44,148,-8.41168,
46,148,-6.64025,
48,148,-6.95637,
50,148,-9.1344,
52,148,-12.6406,
54,148,-14.1241,
56,148,-13.321,
58,148,-14.6544,
60,148,-19.1767,
62,148,-14.5893,
64,148,-9.44325,
66,148,-7.52626,
68,148,-8.20096,
70,148,-12.0443,
72,148,-23.7601,
74,148,-16.2478,
76,148,-11.112,
78,148,-9.93486,
80,148,-10.7248,
82,148,-12.421,
84,148,-13.7837,
86,148,-14.3222,
88,148,-14.4534,
90,148,-14.2976,
92,148,-13.9521,
94,148,-13.2638,
96,148,-11.4737,
98,148,-8.92179,
100,148,-6.79055,
102,148,-5.65261,
104,148,-5.6826,
106,148,-7.03027,
108,148,-10.0515,
110,148,-15.8284,
112,148,-26.2585,
114,148,-18.8663,
116,148,-14.7478,
118,148,-12.8168,
120,148,-11.561,
122,148,-10.6361,
124,148,-10.223,
126,148,-10.5855,
128,148,-11.7977,
130,148,-13.6462,
132,148,-15.9837,
134,148,-17.8729,
136,148,-14.5562,
138,148,-10.3244,
140,148,-8.04018,
142,148,-7.2076,
144,148,-6.51542,
146,148,-5.05396,
148,148,-3.67853,
150,148,-3.16315,
152,148,-3.32466,
154,148,-3.41797,
156,148,-3.26051,
158,148,-3.73772,
160,148,-6.03138,
162,148,-12.6628,
164,148,-16.2064,
166,148,-6.18591,
168,148,-2.29347,
170,148,-0.729574,
172,148,-0.729674,
174,148,-2.16301,
176,148,-5.25275,
178,148,-10.6941,
180,148,-18.1387,
-180,150,-8.38881,
-178,150,-9.41835,
-176,150,-11.6179,
-174,150,-15.6965,
-172,150,-19.0079,
-170,150,-16.6397,
-168,150,-14.5743,
-166,150,-12.9814,
-164,150,-10.8178,
-162,150,-8.83794,
-160,150,-7.83639,
-158,150,-7.93601,
-156,150,-8.74545,
-154,150,-9.14915,
-152,150,-8.17058,
-150,150,-6.52383,
-148,150,-5.1672,
-146,150,-4.4955,
-144,150,-4.68725,
-142,150,-5.86012,
-140,150,-8.0393,
-138,150,-11.011,
-136,150,-14.3821,
-134,150,-18.5352,
-132,150,-20.2689,
-130,150,-14.4715,
-128,150,-10.5547,
-126,150,-8.86452,
-124,150,-8.93425,
-122,150,-10.3572,
-120,150,-11.3534,
-118,150,-9.45653,
-116,150,-7.02929,
-114,150,-5.89017,
-112,150,-6.46638,
-110,150,-9.47628,
-108,150,-18.171,
-106,150,-14.6299,
-104,150,-7.40296,
-102,150,-4.35637,
-100,150,-3.19229,
-98,150,-3.18676,
-96,150,-3.90464,
-94,150,-5.0095,
-92,150,-6.45689,
-90,150,-8.79721,
-88,150,-13.5757,
-86,150,-20.2688,
-84,150,-11.2368,
-82,150,-6.39104,
-80,150,-4.11063,
-78,150,-3.44995,
-76,150,-4.09979,
-74,150,-5.88768,
-72,150,-8.41202,
-70,150,-10.6689,
-68,150,-12.0611,
-66,150,-13.466,
-64,150,-15.325,
-62,150,-16.6337,
-60,150,-15.826,
-58,150,-13.2191,
-56,150,-10.6772,
-54,150,-9.06728,
-52,150,-8.19168,
-50,150,-7.42575,
-48,150,-6.55378,
-46,150,-5.87129,
-44,150,-5.3245,
-42,150,-4.5247,
-40,150,-3.65646,
-38,150,-3.29182,
-36,150,-3.50214,
-34,150,-3.66003,
-32,150,-3.36799,
-30,150,-3.37127,
-28,150,-4.63072,
-26,150,-7.89534,
-24,150,-13.6162,
-22,150,-15.4115,
-20,150,-13.1426,
-18,150,-12.1122,
-16,150,-8.91425,
-14,150,-5.08907,
-12,150,-2.66068,
-10,150,-1.75407,
-8,150,-2.28668,
-6,150,-4.29868,
-4,150,-7.74166,
-2,150,-10.4436,
0,150,-9.18739,
2,150,-7.90652,
4,150,-8.40845,
6,150,-11.0051,
8,150,-16.0726,
10,150,-18.4027,
12,150,-14.6593,
14,150,-12.8251,
16,150,-12.5252,
18,150,-12.6326,
20,150,-12.3369,
22,150,-11.732,
24,150,-11.268,
26,150,-10.9134,
28,150,-9.90239,
30,150,-7.82052,
32,150,-5.6396,
34,150,-4.2944,
36,150,-4.18349,
38,150,-5.54321,
40,150,-8.6295,
42,150,-13.0006,
44,150,-14.4536,
46,150,-14.0165,
48,150,-16.2509,
50,150,-18.5417,
52,150,-13.0162,
54,150,-9.36869,
56,150,-8.3546,
58,150,-9.8433,
60,150,-14.4067,
62,150,-14.1735,
64,150,-8.43923,
66,150,-5.69462,
68,150,-5.2597,
70,150,-6.91885,
72,150,-10.7316,
74,150,-12.411,
76,150,-8.53374,
78,150,-5.94323,
80,150,-4.96886,
82,150,-5.02049,
84,150,-5.59881,
86,150,-6.38043,
88,150,-7.42299,
90,150,-9.16064,
92,150,-12.1858,
94,150,-15.8881,
96,150,-14.0412,
98,150,-10.2941,
100,150,-8.27779,
102,150,-7.87402,
104,150,-8.97201,
106,150,-11.6616,
108,150,-15.5486,
110,150,-16.2957,
112,150,-13.5551,
114,150,-11.5135,
116,150,-10.2996,
118,150,-9.5044,
120,150,-8.94328,
122,150,-8.61819,
124,150,-8.63364,
126,150,-9.08692,
128,150,-9.84457,
130,150,-10.3299,
132,150,-9.83601,
134,150,-8.24856,
136,150,-6.13892,
138,150,-4.33685,
140,150,-3.42445,
142,150,-3.59649,
144,150,-4.51266,
146,150,-4.91637,
148,150,-4.10183,
150,150,-3.33596,
152,150,-3.53069,
154,150,-4.7368,
156,150,-6.59188,
158,150,-8.94362,
160,150,-13.1333,
162,150,-22.1978,
164,150,-11.5624,
166,150,-5.79705,
168,150,-3.02229,
170,150,-1.96501,
172,150,-2.19657,
174,150,-3.48431,
176,150,-5.46673,
178,150,-7.324,
180,150,-8.38881,
-180,152,-10.0129,
-178,152,-10.6561,
-176,152,-12.3966,
-174,152,-15.3563,
-172,152,-16.8793,
-170,152,-14.1398,
-168,152,-11.2164,
-166,152,-9.25601,
-164,152,-8.08582,
-162,152,-7.58612,
-160,152,-7.73744,
-158,152,-8.56079,
-156,152,-10.0793,
-154,152,-12.1113,
-152,152,-13.2972,
-150,152,-11.8564,
-148,152,-9.62207,
-146,152,-8.23622,
-144,152,-7.92532,
-142,152,-8.4389,
-140,152,-9.22437,
-138,152,-9.88222,
-136,152,-10.9585,
-134,152,-13.7793,
-132,152,-20.3728,
-130,152,-18.029,
-128,152,-12.1691,
-126,152,-9.99539,
-124,152,-10.107,
-122,152,-11.2082,
-120,152,-9.845,
-118,152,-6.47098,
-116,152,-3.97826,
-114,152,-2.86615,
-112,152,-3.18493,
-110,152,-5.2488,
-108,152,-10.1804,
-106,152,-15.5028,
-104,152,-7.7996,
-102,152,-3.55799,
-100,152,-1.56876,
-98,152,-0.965666,
-96,152,-1.44317,
-94,152,-2.94437,
-92,152,-5.64348,
-90,152,-10.0329,
-88,152,-14.6249,
-86,152,-11.0322,
-84,152,-7.28404,
-82,152,-5.46041,
-80,152,-5.08372,
-78,152,-5.87322,
-76,152,-7.43274,
-74,152,-8.75844,
-72,152,-8.96273,
-70,152,-8.88823,
-68,152,-9.55615,
-66,152,-11.0832,
-64,152,-12.6515,
-62,152,-12.8126,
-60,152,-11.4117,
-58,152,-9.54202,
-56,152,-8.06343,
-54,152,-7.3441,
-52,152,-7.31378,
-50,152,-7.58786,
-48,152,-7.85787,
-46,152,-8.10332,
-44,152,-7.90437,
-42,152,-6.68975,
-40,152,-5.29326,
-38,152,-4.84503,
-36,152,-5.80352,
-34,152,-7.89668,
-32,152,-9.05716,
-30,152,-8.22162,
-28,152,-8.14544,
-26,152,-10.4311,
-24,152,-15.2301,
-22,152,-12.8322,
-20,152,-8.4333,
-18,152,-6.48442,
-16,152,-5.92849,
-14,152,-5.74352,
-12,152,-5.31363,
-10,152,-4.93241,
-8,152,-5.21082,
-6,152,-6.50645,
-4,152,-8.848,
-2,152,-11.4169,
0,152,-12.2931,
2,152,-12.0988,
4,152,-12.8602,
6,152,-15.1285,
8,152,-16.6347,
10,152,-13.7964,
12,152,-10.642,
14,152,-8.62716,
16,152,-7.47101,
18,152,-6.84381,
20,152,-6.54945,
22,152,-6.59842,
24,152,-7.23252,
26,152,-8.88013,
28,152,-12.0086,
30,152,-14.932,
32,152,-12.3647,
34,152,-9.61553,
36,152,-8.9213,
38,152,-10.265,
40,152,-13.5013,
42,152,-15.8969,
44,152,-14.4551,
46,152,-14.0823,
48,152,-16.6452,
50,152,-19.6914,
52,152,-14.996,
54,152,-11.7519,
56,152,-11.2652,
58,152,-13.0562,
60,152,-13.205,
62,152,-8.50959,
64,152,-4.83137,
66,152,-2.9418,
68,152,-2.61932,
70,152,-3.86169,
72,152,-6.78323,
74,152,-9.48508,
76,152,-6.90675,
78,152,-3.79772,
80,152,-2.21711,
82,152,-1.94958,
84,152,-2.80076,
86,152,-4.69921,
88,152,-7.54283,
90,152,-10.3923,
92,152,-10.644,
94,152,-9.02538,
96,152,-7.91469,
98,152,-7.90327,
100,152,-9.13433,
102,152,-11.7723,
104,152,-15.326,
106,152,-15.7332,
108,152,-13.1953,
110,152,-11.3144,
112,152,-9.94058,
114,152,-8.43968,
116,152,-6.87253,
118,152,-5.65027,
120,152,-4.98242,
122,152,-4.86378,
124,152,-5.20029,
126,152,-5.8552,
128,152,-6.60698,
130,152,-7.13706,
132,152,-7.15839,
134,152,-6.50562,
136,152,-5.28532,
138,152,-4.06956,
140,152,-3.5525,
142,152,-4.26963,
144,152,-6.70742,
146,152,-10.8416,
148,152,-11.1594,
150,152,-8.14473,
152,152,-7.24367,
154,152,-8.90657,
156,152,-14.1874,
158,152,-24.5849,
160,152,-14.4667,
162,152,-10.5575,
164,152,-8.87207,
166,152,-7.72536,
168,152,-6.73405,
170,152,-6.22328,
172,152,-6.48984,
174,152,-7.5206,
176,152,-8.86129,
178,152,-9.71381,
180,152,-10.0129,
-180,154,-11.3041,
-178,154,-12.3258,
-176,154,-13.9374,
-174,154,-15.5572,
-172,154,-16.3503,
-170,154,-15.9342,
-168,154,-14.6485,
-166,154,-12.8724,
-164,154,-10.8982,
-162,154,-9.03509,
-160,154,-7.55446,
-158,154,-6.64705,
-156,154,-6.43368,
-154,154,-6.96695,
-152,154,-8.14842,
-150,154,-9.44732,
-148,154,-9.75959,
-146,154,-8.70318,
-144,154,-7.09898,
-142,154,-5.55551,
-140,154,-4.35363,
-138,154,-3.72801,
-136,154,-3.90739,
-134,154,-5.12575,
-132,154,-7.68269,
-130,154,-11.9337,
-128,154,-16.4451,
-126,154,-15.4126,
-124,154,-13.1277,
-122,154,-10.9591,
-120,154,-8.12475,
-118,154,-5.44124,
-116,154,-3.64485,
-114,154,-2.96979,
-112,154,-3.58587,
-110,154,-5.94699,
-108,154,-11.7155,
-106,154,-19.585,
-104,154,-8.44733,
-102,154,-4.01299,
-100,154,-2.06689,
-98,154,-1.67829,
-96,154,-2.68602,
-94,154,-5.41059,
-92,154,-11.3233,
-90,154,-20.522,
-88,154,-9.7341,
-86,154,-5.45126,
-84,154,-3.63878,
-82,154,-3.18126,
-80,154,-3.57003,
-78,154,-4.30933,
-76,154,-4.88429,
-74,154,-5.21407,
-72,154,-5.76872,
-70,154,-7.04452,
-68,154,-9.23325,
-66,154,-11.8494,
-64,154,-13.2415,
-62,154,-12.9293,
-60,154,-12.2661,
-58,154,-11.781,
-56,154,-11.7432,
-54,154,-12.5834,
-52,154,-14.4184,
-50,154,-16.1707,
-48,154,-16.2056,
-46,154,-14.7644,
-44,154,-11.5486,
-42,154,-7.83953,
-40,154,-5.20296,
-38,154,-4.03449,
-36,154,-4.43887,
-34,154,-6.6767,
-32,154,-11.5731,
-30,154,-22.1061,
-28,154,-21.4081,
-26,154,-18.4052,
-24,154,-16.3205,
-22,154,-10.8657,
-20,154,-6.89405,
-18,154,-4.87147,
-16,154,-4.45205,
-14,154,-5.47518,
-12,154,-7.83944,
-10,154,-10.5863,
-8,154,-10.5451,
-6,154,-8.53758,
-4,154,-7.17871,
-2,154,-6.79846,
0,154,-7.21339,
2,154,-8.22963,
4,154,-9.65342,
6,154,-11.1559,
8,154,-12.0709,
10,154,-11.7819,
12,154,-10.5994,
14,154,-9.1579,
16,154,-7.68149,
18,154,-6.19941,
20,154,-4.83718,
22,154,-3.82247,
24,154,-3.36848,
26,154,-3.6208,
28,154,-4.65143,
30,154,-6.4094,
32,154,-8.53076,
34,154,-10.1201,
36,154,-10.3635,
38,154,-9.41213,
40,154,-7.88342,
42,154,-6.46381,
44,154,-5.66363,
46,154,-5.72567,
48,154,-6.70944,
50,154,-8.49666,
52,154,-10.6304,
54,154,-12.286,
56,154,-12.7933,
58,154,-11.5357,
60,154,-8.76718,
62,154,-5.98785,
64,154,-4.03966,
66,154,-3.15731,
68,154,-3.48001,
70,154,-5.28599,
72,154,-9.04207,
74,154,-11.8679,
76,154,-7.53885,
78,154,-4.08293,
80,154,-2.531,
82,154,-2.52242,
84,154,-4.07517,
86,154,-7.82631,
88,154,-17.1293,
90,154,-16.2115,
92,154,-8.50731,
94,154,-5.7344,
96,154,-5.04485,
98,154,-5.80615,
100,154,-7.71331,
102,154,-9.95178,
104,154,-10.7176,
106,154,-10.2498,
108,154,-10.4375,
110,154,-11.8451,
112,154,-13.0055,
114,154,-11.1852,
116,154,-8.56283,
118,154,-6.95608,
120,154,-6.45386,
122,154,-6.88885,
124,154,-8.10489,
126,154,-9.90061,
128,154,-11.8127,
130,154,-13.0563,
132,154,-13.1148,
134,154,-11.6504,
136,154,-8.93576,
138,154,-6.31703,
140,154,-4.65484,
142,154,-4.21797,
144,154,-5.09024,
146,154,-7.16566,
148,154,-9.40759,
150,154,-9.92559,
152,154,-10.0176,
154,154,-11.9264,
156,154,-14.979,
158,154,-11.1099,
160,154,-6.68271,
162,154,-4.41154,
164,154,-3.80862,
166,154,-4.64267,
168,154,-6.96983,
170,154,-11.1603,
172,154,-16.8374,
174,154,-15.7896,
176,154,-12.5545,
178,154,-11.2389,
180,154,-11.3041,
-180,156,-3.14409,
-178,156,-3.76758,
-176,156,-5.50582,
-174,156,-8.58107,
-172,156,-13.5229,
-170,156,-18.9519,
-168,156,-16.1661,
-166,156,-13.0452,
-164,156,-11.4645,
-162,156,-10.5395,
-160,156,-9.78564,
-158,156,-9.20691,
-156,156,-9.02081,
-154,156,-9.31005,
-152,156,-9.78924,
-150,156,-9.7236,
-148,156,-8.6196,
-146,156,-6.91713,
-144,156,-5.20995,
-142,156,-3.78338,
-140,156,-2.78435,
-138,156,-2.34104,
-136,156,-2.58389,
-134,156,-3.65018,
-132,156,-5.68234,
-130,156,-8.69961,
-128,156,-11.7348,
-126,156,-12.1953,
-124,156,-10.9993,
-122,156,-10.0773,
-120,156,-9.31693,
-118,156,-8.3363,
-116,156,-7.39046,
-114,156,-7.00504,
-112,156,-7.54019,
-110,156,-9.1284,
-108,156,-11.0848,
-106,156,-10.7137,
-104,156,-8.26941,
-102,156,-6.39363,
-100,156,-5.74487,
-98,156,-6.42208,
-96,156,-8.55065,
-94,156,-11.4538,
-92,156,-10.4464,
-90,156,-6.76099,
-88,156,-4.13542,
-86,156,-2.68579,
-84,156,-2.11414,
-82,156,-2.15668,
-80,156,-2.57168,
-78,156,-3.1862,
-76,156,-4.00754,
-74,156,-5.24851,
-72,156,-7.20627,
-70,156,-10.0157,
-68,156,-12.7972,
-66,156,-13.3195,
-64,156,-12.7093,
-62,156,-13.1749,
-60,156,-15.4665,
-58,156,-20.5414,
-56,156,-26.6762,
-54,156,-18.0614,
-52,156,-12.4919,
-50,156,-8.99538,
-48,156,-6.72077,
-46,156,-5.16322,
-44,156,-3.82016,
-42,156,-2.41124,
-40,156,-1.1162,
-38,156,-0.309388,
-36,156,-0.262612,
-34,156,-1.12501,
-32,156,-2.97059,
-30,156,-5.73742,
-28,156,-8.85357,
-26,156,-10.7664,
-24,156,-10.5004,
-22,156,-8.79189,
-20,156,-6.74622,
-18,156,-5.28219,
-16,156,-4.90419,
-14,156,-5.99043,
-12,156,-9.32107,
-10,156,-16.9612,
-8,156,-12.3966,
-6,156,-6.07108,
-4,156,-2.91699,
-2,156,-1.4068,
0,156,-1.04548,
2,156,-1.67627,
4,156,-3.31476,
6,156,-6.08921,
8,156,-9.83769,
10,156,-11.6142,
12,156,-9.38391,
14,156,-7.19523,
16,156,-5.92526,
18,156,-5.2364,
20,156,-4.79879,
22,156,-4.50232,
24,156,-4.45877,
26,156,-4.84195,
28,156,-5.72996,
30,156,-6.97814,
32,156,-8.08496,
34,156,-8.40674,
36,156,-7.90381,
38,156,-7.05422,
40,156,-6.21427,
42,156,-5.57753,
44,156,-5.28541,
46,156,-5.42177,
48,156,-5.98165,
50,156,-6.88017,
52,156,-8.03425,
54,156,-9.48629,
56,156,-11.3643,
58,156,-13.2629,
60,156,-13.2717,
62,156,-11.2596,
64,156,-9.47852,
66,156,-8.82015,
68,156,-9.54651,
70,156,-12.027,
72,156,-16.2339,
74,156,-15.0629,
76,156,-10.5295,
78,156,-8.02677,
80,156,-7.32907,
82,156,-8.30705,
84,156,-11.1186,
86,156,-13.8864,
88,156,-10.4988,
90,156,-6.69668,
92,156,-4.55761,
94,156,-3.75099,
96,156,-4.03973,
98,156,-5.29667,
100,156,-7.37425,
102,156,-9.91024,
104,156,-12.3469,
106,156,-14.8335,
108,156,-18.5695,
110,156,-20.3961,
112,156,-15.2491,
114,156,-11.6482,
116,156,-10.0869,
118,156,-10.1716,
120,156,-11.8533,
122,156,-15.1762,
124,156,-17.1874,
126,156,-13.4424,
128,156,-9.82171,
130,156,-7.49931,
132,156,-6.0474,
134,156,-4.97946,
136,156,-3.84268,
138,156,-2.52951,
140,156,-1.34836,
142,156,-0.657958,
144,156,-0.661545,
146,156,-1.43123,
148,156,-2.95229,
150,156,-5.13606,
152,156,-7.81692,
154,156,-10.3516,
156,156,-10.1685,
158,156,-7.10195,
160,156,-4.25403,
162,156,-2.5037,
164,156,-1.90341,
166,156,-2.49166,
168,156,-4.46358,
170,156,-8.23427,
172,156,-12.2655,
174,156,-9.08655,
176,156,-5.47261,
178,156,-3.63817,
180,156,-3.14409,
-180,158,-4.54904,
-178,158,-5.1662,
-176,158,-6.88442,
-174,158,-9.88445,
-172,158,-13.9071,
-170,158,-15.0627,
-168,158,-12.4937,
-166,158,-10.6276,
-164,158,-9.97622,
-162,158,-10.2995,
-160,158,-11.452,
-158,158,-13.454,
-156,158,-16.4232,
-154,158,-19.1193,
-152,158,-17.0584,
-150,158,-13.3328,
-148,158,-10.6152,
-146,158,-8.82514,
-144,158,-7.67002,
-142,158,-6.95531,
-140,158,-6.62908,
-138,158,-6.78247,
-136,158,-7.60336,
-134,158,-9.30235,
-132,158,-11.805,
-130,158,-13.2594,
-128,158,-11.4742,
-126,158,-9.17352,
-124,158,-7.85061,
-122,158,-7.54258,
-120,158,-8.07092,
-118,158,-9.1738,
-116,158,-10.4448,
-114,158,-11.4556,
-112,158,-12.1244,
-110,158,-12.6596,
-108,158,-13.0862,
-106,158,-13.2428,
-104,158,-13.2958,
-102,158,-13.8969,
-100,158,-16.0286,
-98,158,-22.1631,
-96,158,-25.1967,
-94,158,-14.2914,
-92,158,-9.26638,
-90,158,-6.26437,
-88,158,-4.37876,
-86,158,-3.24412,
-84,158,-2.67564,
-82,158,-2.58562,
-80,158,-2.96225,
-78,158,-3.85442,
-76,158,-5.32765,
-74,158,-7.3076,
-72,158,-9.12461,
-70,158,-9.52061,
-68,158,-8.82085,
-66,158,-8.44554,
-64,158,-9.05012,
-62,158,-10.7112,
-60,158,-12.5985,
-58,158,-12.1536,
-56,158,-9.55522,
-54,158,-6.98379,
-52,158,-4.93338,
-50,158,-3.38063,
-48,158,-2.27354,
-46,158,-1.51014,
-44,158,-0.898966,
-42,158,-0.250944,
-40,158,0.433709,
-38,158,0.940144,
-36,158,1.00791,
-34,158,0.447606,
-32,158,-0.841179,
-30,158,-2.82063,
-28,158,-5.06336,
-26,158,-6.48814,
-24,158,-6.5969,
-22,158,-6.34432,
-20,158,-6.4343,
-18,158,-6.97911,
-16,158,-7.97906,
-14,158,-9.55171,
-12,158,-11.5292,
-10,158,-11.6271,
-8,158,-8.52101,
-6,158,-5.33385,
-4,158,-3.15049,
-2,158,-1.96176,
0,158,-1.68928,
2,158,-2.32864,
4,158,-3.98017,
6,158,-6.88858,
8,158,-11.2187,
10,158,-13.474,
12,158,-10.2555,
14,158,-7.55441,
16,158,-6.14462,
18,158,-5.65844,
20,158,-5.86774,
22,158,-6.70667,
24,158,-8.25979,
26,158,-10.6982,
28,158,-13.6565,
30,158,-14.03,
32,158,-11.342,
34,158,-9.10177,
36,158,-8.03196,
38,158,-8.08677,
40,158,-9.27985,
42,158,-11.7784,
44,158,-15.4558,
46,158,-16.1698,
48,158,-12.5868,
50,158,-9.84883,
52,158,-8.50871,
54,158,-8.39936,
56,158,-9.51976,
58,158,-12.0729,
60,158,-16.1709,
62,158,-18.043,
64,158,-14.8502,
66,158,-12.5568,
68,158,-11.8865,
70,158,-12.6005,
72,158,-14.6024,
74,158,-17.8085,
76,158,-21.5685,
78,158,-23.9221,
80,158,-22.7933,
82,158,-18.0706,
84,158,-13.2146,
86,158,-9.51689,
88,158,-6.92243,
90,158,-5.24804,
92,158,-4.3561,
94,158,-4.15525,
96,158,-4.58844,
98,158,-5.62861,
100,158,-7.27625,
102,158,-9.49655,
104,158,-11.7841,
106,158,-12.3063,
108,158,-10.5774,
110,158,-8.70712,
112,158,-7.67448,
114,158,-7.64761,
116,158,-8.59286,
118,158,-10.0347,
120,158,-10.2199,
122,158,-8.21043,
124,158,-5.79647,
126,158,-3.91819,
128,158,-2.63032,
130,158,-1.82521,
132,158,-1.38286,
134,158,-1.14833,
136,158,-0.914912,
138,158,-0.528142,
140,158,-0.0523768,
142,158,0.251911,
144,158,0.102205,
146,158,-0.72357,
148,158,-2.41319,
150,158,-5.14051,
152,158,-8.67823,
154,158,-10.1804,
156,158,-7.86117,
158,158,-5.38335,
160,158,-3.71444,
162,158,-2.77104,
164,158,-2.4983,
166,158,-2.9299,
168,158,-4.12966,
170,158,-6.03132,
172,158,-7.83911,
174,158,-7.76422,
176,158,-6.20708,
178,158,-4.93389,
180,158,-4.54904,
-180,160,-10.3234,
-178,160,-8.40811,
-176,160,-7.17914,
-174,160,-6.47525,
-172,160,-6.22817,
-170,160,-6.43655,
-168,160,-7.13848,
-166,160,-8.39458,
-164,160,-10.2698,
-162,160,-12.7277,
-160,160,-14.9922,
-158,160,-14.6887,
-156,160,-11.9814,
-154,160,-9.15531,
-152,160,-6.87156,
-150,160,-5.16286,
-148,160,-3.98305,
-146,160,-3.28299,
-144,160,-3.01279,
-142,160,-3.11926,
-140,160,-3.54596,
-138,160,-4.23152,
-136,160,-5.09485,
-134,160,-5.99759,
-132,160,-6.71846,
-130,160,-7.05745,
-128,160,-7.06184,
-126,160,-7.03925,
-124,160,-7.32846,
-122,160,-8.17004,
-120,160,-9.7077,
-118,160,-11.9383,
-116,160,-14.3415,
-114,160,-15.4688,
-112,160,-15.0603,
-110,160,-14.7002,
-108,160,-15.2882,
-106,160,-17.0734,
-104,160,-19.4175,
-102,160,-18.5648,
-100,160,-14.7155,
-98,160,-11.2634,
-96,160,-8.58737,
-94,160,-6.49953,
-92,160,-4.87215,
-90,160,-3.65298,
-88,160,-2.83525,
-86,160,-2.43765,
-84,160,-2.49394,
-82,160,-3.04353,
-80,160,-4.10479,
-78,160,-5.58163,
-76,160,-7.02796,
-74,160,-7.60407,
-72,160,-7.15916,
-70,160,-6.58009,
-68,160,-6.56865,
-66,160,-7.37647,
-64,160,-8.89446,
-62,160,-10.1509,
-60,160,-9.42915,
-58,160,-7.34064,
-56,160,-5.35272,
-54,160,-3.8116,
-52,160,-2.6566,
-50,160,-1.82166,
-48,160,-1.28788,
-46,160,-1.02777,
-44,160,-0.944983,
-42,160,-0.882172,
-40,160,-0.743978,
-38,160,-0.63196,
-36,160,-0.808296,
-34,160,-1.56744,
-32,160,-3.19015,
-30,160,-5.91149,
-28,160,-9.09718,
-26,160,-8.84296,
-24,160,-5.98821,
-22,160,-3.92612,
-20,160,-2.95634,
-18,160,-2.87402,
-16,160,-3.49947,
-14,160,-4.66739,
-12,160,-6.16258,
-10,160,-7.66286,
-8,160,-8.80555,
-6,160,-9.46207,
-4,160,-9.87058,
-2,160,-10.3907,
0,160,-11.2792,
2,160,-12.6046,
4,160,-14.0322,
6,160,-14.5323,
8,160,-13.5182,
10,160,-11.9545,
12,160,-10.6809,
14,160,-9.92022,
16,160,-9.68161,
18,160,-9.95249,
20,160,-10.6913,
22,160,-11.543,
24,160,-11.2868,
26,160,-9.11678,
28,160,-6.30972,
30,160,-3.89694,
32,160,-2.11454,
34,160,-0.955692,
36,160,-0.376303,
38,160,-0.335585,
40,160,-0.79419,
42,160,-1.69244,
44,160,-2.90376,
46,160,-4.17632,
48,160,-5.18379,
50,160,-5.82501,
52,160,-6.41402,
54,160,-7.42327,
56,160,-9.21496,
58,160,-11.6606,
60,160,-12.5179,
62,160,-10.1428,
64,160,-7.56335,
66,160,-5.96279,
68,160,-5.36088,
70,160,-5.70866,
72,160,-7.04858,
74,160,-9.48414,
76,160,-12.4466,
78,160,-12.1156,
80,160,-8.66941,
82,160,-5.71631,
84,160,-3.65339,
86,160,-2.28119,
88,160,-1.44805,
90,160,-1.07276,
92,160,-1.12502,
94,160,-1.61235,
96,160,-2.57147,
98,160,-4.05111,
100,160,-6.0379,
102,160,-8.16746,
104,160,-9.29061,
106,160,-8.78885,
108,160,-7.91322,
110,160,-7.70396,
112,160,-8.4983,
114,160,-10.0977,
116,160,-10.5834,
118,160,-8.05628,
120,160,-4.98007,
122,160,-2.67793,
124,160,-1.16995,
126,160,-0.295848,
128,160,0.0882398,
130,160,0.0950953,
132,160,-0.182076,
134,160,-0.640957,
136,160,-1.13489,
138,160,-1.49378,
140,160,-1.6626,
142,160,-1.82271,
144,160,-2.31403,
146,160,-3.50554,
148,160,-5.77424,
150,160,-9.1769,
152,160,-10.1522,
154,160,-6.51977,
156,160,-3.3926,
158,160,-1.49218,
160,160,-0.539545,
162,160,-0.330559,
164,160,-0.752195,
166,160,-1.75755,
168,160,-3.36051,
170,160,-5.64691,
172,160,-8.78061,
174,160,-12.7482,
176,160,-15.1896,
178,160,-13.0575,
180,160,-10.3234,
-180,162,-0.8659,
-178,162,0.174144,
-176,162,0.594421,
-174,162,0.493547,
-172,162,-0.0894146,
-170,162,-1.15238,
-168,162,-2.71798,
-166,162,-4.81102,
-164,162,-7.35527,
-162,162,-9.74022,
-160,162,-10.3276,
-158,162,-8.77172,
-156,162,-6.65325,
-154,162,-4.73702,
-152,162,-3.14562,
-150,162,-1.87707,
-148,162,-0.921212,
-146,162,-0.267773,
-144,162,0.0984951,
-142,162,0.200007,
-140,162,0.0659923,
-138,162,-0.268856,
-136,162,-0.765832,
-134,162,-1.38365,
-132,162,-2.08051,
-130,162,-2.81748,
-128,162,-3.56055,
-126,162,-4.27399,
-124,162,-4.89937,
-122,162,-5.3365,
-120,162,-5.47612,
-118,162,-5.30446,
-116,162,-4.96846,
-114,162,-4.70561,
-112,162,-4.74401,
-110,162,-5.28018,
-108,162,-6.52084,
-106,162,-8.74501,
-104,162,-12.1236,
-102,162,-13.7696,
-100,162,-9.95256,
-98,162,-6.13066,
-96,162,-3.46531,
-94,162,-1.67601,
-92,162,-0.55219,
-90,162,0.0168745,
-88,162,0.0790519,
-86,162,-0.360878,
-84,162,-1.33339,
-82,162,-2.9015,
-80,162,-5.14955,
-78,162,-8.09942,
-76,162,-11.2879,
-74,162,-13.1046,
-72,162,-13.1643,
-70,162,-13.312,
-68,162,-14.15,
-66,162,-14.1226,
-64,162,-11.6323,
-62,162,-8.61569,
-60,162,-6.30837,
-58,162,-4.76471,
-56,162,-3.80077,
-54,162,-3.2127,
-52,162,-2.8341,
-50,162,-2.58658,
-48,162,-2.49141,
-46,162,-2.61208,
-44,162,-2.97128,
-42,162,-3.49919,
-40,162,-4.06124,
-38,162,-4.60628,
-36,162,-5.33096,
-34,162,-6.69777,
-32,162,-9.51965,
-30,162,-16.097,
-28,162,-19.4912,
-26,162,-9.42195,
-24,162,-4.86684,
-22,162,-2.34205,
-20,162,-1.00708,
-18,162,-0.563002,
-16,162,-0.902061,
-14,162,-2.0286,
-12,162,-4.06213,
-10,162,-7.2928,
-8,162,-11.9876,
-6,162,-13.9733,
-4,162,-10.0097,
-2,162,-6.89799,
0,162,-5.07847,
2,162,-4.15382,
4,162,-3.90253,
6,162,-4.21341,
8,162,-5.02538,
10,162,-6.2765,
12,162,-7.82375,
14,162,-9.3108,
16,162,-10.1484,
18,162,-9.97452,
20,162,-8.9831,
22,162,-7.4697,
24,162,-5.62937,
26,162,-3.68416,
28,162,-1.8628,
30,162,-0.322595,
32,162,0.857599,
34,162,1.64759,
36,162,2.0399,
38,162,2.03541,
40,162,1.63717,
42,162,0.849461,
44,162,-0.320026,
46,162,-1.85692,
48,162,-3.74261,
50,162,-5.97669,
52,162,-8.61905,
54,162,-11.6636,
56,162,-13.6326,
58,162,-11.5339,
60,162,-8.08467,
62,162,-5.3689,
64,162,-3.52524,
66,162,-2.45939,
68,162,-2.12196,
70,162,-2.53474,
72,162,-3.8124,
74,162,-6.20683,
76,162,-9.91638,
78,162,-11.6128,
80,162,-7.56139,
82,162,-3.85832,
84,162,-1.39463,
86,162,0.171487,
88,162,1.06303,
90,162,1.3971,
92,162,1.22993,
94,162,0.581473,
96,162,-0.548041,
98,162,-2.15619,
100,162,-4.19185,
102,162,-6.46983,
104,162,-8.65936,
106,162,-10.7012,
108,162,-13.4777,
110,162,-19.7099,
112,162,-21.3279,
114,162,-11.1811,
116,162,-6.07757,
118,162,-2.91507,
120,162,-0.875337,
122,162,0.371068,
124,162,0.996977,
126,162,1.11199,
128,162,0.796072,
130,162,0.111297,
132,162,-0.895291,
134,162,-2.18509,
136,162,-3.69969,
138,162,-5.3038,
140,162,-6.76887,
142,162,-7.9707,
144,162,-9.17432,
146,162,-10.8332,
148,162,-12.3431,
150,162,-10.4972,
152,162,-6.54736,
154,162,-3.25948,
156,162,-0.94757,
158,162,0.526407,
160,162,1.27459,
162,162,1.34745,
164,162,0.732129,
166,162,-0.668977,
168,162,-3.11379,
170,162,-7.25947,
172,162,-14.1903,
174,162,-11.6456,
176,162,-5.94127,
178,162,-2.74024,
180,162,-0.8659,
-180,164,-0.827988,
-178,164,0.288569,
-176,164,0.804404,
-174,164,0.822399,
-172,164,0.39509,
-170,164,-0.456327,
-168,164,-1.73616,
-166,164,-3.47651,
-164,164,-5.74059,
-162,164,-8.5715,
-160,164,-11.5015,
-158,164,-12.1234,
-156,164,-9.66508,
-154,164,-6.84828,
-152,164,-4.57418,
-150,164,-2.8441,
-148,164,-1.56892,
-146,164,-0.679084,
-144,164,-0.125296,
-142,164,0.129121,
-140,164,0.113383,
-138,164,-0.147835,
-136,164,-0.632502,
-134,164,-1.31927,
-132,164,-2.18411,
-130,164,-3.19341,
-128,164,-4.29013,
-126,164,-5.371,
-124,164,-6.26818,
-122,164,-6.78718,
-120,164,-6.84116,
-118,164,-6.55405,
-116,164,-6.1776,
-114,164,-5.94919,
-112,164,-6.04483,
-110,164,-6.60259,
-108,164,-7.75549,
-106,164,-9.61928,
-104,164,-11.9746,
-102,164,-12.9192,
-100,164,-10.7249,
-98,164,-7.87667,
-96,164,-5.68505,
-94,164,-4.21823,
-92,164,-3.37909,
-90,164,-3.09338,
-88,164,-3.3209,
-86,164,-4.0468,
-84,164,-5.27137,
-82,164,-6.9949,
-80,164,-9.18259,
-78,164,-11.6645,
-76,164,-13.8598,
-74,164,-14.5188,
-72,164,-13.0362,
-70,164,-10.5424,
-68,164,-8.0774,
-66,164,-6.03467,
-64,164,-4.52544,
-62,164,-3.5708,
-60,164,-3.16341,
-58,164,-3.28057,
-56,164,-3.87072,
-54,164,-4.81376,
-52,164,-5.87026,
-50,164,-6.72523,
-48,164,-7.24619,
-46,164,-7.65634,
-44,164,-8.30288,
-42,164,-9.38754,
-40,164,-10.8491,
-38,164,-12.2894,
-36,164,-13.2733,
-34,164,-14.1187,
-32,164,-15.7915,
-30,164,-18.7204,
-28,164,-17.4372,
-26,164,-11.9609,
-24,164,-7.89696,
-22,164,-5.21291,
-20,164,-3.54346,
-18,164,-2.69649,
-16,164,-2.59483,
-14,164,-3.24889,
-12,164,-4.76969,
-10,164,-7.43002,
-8,164,-11.6645,
-6,164,-14.9705,
-4,164,-11.0267,
-2,164,-7.25621,
0,164,-4.94932,
2,164,-3.6383,
4,164,-3.04482,
6,164,-3.02047,
8,164,-3.48162,
10,164,-4.37864,
12,164,-5.68111,
14,164,-7.36402,
16,164,-9.34496,
18,164,-11.1772,
20,164,-11.4911,
22,164,-9.55898,
24,164,-6.83634,
26,164,-4.34919,
28,164,-2.32551,
30,164,-0.769455,
32,164,0.349545,
34,164,1.05851,
36,164,1.37472,
38,164,1.30519,
40,164,0.846403,
42,164,-0.0168813,
44,164,-1.31506,
46,164,-3.10134,
48,164,-5.46882,
50,164,-8.58485,
52,164,-12.6912,
54,164,-16.973,
56,164,-15.8691,
58,164,-12.0146,
60,164,-9.02328,
62,164,-6.88059,
64,164,-5.40114,
66,164,-4.50756,
68,164,-4.19189,
70,164,-4.50016,
72,164,-5.55022,
74,164,-7.60189,
76,164,-11.2718,
78,164,-17.7083,
80,164,-16.1866,
82,164,-10.0921,
84,164,-6.61322,
86,164,-4.56261,
88,164,-3.40811,
90,164,-2.90428,
92,164,-2.91109,
94,164,-3.32339,
96,164,-4.03753,
98,164,-4.94559,
100,164,-5.97072,
102,164,-7.13458,
104,164,-8.57866,
106,164,-10.3773,
108,164,-11.6667,
110,164,-10.2461,
112,164,-7.0862,
114,164,-4.2248,
116,164,-2.08746,
118,164,-0.629217,
120,164,0.233448,
122,164,0.563471,
124,164,0.404271,
126,164,-0.21252,
128,164,-1.26023,
130,164,-2.71336,
132,164,-4.55079,
134,164,-6.7711,
136,164,-9.4114,
138,164,-12.4844,
140,164,-15.4307,
142,164,-16.1318,
144,164,-14.3348,
146,164,-12.1662,
148,164,-10.1679,
150,164,-8.17872,
152,164,-6.15477,
154,164,-4.2519,
156,164,-2.65526,
158,164,-1.4861,
160,164,-0.813092,
162,164,-0.689823,
164,164,-1.19049,
166,164,-2.45392,
168,164,-4.77363,
170,164,-8.83192,
172,164,-14.9916,
174,164,-11.2379,
176,164,-5.89999,
178,164,-2.74694,
180,164,-0.827988,
-180,166,-5.41592,
-178,166,-4.53808,
-176,166,-3.97931,
-174,166,-3.74618,
-172,166,-3.83885,
-170,166,-4.26856,
-168,166,-5.07283,
-166,166,-6.33861,
-164,166,-8.25249,
-162,166,-11.2459,
-160,166,-16.5977,
-158,166,-27.0891,
-156,166,-16.2202,
-154,166,-10.4379,
-152,166,-7.06584,
-150,166,-4.82611,
-148,166,-3.28789,
-146,166,-2.25797,
-144,166,-1.63493,
-142,166,-1.36064,
-140,166,-1.40065,
-138,166,-1.73526,
-136,166,-2.35503,
-134,166,-3.25804,
-132,166,-4.44682,
-130,166,-5.92159,
-128,166,-7.66109,
-126,166,-9.56958,
-124,166,-11.3632,
-122,166,-12.5043,
-120,166,-12.607,
-118,166,-11.9649,
-116,166,-11.1288,
-114,166,-10.4188,
-112,166,-9.95121,
-110,166,-9.75689,
-108,166,-9.83792,
-106,166,-10.1835,
-104,166,-10.7675,
-102,166,-11.535,
-100,166,-12.3823,
-98,166,-13.1427,
-96,166,-13.6202,
-94,166,-13.6939,
-92,166,-13.4048,
-90,166,-12.9098,
-88,166,-12.3738,
-86,166,-11.9134,
-84,166,-11.5848,
-82,166,-11.3675,
-80,166,-11.126,
-78,166,-10.6033,
-76,166,-9.57735,
-74,166,-8.10946,
-72,166,-6.49919,
-70,166,-5.0309,
-68,166,-3.87308,
-66,166,-3.11237,
-64,166,-2.80216,
-62,166,-2.99509,
-60,166,-3.76712,
-58,166,-5.24803,
-56,166,-7.68069,
-54,166,-11.5426,
-52,166,-17.0985,
-50,166,-16.852,
-48,166,-12.5157,
-46,166,-10.0602,
-44,166,-9.02583,
-42,166,-8.99741,
-40,166,-9.71482,
-38,166,-10.8529,
-36,166,-11.8376,
-34,166,-12.1158,
-32,166,-11.8801,
-30,166,-11.799,
-28,166,-12.3415,
-26,166,-13.6949,
-24,166,-15.5478,
-22,166,-16.0461,
-20,166,-13.92,
-18,166,-11.3273,
-16,166,-9.38737,
-14,166,-8.16399,
-12,166,-7.54074,
-10,166,-7.38481,
-8,166,-7.53863,
-6,166,-7.7891,
-4,166,-7.88196,
-2,166,-7.64146,
0,166,-7.10014,
2,166,-6.44635,
4,166,-5.87095,
6,166,-5.49921,
8,166,-5.40591,
10,166,-5.64971,
12,166,-6.30431,
14,166,-7.49182,
16,166,-9.43753,
18,166,-12.5664,
20,166,-17.047,
22,166,-16.3491,
24,166,-11.1388,
26,166,-7.37913,
28,166,-4.80544,
30,166,-3.02121,
32,166,-1.8205,
34,166,-1.09453,
36,166,-0.784052,
38,166,-0.857159,
40,166,-1.29723,
42,166,-2.09307,
44,166,-3.22453,
46,166,-4.63376,
48,166,-6.17217,
50,166,-7.55185,
52,166,-8.44983,
54,166,-8.8226,
56,166,-8.97193,
58,166,-9.23283,
60,166,-9.78101,
62,166,-10.6171,
64,166,-11.5404,
66,166,-12.1263,
68,166,-11.9988,
70,166,-11.2835,
72,166,-10.4208,
74,166,-9.72083,
76,166,-9.29646,
78,166,-9.14979,
80,166,-9.22659,
82,166,-9.43237,
84,166,-9.63714,
86,166,-9.69928,
88,166,-9.52772,
90,166,-9.14547,
92,166,-8.68356,
94,166,-8.31519,
96,166,-8.2056,
98,166,-8.50726,
100,166,-9.38278,
102,166,-11.0233,
104,166,-13.4826,
106,166,-15.1807,
108,166,-12.8464,
110,166,-9.30476,
112,166,-6.58056,
114,166,-4.7268,
116,166,-3.6,
118,166,-3.10683,
120,166,-3.20293,
122,166,-3.8713,
124,166,-5.08148,
126,166,-6.66797,
128,166,-8.03957,
130,166,-8.22592,
132,166,-7.22747,
134,166,-6.00037,
136,166,-5.10764,
138,166,-4.67581,
140,166,-4.67515,
142,166,-5.02814,
144,166,-5.63759,
146,166,-6.40163,
148,166,-7.2354,
150,166,-8.0863,
152,166,-8.91136,
154,166,-9.61386,
156,166,-10.0133,
158,166,-9.96714,
160,166,-9.56219,
162,166,-9.07184,
164,166,-8.74764,
166,166,-8.71735,
168,166,-8.97217,
170,166,-9.33642,
172,166,-9.4418,
174,166,-8.92916,
176,166,-7.84469,
178,166,-6.56734,
180,166,-5.41592,
-180,168,-5.86153,
-178,168,-5.47215,
-176,168,-5.27353,
-174,168,-5.28597,
-172,168,-5.53641,
-170,168,-6.06395,
-168,168,-6.92674,
-166,168,-8.21167,
-164,168,-10.0425,
-162,168,-12.53,
-160,168,-15.229,
-158,168,-15.4855,
-156,168,-12.6683,
-154,168,-9.73044,
-152,168,-7.45956,
-150,168,-5.78674,
-148,168,-4.58627,
-146,168,-3.76585,
-144,168,-3.26051,
-142,168,-3.02024,
-140,168,-2.99967,
-138,168,-3.14888,
-136,168,-3.40533,
-134,168,-3.68961,
-132,168,-3.91259,
-130,168,-3.99994,
-128,168,-3.92491,
-126,168,-3.72193,
-124,168,-3.46693,
-122,168,-3.24398,
-120,168,-3.12383,
-118,168,-3.15919,
-116,168,-3.38929,
-114,168,-3.84683,
-112,168,-4.56442,
-110,168,-5.57938,
-108,168,-6.93433,
-106,168,-8.66104,
-104,168,-10.6938,
-102,168,-12.5592,
-100,168,-13.0721,
-98,168,-11.8123,
-96,168,-9.93869,
-94,168,-8.2429,
-92,168,-6.90206,
-90,168,-5.8982,
-88,168,-5.17469,
-86,168,-4.66939,
-84,168,-4.31775,
-82,168,-4.05309,
-80,168,-3.81317,
-78,168,-3.55524,
-76,168,-3.27277,
-74,168,-3.00146,
-72,168,-2.80971,
-70,168,-2.78289,
-68,168,-3.01415,
-66,168,-3.60833,
-64,168,-4.70202,
-62,168,-6.5116,
-60,168,-9.45049,
-58,168,-14.326,
-56,168,-17.8093,
-54,168,-12.0248,
-52,168,-7.73148,
-50,168,-5.07467,
-48,168,-3.40961,
-46,168,-2.43482,
-44,168,-1.99547,
-42,168,-1.99747,
-40,168,-2.36543,
-38,168,-3.01163,
-36,168,-3.80696,
-34,168,-4.56975,
-32,168,-5.1186,
-30,168,-5.39327,
-28,168,-5.51093,
-26,168,-5.67621,
-24,168,-6.07522,
-22,168,-6.8509,
-20,168,-8.13053,
-18,168,-10.0624,
-16,168,-12.8013,
-14,168,-15.9584,
-12,168,-16.3924,
-10,168,-13.3842,
-8,168,-10.4428,
-6,168,-8.2585,
-4,168,-6.6845,
-2,168,-5.56757,
0,168,-4.80943,
2,168,-4.35317,
4,168,-4.17121,
6,168,-4.25912,
8,168,-4.63391,
10,168,-5.33689,
12,168,-6.44274,
14,168,-8.07877,
16,168,-10.4555,
18,168,-13.8009,
20,168,-16.8285,
22,168,-14.6993,
24,168,-10.848,
26,168,-7.9397,
28,168,-5.88228,
30,168,-4.44701,
32,168,-3.49147,
34,168,-2.93058,
36,168,-2.71002,
38,168,-2.78899,
40,168,-3.12563,
42,168,-3.66018,
44,168,-4.29438,
46,168,-4.87896,
48,168,-5.24419,
50,168,-5.29506,
52,168,-5.08899,
54,168,-4.79077,
56,168,-4.56911,
58,168,-4.54604,
60,168,-4.80206,
62,168,-5.39807,
64,168,-6.39528,
66,168,-7.86915,
68,168,-9.90231,
70,168,-12.4475,
72,168,-14.581,
74,168,-14.0805,
76,168,-11.6678,
78,168,-9.33893,
80,168,-7.54535,
82,168,-6.24338,
84,168,-5.34658,
86,168,-4.79313,
88,168,-4.54841,
90,168,-4.60102,
92,168,-4.96066,
94,168,-5.65841,
96,168,-6.74925,
98,168,-8.31217,
100,168,-10.4202,
102,168,-12.9238,
104,168,-14.6186,
106,168,-13.7591,
108,168,-11.6802,
110,168,-9.96171,
112,168,-8.93595,
114,168,-8.59859,
116,168,-8.89438,
118,168,-9.65891,
120,168,-10.3058,
122,168,-9.71248,
124,168,-7.7134,
126,168,-5.37701,
128,168,-3.3575,
130,168,-1.80472,
132,168,-0.71087,
134,168,-0.041542,
136,168,0.232662,
138,168,0.130761,
140,168,-0.337635,
142,168,-1.16901,
144,168,-2.35869,
146,168,-3.88277,
148,168,-5.65352,
150,168,-7.43308,
152,168,-8.78769,
154,168,-9.37031,
156,168,-9.3448,
158,168,-9.1523,
160,168,-9.07903,
162,168,-9.19829,
164,168,-9.44393,
166,168,-9.65969,
168,168,-9.65759,
170,168,-9.32344,
172,168,-8.69473,
174,168,-7.91346,
176,168,-7.12356,
178,168,-6.42173,
180,168,-5.86153,
-180,170,-3.62272,
-178,170,-4.90313,
-176,170,-6.36806,
-174,170,-8.04626,
-172,170,-9.98381,
-170,170,-12.2393,
-168,170,-14.8193,
-166,170,-17.3335,
-164,170,-18.2814,
-162,170,-16.8177,
-160,170,-14.5752,
-158,170,-12.5868,
-156,170,-11.0232,
-154,170,-9.85455,
-152,170,-9.03461,
-150,170,-8.53054,
-148,170,-8.32254,
-146,170,-8.39813,
-144,170,-8.74194,
-142,170,-9.31429,
-140,170,-10.0047,
-138,170,-10.5586,
-136,170,-10.5819,
-134,170,-9.83262,
-132,170,-8.50966,
-130,170,-7.00268,
-128,170,-5.57391,
-126,170,-4.33421,
-124,170,-3.31536,
-122,170,-2.51838,
-120,170,-1.93487,
-118,170,-1.55509,
-116,170,-1.37064,
-114,170,-1.37478,
-112,170,-1.5616,
-110,170,-1.92372,
-108,170,-2.44765,
-106,170,-3.10467,
-104,170,-3.83458,
-102,170,-4.52361,
-100,170,-4.99603,
-98,170,-5.06787,
-96,170,-4.66949,
-94,170,-3.90417,
-92,170,-2.95646,
-90,170,-1.98069,
-88,170,-1.06858,
-86,170,-0.265218,
-84,170,0.409409,
-82,170,0.946161,
-80,170,1.339,
-78,170,1.58109,
-76,170,1.66286,
-74,170,1.57082,
-72,170,1.28681,
-70,170,0.787243,
-68,170,0.042882,
-66,170,-0.97927,
-64,170,-2.30547,
-62,170,-3.91426,
-60,170,-5.60622,
-58,170,-6.77051,
-56,170,-6.65638,
-54,170,-5.483,
-52,170,-4.0793,
-50,170,-2.90799,
-48,170,-2.10036,
-46,170,-1.6728,
-44,170,-1.61597,
-42,170,-1.91868,
-40,170,-2.56688,
-38,170,-3.52306,
-36,170,-4.66955,
-34,170,-5.70245,
-32,170,-6.11479,
-30,170,-5.61724,
-28,170,-4.52281,
-26,170,-3.31532,
-24,170,-2.2631,
-22,170,-1.4539,
-20,170,-0.897409,
-18,170,-0.577187,
-16,170,-0.469764,
-14,170,-0.550567,
-12,170,-0.795183,
-10,170,-1.17925,
-8,170,-1.67839,
-6,170,-2.26892,
-4,170,-2.93011,
-2,170,-3.648,
0,170,-4.42048,
2,170,-5.26243,
4,170,-6.21004,
6,170,-7.32504,
8,170,-8.70256,
10,170,-10.4911,
12,170,-12.9439,
14,170,-16.5387,
16,170,-21.7448,
18,170,-21.7258,
20,170,-16.341,
22,170,-12.5933,
24,170,-10.0581,
26,170,-8.28281,
28,170,-7.04515,
30,170,-6.2312,
32,170,-5.78161,
34,170,-5.66855,
36,170,-5.88547,
38,170,-6.44195,
40,170,-7.35839,
42,170,-8.6494,
44,170,-10.2581,
46,170,-11.8419,
48,170,-12.489,
50,170,-11.5487,
52,170,-9.77076,
54,170,-8.01118,
56,170,-6.56192,
58,170,-5.45737,
60,170,-4.66816,
62,170,-4.15708,
64,170,-3.89103,
66,170,-3.84151,
68,170,-3.98218,
70,170,-4.28532,
72,170,-4.71737,
74,170,-5.23372,
76,170,-5.77383,
78,170,-6.26035,
80,170,-6.60819,
82,170,-6.74709,
84,170,-6.64768,
86,170,-6.33051,
88,170,-5.85022,
90,170,-5.27061,
92,170,-4.64837,
94,170,-4.02912,
96,170,-3.44974,
98,170,-2.94199,
100,170,-2.53518,
102,170,-2.25784,
104,170,-2.13883,
106,170,-2.20821,
108,170,-2.49767,
110,170,-3.03914,
112,170,-3.8568,
114,170,-4.93767,
116,170,-6.14268,
118,170,-7.03278,
120,170,-6.9324,
122,170,-5.73916,
124,170,-4.09753,
126,170,-2.54229,
128,170,-1.2779,
130,170,-0.351683,
132,170,0.23524,
134,170,0.487931,
136,170,0.40452,
138,170,-0.0289953,
140,170,-0.842266,
142,170,-2.08267,
144,170,-3.80551,
146,170,-5.99256,
148,170,-8.1502,
150,170,-8.66066,
152,170,-6.96596,
154,170,-4.75502,
156,170,-2.89957,
158,170,-1.50361,
160,170,-0.50869,
162,170,0.152089,
164,170,0.531024,
166,170,0.666455,
168,170,0.58627,
170,170,0.310794,
172,170,-0.14523,
174,170,-0.771399,
176,170,-1.56102,
178,170,-2.51105,
180,170,-3.62272,
-180,172,2.94094,
-178,172,2.34441,
-176,172,1.63143,
-174,172,0.799562,
-172,172,-0.154479,
-170,172,-1.23388,
-168,172,-2.43975,
-166,172,-3.76714,
-164,172,-5.1974,
-162,172,-6.68521,
-160,172,-8.14214,
-158,172,-9.43236,
-156,172,-10.4147,
-154,172,-11.0372,
-152,172,-11.3926,
-150,172,-11.663,
-148,172,-12.0296,
-146,172,-12.6383,
-144,172,-13.6083,
-142,172,-15.0329,
-140,172,-16.8595,
-138,172,-18.2756,
-136,172,-17.3659,
-134,172,-14.5324,
-132,172,-11.5932,
-130,172,-9.0835,
-128,172,-6.99848,
-126,172,-5.25765,
-124,172,-3.79023,
-122,172,-2.54262,
-120,172,-1.47454,
-118,172,-0.554885,
-116,172,0.241261,
-114,172,0.934527,
-112,172,1.54247,
-110,172,2.08022,
-108,172,2.56084,
-106,172,2.99528,
-104,172,3.39234,
-102,172,3.75843,
-100,172,4.09749,
-98,172,4.41096,
-96,172,4.69794,
-94,172,4.95543,
-92,172,5.17873,
-90,172,5.36185,
-88,172,5.49786,
-86,172,5.57919,
-84,172,5.59783,
-82,172,5.54544,
-80,172,5.41339,
-78,172,5.19271,
-76,172,4.87414,
-74,172,4.44812,
-72,172,3.90506,
-70,172,3.23588,
-68,172,2.43339,
-66,172,1.49513,
-64,172,0.428957,
-62,172,-0.736892,
-60,172,-1.93886,
-58,172,-3.06595,
-56,172,-3.97619,
-54,172,-4.56899,
-52,172,-4.87039,
-50,172,-5.02915,
-48,172,-5.23276,
-46,172,-5.64777,
-44,172,-6.41987,
-42,172,-7.7093,
-40,172,-9.74307,
-38,172,-12.8094,
-36,172,-15.9821,
-34,172,-13.8532,
-32,172,-9.45229,
-30,172,-6.02827,
-28,172,-3.46785,
-26,172,-1.50067,
-24,172,0.0409104,
-22,172,1.25898,
-20,172,2.219,
-18,172,2.9653,
-16,172,3.52923,
-14,172,3.93376,
-12,172,4.1961,
-10,172,4.32938,
-8,172,4.34355,
-6,172,4.2461,
-4,172,4.04239,
-2,172,3.73595,
0,172,3.32864,
2,172,2.82086,
4,172,2.2117,
6,172,1.49941,
8,172,0.682112,
10,172,-0.240746,
12,172,-1.2656,
14,172,-2.37971,
16,172,-3.55261,
18,172,-4.7243,
20,172,-5.79637,
22,172,-6.64485,
24,172,-7.17403,
26,172,-7.38384,
28,172,-7.37704,
30,172,-7.29767,
32,172,-7.27256,
34,172,-7.3944,
36,172,-7.73107,
38,172,-8.34065,
40,172,-9.28338,
42,172,-10.6224,
44,172,-12.3757,
46,172,-14.2464,
48,172,-14.9418,
50,172,-13.2973,
52,172,-10.6345,
54,172,-8.12822,
56,172,-6.01181,
58,172,-4.24994,
60,172,-2.77461,
62,172,-1.52793,
64,172,-0.465489,
66,172,0.446549,
68,172,1.2343,
70,172,1.91824,
72,172,2.51458,
74,172,3.03618,
76,172,3.49307,
78,172,3.89283,
80,172,4.24089,
82,172,4.54066,
84,172,4.79372,
86,172,4.99994,
88,172,5.15766,
90,172,5.26375,
92,172,5.31376,
94,172,5.30194,
96,172,5.22133,
98,172,5.06367,
100,172,4.81939,
102,172,4.47748,
104,172,4.02529,
106,172,3.44843,
108,172,2.73079,
110,172,1.85507,
112,172,0.80492,
114,172,-0.428774,
116,172,-1.83131,
118,172,-3.32516,
120,172,-4.70268,
122,172,-5.60616,
124,172,-5.7612,
126,172,-5.30423,
128,172,-4.62714,
130,172,-4.03675,
132,172,-3.68958,
134,172,-3.66071,
136,172,-4.00175,
138,172,-4.77418,
140,172,-6.07219,
142,172,-8.03262,
144,172,-10.7029,
146,172,-12.8604,
148,172,-11.2116,
150,172,-7.72418,
152,172,-4.74368,
154,172,-2.43709,
156,172,-0.649763,
158,172,0.745227,
160,172,1.83306,
162,172,2.67087,
164,172,3.29815,
166,172,3.74299,
168,172,4.02588,
170,172,4.16199,
172,172,4.16258,
174,172,4.03592,
176,172,3.78786,
178,172,3.42221,
180,172,2.94094,
-180,174,-1.16073,
-178,174,-1.43683,
-176,174,-1.83144,
-174,174,-2.34253,
-172,174,-2.96826,
-170,174,-3.70573,
-168,174,-4.54893,
-166,174,-5.48538,
-164,174,-6.49081,
-162,174,-7.5221,
-160,174,-8.5113,
-158,174,-9.36923,
-156,174,-10.0102,
-154,174,-10.395,
-152,174,-10.5584,
-150,174,-10.5924,
-148,174,-10.6046,
-146,174,-10.6878,
-144,174,-10.9144,
-142,174,-11.3429,
-140,174,-12.0266,
-138,174,-13.0182,
-136,174,-14.3544,
-134,174,-15.9572,
-132,174,-17.2802,
-130,174,-17.0462,
-128,174,-15.0076,
-126,174,-12.4324,
-124,174,-10.0456,
-122,174,-7.98326,
-120,174,-6.2185,
-118,174,-4.70146,
-116,174,-3.38859,
-114,174,-2.24606,
-112,174,-1.24821,
-110,174,-0.375606,
-108,174,0.386584,
-106,174,1.04971,
-104,174,1.62249,
-102,174,2.11152,
-100,174,2.52176,
-98,174,2.85679,
-96,174,3.11903,
-94,174,3.30993,
-92,174,3.4301,
-90,174,3.47942,
-88,174,3.45718,
-86,174,3.36216,
-84,174,3.19283,
-82,174,2.94752,
-80,174,2.62478,
-78,174,2.22384,
-76,174,1.74543,
-74,174,1.19293,
-72,174,0.574271,
-70,174,-0.0956564,
-68,174,-0.791955,
-66,174,-1.47745,
-64,174,-2.10369,
-62,174,-2.61898,
-60,174,-2.98448,
-58,174,-3.19183,
-56,174,-3.26962,
-54,174,-3.27354,
-52,174,-3.26873,
-50,174,-3.31622,
-48,174,-3.46816,
-46,174,-3.76969,
-44,174,-4.26436,
-42,174,-5.00176,
-40,174,-6.04839,
-38,174,-7.50615,
-36,174,-9.54838,
-34,174,-12.4909,
-32,174,-16.7517,
-30,174,-19.4342,
-28,174,-15.0438,
-26,174,-10.83,
-24,174,-7.84139,
-22,174,-5.63557,
-20,174,-3.9443,
-18,174,-2.61915,
-16,174,-1.57224,
-14,174,-0.74797,
-12,174,-0.109152,
-10,174,0.370105,
-8,174,0.70842,
-6,174,0.919501,
-4,174,1.01363,
-2,174,0.99867,
0,174,0.880769,
2,174,0.664983,
4,174,0.355836,
6,174,-0.042036,
8,174,-0.523079,
10,174,-1.07976,
12,174,-1.70114,
14,174,-2.37121,
16,174,-3.0671,
18,174,-3.75817,
20,174,-4.40743,
22,174,-4.97704,
24,174,-5.4381,
26,174,-5.78123,
28,174,-6.02182,
30,174,-6.19616,
32,174,-6.3516,
34,174,-6.53668,
36,174,-6.7953,
38,174,-7.16478,
40,174,-7.6755,
42,174,-8.34864,
44,174,-9.18619,
46,174,-10.1414,
48,174,-11.0517,
50,174,-11.5624,
52,174,-11.2566,
54,174,-10.0981,
56,174,-8.47876,
58,174,-6.77557,
60,174,-5.17241,
62,174,-3.72788,
64,174,-2.44838,
66,174,-1.32299,
68,174,-0.336842,
70,174,0.524318,
72,174,1.27274,
74,174,1.91849,
76,174,2.4696,
78,174,2.93235,
80,174,3.31143,
82,174,3.61022,
84,174,3.83086,
86,174,3.97441,
88,174,4.04089,
90,174,4.02934,
92,174,3.93784,
94,174,3.76349,
96,174,3.50242,
98,174,3.14978,
100,174,2.69978,
102,174,2.14591,
104,174,1.48134,
106,174,0.700096,
108,174,-0.200446,
110,174,-1.21428,
112,174,-2.31615,
114,174,-3.44306,
116,174,-4.47163,
118,174,-5.21931,
120,174,-5.52177,
122,174,-5.36132,
124,174,-4.88687,
126,174,-4.29535,
128,174,-3.73465,
130,174,-3.28966,
132,174,-3.00365,
134,174,-2.89928,
136,174,-2.99166,
138,174,-3.29599,
140,174,-3.83248,
142,174,-4.6306,
144,174,-5.73353,
146,174,-7.20159,
148,174,-9.10207,
150,174,-11.4136,
152,174,-13.5418,
154,174,-13.6854,
156,174,-11.6068,
158,174,-9.15095,
160,174,-7.06697,
162,174,-5.40777,
164,174,-4.10402,
166,174,-3.08818,
168,174,-2.30957,
170,174,-1.73181,
172,174,-1.32886,
174,174,-1.08196,
176,174,-0.977606,
178,174,-1.00612,
180,174,-1.16073,
-180,176,5.01244,
-178,176,4.97104,
-176,176,4.94799,
-174,176,4.94214,
-172,176,4.95186,
-170,176,4.97509,
-168,176,5.0095,
-166,176,5.05251,
-164,176,5.10142,
-162,176,5.15347,
-160,176,5.20595,
-158,176,5.25621,
-156,176,5.30175,
-154,176,5.34023,
-152,176,5.36951,
-150,176,5.38766,
-148,176,5.39298,
-146,176,5.38401,
-144,176,5.35952,
-142,176,5.31852,
-140,176,5.26029,
-138,176,5.18434,
-136,176,5.09044,
-134,176,4.97864,
-132,176,4.84929,
-130,176,4.70304,
-128,176,4.54086,
-126,176,4.36412,
-124,176,4.17456,
-122,176,3.97437,
-120,176,3.7662,
-118,176,3.55318,
-116,176,3.33896,
-114,176,3.12765,
-112,176,2.92382,
-110,176,2.73238,
-108,176,2.55847,
-106,176,2.40723,
-104,176,2.28362,
-102,176,2.19211,
-100,176,2.1364,
-98,176,2.11921,
-96,176,2.14208,
-94,176,2.20525,
-92,176,2.30772,
-90,176,2.44729,
-88,176,2.62078,
-86,176,2.82424,
-84,176,3.05317,
-82,176,3.30277,
-80,176,3.56811,
-78,176,3.8443,
-76,176,4.1266,
-74,176,4.41052,
-72,176,4.69186,
-70,176,4.96677,
-68,176,5.23173,
-66,176,5.4836,
-64,176,5.71956,
-62,176,5.93716,
-60,176,6.13427,
-58,176,6.30906,
-56,176,6.46004,
-54,176,6.58596,
-52,176,6.68589,
-50,176,6.75915,
-48,176,6.80533,
-46,176,6.82427,
-44,176,6.81611,
-42,176,6.78121,
-40,176,6.72025,
-38,176,6.63418,
-36,176,6.52425,
-34,176,6.39203,
-32,176,6.23944,
-30,176,6.06872,
-28,176,5.88249,
-26,176,5.6837,
-24,176,5.47565,
-22,176,5.26197,
-20,176,5.04654,
-18,176,4.83343,
-16,176,4.62682,
-14,176,4.43084,
-12,176,4.24947,
-10,176,4.08633,
-8,176,3.94457,
-6,176,3.82668,
-4,176,3.7344,
-2,176,3.66865,
0,176,3.62947,
2,176,3.61607,
4,176,3.62689,
6,176,3.6597,
8,176,3.71171,
10,176,3.77977,
12,176,3.86042,
14,176,3.95008,
16,176,4.04515,
18,176,4.14209,
20,176,4.23748,
22,176,4.32813,
24,176,4.41105,
26,176,4.48353,
28,176,4.54313,
30,176,4.58768,
32,176,4.61529,
34,176,4.62437,
36,176,4.61358,
38,176,4.58187,
40,176,4.52845,
42,176,4.45283,
44,176,4.35478,
46,176,4.23438,
48,176,4.09203,
50,176,3.92848,
52,176,3.74484,
54,176,3.54267,
56,176,3.32397,
58,176,3.09127,
60,176,2.84768,
62,176,2.59689,
64,176,2.34325,
66,176,2.09176,
68,176,1.84802,
70,176,1.61816,
72,176,1.40866,
74,176,1.22617,
76,176,1.07716,
78,176,0.967577,
80,176,0.902506,
82,176,0.885781,
84,176,0.919725,
86,176,1.00499,
88,176,1.14052,
90,176,1.3237,
92,176,1.55053,
94,176,1.81595,
96,176,2.11418,
98,176,2.43898,
100,176,2.78401,
102,176,3.14298,
104,176,3.50991,
106,176,3.87919,
108,176,4.24568,
110,176,4.60479,
112,176,4.95243,
114,176,5.28504,
116,176,5.59959,
118,176,5.89347,
120,176,6.16457,
122,176,6.41112,
124,176,6.63175,
126,176,6.82543,
128,176,6.99142,
130,176,7.12928,
132,176,7.23884,
134,176,7.32019,
136,176,7.37364,
138,176,7.39978,
140,176,7.39942,
142,176,7.37362,
144,176,7.32367,
146,176,7.25114,
148,176,7.15781,
150,176,7.04573,
152,176,6.91721,
154,176,6.77478,
156,176,6.62121,
158,176,6.45945,
160,176,6.29263,
162,176,6.12398,
164,176,5.95678,
166,176,5.79427,
168,176,5.63959,
170,176,5.49564,
172,176,5.36505,
174,176,5.24999,
176,176,5.1522,
178,176,5.07282,
180,176,5.01244,
-180,178,13.9523,
-178,178,13.9391,
-176,178,13.9258,
-174,178,13.9126,
-172,178,13.8994,
-170,178,13.8864,
-168,178,13.8735,
-166,178,13.8606,
-164,178,13.8479,
-162,178,13.8354,
-160,178,13.8228,
-158,178,13.8104,
-156,178,13.798,
-154,178,13.7856,
-152,178,13.7733,
-150,178,13.7609,
-148,178,13.7485,
-146,178,13.7361,
-144,178,13.7237,
-142,178,13.7113,
-140,178,13.6989,
-138,178,13.6866,
-136,178,13.6743,
-134,178,13.6622,
-132,178,13.6503,
-130,178,13.6387,
-128,178,13.6274,
-126,178,13.6166,
-124,178,13.6063,
-122,178,13.5967,
-120,178,13.5878,
-118,178,13.5798,
-116,178,13.5727,
-114,178,13.5666,
-112,178,13.5617,
-110,178,13.558,
-108,178,13.5556,
-106,178,13.5547,
-104,178,13.5551,
-102,178,13.557,
-100,178,13.5604,
-98,178,13.5654,
-96,178,13.5718,
-94,178,13.5797,
-92,178,13.589,
-90,178,13.5996,
-88,178,13.6115,
-86,178,13.6246,
-84,178,13.6386,
-82,178,13.6536,
-80,178,13.6693,
-78,178,13.6855,
-76,178,13.7021,
-74,178,13.7189,
-72,178,13.7358,
-70,178,13.7524,
-68,178,13.7687,
-66,178,13.7844,
-64,178,13.7994,
-62,178,13.8135,
-60,178,13.8265,
-58,178,13.8383,
-56,178,13.8487,
-54,178,13.8576,
-52,178,13.8649,
-50,178,13.8706,
-48,178,13.8746,
-46,178,13.8767,
-44,178,13.8771,
-42,178,13.8757,
-40,178,13.8725,
-38,178,13.8675,
-36,178,13.8609,
-34,178,13.8527,
-32,178,13.8429,
-30,178,13.8318,
-28,178,13.8193,
-26,178,13.8057,
-24,178,13.7911,
-22,178,13.7755,
-20,178,13.7593,
-18,178,13.7424,
-16,178,13.7251,
-14,178,13.7075,
-12,178,13.6898,
-10,178,13.672,
-8,178,13.6543,
-6,178,13.6368,
-4,178,13.6195,
-2,178,13.6027,
0,178,13.5863,
2,178,13.5704,
4,178,13.555,
6,178,13.5402,
8,178,13.5259,
10,178,13.5123,
12,178,13.4992,
14,178,13.4866,
16,178,13.4745,
18,178,13.4629,
20,178,13.4518,
22,178,13.441,
24,178,13.4306,
26,178,13.4204,
28,178,13.4105,
30,178,13.4009,
32,178,13.3915,
34,178,13.3822,
36,178,13.3732,
38,178,13.3643,
40,178,13.3556,
42,178,13.3471,
44,178,13.339,
46,178,13.3311,
48,178,13.3237,
50,178,13.3167,
52,178,13.3104,
54,178,13.3047,
56,178,13.2997,
58,178,13.2957,
60,178,13.2927,
62,178,13.2909,
64,178,13.2903,
66,178,13.2911,
68,178,13.2933,
70,178,13.2972,
72,178,13.3028,
74,178,13.3102,
76,178,13.3194,
78,178,13.3306,
80,178,13.3436,
82,178,13.3586,
84,178,13.3755,
86,178,13.3944,
88,178,13.415,
90,178,13.4375,
92,178,13.4616,
94,178,13.4872,
96,178,13.5142,
98,178,13.5425,
100,178,13.5718,
102,178,13.602,
104,178,13.6328,
106,178,13.6641,
108,178,13.6956,
110,178,13.7271,
112,178,13.7584,
114,178,13.7892,
116,178,13.8194,
118,178,13.8487,
120,178,13.877,
122,178,13.904,
124,178,13.9295,
126,178,13.9535,
128,178,13.9758,
130,178,13.9963,
132,178,14.0148,
134,178,14.0314,
136,178,14.0459,
138,178,14.0583,
140,178,14.0686,
142,178,14.0768,
144,178,14.083,
146,178,14.0872,
148,178,14.0894,
150,178,14.0898,
152,178,14.0884,
154,178,14.0853,
156,178,14.0807,
158,178,14.0747,
160,178,14.0674,
162,178,14.059,
164,178,14.0495,
166,178,14.0392,
168,178,14.0281,
170,178,14.0164,
172,178,14.0042,
174,178,13.9916,
176,178,13.9787,
178,178,13.9656,
180,178,13.9523,
-180,180,16.0906,
-178,180,16.0906,
-176,180,16.0906,
-174,180,16.0906,
-172,180,16.0906,
-170,180,16.0906,
-168,180,16.0906,
-166,180,16.0906,
-164,180,16.0906,
-162,180,16.0906,
-160,180,16.0906,
-158,180,16.0906,
-156,180,16.0906,
-154,180,16.0906,
-152,180,16.0906,
-150,180,16.0906,
-148,180,16.0906,
-146,180,16.0906,
-144,180,16.0906,
-142,180,16.0906,
-140,180,16.0906,
-138,180,16.0906,
-136,180,16.0906,
-134,180,16.0906,
-132,180,16.0906,
-130,180,16.0906,
-128,180,16.0906,
-126,180,16.0906,
-124,180,16.0906,
-122,180,16.0906,
-120,180,16.0906,
-118,180,16.0906,
-116,180,16.0906,
-114,180,16.0906,
-112,180,16.0906,
-110,180,16.0906,
-108,180,16.0906,
-106,180,16.0906,
-104,180,16.0906,
-102,180,16.0906,
-100,180,16.0906,
-98,180,16.0906,
-96,180,16.0906,
-94,180,16.0906,
-92,180,16.0906,
-90,180,16.0906,
-88,180,16.0906,
-86,180,16.0906,
-84,180,16.0906,
-82,180,16.0906,
-80,180,16.0906,
-78,180,16.0906,
-76,180,16.0906,
-74,180,16.0906,
-72,180,16.0906,
-70,180,16.0906,
-68,180,16.0906,
-66,180,16.0906,
-64,180,16.0906,
-62,180,16.0906,
-60,180,16.0906,
-58,180,16.0906,
-56,180,16.0906,
-54,180,16.0906,
-52,180,16.0906,
-50,180,16.0906,
-48,180,16.0906,
-46,180,16.0906,
-44,180,16.0906,
-42,180,16.0906,
-40,180,16.0906,
-38,180,16.0906,
-36,180,16.0906,
-34,180,16.0906,
-32,180,16.0906,
-30,180,16.0906,
-28,180,16.0906,
-26,180,16.0906,
-24,180,16.0906,
-22,180,16.0906,
-20,180,16.0906,
-18,180,16.0906,
-16,180,16.0906,
-14,180,16.0906,
-12,180,16.0906,
-10,180,16.0906,
-8,180,16.0906,
-6,180,16.0906,
-4,180,16.0906,
-2,180,16.0906,
0,180,16.0906,
2,180,16.0906,
4,180,16.0906,
6,180,16.0906,
8,180,16.0906,
10,180,16.0906,
12,180,16.0906,
14,180,16.0906,
16,180,16.0906,
18,180,16.0906,
20,180,16.0906,
22,180,16.0906,
24,180,16.0906,
26,180,16.0906,
28,180,16.0906,
30,180,16.0906,
32,180,16.0906,
34,180,16.0906,
36,180,16.0906,
38,180,16.0906,
40,180,16.0906,
42,180,16.0906,
44,180,16.0906,
46,180,16.0906,
48,180,16.0906,
50,180,16.0906,
52,180,16.0906,
54,180,16.0906,
56,180,16.0906,
58,180,16.0906,
60,180,16.0906,
62,180,16.0906,
64,180,16.0906,
66,180,16.0906,
68,180,16.0906,
70,180,16.0906,
72,180,16.0906,
74,180,16.0906,
76,180,16.0906,
78,180,16.0906,
80,180,16.0906,
82,180,16.0906,
84,180,16.0906,
86,180,16.0906,
88,180,16.0906,
90,180,16.0906,
92,180,16.0906,
94,180,16.0906,
96,180,16.0906,
98,180,16.0906,
100,180,16.0906,
102,180,16.0906,
104,180,16.0906,
106,180,16.0906,
108,180,16.0906,
110,180,16.0906,
112,180,16.0906,
114,180,16.0906,
116,180,16.0906,
118,180,16.0906,
120,180,16.0906,
122,180,16.0906,
124,180,16.0906,
126,180,16.0906,
128,180,16.0906,
130,180,16.0906,
132,180,16.0906,
134,180,16.0906,
136,180,16.0906,
138,180,16.0906,
140,180,16.0906,
142,180,16.0906,
144,180,16.0906,
146,180,16.0906,
148,180,16.0906,
150,180,16.0906,
152,180,16.0906,
154,180,16.0906,
156,180,16.0906,
158,180,16.0906,
160,180,16.0906,
162,180,16.0906,
164,180,16.0906,
166,180,16.0906,
168,180,16.0906,
170,180,16.0906,
172,180,16.0906,
174,180,16.0906,
176,180,16.0906,
178,180,16.0906,
180,180,16.0906,
