Phi[deg],Theta[deg],dB(GainTotal),Array_Data
-180,-180,17.2821,"0,1,0,0,1,1,0,1,0,0,1,0,1,0,0;1,0,1,1,1,1,1,1,1,1,1,1,0,1,1;0,1,1,1,0,1,1,0,0,0,1,0,0,1,0;1,1,1,1,1,0,1,1,1,0,0,0,1,0,0;1,0,0,1,0,1,1,1,1,1,1,1,1,0,1;1,1,0,0,0,1,1,1,0,1,1,0,0,0,1;0,1,0,1,0,1,0,0,0,0,0,1,0,1,1;0,1,1,0,1,1,0,0,0,0,0,0,1,1,1;0,0,1,1,1,1,1,0,0,0,1,0,1,0,1;0,0,0,0,1,1,0,1,0,0,0,1,1,1,0;0,1,0,1,0,0,1,1,0,0,0,0,0,0,0;0,1,1,0,0,1,1,1,1,1,1,0,1,1,0;1,0,1,1,1,1,1,0,0,1,1,1,0,1,0;1,1,1,0,1,0,0,1,0,0,0,0,1,0,1;1,0,1,1,1,1,1,1,0,0,0,1,1,0,1"
-178,-180,17.2821,
-176,-180,17.2821,
-174,-180,17.2821,
-172,-180,17.2821,
-170,-180,17.2821,
-168,-180,17.2821,
-166,-180,17.2821,
-164,-180,17.2821,
-162,-180,17.2821,
-160,-180,17.2821,
-158,-180,17.2821,
-156,-180,17.2821,
-154,-180,17.2821,
-152,-180,17.2821,
-150,-180,17.2821,
-148,-180,17.2821,
-146,-180,17.2821,
-144,-180,17.2821,
-142,-180,17.2821,
-140,-180,17.2821,
-138,-180,17.2821,
-136,-180,17.2821,
-134,-180,17.2821,
-132,-180,17.2821,
-130,-180,17.2821,
-128,-180,17.2821,
-126,-180,17.2821,
-124,-180,17.2821,
-122,-180,17.2821,
-120,-180,17.2821,
-118,-180,17.2821,
-116,-180,17.2821,
-114,-180,17.2821,
-112,-180,17.2821,
-110,-180,17.2821,
-108,-180,17.2821,
-106,-180,17.2821,
-104,-180,17.2821,
-102,-180,17.2821,
-100,-180,17.2821,
-98,-180,17.2821,
-96,-180,17.2821,
-94,-180,17.2821,
-92,-180,17.2821,
-90,-180,17.2821,
-88,-180,17.2821,
-86,-180,17.2821,
-84,-180,17.2821,
-82,-180,17.2821,
-80,-180,17.2821,
-78,-180,17.2821,
-76,-180,17.2821,
-74,-180,17.2821,
-72,-180,17.2821,
-70,-180,17.2821,
-68,-180,17.2821,
-66,-180,17.2821,
-64,-180,17.2821,
-62,-180,17.2821,
-60,-180,17.2821,
-58,-180,17.2821,
-56,-180,17.2821,
-54,-180,17.2821,
-52,-180,17.2821,
-50,-180,17.2821,
-48,-180,17.2821,
-46,-180,17.2821,
-44,-180,17.2821,
-42,-180,17.2821,
-40,-180,17.2821,
-38,-180,17.2821,
-36,-180,17.2821,
-34,-180,17.2821,
-32,-180,17.2821,
-30,-180,17.2821,
-28,-180,17.2821,
-26,-180,17.2821,
-24,-180,17.2821,
-22,-180,17.2821,
-20,-180,17.2821,
-18,-180,17.2821,
-16,-180,17.2821,
-14,-180,17.2821,
-12,-180,17.2821,
-10,-180,17.2821,
-8,-180,17.2821,
-6,-180,17.2821,
-4,-180,17.2821,
-2,-180,17.2821,
0,-180,17.2821,
2,-180,17.2821,
4,-180,17.2821,
6,-180,17.2821,
8,-180,17.2821,
10,-180,17.2821,
12,-180,17.2821,
14,-180,17.2821,
16,-180,17.2821,
18,-180,17.2821,
20,-180,17.2821,
22,-180,17.2821,
24,-180,17.2821,
26,-180,17.2821,
28,-180,17.2821,
30,-180,17.2821,
32,-180,17.2821,
34,-180,17.2821,
36,-180,17.2821,
38,-180,17.2821,
40,-180,17.2821,
42,-180,17.2821,
44,-180,17.2821,
46,-180,17.2821,
48,-180,17.2821,
50,-180,17.2821,
52,-180,17.2821,
54,-180,17.2821,
56,-180,17.2821,
58,-180,17.2821,
60,-180,17.2821,
62,-180,17.2821,
64,-180,17.2821,
66,-180,17.2821,
68,-180,17.2821,
70,-180,17.2821,
72,-180,17.2821,
74,-180,17.2821,
76,-180,17.2821,
78,-180,17.2821,
80,-180,17.2821,
82,-180,17.2821,
84,-180,17.2821,
86,-180,17.2821,
88,-180,17.2821,
90,-180,17.2821,
92,-180,17.2821,
94,-180,17.2821,
96,-180,17.2821,
98,-180,17.2821,
100,-180,17.2821,
102,-180,17.2821,
104,-180,17.2821,
106,-180,17.2821,
108,-180,17.2821,
110,-180,17.2821,
112,-180,17.2821,
114,-180,17.2821,
116,-180,17.2821,
118,-180,17.2821,
120,-180,17.2821,
122,-180,17.2821,
124,-180,17.2821,
126,-180,17.2821,
128,-180,17.2821,
130,-180,17.2821,
132,-180,17.2821,
134,-180,17.2821,
136,-180,17.2821,
138,-180,17.2821,
140,-180,17.2821,
142,-180,17.2821,
144,-180,17.2821,
146,-180,17.2821,
148,-180,17.2821,
150,-180,17.2821,
152,-180,17.2821,
154,-180,17.2821,
156,-180,17.2821,
158,-180,17.2821,
160,-180,17.2821,
162,-180,17.2821,
164,-180,17.2821,
166,-180,17.2821,
168,-180,17.2821,
170,-180,17.2821,
172,-180,17.2821,
174,-180,17.2821,
176,-180,17.2821,
178,-180,17.2821,
180,-180,17.2821,
-180,-178,14.8253,
-178,-178,14.8205,
-176,-178,14.816,
-174,-178,14.8115,
-172,-178,14.8072,
-170,-178,14.803,
-168,-178,14.7989,
-166,-178,14.7947,
-164,-178,14.7906,
-162,-178,14.7863,
-160,-178,14.7819,
-158,-178,14.7773,
-156,-178,14.7724,
-154,-178,14.7673,
-152,-178,14.7617,
-150,-178,14.7558,
-148,-178,14.7494,
-146,-178,14.7425,
-144,-178,14.7351,
-142,-178,14.7271,
-140,-178,14.7187,
-138,-178,14.7097,
-136,-178,14.7002,
-134,-178,14.6902,
-132,-178,14.6798,
-130,-178,14.669,
-128,-178,14.6579,
-126,-178,14.6466,
-124,-178,14.6351,
-122,-178,14.6237,
-120,-178,14.6122,
-118,-178,14.601,
-116,-178,14.5901,
-114,-178,14.5796,
-112,-178,14.5696,
-110,-178,14.5604,
-108,-178,14.5519,
-106,-178,14.5443,
-104,-178,14.5378,
-102,-178,14.5324,
-100,-178,14.5282,
-98,-178,14.5252,
-96,-178,14.5236,
-94,-178,14.5234,
-92,-178,14.5247,
-90,-178,14.5273,
-88,-178,14.5314,
-86,-178,14.5369,
-84,-178,14.5438,
-82,-178,14.552,
-80,-178,14.5614,
-78,-178,14.5721,
-76,-178,14.5838,
-74,-178,14.5965,
-72,-178,14.61,
-70,-178,14.6243,
-68,-178,14.6392,
-66,-178,14.6546,
-64,-178,14.6704,
-62,-178,14.6864,
-60,-178,14.7025,
-58,-178,14.7186,
-56,-178,14.7346,
-54,-178,14.7503,
-52,-178,14.7658,
-50,-178,14.7808,
-48,-178,14.7954,
-46,-178,14.8095,
-44,-178,14.823,
-42,-178,14.8358,
-40,-178,14.8481,
-38,-178,14.8597,
-36,-178,14.8707,
-34,-178,14.881,
-32,-178,14.8907,
-30,-178,14.8998,
-28,-178,14.9084,
-26,-178,14.9165,
-24,-178,14.9241,
-22,-178,14.9313,
-20,-178,14.9382,
-18,-178,14.9447,
-16,-178,14.9509,
-14,-178,14.9569,
-12,-178,14.9628,
-10,-178,14.9684,
-8,-178,14.9739,
-6,-178,14.9793,
-4,-178,14.9846,
-2,-178,14.9898,
0,-178,14.9949,
2,-178,14.9998,
4,-178,15.0046,
6,-178,15.0092,
8,-178,15.0136,
10,-178,15.0176,
12,-178,15.0214,
14,-178,15.0248,
16,-178,15.0278,
18,-178,15.0303,
20,-178,15.0322,
22,-178,15.0335,
24,-178,15.0341,
26,-178,15.034,
28,-178,15.0331,
30,-178,15.0314,
32,-178,15.0289,
34,-178,15.0254,
36,-178,15.0211,
38,-178,15.0159,
40,-178,15.0097,
42,-178,15.0027,
44,-178,14.9949,
46,-178,14.9862,
48,-178,14.9768,
50,-178,14.9666,
52,-178,14.9559,
54,-178,14.9447,
56,-178,14.933,
58,-178,14.921,
60,-178,14.9088,
62,-178,14.8965,
64,-178,14.8842,
66,-178,14.8721,
68,-178,14.8603,
70,-178,14.8489,
72,-178,14.838,
74,-178,14.8278,
76,-178,14.8184,
78,-178,14.8098,
80,-178,14.8021,
82,-178,14.7955,
84,-178,14.7899,
86,-178,14.7855,
88,-178,14.7822,
90,-178,14.7801,
92,-178,14.7792,
94,-178,14.7794,
96,-178,14.7807,
98,-178,14.783,
100,-178,14.7864,
102,-178,14.7906,
104,-178,14.7957,
106,-178,14.8015,
108,-178,14.8079,
110,-178,14.8148,
112,-178,14.822,
114,-178,14.8295,
116,-178,14.8371,
118,-178,14.8447,
120,-178,14.8522,
122,-178,14.8595,
124,-178,14.8664,
126,-178,14.8728,
128,-178,14.8787,
130,-178,14.8841,
132,-178,14.8887,
134,-178,14.8926,
136,-178,14.8958,
138,-178,14.8982,
140,-178,14.8998,
142,-178,14.9006,
144,-178,14.9006,
146,-178,14.8998,
148,-178,14.8983,
150,-178,14.8962,
152,-178,14.8934,
154,-178,14.89,
156,-178,14.8862,
158,-178,14.8819,
160,-178,14.8772,
162,-178,14.8723,
164,-178,14.8672,
166,-178,14.8619,
168,-178,14.8565,
170,-178,14.8511,
172,-178,14.8457,
174,-178,14.8404,
176,-178,14.8352,
178,-178,14.8302,
180,-178,14.8253,
-180,-176,5.52024,
-178,-176,5.53752,
-176,-176,5.56318,
-174,-176,5.59618,
-172,-176,5.63543,
-170,-176,5.67978,
-168,-176,5.72803,
-166,-176,5.77893,
-164,-176,5.83115,
-162,-176,5.88334,
-160,-176,5.93408,
-158,-176,5.98187,
-156,-176,6.02518,
-154,-176,6.06245,
-152,-176,6.09209,
-150,-176,6.11252,
-148,-176,6.12216,
-146,-176,6.11953,
-144,-176,6.10318,
-142,-176,6.0718,
-140,-176,6.02421,
-138,-176,5.95936,
-136,-176,5.87643,
-134,-176,5.77478,
-132,-176,5.65403,
-130,-176,5.51407,
-128,-176,5.35512,
-126,-176,5.17774,
-124,-176,4.98289,
-122,-176,4.77201,
-120,-176,4.54702,
-118,-176,4.3104,
-116,-176,4.06524,
-114,-176,3.81527,
-112,-176,3.56483,
-110,-176,3.31886,
-108,-176,3.08281,
-106,-176,2.86241,
-104,-176,2.6635,
-102,-176,2.49166,
-100,-176,2.35189,
-98,-176,2.24821,
-96,-176,2.18345,
-94,-176,2.15897,
-92,-176,2.17469,
-90,-176,2.22915,
-88,-176,2.31975,
-86,-176,2.44299,
-84,-176,2.59485,
-82,-176,2.77099,
-80,-176,2.967,
-78,-176,3.17858,
-76,-176,3.40162,
-74,-176,3.63222,
-72,-176,3.8668,
-70,-176,4.10202,
-68,-176,4.33482,
-66,-176,4.56241,
-64,-176,4.78226,
-62,-176,4.99211,
-60,-176,5.18998,
-58,-176,5.37413,
-56,-176,5.54313,
-54,-176,5.69584,
-52,-176,5.83137,
-50,-176,5.94918,
-48,-176,6.049,
-46,-176,6.13086,
-44,-176,6.19511,
-42,-176,6.24241,
-40,-176,6.2737,
-38,-176,6.29022,
-36,-176,6.29348,
-34,-176,6.28524,
-32,-176,6.2675,
-30,-176,6.24241,
-28,-176,6.21226,
-26,-176,6.17937,
-24,-176,6.14608,
-22,-176,6.1146,
-20,-176,6.08698,
-18,-176,6.06501,
-16,-176,6.05016,
-14,-176,6.04355,
-12,-176,6.0459,
-10,-176,6.05758,
-8,-176,6.07856,
-6,-176,6.10852,
-4,-176,6.14687,
-2,-176,6.1928,
0,-176,6.24538,
2,-176,6.30356,
4,-176,6.36626,
6,-176,6.43235,
8,-176,6.50072,
10,-176,6.57027,
12,-176,6.63988,
14,-176,6.70845,
16,-176,6.77487,
18,-176,6.83801,
20,-176,6.89674,
22,-176,6.94988,
24,-176,6.99626,
26,-176,7.03467,
28,-176,7.0639,
30,-176,7.08277,
32,-176,7.09011,
34,-176,7.0848,
36,-176,7.06579,
38,-176,7.03211,
40,-176,6.9829,
42,-176,6.91745,
44,-176,6.83519,
46,-176,6.73572,
48,-176,6.61888,
50,-176,6.4847,
52,-176,6.3335,
54,-176,6.16588,
56,-176,5.9828,
58,-176,5.78555,
60,-176,5.57586,
62,-176,5.35589,
64,-176,5.1283,
66,-176,4.89621,
68,-176,4.6633,
70,-176,4.43368,
72,-176,4.21189,
74,-176,4.00276,
76,-176,3.81124,
78,-176,3.64219,
80,-176,3.50008,
82,-176,3.38876,
84,-176,3.31116,
86,-176,3.26911,
88,-176,3.26322,
90,-176,3.29286,
92,-176,3.35631,
94,-176,3.45087,
96,-176,3.57315,
98,-176,3.71929,
100,-176,3.88516,
102,-176,4.06661,
104,-176,4.25953,
106,-176,4.46004,
108,-176,4.66447,
110,-176,4.86943,
112,-176,5.07183,
114,-176,5.26884,
116,-176,5.45796,
118,-176,5.63692,
120,-176,5.80376,
122,-176,5.95677,
124,-176,6.09451,
126,-176,6.21579,
128,-176,6.31969,
130,-176,6.40557,
132,-176,6.47304,
134,-176,6.52198,
136,-176,6.55255,
138,-176,6.56518,
140,-176,6.5606,
142,-176,6.53979,
144,-176,6.50402,
146,-176,6.45483,
148,-176,6.394,
150,-176,6.32353,
152,-176,6.24561,
154,-176,6.16257,
156,-176,6.07682,
158,-176,5.99077,
160,-176,5.90679,
162,-176,5.82708,
164,-176,5.75362,
166,-176,5.68811,
168,-176,5.63191,
170,-176,5.586,
172,-176,5.55099,
174,-176,5.52714,
176,-176,5.51435,
178,-176,5.51225,
180,-176,5.52024,
-180,-174,3.49361,
-178,-174,3.49288,
-176,-174,3.42282,
-174,-174,3.28407,
-172,-174,3.0767,
-170,-174,2.80018,
-168,-174,2.45343,
-166,-174,2.0348,
-164,-174,1.54203,
-162,-174,0.972251,
-160,-174,0.321887,
-158,-174,-0.413449,
-156,-174,-1.23915,
-154,-174,-2.16195,
-152,-174,-3.19041,
-150,-174,-4.33574,
-148,-174,-5.61296,
-146,-174,-7.04233,
-144,-174,-8.64997,
-142,-174,-10.4631,
-140,-174,-12.4807,
-138,-174,-14.5513,
-136,-174,-16.0472,
-134,-174,-15.9127,
-132,-174,-14.2168,
-130,-174,-12.0267,
-128,-174,-9.92026,
-126,-174,-8.02873,
-124,-174,-6.34857,
-122,-174,-4.85147,
-120,-174,-3.51059,
-118,-174,-2.30478,
-116,-174,-1.21793,
-114,-174,-0.23771,
-112,-174,0.645535,
-110,-174,1.43953,
-108,-174,2.15057,
-106,-174,2.78386,
-104,-174,3.34371,
-102,-174,3.83369,
-100,-174,4.25673,
-98,-174,4.6152,
-96,-174,4.91095,
-94,-174,5.14534,
-92,-174,5.3193,
-90,-174,5.43338,
-88,-174,5.48773,
-86,-174,5.48218,
-84,-174,5.41628,
-82,-174,5.28931,
-80,-174,5.10037,
-78,-174,4.84843,
-76,-174,4.53242,
-74,-174,4.15138,
-72,-174,3.70455,
-70,-174,3.19163,
-68,-174,2.61297,
-66,-174,1.96991,
-64,-174,1.26508,
-62,-174,0.502682,
-60,-174,-0.311415,
-58,-174,-1.16991,
-56,-174,-2.06503,
-54,-174,-2.99042,
-52,-174,-3.94415,
-50,-174,-4.93252,
-48,-174,-5.97408,
-46,-174,-7.10298,
-44,-174,-8.37071,
-42,-174,-9.8439,
-40,-174,-11.5849,
-38,-174,-13.5516,
-36,-174,-15.2141,
-34,-174,-15.1932,
-32,-174,-13.2098,
-30,-174,-10.675,
-28,-174,-8.35192,
-26,-174,-6.36827,
-24,-174,-4.6908,
-22,-174,-3.2674,
-20,-174,-2.05403,
-18,-174,-1.01694,
-16,-174,-0.130652,
-14,-174,0.624243,
-12,-174,1.26269,
-10,-174,1.79635,
-8,-174,2.23438,
-6,-174,2.58401,
-4,-174,2.85092,
-2,-174,3.0395,
0,-174,3.1531,
2,-174,3.19409,
4,-174,3.16405,
6,-174,3.06376,
8,-174,2.89331,
10,-174,2.65207,
12,-174,2.33874,
14,-174,1.95126,
16,-174,1.48681,
18,-174,0.941621,
20,-174,0.310859,
22,-174,-0.411723,
24,-174,-1.23422,
26,-174,-2.16732,
28,-174,-3.22538,
30,-174,-4.42823,
32,-174,-5.80382,
34,-174,-7.39208,
36,-174,-9.24911,
38,-174,-11.4436,
40,-174,-13.9968,
42,-174,-16.5274,
44,-174,-17.4137,
46,-174,-15.679,
48,-174,-13.108,
50,-174,-10.7578,
52,-174,-8.76132,
54,-174,-7.05937,
56,-174,-5.58523,
58,-174,-4.28929,
60,-174,-3.13717,
62,-174,-2.10515,
64,-174,-1.17658,
66,-174,-0.339463,
68,-174,0.415075,
70,-174,1.0938,
72,-174,1.70198,
74,-174,2.24381,
76,-174,2.72262,
78,-174,3.14105,
80,-174,3.50116,
82,-174,3.80448,
84,-174,4.05206,
86,-174,4.2445,
88,-174,4.38201,
90,-174,4.4644,
92,-174,4.49112,
94,-174,4.4613,
96,-174,4.37376,
98,-174,4.22706,
100,-174,4.01954,
102,-174,3.74938,
104,-174,3.41463,
106,-174,3.01335,
108,-174,2.5437,
110,-174,2.0041,
112,-174,1.39342,
114,-174,0.711257,
116,-174,-0.0418322,
118,-174,-0.864041,
120,-174,-1.75222,
122,-174,-2.70209,
124,-174,-3.70919,
126,-174,-4.77078,
128,-174,-5.88926,
130,-174,-7.07686,
132,-174,-8.3611,
134,-174,-9.7891,
136,-174,-11.4255,
138,-174,-13.3199,
140,-174,-15.3375,
142,-174,-16.6159,
144,-174,-15.7385,
146,-174,-13.2883,
148,-174,-10.677,
150,-174,-8.3728,
152,-174,-6.40947,
154,-174,-4.73774,
156,-174,-3.30666,
158,-174,-2.0759,
160,-174,-1.01502,
162,-174,-0.100981,
164,-174,0.683846,
166,-174,1.35321,
168,-174,1.91799,
170,-174,2.38686,
172,-174,2.76679,
174,-174,3.06341,
176,-174,3.2812,
178,-174,3.4237,
180,-174,3.49361,
-180,-172,4.18184,
-178,-172,4.08291,
-176,-172,3.93143,
-174,-172,3.72736,
-172,-172,3.46961,
-170,-172,3.15589,
-168,-172,2.78274,
-166,-172,2.34539,
-164,-172,1.83772,
-162,-172,1.25207,
-160,-172,0.57896,
-158,-172,-0.193248,
-156,-172,-1.07907,
-154,-172,-2.09693,
-152,-172,-3.27079,
-150,-172,-4.63266,
-148,-172,-6.22562,
-146,-172,-8.10499,
-144,-172,-10.3213,
-142,-172,-12.804,
-140,-172,-14.8685,
-138,-172,-14.8668,
-136,-172,-12.8349,
-134,-172,-10.4066,
-132,-172,-8.23139,
-130,-172,-6.36902,
-128,-172,-4.76757,
-126,-172,-3.37408,
-124,-172,-2.14957,
-122,-172,-1.0669,
-120,-172,-0.106889,
-118,-172,0.744722,
-116,-172,1.49929,
-114,-172,2.1665,
-112,-172,2.75511,
-110,-172,3.27324,
-108,-172,3.72854,
-106,-172,4.12809,
-104,-172,4.47828,
-102,-172,4.7846,
-100,-172,5.05144,
-98,-172,5.28195,
-96,-172,5.47792,
-94,-172,5.63979,
-92,-172,5.76668,
-90,-172,5.85653,
-88,-172,5.90627,
-86,-172,5.9119,
-84,-172,5.86866,
-82,-172,5.77115,
-80,-172,5.61332,
-78,-172,5.38853,
-76,-172,5.08954,
-74,-172,4.70842,
-72,-172,4.23657,
-70,-172,3.66464,
-68,-172,2.98255,
-66,-172,2.17959,
-64,-172,1.24478,
-62,-172,0.167743,
-60,-172,-1.05932,
-58,-172,-2.43747,
-56,-172,-3.95284,
-54,-172,-5.56191,
-52,-172,-7.17161,
-50,-172,-8.63046,
-48,-172,-9.77117,
-46,-172,-10.5131,
-44,-172,-10.9142,
-42,-172,-11.0821,
-40,-172,-11.0502,
-38,-172,-10.741,
-36,-172,-10.0449,
-34,-172,-8.95322,
-32,-172,-7.59521,
-30,-172,-6.14494,
-28,-172,-4.73336,
-26,-172,-3.43125,
-24,-172,-2.26695,
-22,-172,-1.24554,
-20,-172,-0.360936,
-18,-172,0.397584,
-16,-172,1.04224,
-14,-172,1.5852,
-12,-172,2.03787,
-10,-172,2.41048,
-8,-172,2.71195,
-6,-172,2.94973,
-4,-172,3.12971,
-2,-172,3.25623,
0,-172,3.332,
2,-172,3.35818,
4,-172,3.33441,
6,-172,3.25888,
8,-172,3.12841,
10,-172,2.93854,
12,-172,2.68352,
14,-172,2.3563,
16,-172,1.94837,
18,-172,1.44946,
20,-172,0.847004,
22,-172,0.125241,
24,-172,-0.736262,
26,-172,-1.7651,
28,-172,-3.00021,
30,-172,-4.49914,
32,-172,-6.35045,
34,-172,-8.69152,
36,-172,-11.6955,
38,-172,-15.1143,
40,-172,-15.9666,
42,-172,-12.8854,
44,-172,-9.62172,
46,-172,-7.03813,
48,-172,-4.99403,
50,-172,-3.33156,
52,-172,-1.9473,
54,-172,-0.775793,
56,-172,0.225437,
58,-172,1.08507,
60,-172,1.8234,
62,-172,2.45564,
64,-172,2.99402,
66,-172,3.44898,
68,-172,3.8301,
70,-172,4.14643,
72,-172,4.40681,
74,-172,4.61978,
76,-172,4.79347,
78,-172,4.93531,
80,-172,5.05163,
82,-172,5.14737,
84,-172,5.2257,
86,-172,5.28794,
88,-172,5.33348,
90,-172,5.35996,
92,-172,5.36351,
94,-172,5.33903,
96,-172,5.28052,
98,-172,5.18129,
100,-172,5.03414,
102,-172,4.83142,
104,-172,4.56514,
106,-172,4.22685,
108,-172,3.80765,
110,-172,3.2981,
112,-172,2.68815,
114,-172,1.96704,
116,-172,1.12338,
118,-172,0.145215,
120,-172,-0.979473,
122,-172,-2.26159,
124,-172,-3.70818,
126,-172,-5.31599,
128,-172,-7.05719,
130,-172,-8.84927,
132,-172,-10.5043,
134,-172,-11.6974,
136,-172,-12.0921,
138,-172,-11.6271,
140,-172,-10.5499,
142,-172,-9.15601,
144,-172,-7.64436,
146,-172,-6.12953,
148,-172,-4.67717,
150,-172,-3.32449,
152,-172,-2.09073,
154,-172,-0.983479,
156,-172,-0.00308905,
158,-172,0.854408,
160,-172,1.59534,
162,-172,2.22715,
164,-172,2.75769,
166,-172,3.19473,
168,-172,3.54568,
170,-172,3.81746,
172,-172,4.01635,
174,-172,4.14789,
176,-172,4.21686,
178,-172,4.22718,
180,-172,4.18184,
-180,-170,-1.68799,
-178,-170,-1.60688,
-176,-170,-1.59123,
-174,-170,-1.63916,
-172,-170,-1.7439,
-170,-170,-1.8946,
-168,-170,-2.07768,
-166,-170,-2.27876,
-164,-170,-2.48506,
-162,-170,-2.68788,
-160,-170,-2.8843,
-158,-170,-3.07771,
-156,-170,-3.27685,
-154,-170,-3.49425,
-152,-170,-3.74465,
-150,-170,-4.04436,
-148,-170,-4.4118,
-146,-170,-4.86927,
-144,-170,-5.44553,
-142,-170,-6.1791,
-140,-170,-7.12195,
-138,-170,-8.3428,
-136,-170,-9.92353,
-134,-170,-11.9118,
-132,-170,-14.0497,
-130,-170,-15.019,
-128,-170,-13.5442,
-126,-170,-11.0502,
-124,-170,-8.79061,
-122,-170,-7.00506,
-120,-170,-5.66082,
-118,-170,-4.69669,
-116,-170,-4.06377,
-114,-170,-3.72726,
-112,-170,-3.66234,
-110,-170,-3.8495,
-108,-170,-4.26938,
-106,-170,-4.89564,
-104,-170,-5.68425,
-102,-170,-6.55912,
-100,-170,-7.40098,
-98,-170,-8.06222,
-96,-170,-8.42895,
-94,-170,-8.49266,
-92,-170,-8.34482,
-90,-170,-8.09762,
-88,-170,-7.81913,
-86,-170,-7.51932,
-84,-170,-7.16877,
-82,-170,-6.73123,
-80,-170,-6.19583,
-78,-170,-5.59165,
-76,-170,-4.97789,
-74,-170,-4.42201,
-72,-170,-3.98322,
-70,-170,-3.70648,
-68,-170,-3.62357,
-66,-170,-3.75594,
-64,-170,-4.11611,
-62,-170,-4.7052,
-60,-170,-5.5037,
-58,-170,-6.45131,
-56,-170,-7.41693,
-54,-170,-8.18935,
-52,-170,-8.56365,
-50,-170,-8.51174,
-48,-170,-8.21568,
-46,-170,-7.90958,
-44,-170,-7.75765,
-42,-170,-7.8429,
-40,-170,-8.19156,
-38,-170,-8.78591,
-36,-170,-9.55574,
-34,-170,-10.3555,
-32,-170,-10.9654,
-30,-170,-11.1899,
-28,-170,-11.0172,
-26,-170,-10.6263,
-24,-170,-10.2276,
-22,-170,-9.95498,
-20,-170,-9.85762,
-18,-170,-9.91999,
-16,-170,-10.0736,
-14,-170,-10.2047,
-12,-170,-10.1808,
-10,-170,-9.90977,
-8,-170,-9.39351,
-6,-170,-8.71719,
-4,-170,-7.98741,
-2,-170,-7.28449,
0,-170,-6.65096,
2,-170,-6.09968,
4,-170,-5.62547,
6,-170,-5.21467,
8,-170,-4.85227,
10,-170,-4.52689,
12,-170,-4.23373,
14,-170,-3.97523,
16,-170,-3.7599,
18,-170,-3.59993,
20,-170,-3.50874,
22,-170,-3.49925,
24,-170,-3.58305,
26,-170,-3.77068,
28,-170,-4.07297,
30,-170,-4.50332,
32,-170,-5.08116,
34,-170,-5.83684,
36,-170,-6.81845,
38,-170,-8.10191,
40,-170,-9.80419,
42,-170,-12.0832,
44,-170,-14.9419,
46,-170,-16.7995,
48,-170,-14.7066,
50,-170,-11.2738,
52,-170,-8.42029,
54,-170,-6.22583,
56,-170,-4.54962,
58,-170,-3.28356,
60,-170,-2.35798,
62,-170,-1.72863,
64,-170,-1.36739,
66,-170,-1.25662,
68,-170,-1.38549,
70,-170,-1.74735,
72,-170,-2.33671,
74,-170,-3.14481,
76,-170,-4.15117,
78,-170,-5.30836,
80,-170,-6.51814,
82,-170,-7.61284,
84,-170,-8.38916,
86,-170,-8.73003,
88,-170,-8.70012,
90,-170,-8.47119,
92,-170,-8.18376,
94,-170,-7.8906,
96,-170,-7.57113,
98,-170,-7.17112,
100,-170,-6.64893,
102,-170,-6.00973,
104,-170,-5.3073,
106,-170,-4.61813,
108,-170,-4.0141,
110,-170,-3.5496,
112,-170,-3.26106,
114,-170,-3.17118,
116,-170,-3.29291,
118,-170,-3.63111,
120,-170,-4.18104,
122,-170,-4.92237,
124,-170,-5.80776,
126,-170,-6.74827,
128,-170,-7.6096,
130,-170,-8.24969,
132,-170,-8.60211,
134,-170,-8.72658,
136,-170,-8.75661,
138,-170,-8.80752,
140,-170,-8.9252,
142,-170,-9.07483,
144,-170,-9.15118,
146,-170,-9.02152,
148,-170,-8.60774,
150,-170,-7.94575,
152,-170,-7.15331,
154,-170,-6.35152,
156,-170,-5.61986,
158,-170,-4.99343,
160,-170,-4.47579,
162,-170,-4.05162,
164,-170,-3.69638,
166,-170,-3.3838,
168,-170,-3.09203,
170,-170,-2.80827,
172,-170,-2.53048,
174,-170,-2.26606,
176,-170,-2.02811,
178,-170,-1.83122,
180,-170,-1.68799,
-180,-168,1.49084,
-178,-168,1.53452,
-176,-168,1.40645,
-174,-168,1.11097,
-172,-168,0.650407,
-170,-168,0.0266526,
-168,-168,-0.755516,
-166,-168,-1.68201,
-164,-168,-2.71719,
-162,-168,-3.78386,
-160,-168,-4.74248,
-158,-168,-5.40365,
-156,-168,-5.62028,
-154,-168,-5.40451,
-152,-168,-4.9147,
-150,-168,-4.33278,
-148,-168,-3.78638,
-146,-168,-3.34628,
-144,-168,-3.04918,
-142,-168,-2.91668,
-140,-168,-2.96573,
-138,-168,-3.21248,
-136,-168,-3.67108,
-134,-168,-4.3471,
-132,-168,-5.22191,
-130,-168,-6.22264,
-128,-168,-7.18292,
-126,-168,-7.85284,
-124,-168,-8.05862,
-122,-168,-7.89667,
-120,-168,-7.66135,
-118,-168,-7.63618,
-116,-168,-8.02467,
-114,-168,-8.98866,
-112,-168,-10.6778,
-110,-168,-13.0231,
-108,-168,-14.3488,
-106,-168,-12.0649,
-104,-168,-8.6805,
-102,-168,-5.91469,
-100,-168,-3.84495,
-98,-168,-2.33732,
-96,-168,-1.28707,
-94,-168,-0.629014,
-92,-168,-0.327676,
-90,-168,-0.37061,
-88,-168,-0.765862,
-86,-168,-1.54234,
-84,-168,-2.75002,
-82,-168,-4.44473,
-80,-168,-6.57752,
-78,-168,-8.48673,
-76,-168,-8.42062,
-74,-168,-6.35509,
-72,-168,-4.04768,
-70,-168,-2.1774,
-68,-168,-0.795465,
-66,-168,0.158571,
-64,-168,0.74453,
-62,-168,1.00801,
-60,-168,0.983717,
-58,-168,0.700702,
-56,-168,0.187173,
-54,-168,-0.525631,
-52,-168,-1.40147,
-50,-168,-2.40096,
-48,-168,-3.48931,
-46,-168,-4.6487,
-44,-168,-5.88839,
-42,-168,-7.24199,
-40,-168,-8.7442,
-38,-168,-10.3821,
-36,-168,-12.02,
-34,-168,-13.3608,
-32,-168,-14.1517,
-30,-168,-14.5471,
-28,-168,-15.0175,
-26,-168,-15.9592,
-24,-168,-17.3355,
-22,-168,-17.6601,
-20,-168,-15.0881,
-18,-168,-11.5231,
-16,-168,-8.4314,
-14,-168,-5.9649,
-12,-168,-4.02408,
-10,-168,-2.50915,
-8,-168,-1.34647,
-6,-168,-0.483807,
-4,-168,0.115993,
-2,-168,0.479499,
0,-168,0.62567,
2,-168,0.567818,
4,-168,0.315048,
6,-168,-0.126408,
8,-168,-0.751435,
10,-168,-1.55292,
12,-168,-2.51554,
14,-168,-3.60328,
16,-168,-4.73712,
18,-168,-5.76693,
20,-168,-6.47433,
22,-168,-6.67346,
24,-168,-6.36363,
26,-168,-5.72648,
28,-168,-4.97342,
30,-168,-4.24983,
32,-168,-3.63535,
34,-168,-3.1724,
36,-168,-2.88798,
38,-168,-2.80509,
40,-168,-2.94756,
42,-168,-3.34099,
44,-168,-4.00974,
46,-168,-4.96581,
48,-168,-6.17607,
50,-168,-7.48185,
52,-168,-8.48822,
54,-168,-8.70213,
56,-168,-8.11155,
58,-168,-7.22515,
60,-168,-6.49118,
62,-168,-6.12432,
64,-168,-6.2146,
66,-168,-6.81075,
68,-168,-7.93059,
70,-168,-9.44162,
72,-168,-10.6207,
74,-168,-10.0794,
76,-168,-7.97307,
78,-168,-5.66408,
80,-168,-3.73133,
82,-168,-2.24872,
84,-168,-1.17777,
86,-168,-0.474468,
88,-168,-0.109856,
90,-168,-0.0729736,
92,-168,-0.372307,
94,-168,-1.04008,
96,-168,-2.14279,
98,-168,-3.80463,
100,-168,-6.25763,
102,-168,-9.90582,
104,-168,-14.3459,
106,-168,-12.7738,
108,-168,-8.29059,
110,-168,-5.13707,
112,-168,-3.01939,
114,-168,-1.60256,
116,-168,-0.703892,
118,-168,-0.221121,
120,-168,-0.0928714,
122,-168,-0.27883,
124,-168,-0.748526,
126,-168,-1.47367,
128,-168,-2.42216,
130,-168,-3.5538,
132,-168,-4.82036,
134,-168,-6.17342,
136,-168,-7.58076,
138,-168,-9.04139,
140,-168,-10.5811,
142,-168,-12.2157,
144,-168,-13.8859,
146,-168,-15.4058,
148,-168,-16.5556,
150,-168,-17.3522,
152,-168,-18.0729,
154,-168,-18.7537,
156,-168,-18.4319,
158,-168,-16.0474,
160,-168,-12.7132,
162,-168,-9.60058,
164,-168,-6.98556,
166,-168,-4.84447,
168,-168,-3.10778,
170,-168,-1.71294,
172,-168,-0.610924,
174,-168,0.235574,
176,-168,0.854797,
178,-168,1.26799,
180,-168,1.49084,
-180,-166,-2.49218,
-178,-166,-2.8453,
-176,-166,-3.34487,
-174,-166,-3.98429,
-172,-166,-4.77471,
-170,-166,-5.75348,
-168,-166,-6.99613,
-166,-166,-8.63893,
-164,-166,-10.9368,
-162,-166,-14.4534,
-160,-166,-20.9317,
-158,-166,-26.8884,
-156,-166,-16.8713,
-154,-166,-11.9873,
-152,-166,-8.96877,
-150,-166,-6.87287,
-148,-166,-5.33521,
-146,-166,-4.17343,
-144,-166,-3.28378,
-142,-166,-2.60584,
-140,-166,-2.10674,
-138,-166,-1.76997,
-136,-166,-1.58428,
-134,-166,-1.53231,
-132,-166,-1.58092,
-130,-166,-1.67729,
-128,-166,-1.75811,
-126,-166,-1.77545,
-124,-166,-1.72706,
-122,-166,-1.66555,
-120,-166,-1.67744,
-118,-166,-1.85233,
-116,-166,-2.26198,
-114,-166,-2.94825,
-112,-166,-3.90272,
-110,-166,-5.01235,
-108,-166,-5.96747,
-106,-166,-6.29798,
-104,-166,-5.80905,
-102,-166,-4.84252,
-100,-166,-3.83931,
-98,-166,-3.03748,
-96,-166,-2.51995,
-94,-166,-2.30588,
-92,-166,-2.39828,
-90,-166,-2.80443,
-88,-166,-3.54485,
-86,-166,-4.65462,
-84,-166,-6.16063,
-82,-166,-7.95086,
-80,-166,-9.30929,
-78,-166,-8.79376,
-76,-166,-6.58244,
-74,-166,-4.1206,
-72,-166,-2.00971,
-70,-166,-0.330607,
-68,-166,0.948274,
-66,-166,1.86597,
-64,-166,2.45159,
-62,-166,2.72463,
-60,-166,2.69826,
-58,-166,2.38287,
-56,-166,1.78996,
-54,-166,0.936928,
-52,-166,-0.146759,
-50,-166,-1.41206,
-48,-166,-2.78367,
-46,-166,-4.15829,
-44,-166,-5.41157,
-42,-166,-6.41232,
-40,-166,-7.04705,
-38,-166,-7.27063,
-36,-166,-7.16208,
-34,-166,-6.90971,
-32,-166,-6.72843,
-30,-166,-6.80029,
-28,-166,-7.27389,
-26,-166,-8.30006,
-24,-166,-10.0903,
-22,-166,-12.9967,
-20,-166,-17.1582,
-18,-166,-17.5144,
-16,-166,-12.7931,
-14,-166,-9.09175,
-12,-166,-6.53845,
-10,-166,-4.75111,
-8,-166,-3.50835,
-6,-166,-2.68476,
-4,-166,-2.20445,
-2,-166,-2.01811,
0,-166,-2.091,
2,-166,-2.3963,
4,-166,-2.91137,
6,-166,-3.6165,
8,-166,-4.49667,
10,-166,-5.5476,
12,-166,-6.78717,
14,-166,-8.27358,
16,-166,-10.1348,
18,-166,-12.6292,
20,-166,-16.3042,
22,-166,-22.0589,
24,-166,-21.9844,
26,-166,-15.7182,
28,-166,-11.572,
30,-166,-8.69306,
32,-166,-6.55027,
34,-166,-4.90174,
36,-166,-3.62731,
38,-166,-2.66348,
40,-166,-1.97383,
42,-166,-1.53192,
44,-166,-1.30853,
46,-166,-1.26012,
48,-166,-1.31954,
50,-166,-1.39591,
52,-166,-1.39598,
54,-166,-1.26733,
56,-166,-1.03167,
58,-166,-0.772461,
60,-166,-0.590298,
62,-166,-0.566877,
64,-166,-0.75159,
66,-166,-1.15923,
68,-166,-1.76497,
70,-166,-2.49012,
72,-166,-3.1868,
74,-166,-3.65992,
76,-166,-3.76993,
78,-166,-3.54471,
80,-166,-3.14905,
82,-166,-2.75924,
84,-166,-2.49428,
86,-166,-2.41953,
88,-166,-2.57199,
90,-166,-2.98306,
92,-166,-3.69696,
94,-166,-4.79166,
96,-166,-6.41495,
98,-166,-8.87013,
100,-166,-12.8619,
102,-166,-19.3224,
104,-166,-15.7884,
106,-166,-9.64358,
108,-166,-5.80945,
110,-166,-3.19115,
112,-166,-1.32628,
114,-166,-0.00809086,
116,-166,0.867233,
118,-166,1.3554,
120,-166,1.48697,
122,-166,1.27849,
124,-166,0.738764,
126,-166,-0.126471,
128,-166,-1.3098,
130,-166,-2.79568,
132,-166,-4.55022,
134,-166,-6.50407,
136,-166,-8.52249,
138,-166,-10.3601,
140,-166,-11.6524,
142,-166,-12.1127,
144,-166,-11.8632,
146,-166,-11.3493,
148,-166,-10.984,
150,-166,-11.0357,
152,-166,-11.697,
154,-166,-13.1581,
156,-166,-15.534,
158,-166,-17.6504,
160,-166,-15.7364,
162,-166,-11.9591,
164,-166,-8.88551,
166,-166,-6.62161,
168,-166,-4.97677,
170,-166,-3.80603,
172,-166,-3.01234,
174,-166,-2.52853,
176,-166,-2.30518,
178,-166,-2.30361,
180,-166,-2.49218,
-180,-164,-8.35773,
-178,-164,-9.07826,
-176,-164,-9.74138,
-174,-164,-10.2117,
-172,-164,-10.3966,
-170,-164,-10.2949,
-168,-164,-9.98938,
-166,-164,-9.58923,
-164,-164,-9.17489,
-162,-164,-8.77381,
-160,-164,-8.36321,
-158,-164,-7.89705,
-156,-164,-7.35143,
-154,-164,-6.76016,
-152,-164,-6.20848,
-150,-164,-5.79354,
-148,-164,-5.58639,
-146,-164,-5.6094,
-144,-164,-5.82101,
-142,-164,-6.10603,
-140,-164,-6.29799,
-138,-164,-6.2665,
-136,-164,-6.01087,
-134,-164,-5.63369,
-132,-164,-5.22466,
-130,-164,-4.79346,
-128,-164,-4.29463,
-126,-164,-3.70312,
-124,-164,-3.06842,
-122,-164,-2.49827,
-120,-164,-2.10482,
-118,-164,-1.96953,
-116,-164,-2.13666,
-114,-164,-2.61832,
-112,-164,-3.39813,
-110,-164,-4.43161,
-108,-164,-5.64992,
-106,-164,-6.98228,
-104,-164,-8.40701,
-102,-164,-10.0112,
-100,-164,-12.0257,
-98,-164,-14.86,
-96,-164,-19.1704,
-94,-164,-23.5357,
-92,-164,-19.5384,
-90,-164,-15.1732,
-88,-164,-12.3882,
-86,-164,-10.5668,
-84,-164,-9.32907,
-82,-164,-8.4313,
-80,-164,-7.68732,
-78,-164,-6.94557,
-76,-164,-6.09771,
-74,-164,-5.09974,
-72,-164,-3.98081,
-70,-164,-2.82444,
-68,-164,-1.73338,
-66,-164,-0.801432,
-64,-164,-0.101821,
-62,-164,0.312356,
-60,-164,0.403296,
-58,-164,0.143795,
-56,-164,-0.485262,
-54,-164,-1.49404,
-52,-164,-2.87767,
-50,-164,-4.6013,
-48,-164,-6.5707,
-46,-164,-8.58546,
-44,-164,-10.2994,
-42,-164,-11.2941,
-40,-164,-11.372,
-38,-164,-10.7751,
-36,-164,-9.95466,
-34,-164,-9.26393,
-32,-164,-8.89715,
-30,-164,-8.94692,
-28,-164,-9.4604,
-26,-164,-10.4699,
-24,-164,-11.9794,
-22,-164,-13.787,
-20,-164,-14.8557,
-18,-164,-13.6596,
-16,-164,-11.0683,
-14,-164,-8.54416,
-12,-164,-6.49603,
-10,-164,-4.94184,
-8,-164,-3.8387,
-6,-164,-3.14966,
-4,-164,-2.85322,
-2,-164,-2.94427,
0,-164,-3.43573,
2,-164,-4.36376,
4,-164,-5.7987,
6,-164,-7.86635,
8,-164,-10.7768,
10,-164,-14.7053,
12,-164,-17.8566,
14,-164,-15.8042,
16,-164,-12.6779,
18,-164,-10.5127,
20,-164,-9.12412,
22,-164,-8.25721,
24,-164,-7.74403,
26,-164,-7.48595,
28,-164,-7.43597,
30,-164,-7.57363,
32,-164,-7.86248,
34,-164,-8.19355,
36,-164,-8.35391,
38,-164,-8.1209,
40,-164,-7.47388,
42,-164,-6.623,
44,-164,-5.79647,
46,-164,-5.09529,
48,-164,-4.49131,
50,-164,-3.88472,
52,-164,-3.18876,
54,-164,-2.40416,
56,-164,-1.62119,
58,-164,-0.958411,
60,-164,-0.510018,
62,-164,-0.331482,
64,-164,-0.446464,
66,-164,-0.857032,
68,-164,-1.55124,
70,-164,-2.50904,
72,-164,-3.71002,
74,-164,-5.14657,
76,-164,-6.84363,
78,-164,-8.88135,
80,-164,-11.4069,
82,-164,-14.5569,
84,-164,-17.7034,
86,-164,-17.8141,
88,-164,-15.2451,
90,-164,-12.9141,
92,-164,-11.3186,
94,-164,-10.3143,
96,-164,-9.71652,
98,-164,-9.34398,
100,-164,-9.00919,
102,-164,-8.53095,
104,-164,-7.78026,
106,-164,-6.73074,
108,-164,-5.46301,
110,-164,-4.11572,
112,-164,-2.82885,
114,-164,-1.71377,
116,-164,-0.848953,
118,-164,-0.286981,
120,-164,-0.0633846,
122,-164,-0.20333,
124,-164,-0.725308,
126,-164,-1.64135,
128,-164,-2.95235,
130,-164,-4.63515,
132,-164,-6.61505,
134,-164,-8.71912,
136,-164,-10.6293,
138,-164,-11.9272,
140,-164,-12.3374,
142,-164,-11.983,
144,-164,-11.2804,
146,-164,-10.6384,
148,-164,-10.3254,
150,-164,-10.4961,
152,-164,-11.2436,
154,-164,-12.6082,
156,-164,-14.4253,
158,-164,-15.7432,
160,-164,-15.0057,
162,-164,-12.8633,
164,-164,-10.7698,
166,-164,-9.15477,
168,-164,-8.02446,
170,-164,-7.31748,
172,-164,-6.97725,
174,-164,-6.95783,
176,-164,-7.21686,
178,-164,-7.70564,
180,-164,-8.35773,
-180,-162,-2.31045,
-178,-162,-2.35476,
-176,-162,-2.49918,
-174,-162,-2.75918,
-172,-162,-3.16293,
-170,-162,-3.73263,
-168,-162,-4.46393,
-166,-162,-5.30469,
-164,-162,-6.13738,
-162,-162,-6.78544,
-160,-162,-7.07144,
-158,-162,-6.90756,
-156,-162,-6.33928,
-154,-162,-5.51511,
-152,-162,-4.62867,
-150,-162,-3.86707,
-148,-162,-3.38131,
-146,-162,-3.28226,
-144,-162,-3.65111,
-142,-162,-4.55103,
-140,-162,-6.03167,
-138,-162,-8.11932,
-136,-162,-10.789,
-134,-162,-13.9617,
-132,-162,-17.6931,
-130,-162,-21.9798,
-128,-162,-20.8266,
-126,-162,-15.3452,
-124,-162,-11.3589,
-122,-162,-8.74322,
-120,-162,-7.13528,
-118,-162,-6.3242,
-116,-162,-6.1813,
-114,-162,-6.61748,
-112,-162,-7.5613,
-110,-162,-8.9506,
-108,-162,-10.7374,
-106,-162,-12.884,
-104,-162,-15.1915,
-102,-162,-16.5276,
-100,-162,-15.2119,
-98,-162,-12.489,
-96,-162,-9.9719,
-94,-162,-8.02259,
-92,-162,-6.62849,
-90,-162,-5.73264,
-88,-162,-5.29025,
-86,-162,-5.27206,
-84,-162,-5.65726,
-82,-162,-6.42122,
-80,-162,-7.51712,
-78,-162,-8.85552,
-76,-162,-10.3035,
-74,-162,-11.7267,
-72,-162,-12.979,
-70,-162,-13.5966,
-68,-162,-12.7241,
-66,-162,-10.5392,
-64,-162,-8.17802,
-62,-162,-6.27216,
-60,-162,-4.9819,
-58,-162,-4.32009,
-56,-162,-4.27474,
-54,-162,-4.84633,
-52,-162,-6.0711,
-50,-162,-8.06662,
-48,-162,-11.1667,
-46,-162,-16.4756,
-44,-162,-31.7064,
-42,-162,-19.7428,
-40,-162,-13.4569,
-38,-162,-10.4632,
-36,-162,-8.96847,
-34,-162,-8.49625,
-32,-162,-8.86788,
-30,-162,-9.99441,
-28,-162,-11.7821,
-26,-162,-14.0325,
-24,-162,-16.3077,
-22,-162,-17.7262,
-20,-162,-16.9452,
-18,-162,-14.0866,
-16,-162,-10.8335,
-14,-162,-8.03556,
-12,-162,-5.83865,
-10,-162,-4.19758,
-8,-162,-3.03603,
-6,-162,-2.28222,
-4,-162,-1.87501,
-2,-162,-1.76388,
0,-162,-1.90851,
2,-162,-2.27928,
4,-162,-2.8585,
6,-162,-3.64065,
8,-162,-4.62793,
10,-162,-5.81297,
12,-162,-7.13201,
14,-162,-8.36684,
16,-162,-9.06406,
18,-162,-8.80742,
20,-162,-7.74104,
22,-162,-6.36077,
24,-162,-5.01951,
26,-162,-3.87806,
28,-162,-3.01288,
30,-162,-2.47754,
32,-162,-2.32199,
34,-162,-2.59625,
36,-162,-3.35006,
38,-162,-4.62987,
40,-162,-6.46832,
42,-162,-8.85582,
44,-162,-11.685,
46,-162,-14.6591,
48,-162,-16.8793,
50,-162,-16.1705,
52,-162,-12.9227,
54,-162,-9.66105,
56,-162,-7.15238,
58,-162,-5.4218,
60,-162,-4.38888,
62,-162,-3.98093,
64,-162,-4.14702,
66,-162,-4.85805,
68,-162,-6.10807,
70,-162,-7.91864,
72,-162,-10.3287,
74,-162,-13.2277,
76,-162,-15.397,
78,-162,-14.4122,
80,-162,-11.7072,
82,-162,-9.25396,
84,-162,-7.372,
86,-162,-6.00617,
88,-162,-5.08749,
90,-162,-4.57331,
92,-162,-4.44492,
94,-162,-4.70258,
96,-162,-5.36171,
98,-162,-6.44777,
100,-162,-7.98325,
102,-162,-9.94462,
104,-162,-12.1194,
106,-162,-13.7776,
108,-162,-13.8089,
110,-162,-12.2545,
112,-162,-10.1073,
114,-162,-7.98471,
116,-162,-6.1468,
118,-162,-4.71618,
120,-162,-3.75306,
122,-162,-3.28426,
124,-162,-3.31936,
126,-162,-3.85903,
128,-162,-4.8983,
130,-162,-6.42756,
132,-162,-8.43113,
134,-162,-10.8595,
136,-162,-13.4405,
138,-162,-15.1105,
140,-162,-14.6529,
142,-162,-13.1148,
144,-162,-11.8571,
146,-162,-11.3009,
148,-162,-11.5191,
150,-162,-12.5227,
152,-162,-14.3218,
154,-162,-16.9172,
156,-162,-20.0751,
158,-162,-21.6663,
160,-162,-18.7106,
162,-162,-14.5769,
164,-162,-11.1074,
166,-162,-8.39465,
168,-162,-6.32992,
170,-162,-4.8065,
172,-162,-3.73127,
174,-162,-3.01981,
176,-162,-2.59277,
178,-162,-2.37672,
180,-162,-2.31045,
-180,-160,-5.85374,
-178,-160,-6.03204,
-176,-160,-6.10615,
-174,-160,-6.06062,
-172,-160,-5.99415,
-170,-160,-6.0589,
-168,-160,-6.39127,
-166,-160,-7.07598,
-164,-160,-8.12292,
-162,-160,-9.41415,
-160,-160,-10.5855,
-158,-160,-10.9592,
-156,-160,-10.0214,
-154,-160,-8.10199,
-152,-160,-5.91429,
-150,-160,-3.93361,
-148,-160,-2.37956,
-146,-160,-1.33989,
-144,-160,-0.842184,
-142,-160,-0.881109,
-140,-160,-1.41887,
-138,-160,-2.36757,
-136,-160,-3.57202,
-134,-160,-4.85007,
-132,-160,-6.1389,
-130,-160,-7.62026,
-128,-160,-9.65501,
-126,-160,-12.6035,
-124,-160,-16.131,
-122,-160,-16.8193,
-120,-160,-14.4253,
-118,-160,-12.512,
-116,-160,-11.5377,
-114,-160,-11.1859,
-112,-160,-11.1085,
-110,-160,-11.0315,
-108,-160,-10.8234,
-106,-160,-10.4849,
-104,-160,-10.0651,
-102,-160,-9.59617,
-100,-160,-9.07499,
-98,-160,-8.47433,
-96,-160,-7.7764,
-94,-160,-7.01,
-92,-160,-6.25348,
-90,-160,-5.5995,
-88,-160,-5.11873,
-86,-160,-4.8466,
-84,-160,-4.78821,
-82,-160,-4.92859,
-80,-160,-5.24139,
-78,-160,-5.69661,
-76,-160,-6.27699,
-74,-160,-7.01473,
-72,-160,-8.04673,
-70,-160,-9.6838,
-68,-160,-12.5793,
-66,-160,-18.5411,
-64,-160,-23.2598,
-62,-160,-13.6813,
-60,-160,-9.03039,
-58,-160,-6.47381,
-56,-160,-5.15325,
-54,-160,-4.77145,
-52,-160,-5.24671,
-50,-160,-6.65878,
-48,-160,-9.29906,
-46,-160,-13.5073,
-44,-160,-14.9789,
-42,-160,-10.3674,
-40,-160,-6.89221,
-38,-160,-4.94555,
-36,-160,-4.1581,
-34,-160,-4.36613,
-32,-160,-5.54892,
-30,-160,-7.80928,
-28,-160,-11.4262,
-26,-160,-16.9594,
-24,-160,-22.961,
-22,-160,-20.5451,
-20,-160,-17.6208,
-18,-160,-15.7642,
-16,-160,-14.181,
-14,-160,-12.7819,
-12,-160,-11.7353,
-10,-160,-11.1018,
-8,-160,-10.8069,
-6,-160,-10.7108,
-4,-160,-10.6653,
-2,-160,-10.521,
0,-160,-10.103,
2,-160,-9.27848,
4,-160,-8.12096,
6,-160,-6.90222,
8,-160,-5.90104,
10,-160,-5.29718,
12,-160,-5.18189,
14,-160,-5.58462,
16,-160,-6.45594,
18,-160,-7.55324,
20,-160,-8.23843,
22,-160,-7.75937,
24,-160,-6.26448,
26,-160,-4.49203,
28,-160,-2.887,
30,-160,-1.61121,
32,-160,-0.729149,
34,-160,-0.27758,
36,-160,-0.276345,
38,-160,-0.720525,
40,-160,-1.56321,
42,-160,-2.6958,
44,-160,-3.95933,
46,-160,-5.24147,
48,-160,-6.61146,
50,-160,-8.30199,
52,-160,-10.4478,
54,-160,-12.4228,
56,-160,-12.5002,
58,-160,-10.9973,
60,-160,-9.67853,
62,-160,-9.10933,
64,-160,-9.25278,
66,-160,-9.86737,
68,-160,-10.4856,
70,-160,-10.4927,
72,-160,-9.68427,
74,-160,-8.46178,
76,-160,-7.25261,
78,-160,-6.24329,
80,-160,-5.46611,
82,-160,-4.88932,
84,-160,-4.46186,
86,-160,-4.14027,
88,-160,-3.90688,
90,-160,-3.7739,
92,-160,-3.77292,
94,-160,-3.94007,
96,-160,-4.30802,
98,-160,-4.90724,
100,-160,-5.77216,
102,-160,-6.94734,
104,-160,-8.49456,
106,-160,-10.5149,
108,-160,-13.2179,
110,-160,-17.007,
112,-160,-20.6474,
114,-160,-16.9497,
116,-160,-12.0429,
118,-160,-8.62042,
120,-160,-6.32548,
122,-160,-4.90516,
124,-160,-4.23395,
126,-160,-4.25848,
128,-160,-4.9851,
130,-160,-6.50366,
132,-160,-9.06481,
134,-160,-13.2392,
136,-160,-18.5908,
138,-160,-15.5983,
140,-160,-11.3216,
142,-160,-9.11493,
144,-160,-8.42428,
146,-160,-9.04071,
148,-160,-10.9999,
150,-160,-14.2085,
152,-160,-16.1748,
154,-160,-14.1185,
156,-160,-12.1302,
158,-160,-11.6823,
160,-160,-12.9414,
162,-160,-16.3446,
164,-160,-20.5347,
166,-160,-15.9642,
168,-160,-11.3252,
170,-160,-8.54909,
172,-160,-6.92377,
174,-160,-6.05313,
176,-160,-5.70102,
178,-160,-5.68972,
180,-160,-5.85374,
-180,-158,-10.523,
-178,-158,-10.5221,
-176,-158,-11.3166,
-174,-158,-12.6195,
-172,-158,-13.6855,
-170,-158,-13.7105,
-168,-158,-13.1607,
-166,-158,-13.0429,
-164,-158,-13.8565,
-162,-158,-15.563,
-160,-158,-16.9668,
-158,-158,-16.1066,
-156,-158,-14.0052,
-154,-158,-11.785,
-152,-158,-9.25164,
-150,-158,-6.50428,
-148,-158,-4.04569,
-146,-158,-2.21493,
-144,-158,-1.13319,
-142,-158,-0.83212,
-140,-158,-1.32227,
-138,-158,-2.59923,
-136,-158,-4.57115,
-134,-158,-6.81068,
-132,-158,-8.32088,
-130,-158,-8.60837,
-128,-158,-8.52569,
-126,-158,-8.79668,
-124,-158,-9.60785,
-122,-158,-11.0155,
-120,-158,-13.246,
-118,-158,-16.9591,
-116,-158,-23.0016,
-114,-158,-20.2656,
-112,-158,-14.2829,
-110,-158,-10.5995,
-108,-158,-8.20867,
-106,-158,-6.6658,
-104,-158,-5.77521,
-102,-158,-5.38164,
-100,-158,-5.2167,
-98,-158,-4.82219,
-96,-158,-3.83183,
-94,-158,-2.41416,
-92,-158,-1.02986,
-90,-158,0.00957718,
-88,-158,0.585172,
-86,-158,0.678115,
-84,-158,0.314789,
-82,-158,-0.451444,
-80,-158,-1.54622,
-78,-158,-2.88695,
-76,-158,-4.41026,
-74,-158,-6.09768,
-72,-158,-7.97289,
-70,-158,-10.0927,
-68,-158,-12.5877,
-66,-158,-15.4821,
-64,-158,-16.5063,
-62,-158,-13.0351,
-60,-158,-9.22122,
-58,-158,-6.50617,
-56,-158,-4.80896,
-54,-158,-3.9916,
-52,-158,-3.99942,
-50,-158,-4.8647,
-48,-158,-6.64641,
-46,-158,-8.88274,
-44,-158,-8.99567,
-42,-158,-6.40108,
-40,-158,-4.03263,
-38,-158,-2.75723,
-36,-158,-2.62207,
-34,-158,-3.69086,
-32,-158,-6.25846,
-30,-158,-11.2694,
-28,-158,-19.522,
-26,-158,-12.8625,
-24,-158,-8.1493,
-22,-158,-5.82361,
-20,-158,-4.69619,
-18,-158,-4.34651,
-16,-158,-4.64246,
-14,-158,-5.5846,
-12,-158,-7.18519,
-10,-158,-9.1824,
-8,-158,-10.4272,
-6,-158,-9.83216,
-4,-158,-8.57742,
-2,-158,-7.88356,
0,-158,-8.09201,
2,-158,-9.18681,
4,-158,-10.6432,
6,-158,-10.8101,
8,-158,-9.09027,
10,-158,-7.19894,
12,-158,-6.05365,
14,-158,-5.80834,
16,-158,-6.45574,
18,-158,-7.91871,
20,-158,-9.81257,
22,-158,-10.9428,
24,-158,-10.2625,
26,-158,-8.57612,
28,-158,-6.69429,
30,-158,-4.84856,
32,-158,-3.23527,
34,-158,-2.07406,
36,-158,-1.52265,
38,-158,-1.67137,
40,-158,-2.56592,
42,-158,-4.19373,
44,-158,-6.36421,
46,-158,-8.4359,
48,-158,-9.50738,
50,-158,-9.6663,
52,-158,-9.65391,
54,-158,-9.73993,
56,-158,-9.91809,
58,-158,-10.3334,
60,-158,-11.3383,
62,-158,-13.3995,
64,-158,-17.0728,
66,-158,-20.245,
68,-158,-15.8735,
70,-158,-11.4359,
72,-158,-8.46783,
74,-158,-6.47309,
76,-158,-5.14624,
78,-158,-4.27016,
80,-158,-3.61011,
82,-158,-2.90407,
84,-158,-1.98773,
86,-158,-0.922435,
88,-158,0.0820591,
90,-158,0.833599,
92,-158,1.22209,
94,-158,1.20471,
96,-158,0.780641,
98,-158,-0.0239611,
100,-158,-1.1663,
102,-158,-2.60509,
104,-158,-4.33576,
106,-158,-6.43762,
108,-158,-9.12242,
110,-158,-12.7986,
112,-158,-17.7637,
114,-158,-18.3598,
116,-158,-13.3723,
118,-158,-9.58566,
120,-158,-7.01508,
122,-158,-5.35084,
124,-158,-4.47302,
126,-158,-4.36556,
128,-158,-5.10192,
130,-158,-6.90254,
132,-158,-10.293,
134,-158,-15.5527,
136,-158,-13.59,
138,-158,-8.54272,
140,-158,-5.73421,
142,-158,-4.57559,
144,-158,-4.83266,
146,-158,-6.68337,
148,-158,-11.0186,
150,-158,-19.6264,
152,-158,-12.7245,
154,-158,-7.4961,
156,-158,-5.08439,
158,-158,-4.17871,
160,-158,-4.31972,
162,-158,-5.31419,
164,-158,-7.1018,
166,-158,-9.76829,
168,-158,-13.733,
170,-158,-20.6353,
172,-158,-27.9804,
174,-158,-18.003,
176,-158,-13.6706,
178,-158,-11.4754,
180,-158,-10.523,
-180,-156,-11.2435,
-178,-156,-10.5581,
-176,-156,-10.8659,
-174,-156,-12.3443,
-172,-156,-14.7173,
-170,-156,-15.0854,
-168,-156,-12.1358,
-166,-156,-9.46426,
-164,-156,-7.91608,
-162,-156,-7.27588,
-160,-156,-7.21638,
-158,-156,-7.44731,
-156,-156,-7.92806,
-154,-156,-8.97054,
-152,-156,-10.7985,
-150,-156,-11.4374,
-148,-156,-8.18732,
-146,-156,-4.65824,
-144,-156,-2.40159,
-142,-156,-1.41363,
-140,-156,-1.64422,
-138,-156,-3.21209,
-136,-156,-6.58884,
-134,-156,-13.241,
-132,-156,-16.0379,
-130,-156,-9.12589,
-128,-156,-5.79975,
-126,-156,-4.21507,
-124,-156,-3.62055,
-122,-156,-3.71992,
-120,-156,-4.38967,
-118,-156,-5.58378,
-116,-156,-7.31894,
-114,-156,-9.69791,
-112,-156,-12.6706,
-110,-156,-14.1381,
-108,-156,-11.5898,
-106,-156,-8.54911,
-104,-156,-6.49307,
-102,-156,-5.30704,
-100,-156,-4.64303,
-98,-156,-4.05138,
-96,-156,-3.16428,
-94,-156,-2.00238,
-92,-156,-0.885156,
-90,-156,-0.100254,
-88,-156,0.197397,
-86,-156,-0.0653218,
-84,-156,-0.927794,
-82,-156,-2.40805,
-80,-156,-4.47701,
-78,-156,-6.99675,
-76,-156,-9.72286,
-74,-156,-12.6546,
-72,-156,-16.5446,
-70,-156,-21.1235,
-68,-156,-17.6096,
-66,-156,-13.0901,
-64,-156,-10.4284,
-62,-156,-8.73348,
-60,-156,-7.30927,
-58,-156,-5.86748,
-56,-156,-4.54477,
-54,-156,-3.60002,
-52,-156,-3.21348,
-50,-156,-3.48031,
-48,-156,-4.37005,
-46,-156,-5.40349,
-44,-156,-5.33161,
-42,-156,-3.87319,
-40,-156,-2.39831,
-38,-156,-1.7857,
-36,-156,-2.36703,
-34,-156,-4.50132,
-32,-156,-9.20853,
-30,-156,-20.1682,
-28,-156,-11.8053,
-26,-156,-6.32821,
-24,-156,-3.78215,
-22,-156,-2.54084,
-20,-156,-2.04929,
-18,-156,-2.0814,
-16,-156,-2.56251,
-14,-156,-3.46672,
-12,-156,-4.70888,
-10,-156,-6.0159,
-8,-156,-6.9073,
-6,-156,-7.10616,
-4,-156,-6.91883,
-2,-156,-6.83546,
0,-156,-7.16674,
2,-156,-8.07806,
4,-156,-9.6285,
6,-156,-11.443,
8,-156,-11.895,
10,-156,-10.1722,
12,-156,-8.15272,
14,-156,-6.8821,
16,-156,-6.48807,
18,-156,-6.83366,
20,-156,-7.59367,
22,-156,-8.32667,
24,-156,-8.97252,
26,-156,-10.1466,
28,-156,-12.4106,
30,-156,-13.0814,
32,-156,-8.99807,
34,-156,-5.3287,
36,-156,-3.23498,
38,-156,-2.54241,
40,-156,-3.19901,
42,-156,-5.4305,
44,-156,-10.1201,
46,-156,-18.9907,
48,-156,-12.3757,
50,-156,-7.19501,
52,-156,-4.59087,
54,-156,-3.21058,
56,-156,-2.58195,
58,-156,-2.51215,
60,-156,-2.90192,
62,-156,-3.67108,
64,-156,-4.75052,
66,-156,-6.11517,
68,-156,-7.76682,
70,-156,-9.48348,
72,-156,-10.3378,
74,-156,-9.53787,
76,-156,-7.9883,
78,-156,-6.59903,
80,-156,-5.4653,
82,-156,-4.35174,
84,-156,-3.10035,
86,-156,-1.8052,
88,-156,-0.687424,
90,-156,0.0744522,
92,-156,0.38151,
94,-156,0.186254,
96,-156,-0.531214,
98,-156,-1.76478,
100,-156,-3.45926,
102,-156,-5.47526,
104,-156,-7.6219,
106,-156,-9.88871,
108,-156,-12.7432,
110,-156,-17.1957,
112,-156,-21.7482,
114,-156,-16.6026,
116,-156,-12.0166,
118,-156,-9.07758,
120,-156,-7.03066,
122,-156,-5.59002,
124,-156,-4.72098,
126,-156,-4.49675,
128,-156,-5.04829,
130,-156,-6.56906,
132,-156,-9.13649,
134,-156,-10.8015,
136,-156,-8.09008,
138,-156,-4.8125,
140,-156,-2.83019,
142,-156,-2.18267,
144,-156,-2.91212,
146,-156,-5.39773,
148,-156,-11.1353,
150,-156,-21.266,
152,-156,-9.66304,
154,-156,-5.26559,
156,-156,-3.39157,
158,-156,-2.86593,
160,-156,-3.23597,
162,-156,-4.23537,
164,-156,-5.65827,
166,-156,-7.34539,
168,-156,-9.21196,
170,-156,-11.2325,
172,-156,-13.2582,
174,-156,-14.5799,
176,-156,-14.2003,
178,-156,-12.6639,
180,-156,-11.2435,
-180,-154,-18.6871,
-178,-154,-17.6805,
-176,-154,-16.6759,
-174,-154,-16.0224,
-172,-154,-13.9747,
-170,-154,-10.3486,
-168,-154,-7.00405,
-166,-154,-4.61886,
-164,-154,-3.21118,
-162,-154,-2.69767,
-160,-154,-2.99004,
-158,-154,-3.98632,
-156,-154,-5.58842,
-154,-154,-7.89422,
-152,-154,-11.7015,
-150,-154,-17.4161,
-148,-154,-11.1609,
-146,-154,-5.34598,
-144,-154,-2.09785,
-142,-154,-0.49796,
-140,-154,-0.228753,
-138,-154,-1.24171,
-136,-154,-3.68111,
-134,-154,-7.75024,
-132,-154,-11.0921,
-130,-154,-8.52898,
-128,-154,-5.72433,
-126,-154,-4.22758,
-124,-154,-3.66931,
-122,-154,-3.75302,
-120,-154,-4.24357,
-118,-154,-4.91801,
-116,-154,-5.66779,
-114,-154,-6.63261,
-112,-154,-8.12185,
-110,-154,-10.3503,
-108,-154,-12.7746,
-106,-154,-13.0849,
-104,-154,-11.1061,
-102,-154,-9.07702,
-100,-154,-7.60895,
-98,-154,-6.67173,
-96,-154,-6.23035,
-94,-154,-6.30283,
-92,-154,-6.91843,
-90,-154,-8.0789,
-88,-154,-9.72218,
-86,-154,-11.6814,
-84,-154,-13.6749,
-82,-154,-15.3539,
-80,-154,-16.3107,
-78,-154,-16.3617,
-76,-154,-16.1509,
-74,-154,-16.5691,
-72,-154,-17.3177,
-70,-154,-15.4958,
-68,-154,-11.6826,
-66,-154,-8.653,
-64,-154,-6.82276,
-62,-154,-5.96385,
-60,-154,-5.69568,
-58,-154,-5.50688,
-56,-154,-5.01212,
-54,-154,-4.31937,
-52,-154,-3.8482,
-50,-154,-3.95912,
-48,-154,-4.82703,
-46,-154,-6.12801,
-44,-154,-6.31581,
-42,-154,-4.68053,
-40,-154,-3.07451,
-38,-154,-2.62574,
-36,-154,-3.74926,
-34,-154,-7.11141,
-32,-154,-15.1648,
-30,-154,-14.6719,
-28,-154,-7.73327,
-26,-154,-5.03639,
-24,-154,-4.22819,
-22,-154,-4.54427,
-20,-154,-5.55074,
-18,-154,-6.86647,
-16,-154,-8.14779,
-14,-154,-9.22594,
-12,-154,-10.1837,
-10,-154,-11.2347,
-8,-154,-12.5732,
-6,-154,-14.2407,
-4,-154,-15.7514,
-2,-154,-15.8408,
0,-154,-14.4874,
2,-154,-13.21,
4,-154,-12.8394,
6,-154,-13.3692,
8,-154,-13.3328,
10,-154,-10.7238,
12,-154,-7.37205,
14,-154,-4.85368,
16,-154,-3.36862,
18,-154,-2.84596,
20,-154,-3.20465,
22,-154,-4.37684,
24,-154,-6.35903,
26,-154,-9.50724,
28,-154,-15.6834,
30,-154,-18.397,
32,-154,-8.7154,
34,-154,-3.91823,
36,-154,-1.32696,
38,-154,-0.21638,
40,-154,-0.37443,
42,-154,-1.80897,
44,-154,-4.68797,
46,-154,-8.86794,
48,-154,-10.1029,
50,-154,-6.94126,
52,-154,-4.46597,
54,-154,-3.09095,
56,-154,-2.49871,
58,-154,-2.45377,
60,-154,-2.73724,
62,-154,-3.12275,
64,-154,-3.49363,
66,-154,-3.95557,
68,-154,-4.74395,
70,-154,-6.04933,
72,-154,-7.91269,
74,-154,-10.0981,
76,-154,-11.8665,
78,-154,-12.2985,
80,-154,-11.5349,
82,-154,-10.4366,
84,-154,-9.57002,
86,-154,-9.1907,
88,-154,-9.40641,
90,-154,-10.2404,
92,-154,-11.6306,
94,-154,-13.3794,
96,-154,-15.1062,
98,-154,-16.3805,
100,-154,-17.0363,
102,-154,-17.2762,
104,-154,-17.6327,
106,-154,-18.9236,
108,-154,-21.9907,
110,-154,-22.577,
112,-154,-16.6945,
114,-154,-12.3525,
116,-154,-9.66043,
118,-154,-7.9746,
120,-154,-6.8274,
122,-154,-5.93119,
124,-154,-5.24971,
126,-154,-4.95406,
128,-154,-5.30631,
130,-154,-6.64218,
132,-154,-9.39188,
134,-154,-12.491,
136,-154,-9.69519,
138,-154,-5.67804,
140,-154,-3.45565,
142,-154,-2.90336,
144,-154,-4.0572,
146,-154,-7.57769,
148,-154,-17.1276,
150,-154,-15.4915,
152,-154,-7.86079,
154,-154,-5.22766,
156,-154,-4.6985,
158,-154,-5.61534,
160,-154,-7.74987,
162,-154,-10.9337,
164,-154,-14.6545,
166,-154,-17.531,
168,-154,-18.4596,
170,-154,-17.9677,
172,-154,-17.0111,
174,-154,-16.5212,
176,-154,-16.9913,
178,-154,-18.1888,
180,-154,-18.6871,
-180,-152,-18.841,
-178,-152,-21.0676,
-176,-152,-20.5074,
-174,-152,-17.9138,
-172,-152,-14.3164,
-170,-152,-10.6395,
-168,-152,-7.52917,
-166,-152,-5.20329,
-164,-152,-3.71024,
-162,-152,-3.06747,
-160,-152,-3.29618,
-158,-152,-4.41049,
-156,-152,-6.3666,
-154,-152,-9.00645,
-152,-152,-12.2533,
-150,-152,-15.7237,
-148,-152,-12.8451,
-146,-152,-7.32382,
-144,-152,-3.73541,
-142,-152,-1.86717,
-140,-152,-1.49331,
-138,-152,-2.62609,
-136,-152,-5.58622,
-134,-152,-11.3912,
-132,-152,-17.8301,
-130,-152,-11.9991,
-128,-152,-9.04604,
-126,-152,-8.25694,
-124,-152,-8.74372,
-122,-152,-10.1049,
-120,-152,-11.6686,
-118,-152,-12.1367,
-116,-152,-11.5181,
-114,-152,-11.1712,
-112,-152,-11.6731,
-110,-152,-12.822,
-108,-152,-13.8726,
-106,-152,-13.9126,
-104,-152,-12.8797,
-102,-152,-11.6443,
-100,-152,-11.1014,
-98,-152,-11.9212,
-96,-152,-14.687,
-94,-152,-16.6702,
-92,-152,-11.7786,
-90,-152,-7.62867,
-88,-152,-5.29711,
-86,-152,-4.29602,
-84,-152,-4.33162,
-82,-152,-5.22791,
-80,-152,-6.85873,
-78,-152,-9.10556,
-76,-152,-11.7187,
-74,-152,-13.7743,
-72,-152,-13.6832,
-70,-152,-11.9082,
-68,-152,-9.97648,
-66,-152,-8.51769,
-64,-152,-7.7594,
-62,-152,-7.79626,
-60,-152,-8.49693,
-58,-152,-9.19023,
-56,-152,-8.83117,
-54,-152,-7.57477,
-52,-152,-6.51747,
-50,-152,-6.40518,
-48,-152,-7.86156,
-46,-152,-12.1402,
-44,-152,-18.3215,
-42,-152,-10.5256,
-40,-152,-6.48918,
-38,-152,-5.48973,
-36,-152,-7.01257,
-34,-152,-11.7471,
-32,-152,-15.0678,
-30,-152,-8.97233,
-28,-152,-5.98275,
-26,-152,-5.40978,
-24,-152,-6.81097,
-22,-152,-10.6399,
-20,-152,-19.6801,
-18,-152,-18.035,
-16,-152,-11.6335,
-14,-152,-9.4984,
-12,-152,-9.45108,
-10,-152,-10.9483,
-8,-152,-13.7183,
-6,-152,-16.6536,
-4,-152,-17.0938,
-2,-152,-15.9972,
0,-152,-15.5336,
2,-152,-15.9438,
4,-152,-16.7457,
6,-152,-17.0228,
8,-152,-15.5655,
10,-152,-12.2723,
12,-152,-8.63587,
14,-152,-5.66549,
16,-152,-3.64771,
18,-152,-2.6416,
20,-152,-2.68773,
22,-152,-3.88472,
24,-152,-6.47751,
26,-152,-11.1675,
28,-152,-19.4544,
30,-152,-13.976,
32,-152,-7.57437,
34,-152,-3.75142,
36,-152,-1.45944,
38,-152,-0.447923,
40,-152,-0.69396,
42,-152,-2.33126,
44,-152,-5.78742,
46,-152,-12.4337,
48,-152,-19.4324,
50,-152,-11.9409,
52,-152,-8.79847,
54,-152,-7.72278,
56,-152,-7.79951,
58,-152,-8.62743,
60,-152,-9.58954,
62,-152,-9.75888,
64,-152,-9.18247,
66,-152,-8.81651,
68,-152,-9.17902,
70,-152,-10.2505,
72,-152,-11.6444,
74,-152,-12.7434,
76,-152,-13.1879,
78,-152,-13.2795,
80,-152,-13.7567,
82,-152,-15.6281,
84,-152,-20.1191,
86,-152,-17.9534,
88,-152,-11.0815,
90,-152,-7.00359,
92,-152,-4.71627,
94,-152,-3.71504,
96,-152,-3.79396,
98,-152,-4.89299,
100,-152,-7.06806,
102,-152,-10.5356,
104,-152,-15.6596,
106,-152,-19.7331,
108,-152,-16.5163,
110,-152,-13.4009,
112,-152,-11.5235,
114,-152,-10.4115,
116,-152,-9.83194,
118,-152,-9.61358,
120,-152,-9.42217,
122,-152,-8.84124,
124,-152,-7.87781,
126,-152,-7.01105,
128,-152,-6.73759,
130,-152,-7.51228,
132,-152,-10.1148,
134,-152,-17.2501,
136,-152,-19.3394,
138,-152,-9.93471,
140,-152,-6.55502,
142,-152,-5.85015,
144,-152,-7.35883,
146,-152,-10.8816,
148,-152,-11.2935,
150,-152,-7.44829,
152,-152,-5.28956,
154,-152,-5.10667,
156,-152,-6.85014,
158,-152,-11.0367,
160,-152,-17.0588,
162,-152,-13.201,
164,-152,-9.57182,
166,-152,-8.32043,
168,-152,-8.51175,
170,-152,-9.5199,
172,-152,-10.7916,
174,-152,-12.0673,
176,-152,-13.6167,
178,-152,-15.8758,
180,-152,-18.841,
-180,-150,-19.3565,
-178,-150,-14.0978,
-176,-150,-13.2635,
-174,-150,-14.7162,
-172,-150,-15.613,
-170,-150,-13.4518,
-168,-150,-11.2987,
-166,-150,-10.1397,
-164,-150,-9.39571,
-162,-150,-8.59458,
-160,-150,-7.93514,
-158,-150,-7.80496,
-156,-150,-8.24088,
-154,-150,-8.88804,
-152,-150,-9.50235,
-150,-150,-10.5938,
-148,-150,-12.8686,
-146,-150,-14.1191,
-144,-150,-10.8947,
-142,-150,-8.32508,
-140,-150,-8.1082,
-138,-150,-10.8408,
-136,-150,-17.2848,
-134,-150,-12.2369,
-132,-150,-7.29983,
-130,-150,-5.41632,
-128,-150,-5.39774,
-126,-150,-6.7552,
-124,-150,-9.14802,
-122,-150,-11.5605,
-120,-150,-11.575,
-118,-150,-9.80521,
-116,-150,-8.46188,
-114,-150,-7.97996,
-112,-150,-8.23251,
-110,-150,-9.26453,
-108,-150,-11.6134,
-106,-150,-16.083,
-104,-150,-15.9754,
-102,-150,-10.6352,
-100,-150,-7.81872,
-98,-150,-7.13262,
-96,-150,-8.03411,
-94,-150,-8.76251,
-92,-150,-6.48183,
-90,-150,-3.4338,
-88,-150,-1.48729,
-86,-150,-0.805459,
-84,-150,-1.35201,
-82,-150,-3.19119,
-80,-150,-6.55261,
-78,-150,-11.7331,
-76,-150,-16.1652,
-74,-150,-14.6319,
-72,-150,-13.2551,
-70,-150,-13.1752,
-68,-150,-13.8284,
-66,-150,-15.045,
-64,-150,-17.0438,
-62,-150,-19.547,
-60,-150,-18.4628,
-58,-150,-14.0624,
-56,-150,-10.4977,
-54,-150,-8.03604,
-52,-150,-6.42461,
-50,-150,-5.68377,
-48,-150,-6.12347,
-46,-150,-8.2327,
-44,-150,-11.8052,
-42,-150,-11.1569,
-40,-150,-7.91277,
-38,-150,-6.71006,
-36,-150,-7.39496,
-34,-150,-8.48052,
-32,-150,-7.48902,
-30,-150,-5.70477,
-28,-150,-5.06904,
-26,-150,-6.10742,
-24,-150,-9.33376,
-22,-150,-15.0765,
-20,-150,-12.5842,
-18,-150,-7.83584,
-16,-150,-5.52687,
-14,-150,-4.65534,
-12,-150,-4.66105,
-10,-150,-5.3729,
-8,-150,-7.06335,
-6,-150,-10.6133,
-4,-150,-18.3935,
-2,-150,-16.7667,
0,-150,-10.6795,
2,-150,-8.6114,
4,-150,-8.89753,
6,-150,-11.2112,
8,-150,-15.5762,
10,-150,-19.7808,
12,-150,-17.8635,
14,-150,-13.9073,
16,-150,-10.1013,
18,-150,-7.29717,
20,-150,-5.84685,
22,-150,-5.84284,
24,-150,-7.40199,
26,-150,-10.6771,
28,-150,-14.4886,
30,-150,-13.6169,
32,-150,-10.5239,
34,-150,-7.90937,
36,-150,-6.03982,
38,-150,-5.33658,
40,-150,-6.28969,
42,-150,-9.66616,
44,-150,-15.5513,
46,-150,-11.5632,
48,-150,-7.31972,
50,-150,-5.73149,
52,-150,-5.82733,
54,-150,-7.1486,
56,-150,-9.44737,
58,-150,-12.1595,
60,-150,-13.1195,
62,-150,-11.6515,
64,-150,-10.2913,
66,-150,-9.90463,
68,-150,-10.3427,
70,-150,-11.4275,
72,-150,-13.5802,
74,-150,-18.7402,
76,-150,-26.7613,
78,-150,-14.8844,
80,-150,-10.3476,
82,-150,-8.75571,
84,-150,-9.02592,
86,-150,-9.47755,
88,-150,-7.12011,
90,-150,-3.76427,
92,-150,-1.4664,
94,-150,-0.455993,
96,-150,-0.705494,
98,-150,-2.3091,
100,-150,-5.65188,
102,-150,-11.9355,
104,-150,-19.2571,
106,-150,-12.6692,
108,-150,-9.87065,
110,-150,-9.43834,
112,-150,-10.441,
114,-150,-12.5409,
116,-150,-15.4398,
118,-150,-17.5596,
120,-150,-16.104,
122,-150,-13.1354,
124,-150,-10.6053,
126,-150,-8.70892,
128,-150,-7.43351,
130,-150,-6.91005,
132,-150,-7.38158,
134,-150,-8.9565,
136,-150,-10.5698,
138,-150,-9.72663,
140,-150,-7.99508,
142,-150,-7.44365,
144,-150,-7.94749,
146,-150,-7.76594,
148,-150,-5.93199,
150,-150,-4.24831,
152,-150,-3.8169,
154,-150,-5.00105,
156,-150,-8.32892,
158,-150,-14.4064,
160,-150,-12.8673,
162,-150,-8.16923,
164,-150,-5.9647,
166,-150,-5.09731,
168,-150,-4.85414,
170,-150,-5.0042,
172,-150,-5.79309,
174,-150,-7.77375,
176,-150,-11.9292,
178,-150,-21.1533,
180,-150,-19.3565,
-180,-148,-9.65186,
-178,-148,-7.43682,
-176,-148,-7.81803,
-174,-148,-10.7445,
-172,-148,-15.5775,
-170,-148,-13.6086,
-168,-148,-10.6119,
-166,-148,-10.597,
-164,-148,-13.962,
-162,-148,-21.9011,
-160,-148,-14.9981,
-158,-148,-10.0889,
-156,-148,-8.04439,
-154,-148,-7.39289,
-152,-148,-7.48835,
-150,-148,-8.17164,
-148,-148,-9.75506,
-146,-148,-12.717,
-144,-148,-16.1656,
-142,-148,-16.3426,
-140,-148,-15.9176,
-138,-148,-14.0403,
-136,-148,-8.73944,
-134,-148,-4.68788,
-132,-148,-2.52693,
-130,-148,-1.93126,
-128,-148,-2.6582,
-126,-148,-4.57751,
-124,-148,-7.63596,
-122,-148,-11.2762,
-120,-148,-12.2073,
-118,-148,-9.97568,
-116,-148,-7.85343,
-114,-148,-6.25362,
-112,-148,-5.15476,
-110,-148,-4.88735,
-108,-148,-5.97245,
-106,-148,-9.33068,
-104,-148,-18.1086,
-102,-148,-14.4034,
-100,-148,-7.66074,
-98,-148,-4.89396,
-96,-148,-4.0564,
-94,-148,-4.4864,
-92,-148,-5.47405,
-90,-148,-5.66825,
-88,-148,-4.63367,
-86,-148,-3.71844,
-84,-148,-3.9171,
-82,-148,-5.77831,
-80,-148,-10.2888,
-78,-148,-21.8896,
-76,-148,-16.6952,
-74,-148,-11.9981,
-72,-148,-11.8857,
-70,-148,-14.8298,
-68,-148,-19.9686,
-66,-148,-18.6058,
-64,-148,-14.9756,
-62,-148,-12.7804,
-60,-148,-11.1314,
-58,-148,-9.77845,
-56,-148,-8.83054,
-54,-148,-8.1072,
-52,-148,-7.11936,
-50,-148,-5.95553,
-48,-148,-5.40946,
-46,-148,-6.11915,
-44,-148,-8.15041,
-42,-148,-9.94843,
-40,-148,-9.43055,
-38,-148,-8.74428,
-36,-148,-9.04619,
-34,-148,-9.11575,
-32,-148,-7.96582,
-30,-148,-6.87911,
-28,-148,-6.96598,
-26,-148,-8.70087,
-24,-148,-11.9555,
-22,-148,-12.3097,
-20,-148,-9.32011,
-18,-148,-7.95267,
-16,-148,-8.40552,
-14,-148,-9.08541,
-12,-148,-8.00554,
-10,-148,-6.91143,
-8,-148,-7.85404,
-6,-148,-12.5928,
-4,-148,-15.1196,
-2,-148,-6.87588,
0,-148,-3.10519,
2,-148,-1.84258,
4,-148,-2.49279,
6,-148,-5.19557,
8,-148,-11.1782,
10,-148,-26.1218,
12,-148,-15.0981,
14,-148,-13.0988,
16,-148,-16.8238,
18,-148,-24.5348,
20,-148,-13.066,
22,-148,-8.8703,
24,-148,-7.6378,
26,-148,-8.19172,
28,-148,-9.55745,
30,-148,-10.2609,
32,-148,-10.0849,
34,-148,-10.1148,
36,-148,-10.8052,
38,-148,-12.7582,
40,-148,-18.8962,
42,-148,-19.1067,
44,-148,-9.0828,
46,-148,-4.65896,
48,-148,-2.59127,
50,-148,-2.04192,
52,-148,-2.62419,
54,-148,-4.08654,
56,-148,-6.22166,
58,-148,-8.69841,
60,-148,-10.7045,
62,-148,-11.3947,
64,-148,-10.9358,
66,-148,-9.54982,
68,-148,-7.73217,
70,-148,-6.46423,
72,-148,-6.46671,
74,-148,-8.41232,
76,-148,-14.2476,
78,-148,-24.7414,
80,-148,-10.8487,
82,-148,-6.80684,
84,-148,-5.68224,
86,-148,-6.50204,
88,-148,-8.36911,
90,-148,-8.00419,
92,-148,-5.25085,
94,-148,-3.35787,
96,-148,-3.06099,
98,-148,-4.57674,
100,-148,-8.67798,
102,-148,-18.5764,
104,-148,-14.435,
106,-148,-9.23463,
108,-148,-8.05508,
110,-148,-9.11121,
112,-148,-11.6617,
114,-148,-13.6654,
116,-148,-12.6326,
118,-148,-10.845,
120,-148,-9.78131,
122,-148,-9.47925,
124,-148,-9.68099,
126,-148,-9.75058,
128,-148,-8.95191,
130,-148,-7.70229,
132,-148,-7.0224,
134,-148,-7.40001,
136,-148,-8.67171,
138,-148,-9.8479,
140,-148,-10.0969,
142,-148,-10.1889,
144,-148,-10.2806,
146,-148,-9.07978,
148,-148,-7.02196,
150,-148,-5.70297,
152,-148,-5.81858,
154,-148,-7.72263,
156,-148,-11.3804,
158,-148,-12.2409,
160,-148,-9.29421,
162,-148,-7.99359,
164,-148,-8.51788,
166,-148,-9.28915,
168,-148,-8.19004,
170,-148,-6.70507,
172,-148,-6.64913,
174,-148,-8.78226,
176,-148,-14.1407,
178,-148,-15.2454,
180,-148,-9.65186,
-180,-146,-8.17372,
-178,-146,-6.50922,
-176,-146,-6.82448,
-174,-146,-9.21272,
-172,-146,-13.8738,
-170,-146,-14.8735,
-168,-146,-11.2528,
-166,-146,-9.75625,
-164,-146,-9.86928,
-162,-146,-10.0583,
-160,-146,-9.31086,
-158,-146,-8.41811,
-156,-146,-7.97491,
-154,-146,-7.82592,
-152,-146,-7.9064,
-150,-146,-8.61351,
-148,-146,-10.6061,
-146,-146,-14.8973,
-144,-146,-20.6837,
-142,-146,-16.2767,
-140,-146,-13.0405,
-138,-146,-10.9533,
-136,-146,-7.76881,
-134,-146,-4.73641,
-132,-146,-3.014,
-130,-146,-2.68668,
-128,-146,-3.56026,
-126,-146,-5.4225,
-124,-146,-8.21104,
-122,-146,-12.1235,
-120,-146,-17.1492,
-118,-146,-19.5358,
-116,-146,-14.9285,
-114,-146,-10.1111,
-112,-146,-7.01227,
-110,-146,-5.61741,
-108,-146,-5.86377,
-106,-146,-7.98565,
-104,-146,-13.2501,
-102,-146,-23.379,
-100,-146,-11.7961,
-98,-146,-6.90176,
-96,-146,-4.7068,
-94,-146,-4.21694,
-92,-146,-5.36738,
-90,-146,-8.71862,
-88,-146,-15.8413,
-86,-146,-14.6895,
-84,-146,-9.55741,
-82,-146,-8.27151,
-80,-146,-9.7148,
-78,-146,-13.1354,
-76,-146,-13.531,
-74,-146,-11.313,
-72,-146,-11.4245,
-70,-146,-14.6707,
-68,-146,-17.9799,
-66,-146,-13.5167,
-64,-146,-10.5357,
-62,-146,-9.48071,
-60,-146,-9.3726,
-58,-146,-9.7398,
-56,-146,-10.8741,
-54,-146,-13.4341,
-52,-146,-14.8782,
-50,-146,-11.0103,
-48,-146,-8.18319,
-46,-146,-7.75293,
-44,-146,-9.67822,
-42,-146,-13.9848,
-40,-146,-18.0756,
-38,-146,-17.559,
-36,-146,-17.5685,
-34,-146,-17.7485,
-32,-146,-15.0587,
-30,-146,-12.1634,
-28,-146,-11.434,
-26,-146,-14.0548,
-24,-146,-18.2152,
-22,-146,-11.1791,
-20,-146,-7.33456,
-18,-146,-6.82108,
-16,-146,-9.49122,
-14,-146,-16.119,
-12,-146,-13.4893,
-10,-146,-9.79016,
-8,-146,-10.7225,
-6,-146,-18.9099,
-4,-146,-12.1502,
-2,-146,-4.80552,
0,-146,-1.54666,
2,-146,-0.393091,
4,-146,-0.890644,
6,-146,-3.12728,
8,-146,-7.90525,
10,-146,-18.5257,
12,-146,-14.0407,
14,-146,-9.39772,
16,-146,-8.64815,
18,-146,-9.97669,
20,-146,-11.3587,
22,-146,-9.98082,
24,-146,-8.15494,
26,-146,-7.82225,
28,-146,-9.14477,
30,-146,-11.3132,
32,-146,-11.7704,
34,-146,-10.4701,
36,-146,-9.67624,
38,-146,-10.078,
40,-146,-11.7055,
42,-146,-12.0714,
44,-146,-8.50983,
46,-146,-5.272,
48,-146,-3.59095,
50,-146,-3.2165,
52,-146,-3.80407,
54,-146,-5.04828,
56,-146,-6.73684,
58,-146,-8.73108,
60,-146,-11.0016,
62,-146,-14.1583,
64,-146,-19.4018,
66,-146,-16.3289,
68,-146,-10.4092,
70,-146,-7.44523,
72,-146,-6.62541,
74,-146,-7.86365,
76,-146,-12.0895,
78,-146,-21.6581,
80,-146,-12.2518,
82,-146,-7.17171,
84,-146,-5.12477,
86,-146,-4.97427,
88,-146,-6.65916,
90,-146,-10.9301,
92,-146,-18.0365,
94,-146,-12.7124,
96,-146,-8.97212,
98,-146,-8.46089,
100,-146,-10.5336,
102,-146,-14.0248,
104,-146,-12.5645,
106,-146,-9.85701,
108,-146,-9.42849,
110,-146,-10.8374,
112,-146,-11.6862,
114,-146,-9.74854,
116,-146,-7.76984,
118,-146,-6.95932,
120,-146,-7.22222,
122,-146,-8.43693,
124,-146,-10.7538,
126,-146,-14.3908,
128,-146,-15.7331,
130,-146,-12.0118,
132,-146,-9.4869,
134,-146,-8.98737,
136,-146,-10.3696,
138,-146,-13.6518,
140,-146,-18.5819,
142,-146,-22.4578,
144,-146,-23.6863,
146,-146,-19.959,
148,-146,-14.3524,
150,-146,-11.473,
152,-146,-11.6868,
154,-146,-16.6592,
156,-146,-19.8536,
158,-146,-10.3109,
160,-146,-6.96517,
162,-146,-6.72247,
164,-146,-9.35629,
166,-146,-16.9281,
168,-146,-19.825,
170,-146,-12.5458,
172,-146,-11.2691,
174,-146,-13.5063,
176,-146,-16.9822,
178,-146,-12.262,
180,-146,-8.17372,
-180,-144,-10.4845,
-178,-144,-10.0659,
-176,-144,-9.84213,
-174,-144,-10.307,
-172,-144,-11.6248,
-170,-144,-13.1686,
-168,-144,-13.3844,
-166,-144,-12.0602,
-164,-144,-10.2677,
-162,-144,-8.79682,
-160,-144,-8.39674,
-158,-144,-9.56863,
-156,-144,-11.1993,
-154,-144,-9.31454,
-152,-144,-6.58088,
-150,-144,-5.62816,
-148,-144,-6.6957,
-146,-144,-10.0308,
-144,-144,-15.1138,
-142,-144,-13.7706,
-140,-144,-10.9642,
-138,-144,-10.4491,
-136,-144,-10.2843,
-134,-144,-8.67164,
-132,-144,-7.17477,
-130,-144,-6.77398,
-128,-144,-7.00654,
-126,-144,-7.303,
-124,-144,-7.86949,
-122,-144,-9.00558,
-120,-144,-10.4662,
-118,-144,-11.8975,
-116,-144,-12.5279,
-114,-144,-11.262,
-112,-144,-9.65993,
-110,-144,-9.23599,
-108,-144,-10.2549,
-106,-144,-12.654,
-104,-144,-16.717,
-102,-144,-24.8031,
-100,-144,-21.3751,
-98,-144,-13.5586,
-96,-144,-9.39603,
-94,-144,-7.07825,
-92,-144,-6.21386,
-90,-144,-6.85568,
-88,-144,-9.24534,
-86,-144,-12.5189,
-84,-144,-11.6007,
-82,-144,-9.4382,
-80,-144,-9.71803,
-78,-144,-13.2812,
-76,-144,-18.179,
-74,-144,-13.5948,
-72,-144,-11.6522,
-70,-144,-13.7961,
-68,-144,-20.0826,
-66,-144,-15.5099,
-64,-144,-11.1415,
-62,-144,-9.64582,
-60,-144,-9.31899,
-58,-144,-9.23476,
-56,-144,-9.5933,
-54,-144,-11.4332,
-52,-144,-16.1166,
-50,-144,-17.7721,
-48,-144,-12.7289,
-46,-144,-11.2076,
-44,-144,-12.9265,
-42,-144,-17.6111,
-40,-144,-17.0936,
-38,-144,-12.5219,
-36,-144,-10.4379,
-34,-144,-9.90639,
-32,-144,-8.75378,
-30,-144,-6.5435,
-28,-144,-5.46061,
-26,-144,-6.74572,
-24,-144,-11.4,
-22,-144,-13.6212,
-20,-144,-8.36116,
-18,-144,-6.24346,
-16,-144,-6.20432,
-14,-144,-6.77525,
-12,-144,-6.88798,
-10,-144,-7.10122,
-8,-144,-8.56014,
-6,-144,-11.984,
-4,-144,-13.8139,
-2,-144,-9.05202,
0,-144,-5.39129,
2,-144,-3.48339,
4,-144,-2.94072,
6,-144,-3.66147,
8,-144,-5.84063,
10,-144,-10.2004,
12,-144,-16.969,
14,-144,-12.7477,
16,-144,-8.79407,
18,-144,-7.94385,
20,-144,-9.7847,
22,-144,-13.9815,
24,-144,-12.544,
26,-144,-8.78524,
28,-144,-7.70782,
30,-144,-8.77584,
32,-144,-10.6066,
34,-144,-10.3899,
36,-144,-8.80552,
38,-144,-7.97133,
40,-144,-8.31517,
42,-144,-9.52926,
44,-144,-10.1838,
46,-144,-9.24706,
48,-144,-8.17094,
50,-144,-7.75365,
52,-144,-7.81476,
54,-144,-8.24113,
56,-144,-9.18601,
58,-144,-10.5695,
60,-144,-11.8684,
62,-144,-12.7584,
64,-144,-13.1205,
66,-144,-12.3202,
68,-144,-10.8031,
70,-144,-9.91316,
72,-144,-10.4188,
74,-144,-12.9233,
76,-144,-18.2132,
78,-144,-17.2373,
80,-144,-11.4079,
82,-144,-8.0878,
84,-144,-6.31783,
86,-144,-5.65618,
88,-144,-6.09233,
90,-144,-7.96281,
92,-144,-12.1509,
94,-144,-18.9753,
96,-144,-14.8017,
98,-144,-11.4886,
100,-144,-11.7121,
102,-144,-15.0909,
104,-144,-17.8763,
106,-144,-14.325,
108,-144,-12.8306,
110,-144,-13.3296,
112,-144,-12.1958,
114,-144,-9.31086,
116,-144,-7.53483,
118,-144,-7.27069,
120,-144,-8.21702,
122,-144,-9.94436,
124,-144,-12.0681,
126,-144,-14.652,
128,-144,-17.3247,
130,-144,-16.1895,
132,-144,-13.2185,
134,-144,-11.9854,
136,-144,-12.9712,
138,-144,-16.1999,
140,-144,-17.1529,
142,-144,-13.8516,
144,-144,-12.9374,
146,-144,-14.2815,
148,-144,-12.3904,
150,-144,-8.83796,
152,-144,-7.799,
154,-144,-9.71684,
156,-144,-13.4197,
158,-144,-10.8728,
160,-144,-7.80645,
162,-144,-7.25428,
164,-144,-8.62649,
166,-144,-10.9115,
168,-144,-12.0842,
170,-144,-11.6388,
172,-144,-11.0303,
174,-144,-10.7358,
176,-144,-10.6783,
178,-144,-10.6797,
180,-144,-10.4845,
-180,-142,-9.94742,
-178,-142,-12.9633,
-176,-142,-16.757,
-174,-142,-14.5824,
-172,-142,-11.171,
-170,-142,-9.6915,
-168,-142,-9.84341,
-166,-142,-11.2331,
-164,-142,-12.6024,
-162,-142,-12.0391,
-160,-142,-11.4872,
-158,-142,-13.9051,
-156,-142,-17.9638,
-154,-142,-9.70968,
-152,-142,-5.1425,
-150,-142,-3.61306,
-148,-142,-4.34381,
-146,-142,-7.24733,
-144,-142,-12.0878,
-142,-142,-13.286,
-140,-142,-10.9776,
-138,-142,-10.9637,
-136,-142,-13.3166,
-134,-142,-15.7516,
-132,-142,-15.5544,
-130,-142,-13.7349,
-128,-142,-10.5546,
-126,-142,-8.31238,
-124,-142,-7.84235,
-122,-142,-8.79433,
-120,-142,-10.3723,
-118,-142,-11.5959,
-116,-142,-11.4955,
-114,-142,-10.5229,
-112,-142,-10.3191,
-110,-142,-11.6836,
-108,-142,-14.5976,
-106,-142,-18.3917,
-104,-142,-23.0236,
-102,-142,-27.5014,
-100,-142,-22.4312,
-98,-142,-19.137,
-96,-142,-16.2938,
-94,-142,-12.181,
-92,-142,-8.88041,
-90,-142,-7.33749,
-88,-142,-7.75071,
-86,-142,-10.4271,
-84,-142,-14.7953,
-82,-142,-14.25,
-80,-142,-12.8135,
-78,-142,-15.6557,
-76,-142,-22.2013,
-74,-142,-13.3826,
-72,-142,-10.0222,
-70,-142,-10.7078,
-68,-142,-15.6375,
-66,-142,-18.3293,
-64,-142,-12.3385,
-62,-142,-9.85638,
-60,-142,-8.83418,
-58,-142,-7.93858,
-56,-142,-7.23035,
-54,-142,-7.4036,
-52,-142,-8.97658,
-50,-142,-12.0805,
-48,-142,-15.5621,
-46,-142,-17.6162,
-44,-142,-19.9748,
-42,-142,-18.6671,
-40,-142,-12.6315,
-38,-142,-8.6345,
-36,-142,-6.96016,
-34,-142,-6.909,
-32,-142,-6.23256,
-30,-142,-4.08439,
-28,-142,-2.89308,
-26,-142,-3.82003,
-24,-142,-7.5646,
-22,-142,-15.8858,
-20,-142,-14.72,
-18,-142,-9.95763,
-16,-142,-8.30589,
-14,-142,-7.85861,
-12,-142,-7.97604,
-10,-142,-8.48303,
-8,-142,-9.37714,
-6,-142,-10.8156,
-4,-142,-13.148,
-2,-142,-17.2695,
0,-142,-22.7579,
2,-142,-15.2469,
4,-142,-9.61787,
6,-142,-6.6317,
8,-142,-5.54029,
10,-142,-6.28397,
12,-142,-9.40249,
14,-142,-16.147,
16,-142,-14.5579,
18,-142,-10.3485,
20,-142,-10.6185,
22,-142,-16.2524,
24,-142,-14.3502,
26,-142,-7.42162,
28,-142,-4.93565,
30,-142,-5.04594,
32,-142,-7.07792,
34,-142,-9.83053,
36,-142,-10.5471,
38,-142,-9.7303,
40,-142,-9.58352,
42,-142,-10.5286,
44,-142,-12.1202,
46,-142,-13.169,
48,-142,-12.5669,
50,-142,-10.6884,
52,-142,-8.95374,
54,-142,-8.26307,
56,-142,-8.77267,
58,-142,-10.2291,
60,-142,-12.1358,
62,-142,-13.7411,
64,-142,-14.017,
66,-142,-13.1372,
68,-142,-12.4328,
70,-142,-12.5645,
72,-142,-13.6275,
74,-142,-15.3101,
76,-142,-15.7769,
78,-142,-13.4985,
80,-142,-10.8867,
82,-142,-9.19864,
84,-142,-8.40531,
86,-142,-8.25302,
88,-142,-8.62663,
90,-142,-9.79626,
92,-142,-12.5481,
94,-142,-18.522,
96,-142,-20.9144,
98,-142,-15.3462,
100,-142,-14.4251,
102,-142,-18.1517,
104,-142,-23.2237,
106,-142,-15.4025,
108,-142,-12.8638,
110,-142,-13.9212,
112,-142,-15.536,
114,-142,-12.5754,
116,-142,-10.024,
118,-142,-9.43729,
120,-142,-9.99837,
122,-142,-10.2949,
124,-142,-9.72594,
126,-142,-9.38478,
128,-142,-10.3068,
130,-142,-13.1035,
132,-142,-17.6178,
134,-142,-19.1276,
136,-142,-18.6337,
138,-142,-17.5335,
140,-142,-12.2927,
142,-142,-8.83857,
144,-142,-8.35981,
146,-142,-10.3743,
148,-142,-9.85319,
150,-142,-6.36841,
152,-142,-5.086,
154,-142,-6.43541,
156,-142,-10.3283,
158,-142,-14.259,
160,-142,-13.3934,
162,-142,-12.6623,
164,-142,-12.8555,
166,-142,-12.9417,
168,-142,-12.5959,
170,-142,-11.6287,
172,-142,-10.2358,
174,-142,-9.02669,
176,-142,-8.39543,
178,-142,-8.58929,
180,-142,-9.94742,
-180,-140,-10.042,
-178,-140,-12.0243,
-176,-140,-17.5798,
-174,-140,-25.8968,
-172,-140,-14.3405,
-170,-140,-10.3267,
-168,-140,-9.26587,
-166,-140,-10.5111,
-164,-140,-14.7164,
-162,-140,-19.9413,
-160,-140,-14.6184,
-158,-140,-12.821,
-156,-140,-15.0718,
-154,-140,-13.0264,
-152,-140,-7.75175,
-150,-140,-5.60926,
-148,-140,-6.16391,
-146,-140,-9.19238,
-144,-140,-14.073,
-142,-140,-15.2847,
-140,-140,-13.8885,
-138,-140,-15.2932,
-136,-140,-21.1794,
-134,-140,-23.2912,
-132,-140,-20.7701,
-130,-140,-18.7981,
-128,-140,-13.018,
-126,-140,-9.98743,
-124,-140,-9.56596,
-122,-140,-10.7192,
-120,-140,-12.4976,
-118,-140,-14.3402,
-116,-140,-14.7199,
-114,-140,-13.8097,
-112,-140,-13.6693,
-110,-140,-13.2946,
-108,-140,-11.7798,
-106,-140,-11.2501,
-104,-140,-13.2222,
-102,-140,-19.073,
-100,-140,-19.6472,
-98,-140,-14.346,
-96,-140,-12.8616,
-94,-140,-13.5399,
-92,-140,-13.9387,
-90,-140,-12.5855,
-88,-140,-12.0457,
-86,-140,-14.3088,
-84,-140,-21.5155,
-82,-140,-17.4937,
-80,-140,-12.8082,
-78,-140,-12.5563,
-76,-140,-14.0342,
-74,-140,-11.6063,
-72,-140,-8.96283,
-70,-140,-9.16691,
-68,-140,-13.0579,
-66,-140,-18.9947,
-64,-140,-13.2434,
-62,-140,-10.3134,
-60,-140,-9.35851,
-58,-140,-8.53042,
-56,-140,-7.5605,
-54,-140,-7.17818,
-52,-140,-7.9564,
-50,-140,-10.2536,
-48,-140,-14.2432,
-46,-140,-18.1769,
-44,-140,-18.1017,
-42,-140,-17.1285,
-40,-140,-12.8367,
-38,-140,-8.4495,
-36,-140,-6.84149,
-34,-140,-7.97401,
-32,-140,-8.92626,
-30,-140,-6.17482,
-28,-140,-4.55801,
-26,-140,-5.52254,
-24,-140,-9.31048,
-22,-140,-17.1471,
-20,-140,-23.9503,
-18,-140,-18.7006,
-16,-140,-17.6338,
-14,-140,-16.7006,
-12,-140,-14.0717,
-10,-140,-12.5274,
-8,-140,-13.5304,
-6,-140,-16.3531,
-4,-140,-13.7395,
-2,-140,-10.1743,
0,-140,-9.45024,
2,-140,-11.9867,
4,-140,-17.5402,
6,-140,-11.9206,
8,-140,-7.47339,
10,-140,-6.22818,
12,-140,-7.71048,
14,-140,-13.315,
16,-140,-20.4067,
18,-140,-10.4816,
20,-140,-7.69858,
22,-140,-8.29747,
24,-140,-10.2163,
26,-140,-8.51745,
28,-140,-6.11938,
30,-140,-6.00224,
32,-140,-8.55876,
34,-140,-14.8146,
36,-140,-25.6467,
38,-140,-19.0666,
40,-140,-17.5598,
42,-140,-18.8498,
44,-140,-20.6754,
46,-140,-21.2723,
48,-140,-17.8624,
50,-140,-13.0709,
52,-140,-10.0764,
54,-140,-8.76969,
56,-140,-8.43107,
58,-140,-8.45444,
60,-140,-8.8042,
62,-140,-9.71452,
64,-140,-11.3683,
66,-140,-14.4672,
68,-140,-21.8964,
70,-140,-22.1876,
72,-140,-14.2926,
74,-140,-11.5685,
76,-140,-11.258,
78,-140,-12.1815,
80,-140,-12.6514,
82,-140,-11.9224,
84,-140,-11.43,
86,-140,-12.1279,
88,-140,-14.1453,
90,-140,-16.9828,
92,-140,-19.5161,
94,-140,-20.709,
96,-140,-18.5059,
98,-140,-15.3937,
100,-140,-14.1979,
102,-140,-14.8822,
104,-140,-14.2379,
106,-140,-11.1709,
108,-140,-9.52955,
110,-140,-10.3838,
112,-140,-13.7393,
114,-140,-15.0217,
116,-140,-12.0109,
118,-140,-10.5458,
120,-140,-10.2965,
122,-140,-9.81505,
124,-140,-8.76411,
126,-140,-8.06336,
128,-140,-8.57411,
130,-140,-10.9628,
132,-140,-15.6509,
134,-140,-19.1196,
136,-140,-21.0078,
138,-140,-23.2662,
140,-140,-11.8323,
142,-140,-7.41545,
144,-140,-7.03265,
146,-140,-10.6734,
148,-140,-12.9479,
150,-140,-7.65676,
152,-140,-5.9682,
154,-140,-7.36414,
156,-140,-11.2462,
158,-140,-16.2699,
160,-140,-18.4334,
162,-140,-17.3013,
164,-140,-16.1507,
166,-140,-15.6795,
168,-140,-14.3179,
170,-140,-12.4612,
172,-140,-11.4439,
174,-140,-11.0274,
176,-140,-10.4196,
178,-140,-9.79628,
180,-140,-10.042,
-180,-138,-16.7749,
-178,-138,-16.3067,
-176,-138,-15.7456,
-174,-138,-16.7827,
-172,-138,-18.2623,
-170,-138,-15.8404,
-168,-138,-13.4749,
-166,-138,-13.8157,
-164,-138,-18.7741,
-162,-138,-23.9794,
-160,-138,-12.4649,
-158,-138,-8.77703,
-156,-138,-8.75456,
-154,-138,-12.3031,
-152,-138,-16.452,
-150,-138,-12.7451,
-148,-138,-11.3262,
-146,-138,-11.4858,
-144,-138,-11.0718,
-142,-138,-11.0422,
-140,-138,-12.6249,
-138,-138,-15.9525,
-136,-138,-16.159,
-134,-138,-12.5784,
-132,-138,-11.6813,
-130,-138,-13.4239,
-128,-138,-14.3005,
-126,-138,-13.0413,
-124,-138,-12.35,
-122,-138,-11.355,
-120,-138,-10.4983,
-118,-138,-10.734,
-116,-138,-11.8063,
-114,-138,-13.9517,
-112,-138,-17.3923,
-110,-138,-14.4852,
-108,-138,-10.5411,
-106,-138,-9.51646,
-104,-138,-11.3394,
-102,-138,-17.0184,
-100,-138,-20.1178,
-98,-138,-13.4381,
-96,-138,-10.9081,
-94,-138,-11.1098,
-92,-138,-14.0286,
-90,-138,-20.7887,
-88,-138,-20.4083,
-86,-138,-16.2944,
-84,-138,-15.2019,
-82,-138,-13.7276,
-80,-138,-11.8153,
-78,-138,-11.713,
-76,-138,-13.6057,
-74,-138,-12.8438,
-72,-138,-9.9804,
-70,-138,-9.76828,
-68,-138,-13.6707,
-66,-138,-22.049,
-64,-138,-13.9199,
-62,-138,-11.0275,
-60,-138,-10.9702,
-58,-138,-11.2185,
-56,-138,-10.5085,
-54,-138,-9.69983,
-52,-138,-9.68102,
-50,-138,-10.7057,
-48,-138,-11.9969,
-46,-138,-11.6641,
-44,-138,-10.8574,
-42,-138,-12.1866,
-40,-138,-13.7944,
-38,-138,-9.84639,
-36,-138,-8.04555,
-34,-138,-10.7069,
-32,-138,-18.5806,
-30,-138,-11.8679,
-28,-138,-9.14431,
-26,-138,-10.1101,
-24,-138,-12.0405,
-22,-138,-12.5514,
-20,-138,-13.1362,
-18,-138,-15.527,
-16,-138,-19.786,
-14,-138,-14.7211,
-12,-138,-9.93533,
-10,-138,-8.45505,
-8,-138,-9.97438,
-6,-138,-15.9777,
-4,-138,-19.5757,
-2,-138,-11.1888,
0,-138,-8.29668,
2,-138,-8.10099,
4,-138,-9.80733,
6,-138,-11.7436,
8,-138,-10.9115,
10,-138,-9.74883,
12,-138,-10.7014,
14,-138,-14.3048,
16,-138,-13.6428,
18,-138,-8.48573,
20,-138,-5.9145,
22,-138,-5.82691,
24,-138,-8.35627,
26,-138,-13.4253,
28,-138,-13.2924,
30,-138,-11.2512,
32,-138,-12.4964,
34,-138,-14.7238,
36,-138,-13.279,
38,-138,-11.9357,
40,-138,-12.1168,
42,-138,-12.3488,
44,-138,-11.8047,
46,-138,-11.7955,
48,-138,-12.9403,
50,-138,-13.6783,
52,-138,-12.9408,
54,-138,-11.9225,
56,-138,-10.3225,
58,-138,-8.52855,
60,-138,-7.48525,
62,-138,-7.29539,
64,-138,-7.88464,
66,-138,-9.61802,
68,-138,-12.9494,
70,-138,-15.0273,
72,-138,-12.4335,
74,-138,-10.8731,
76,-138,-11.5937,
78,-138,-14.5785,
80,-138,-18.2931,
82,-138,-17.1451,
84,-138,-15.5251,
86,-138,-16.5557,
88,-138,-21.6641,
90,-138,-31.4255,
92,-138,-19.9397,
94,-138,-16.235,
96,-138,-15.0464,
98,-138,-14.6016,
100,-138,-14.3158,
102,-138,-14.1832,
104,-138,-12.642,
106,-138,-9.68207,
108,-138,-7.76277,
110,-138,-7.83605,
112,-138,-10.0238,
114,-138,-12.76,
116,-138,-12.1108,
118,-138,-10.8598,
120,-138,-10.7505,
122,-138,-10.8745,
124,-138,-10.34,
126,-138,-9.44823,
128,-138,-9.23531,
130,-138,-10.1952,
132,-138,-11.1332,
134,-138,-10.6297,
136,-138,-11.3566,
138,-138,-16.264,
140,-138,-12.8542,
142,-138,-7.53357,
144,-138,-7.04059,
146,-138,-11.9181,
148,-138,-22.7166,
150,-138,-10.4528,
152,-138,-8.46566,
154,-138,-9.58726,
156,-138,-10.8863,
158,-138,-10.8362,
160,-138,-10.3495,
162,-138,-10.2274,
164,-138,-11.1768,
166,-138,-12.2721,
168,-138,-11.1893,
170,-138,-9.87159,
172,-138,-10.0751,
174,-138,-11.7377,
176,-138,-14.0278,
178,-138,-15.8787,
180,-138,-16.7749,
-180,-136,-14.7174,
-178,-136,-19.7755,
-176,-136,-15.9509,
-174,-136,-12.7724,
-172,-136,-12.8633,
-170,-136,-15.3237,
-168,-136,-18.1064,
-166,-136,-20.1702,
-164,-136,-26.0903,
-162,-136,-19.0236,
-160,-136,-11.1865,
-158,-136,-7.28486,
-156,-136,-6.09191,
-154,-136,-7.57543,
-152,-136,-12.4614,
-150,-136,-21.4282,
-148,-136,-17.5069,
-146,-136,-13.2861,
-144,-136,-11.2969,
-142,-136,-11.5821,
-140,-136,-14.069,
-138,-136,-17.0775,
-136,-136,-14.3956,
-134,-136,-10.846,
-132,-136,-10.176,
-130,-136,-12.2666,
-128,-136,-15.5129,
-126,-136,-17.9744,
-124,-136,-16.5478,
-122,-136,-11.7572,
-120,-136,-9.3923,
-118,-136,-9.00076,
-116,-136,-9.75696,
-114,-136,-11.9697,
-112,-136,-15.6567,
-110,-136,-13.8811,
-108,-136,-10.7025,
-106,-136,-10.2723,
-104,-136,-12.6729,
-102,-136,-18.9524,
-100,-136,-20.7684,
-98,-136,-14.0672,
-96,-136,-10.8531,
-94,-136,-9.6355,
-92,-136,-10.0193,
-90,-136,-11.6594,
-88,-136,-13.1123,
-86,-136,-13.2659,
-84,-136,-13.8295,
-82,-136,-14.9066,
-80,-136,-14.4694,
-78,-136,-14.5973,
-76,-136,-18.2848,
-74,-136,-17.4661,
-72,-136,-12.0891,
-70,-136,-11.2596,
-68,-136,-15.8238,
-66,-136,-24.9374,
-64,-136,-13.3195,
-62,-136,-11.1514,
-60,-136,-12.718,
-58,-136,-16.16,
-56,-136,-17.5345,
-54,-136,-15.8446,
-52,-136,-13.9778,
-50,-136,-12.8032,
-48,-136,-11.5867,
-46,-136,-9.70475,
-44,-136,-8.5464,
-42,-136,-9.89363,
-40,-136,-14.1374,
-38,-136,-12.1171,
-36,-136,-10.1021,
-34,-136,-13.6891,
-32,-136,-19.2996,
-30,-136,-11.4386,
-28,-136,-8.83615,
-26,-136,-7.71151,
-24,-136,-6.96127,
-22,-136,-7.31399,
-20,-136,-9.17417,
-18,-136,-13.2091,
-16,-136,-18.4649,
-14,-136,-12.2135,
-12,-136,-8.33917,
-10,-136,-7.3497,
-8,-136,-8.2714,
-6,-136,-10.4522,
-4,-136,-12.6368,
-2,-136,-12.4769,
0,-136,-10.586,
2,-136,-9.11466,
4,-136,-8.75188,
6,-136,-9.60025,
8,-136,-11.3857,
10,-136,-13.5615,
12,-136,-16.7543,
14,-136,-21.3979,
16,-136,-15.1019,
18,-136,-9.64064,
20,-136,-6.73155,
22,-136,-5.71485,
24,-136,-6.74976,
26,-136,-10.7275,
28,-136,-21.4853,
30,-136,-21.266,
32,-136,-16.3847,
34,-136,-14.5137,
36,-136,-12.3737,
38,-136,-11.4427,
40,-136,-11.5681,
42,-136,-10.9479,
44,-136,-9.50047,
46,-136,-8.97657,
48,-136,-9.86595,
50,-136,-11.2948,
52,-136,-12.5631,
54,-136,-14.083,
56,-136,-13.3136,
58,-136,-10.6998,
60,-136,-9.1228,
62,-136,-8.44036,
64,-136,-8.36276,
66,-136,-9.21482,
68,-136,-10.9127,
70,-136,-11.9115,
72,-136,-11.6792,
74,-136,-12.309,
76,-136,-15.3845,
78,-136,-23.3749,
80,-136,-22.2105,
82,-136,-16.1728,
84,-136,-14.5562,
86,-136,-15.6205,
88,-136,-18.6118,
90,-136,-19.0786,
92,-136,-16.2446,
94,-136,-14.7615,
96,-136,-14.953,
98,-136,-16.1826,
100,-136,-16.8856,
102,-136,-15.9219,
104,-136,-13.71,
106,-136,-10.6569,
108,-136,-8.3023,
110,-136,-7.76884,
112,-136,-9.48516,
114,-136,-12.865,
116,-136,-13.3318,
118,-136,-11.7761,
120,-136,-11.7075,
122,-136,-12.9647,
124,-136,-14.5018,
126,-136,-13.9974,
128,-136,-12.6101,
130,-136,-12.2218,
132,-136,-11.0252,
134,-136,-8.89996,
136,-136,-8.7781,
138,-136,-12.8516,
140,-136,-15.4496,
142,-136,-9.16481,
144,-136,-8.58476,
146,-136,-14.2819,
148,-136,-18.4432,
150,-136,-11.0296,
152,-136,-9.93149,
154,-136,-9.8957,
156,-136,-9.0143,
158,-136,-8.26219,
160,-136,-7.84471,
162,-136,-8.35478,
164,-136,-10.6851,
166,-136,-13.4577,
168,-136,-11.8115,
170,-136,-9.68318,
172,-136,-9.04259,
174,-136,-9.32774,
176,-136,-10.0398,
178,-136,-11.4467,
180,-136,-14.7174,
-180,-134,-8.83535,
-178,-134,-13.1651,
-176,-134,-17.3682,
-174,-134,-13.0885,
-172,-134,-11.311,
-170,-134,-11.7882,
-168,-134,-12.7325,
-166,-134,-14.1469,
-164,-134,-17.633,
-162,-134,-18.6024,
-160,-134,-13.0404,
-158,-134,-8.82389,
-156,-134,-6.68167,
-154,-134,-6.8271,
-152,-134,-9.41005,
-150,-134,-13.9961,
-148,-134,-18.3043,
-146,-134,-19.5654,
-144,-134,-17.949,
-142,-134,-17.5581,
-140,-134,-17.3927,
-138,-134,-17.424,
-136,-134,-16.2537,
-134,-134,-12.753,
-132,-134,-11.698,
-130,-134,-12.8505,
-128,-134,-13.7363,
-126,-134,-16.2242,
-124,-134,-21.3645,
-122,-134,-14.3705,
-120,-134,-11.1042,
-118,-134,-10.3191,
-116,-134,-10.6873,
-114,-134,-12.7761,
-112,-134,-15.9841,
-110,-134,-13.8668,
-108,-134,-11.4035,
-106,-134,-11.6528,
-104,-134,-14.846,
-102,-134,-21.6445,
-100,-134,-20.2015,
-98,-134,-15.0469,
-96,-134,-12.0186,
-94,-134,-10.2083,
-92,-134,-9.52843,
-90,-134,-9.83318,
-88,-134,-10.7694,
-86,-134,-12.2786,
-84,-134,-15.2139,
-82,-134,-20.8574,
-80,-134,-21.6155,
-78,-134,-19.9528,
-76,-134,-27.3048,
-74,-134,-18.7887,
-72,-134,-12.4516,
-70,-134,-11.8596,
-68,-134,-17.9051,
-66,-134,-21.1784,
-64,-134,-11.5981,
-62,-134,-10.2448,
-60,-134,-13.1013,
-58,-134,-20.7412,
-56,-134,-30.4177,
-54,-134,-25.4497,
-52,-134,-20.6217,
-50,-134,-16.7168,
-48,-134,-13.7365,
-46,-134,-10.8858,
-44,-134,-9.20748,
-42,-134,-10.4284,
-40,-134,-15.8189,
-38,-134,-14.6873,
-36,-134,-12.9322,
-34,-134,-17.378,
-32,-134,-13.8699,
-30,-134,-9.26558,
-28,-134,-7.31271,
-26,-134,-5.88465,
-24,-134,-5.31661,
-22,-134,-6.0718,
-20,-134,-8.18747,
-18,-134,-12.613,
-16,-134,-18.1716,
-14,-134,-12.8232,
-12,-134,-10.3244,
-10,-134,-10.4246,
-8,-134,-10.9952,
-6,-134,-10.1882,
-4,-134,-8.58578,
-2,-134,-7.84823,
0,-134,-8.85106,
2,-134,-11.2429,
4,-134,-11.8598,
6,-134,-10.8117,
8,-134,-11.0039,
10,-134,-12.003,
12,-134,-13.3267,
14,-134,-17.4707,
16,-134,-27.614,
18,-134,-14.8459,
20,-134,-9.88566,
22,-134,-7.43366,
24,-134,-6.77957,
26,-134,-8.34635,
28,-134,-12.8982,
30,-134,-19.7476,
32,-134,-20.2683,
34,-134,-20.4541,
36,-134,-19.2645,
38,-134,-18.3599,
40,-134,-18.7427,
42,-134,-15.1681,
44,-134,-11.3108,
46,-134,-9.93218,
48,-134,-10.3957,
50,-134,-10.8445,
52,-134,-11.1668,
54,-134,-13.341,
56,-134,-16.2427,
58,-134,-15.0932,
60,-134,-13.7735,
62,-134,-13.001,
64,-134,-12.4262,
66,-134,-12.9054,
68,-134,-13.924,
70,-134,-13.9082,
72,-134,-14.01,
74,-134,-16.4272,
76,-134,-24.684,
78,-134,-24.2958,
80,-134,-15.8839,
82,-134,-12.6709,
84,-134,-11.7086,
86,-134,-12.7133,
88,-134,-15.59,
90,-134,-16.6575,
92,-134,-14.0154,
94,-134,-12.7717,
96,-134,-13.6102,
98,-134,-16.2826,
100,-134,-19.2685,
102,-134,-17.7562,
104,-134,-15.3919,
106,-134,-13.7868,
108,-134,-11.5976,
110,-134,-10.2307,
112,-134,-11.3416,
114,-134,-15.3089,
116,-134,-15.7641,
118,-134,-12.9129,
120,-134,-12.5399,
122,-134,-14.3792,
124,-134,-18.4214,
126,-134,-19.156,
128,-134,-16.3362,
130,-134,-17.3444,
132,-134,-16.2131,
134,-134,-10.9588,
136,-134,-9.48333,
138,-134,-13.1795,
140,-134,-22.1317,
142,-134,-12.1876,
144,-134,-11.7594,
146,-134,-16.893,
148,-134,-12.947,
150,-134,-10.4243,
152,-134,-11.0088,
154,-134,-10.6202,
156,-134,-9.59604,
158,-134,-8.94555,
160,-134,-8.39144,
162,-134,-9.19572,
164,-134,-12.3906,
166,-134,-17.4126,
168,-134,-17.2683,
170,-134,-13.6219,
172,-134,-10.7709,
174,-134,-8.76458,
176,-134,-7.4951,
178,-134,-7.28729,
180,-134,-8.83535,
-180,-132,-8.26744,
-178,-132,-12.6523,
-176,-132,-21.3287,
-174,-132,-17.3431,
-172,-132,-14.4025,
-170,-132,-13.0593,
-168,-132,-11.2391,
-166,-132,-11.2288,
-164,-132,-15.2496,
-162,-132,-24.9912,
-160,-132,-17.2173,
-158,-132,-13.1596,
-156,-132,-10.0651,
-154,-132,-8.53782,
-152,-132,-9.02804,
-150,-132,-10.5346,
-148,-132,-12.2523,
-146,-132,-14.9455,
-144,-132,-16.8187,
-142,-132,-14.6211,
-140,-132,-12.3679,
-138,-132,-13.0701,
-136,-132,-17.8676,
-134,-132,-16.3346,
-132,-132,-12.8585,
-130,-132,-11.0555,
-128,-132,-9.66071,
-126,-132,-10.7129,
-124,-132,-15.102,
-122,-132,-16.9747,
-120,-132,-15.0536,
-118,-132,-13.8143,
-116,-132,-13.1728,
-114,-132,-14.945,
-112,-132,-18.5268,
-110,-132,-15.8429,
-108,-132,-12.8502,
-106,-132,-12.3967,
-104,-132,-14.1159,
-102,-132,-17.2845,
-100,-132,-18.3987,
-98,-132,-16.2657,
-96,-132,-14.3956,
-94,-132,-13.3883,
-92,-132,-12.5899,
-90,-132,-11.596,
-88,-132,-11.1947,
-86,-132,-12.4571,
-84,-132,-16.5367,
-82,-132,-24.3351,
-80,-132,-20.4051,
-78,-132,-18.1995,
-76,-132,-18.9298,
-74,-132,-15.1823,
-72,-132,-11.6071,
-70,-132,-11.9399,
-68,-132,-20.0192,
-66,-132,-17.0166,
-64,-132,-9.68462,
-62,-132,-8.85454,
-60,-132,-12.0869,
-58,-132,-17.5192,
-56,-132,-16.439,
-54,-132,-16.0696,
-52,-132,-18.6561,
-50,-132,-21.4042,
-48,-132,-19.7714,
-46,-132,-15.9029,
-44,-132,-12.9841,
-42,-132,-14.1296,
-40,-132,-20.4848,
-38,-132,-15.5154,
-36,-132,-15.1359,
-34,-132,-19.386,
-32,-132,-12.6205,
-30,-132,-9.89253,
-28,-132,-8.87441,
-26,-132,-7.77179,
-24,-132,-7.69174,
-22,-132,-8.52614,
-20,-132,-10.3082,
-18,-132,-14.2064,
-16,-132,-13.9692,
-14,-132,-10.9482,
-12,-132,-11.1358,
-10,-132,-13.8461,
-8,-132,-17.3818,
-6,-132,-13.5505,
-4,-132,-8.35207,
-2,-132,-6.36462,
0,-132,-7.7027,
2,-132,-13.9122,
4,-132,-20.0022,
6,-132,-13.3216,
8,-132,-13.6124,
10,-132,-13.5063,
12,-132,-10.5982,
14,-132,-10.9087,
16,-132,-17.0384,
18,-132,-21.1949,
20,-132,-12.7883,
22,-132,-9.88728,
24,-132,-8.31999,
26,-132,-8.18771,
28,-132,-9.71186,
30,-132,-11.0899,
32,-132,-11.0779,
34,-132,-11.6007,
36,-132,-12.8215,
38,-132,-14.2664,
40,-132,-16.9005,
42,-132,-18.1619,
44,-132,-14.028,
46,-132,-12.0931,
48,-132,-12.0623,
50,-132,-11.0038,
52,-132,-10.4493,
54,-132,-13.0436,
56,-132,-19.475,
58,-132,-19.4457,
60,-132,-17.7873,
62,-132,-17.834,
64,-132,-18.1754,
66,-132,-19.8189,
68,-132,-19.3491,
70,-132,-16.5985,
72,-132,-15.9632,
74,-132,-18.2987,
76,-132,-22.1267,
78,-132,-18.5234,
80,-132,-14.5281,
82,-132,-12.123,
84,-132,-10.9842,
86,-132,-11.7114,
88,-132,-15.5456,
90,-132,-19.2723,
92,-132,-13.5416,
94,-132,-11.2501,
96,-132,-12.1784,
98,-132,-15.8415,
100,-132,-21.129,
102,-132,-18.8567,
104,-132,-15.2788,
106,-132,-15.2111,
108,-132,-17.0564,
110,-132,-15.0632,
112,-132,-13.9719,
114,-132,-16.6323,
116,-132,-17.1928,
118,-132,-13.9729,
120,-132,-13.3204,
122,-132,-14.0804,
124,-132,-13.8888,
126,-132,-11.854,
128,-132,-10.5353,
130,-132,-12.1177,
132,-132,-18.7844,
134,-132,-16.0032,
136,-132,-12.1524,
138,-132,-14.7989,
140,-132,-18.96,
142,-132,-12.8767,
144,-132,-12.8008,
146,-132,-12.8684,
148,-132,-9.99167,
150,-132,-10.5066,
152,-132,-13.7736,
154,-132,-14.1434,
156,-132,-13.8335,
158,-132,-12.6819,
160,-132,-11.4789,
162,-132,-12.4983,
164,-132,-13.7788,
166,-132,-14.0315,
168,-132,-16.5083,
170,-132,-20.6204,
172,-132,-15.3601,
174,-132,-10.3743,
176,-132,-7.61278,
178,-132,-6.85349,
180,-132,-8.26744,
-180,-130,-10.7951,
-178,-130,-16.4524,
-176,-130,-28.6103,
-174,-130,-23.8486,
-172,-130,-26.8861,
-170,-130,-18.8619,
-168,-130,-12.4079,
-166,-130,-11.4318,
-164,-130,-16.8631,
-162,-130,-21.8752,
-160,-130,-12.3902,
-158,-130,-11.6874,
-156,-130,-12.9154,
-154,-130,-11.0124,
-152,-130,-9.59694,
-150,-130,-9.61677,
-148,-130,-10.523,
-146,-130,-12.4521,
-144,-130,-13.6766,
-142,-130,-12.0722,
-140,-130,-10.5538,
-138,-130,-12.0589,
-136,-130,-20.5951,
-134,-130,-16.9162,
-132,-130,-11.4936,
-130,-130,-8.98357,
-128,-130,-7.57491,
-126,-130,-8.62641,
-124,-130,-12.4148,
-122,-130,-16.1744,
-120,-130,-18.7045,
-118,-130,-17.7019,
-116,-130,-14.6116,
-114,-130,-14.581,
-112,-130,-17.401,
-110,-130,-20.4024,
-108,-130,-16.8029,
-106,-130,-13.7116,
-104,-130,-12.856,
-102,-130,-13.65,
-100,-130,-15.4973,
-98,-130,-17.0701,
-96,-130,-16.7571,
-94,-130,-15.6199,
-92,-130,-14.4378,
-90,-130,-13.0689,
-88,-130,-12.3055,
-86,-130,-13.3547,
-84,-130,-17.6487,
-82,-130,-23.8484,
-80,-130,-17.9014,
-78,-130,-15.6183,
-76,-130,-15.5169,
-74,-130,-13.857,
-72,-130,-11.8367,
-70,-130,-12.8684,
-68,-130,-22.5411,
-66,-130,-14.6428,
-64,-130,-8.63953,
-62,-130,-8.20095,
-60,-130,-11.8123,
-58,-130,-15.5554,
-56,-130,-12.9267,
-54,-130,-12.4819,
-52,-130,-14.6538,
-50,-130,-17.6563,
-48,-130,-19.1525,
-46,-130,-23.2964,
-44,-130,-21.3241,
-42,-130,-20.5176,
-40,-130,-18.0832,
-38,-130,-13.4714,
-36,-130,-15.0934,
-34,-130,-17.9955,
-32,-130,-12.8792,
-30,-130,-12.6451,
-28,-130,-13.7568,
-26,-130,-14.2872,
-24,-130,-15.4081,
-22,-130,-12.953,
-20,-130,-13.817,
-18,-130,-20.7398,
-16,-130,-12.9924,
-14,-130,-9.89718,
-12,-130,-10.34,
-10,-130,-11.8747,
-8,-130,-15.5814,
-6,-130,-19.6812,
-4,-130,-10.7747,
-2,-130,-8.00241,
0,-130,-9.9048,
2,-130,-19.0695,
4,-130,-14.2831,
6,-130,-10.8516,
8,-130,-15.0806,
10,-130,-19.3404,
12,-130,-9.83177,
14,-130,-8.76754,
16,-130,-13.3292,
18,-130,-14.27,
20,-130,-9.01706,
22,-130,-8.08484,
24,-130,-8.62147,
26,-130,-8.5439,
28,-130,-8.64806,
30,-130,-8.85152,
32,-130,-8.7515,
34,-130,-9.22718,
36,-130,-10.3216,
38,-130,-11.5554,
40,-130,-13.4969,
42,-130,-16.315,
44,-130,-14.968,
46,-130,-13.0254,
48,-130,-12.6219,
50,-130,-10.9963,
52,-130,-10.6423,
54,-130,-14.5544,
56,-130,-23.254,
58,-130,-16.4764,
60,-130,-14.5518,
62,-130,-15.2618,
64,-130,-17.5044,
66,-130,-21.1783,
68,-130,-19.7519,
70,-130,-15.444,
72,-130,-13.302,
74,-130,-13.4945,
76,-130,-15.8226,
78,-130,-18.1343,
80,-130,-16.7579,
82,-130,-13.9982,
84,-130,-11.7561,
86,-130,-11.3661,
88,-130,-14.4651,
90,-130,-26.2464,
92,-130,-15.5135,
94,-130,-11.6872,
96,-130,-12.7712,
98,-130,-18.3396,
100,-130,-22.327,
102,-130,-17.8967,
104,-130,-14.4593,
106,-130,-13.2295,
108,-130,-16.1753,
110,-130,-19.7083,
112,-130,-14.8257,
114,-130,-14.1886,
116,-130,-15.0349,
118,-130,-13.9664,
120,-130,-13.7999,
122,-130,-14.0003,
124,-130,-12.1637,
126,-130,-9.53428,
128,-130,-8.0899,
130,-130,-8.96412,
132,-130,-13.4151,
134,-130,-19.5939,
136,-130,-15.4604,
138,-130,-15.8645,
140,-130,-14.1042,
142,-130,-10.8984,
144,-130,-10.7784,
146,-130,-9.85224,
148,-130,-8.93057,
150,-130,-11.9324,
152,-130,-19.981,
154,-130,-21.5656,
156,-130,-20.4502,
158,-130,-14.642,
160,-130,-14.5772,
162,-130,-19.5166,
164,-130,-15.0564,
166,-130,-12.5385,
168,-130,-13.3065,
170,-130,-15.2643,
172,-130,-16.9055,
174,-130,-13.2713,
176,-130,-9.61599,
178,-130,-8.78259,
180,-130,-10.7951,
-180,-128,-14.2249,
-178,-128,-21.4961,
-176,-128,-24.0876,
-174,-128,-17.672,
-172,-128,-16.9495,
-170,-128,-18.105,
-168,-128,-14.942,
-166,-128,-13.8987,
-164,-128,-21.086,
-162,-128,-15.1308,
-160,-128,-8.83998,
-158,-128,-8.53492,
-156,-128,-12.36,
-154,-128,-14.0806,
-152,-128,-11.5266,
-150,-128,-11.128,
-148,-128,-12.1652,
-146,-128,-14.0492,
-144,-128,-14.5915,
-142,-128,-12.5967,
-140,-128,-11.0478,
-138,-128,-12.7357,
-136,-128,-19.6894,
-134,-128,-13.9498,
-132,-128,-10.1774,
-130,-128,-8.25067,
-128,-128,-7.21987,
-126,-128,-8.7257,
-124,-128,-12.586,
-122,-128,-15.0381,
-120,-128,-18.383,
-118,-128,-19.5362,
-116,-128,-14.2921,
-114,-128,-12.3143,
-112,-128,-13.0731,
-110,-128,-17.2289,
-108,-128,-22.7223,
-106,-128,-16.5415,
-104,-128,-13.3134,
-102,-128,-12.5102,
-100,-128,-13.6248,
-98,-128,-16.7332,
-96,-128,-16.5171,
-94,-128,-12.2028,
-92,-128,-10.2327,
-90,-128,-10.7127,
-88,-128,-12.8954,
-86,-128,-15.1835,
-84,-128,-17.9328,
-82,-128,-24.0133,
-80,-128,-19.1748,
-78,-128,-15.0082,
-76,-128,-14.2522,
-74,-128,-14.2517,
-72,-128,-13.678,
-70,-128,-15.0171,
-68,-128,-23.7307,
-66,-128,-14.7453,
-64,-128,-9.2377,
-62,-128,-9.08286,
-60,-128,-13.3425,
-58,-128,-14.6784,
-56,-128,-11.1861,
-54,-128,-10.8326,
-52,-128,-12.4163,
-50,-128,-13.615,
-48,-128,-13.4818,
-46,-128,-15.9968,
-44,-128,-21.6053,
-42,-128,-18.8907,
-40,-128,-14.0605,
-38,-128,-11.8815,
-36,-128,-14.5717,
-34,-128,-16.5548,
-32,-128,-14.1183,
-30,-128,-17.8212,
-28,-128,-20.9734,
-26,-128,-24.0229,
-24,-128,-14.4232,
-22,-128,-9.46324,
-20,-128,-10.8262,
-18,-128,-18.6828,
-16,-128,-13.4266,
-14,-128,-11.2002,
-12,-128,-12.2485,
-10,-128,-12.588,
-8,-128,-14.5328,
-6,-128,-20.9099,
-4,-128,-14.9282,
-2,-128,-12.451,
0,-128,-16.5097,
2,-128,-19.1726,
4,-128,-10.3302,
6,-128,-8.291,
8,-128,-10.6333,
10,-128,-13.9978,
12,-128,-9.85646,
14,-128,-9.24384,
16,-128,-14.3933,
18,-128,-11.1927,
20,-128,-6.20671,
22,-128,-5.81549,
24,-128,-8.31991,
26,-128,-10.5679,
28,-128,-10.6227,
30,-128,-10.6586,
32,-128,-10.6684,
34,-128,-11.1048,
36,-128,-11.9848,
38,-128,-12.8536,
40,-128,-14.1913,
42,-128,-16.2785,
44,-128,-14.5955,
46,-128,-12.5176,
48,-128,-12.4103,
50,-128,-11.6325,
52,-128,-12.3982,
54,-128,-20.0977,
56,-128,-20.687,
58,-128,-13.7813,
60,-128,-13.0826,
62,-128,-14.2682,
64,-128,-16.213,
66,-128,-18.7258,
68,-128,-20.4912,
70,-128,-15.9933,
72,-128,-12.1855,
74,-128,-11.5064,
76,-128,-13.8553,
78,-128,-18.9789,
80,-128,-22.1668,
82,-128,-17.9559,
84,-128,-13.0434,
86,-128,-10.6259,
88,-128,-11.2353,
90,-128,-15.408,
92,-128,-17.0213,
94,-128,-13.4443,
96,-128,-14.561,
98,-128,-22.3595,
100,-128,-17.6925,
102,-128,-14.8787,
104,-128,-15.1797,
106,-128,-13.5718,
108,-128,-14.7586,
110,-128,-21.5292,
112,-128,-14.1911,
114,-128,-11.4932,
116,-128,-12.3638,
118,-128,-13.4832,
120,-128,-14.851,
122,-128,-16.9917,
124,-128,-15.3631,
126,-128,-11.5883,
128,-128,-9.3278,
130,-128,-9.57749,
132,-128,-12.9509,
134,-128,-18.3035,
136,-128,-17.5204,
138,-128,-17.2878,
140,-128,-13.0126,
142,-128,-10.166,
144,-128,-10.022,
146,-128,-9.24746,
148,-128,-9.8148,
150,-128,-16.2144,
152,-128,-25.3677,
154,-128,-20.2476,
156,-128,-15.4606,
158,-128,-11.1829,
160,-128,-12.7864,
162,-128,-19.9125,
164,-128,-16.3611,
166,-128,-15.4245,
168,-128,-15.0247,
170,-128,-13.1457,
172,-128,-13.9656,
174,-128,-15.2394,
176,-128,-12.8333,
178,-128,-11.8958,
180,-128,-14.2249,
-180,-126,-14.5253,
-178,-126,-18.4638,
-176,-126,-21.5767,
-174,-126,-15.2048,
-172,-126,-12.8722,
-170,-126,-14.4383,
-168,-126,-18.4239,
-166,-126,-18.5636,
-164,-126,-22.1271,
-162,-126,-13.7356,
-160,-126,-8.41066,
-158,-126,-8.20061,
-156,-126,-12.8659,
-154,-126,-17.2271,
-152,-126,-13.2376,
-150,-126,-12.9976,
-148,-126,-14.096,
-146,-126,-14.3264,
-144,-126,-13.6085,
-142,-126,-12.5838,
-140,-126,-11.5022,
-138,-126,-12.5944,
-136,-126,-15.5446,
-134,-126,-12.4443,
-132,-126,-10.2478,
-130,-126,-8.65151,
-128,-126,-7.7763,
-126,-126,-9.87214,
-124,-126,-13.5169,
-122,-126,-13.6643,
-120,-126,-16.2347,
-118,-126,-19.2343,
-116,-126,-13.704,
-114,-126,-10.6769,
-112,-126,-10.2736,
-110,-126,-12.2016,
-108,-126,-15.8157,
-106,-126,-17.1647,
-104,-126,-14.8784,
-102,-126,-13.2676,
-100,-126,-13.8149,
-98,-126,-17.0873,
-96,-126,-15.6412,
-94,-126,-10.5925,
-92,-126,-8.66663,
-90,-126,-9.74601,
-88,-126,-14.0094,
-86,-126,-17.2658,
-84,-126,-15.3968,
-82,-126,-17.5919,
-80,-126,-20.9913,
-78,-126,-15.4594,
-76,-126,-13.7762,
-74,-126,-15.1234,
-72,-126,-16.9503,
-70,-126,-18.1526,
-68,-126,-23.1042,
-66,-126,-18.26,
-64,-126,-12.1669,
-62,-126,-11.8892,
-60,-126,-15.9975,
-58,-126,-13.1623,
-56,-126,-10.0857,
-54,-126,-10.1415,
-52,-126,-11.5223,
-50,-126,-12.1363,
-48,-126,-11.5897,
-46,-126,-13.6377,
-44,-126,-19.865,
-42,-126,-17.9744,
-40,-126,-13.3995,
-38,-126,-12.1637,
-36,-126,-15.1848,
-34,-126,-15.1474,
-32,-126,-15.3806,
-30,-126,-23.1741,
-28,-126,-16.1753,
-26,-126,-14.5144,
-24,-126,-9.41622,
-22,-126,-6.66339,
-20,-126,-8.41655,
-18,-126,-13.1129,
-16,-126,-12.3547,
-14,-126,-13.2272,
-12,-126,-18.4163,
-10,-126,-17.4604,
-8,-126,-16.7766,
-6,-126,-18.3622,
-4,-126,-17.2378,
-2,-126,-18.4202,
0,-126,-27.8052,
2,-126,-15.9366,
4,-126,-10.0625,
6,-126,-7.97723,
8,-126,-8.3902,
10,-126,-10.1665,
12,-126,-10.6944,
14,-126,-12.0277,
16,-126,-20.7039,
18,-126,-11.1463,
20,-126,-5.98477,
22,-126,-5.78141,
24,-126,-9.64228,
26,-126,-16.3858,
28,-126,-15.9421,
30,-126,-15.8895,
32,-126,-15.8768,
34,-126,-14.4289,
36,-126,-13.3884,
38,-126,-13.6119,
40,-126,-14.6296,
42,-126,-15.7552,
44,-126,-13.9049,
46,-126,-12.052,
48,-126,-12.5631,
50,-126,-13.1015,
52,-126,-15.3862,
54,-126,-21.1015,
56,-126,-14.2553,
58,-126,-12.4531,
60,-126,-14.1713,
62,-126,-15.7462,
64,-126,-15.0196,
66,-126,-14.7378,
68,-126,-17.9574,
70,-126,-18.6932,
72,-126,-13.2172,
74,-126,-12.0513,
76,-126,-14.4251,
78,-126,-18.5365,
80,-126,-21.9744,
82,-126,-23.2449,
84,-126,-14.3077,
86,-126,-10.1886,
88,-126,-9.48305,
90,-126,-11.5752,
92,-126,-14.8554,
94,-126,-14.2209,
96,-126,-14.4882,
98,-126,-18.5487,
100,-126,-14.8493,
102,-126,-12.5687,
104,-126,-16.2136,
106,-126,-17.7,
108,-126,-15.501,
110,-126,-22.9759,
112,-126,-13.758,
114,-126,-9.88963,
116,-126,-10.9986,
118,-126,-14.0661,
120,-126,-16.4355,
122,-126,-19.9469,
124,-126,-24.9495,
126,-126,-19.1555,
128,-126,-13.8903,
130,-126,-12.631,
132,-126,-13.6244,
134,-126,-14.1745,
136,-126,-14.8922,
138,-126,-17.976,
140,-126,-13.7035,
142,-126,-10.8067,
144,-126,-10.6993,
146,-126,-10.1157,
148,-126,-12.5482,
150,-126,-26.4098,
152,-126,-15.2318,
154,-126,-15.5182,
156,-126,-13.0037,
158,-126,-9.80242,
160,-126,-11.7403,
162,-126,-15.1243,
164,-126,-14.7259,
166,-126,-20.5986,
168,-126,-21.0042,
170,-126,-13.5423,
172,-126,-12.8972,
174,-126,-15.3691,
176,-126,-16.3356,
178,-126,-14.3567,
180,-126,-14.5253,
-180,-124,-14.977,
-178,-124,-17.644,
-176,-124,-22.7722,
-174,-124,-16.2852,
-172,-124,-13.1083,
-170,-124,-14.5711,
-168,-124,-24.9141,
-166,-124,-21.3163,
-164,-124,-18.0457,
-162,-124,-15.2781,
-160,-124,-10.3599,
-158,-124,-9.79599,
-156,-124,-13.3913,
-154,-124,-13.8708,
-152,-124,-11.7148,
-150,-124,-12.342,
-148,-124,-12.9281,
-146,-124,-11.8372,
-144,-124,-11.2529,
-142,-124,-11.7661,
-140,-124,-11.6945,
-138,-124,-12.203,
-136,-124,-14.1299,
-134,-124,-13.2148,
-132,-124,-12.0383,
-130,-124,-9.68627,
-128,-124,-8.43757,
-126,-124,-10.8324,
-124,-124,-13.3849,
-122,-124,-12.4599,
-120,-124,-14.9479,
-118,-124,-18.2857,
-116,-124,-13.3234,
-114,-124,-9.97346,
-112,-124,-9.02645,
-110,-124,-9.94074,
-108,-124,-12.3038,
-106,-124,-15.3095,
-104,-124,-15.8767,
-102,-124,-14.9119,
-100,-124,-16.4077,
-98,-124,-20.3862,
-96,-124,-16.0873,
-94,-124,-11.7366,
-92,-124,-10.2862,
-90,-124,-11.583,
-88,-124,-16.397,
-86,-124,-17.6726,
-84,-124,-13.5248,
-82,-124,-13.9884,
-80,-124,-18.6826,
-78,-124,-16.3401,
-76,-124,-13.578,
-74,-124,-14.9443,
-72,-124,-19.6375,
-70,-124,-22.0256,
-68,-124,-20.1397,
-66,-124,-21.6881,
-64,-124,-18.2597,
-62,-124,-16.3046,
-60,-124,-16.4829,
-58,-124,-11.9791,
-56,-124,-9.84829,
-54,-124,-10.2895,
-52,-124,-11.6072,
-50,-124,-12.5125,
-48,-124,-12.0456,
-46,-124,-14.3251,
-44,-124,-24.2417,
-42,-124,-19.2387,
-40,-124,-14.4368,
-38,-124,-13.8363,
-36,-124,-15.6396,
-34,-124,-13.2233,
-32,-124,-15.6806,
-30,-124,-20.1795,
-28,-124,-13.0173,
-26,-124,-12.3933,
-24,-124,-8.42903,
-22,-124,-6.54941,
-20,-124,-8.73974,
-18,-124,-11.4663,
-16,-124,-10.8217,
-14,-124,-12.8696,
-12,-124,-16.4401,
-10,-124,-14.8457,
-8,-124,-14.5394,
-6,-124,-15.7574,
-4,-124,-16.8123,
-2,-124,-19.636,
0,-124,-21.7431,
2,-124,-16.6232,
4,-124,-12.4964,
6,-124,-9.71231,
8,-124,-8.62949,
10,-124,-9.7331,
12,-124,-12.8709,
14,-124,-16.9746,
16,-124,-25.6383,
18,-124,-13.5777,
20,-124,-8.1861,
22,-124,-7.72236,
24,-124,-11.309,
26,-124,-15.1249,
28,-124,-14.0397,
30,-124,-15.7341,
32,-124,-16.9096,
34,-124,-13.364,
36,-124,-11.3141,
38,-124,-11.9272,
40,-124,-13.9134,
42,-124,-15.4782,
44,-124,-14.2887,
46,-124,-12.6521,
48,-124,-13.5501,
50,-124,-14.6456,
52,-124,-15.8128,
54,-124,-13.3695,
56,-124,-10.5114,
58,-124,-11.9367,
60,-124,-17.9374,
62,-124,-17.8283,
64,-124,-13.1657,
66,-124,-11.7897,
68,-124,-14.3012,
70,-124,-18.5788,
72,-124,-15.1106,
74,-124,-14.6622,
76,-124,-17.4708,
78,-124,-17.5689,
80,-124,-18.4839,
82,-124,-26.956,
84,-124,-15.8421,
86,-124,-10.9109,
88,-124,-9.91094,
90,-124,-11.4695,
92,-124,-14.2181,
94,-124,-14.1695,
96,-124,-13.419,
98,-124,-15.7773,
100,-124,-14.8069,
102,-124,-11.4933,
104,-124,-13.523,
106,-124,-18.5637,
108,-124,-14.9005,
110,-124,-20.7235,
112,-124,-14.3442,
114,-124,-9.14462,
116,-124,-10.3069,
118,-124,-14.9394,
120,-124,-15.0288,
122,-124,-13.6688,
124,-124,-14.0809,
126,-124,-15.982,
128,-124,-15.7135,
130,-124,-14.1819,
132,-124,-12.5499,
134,-124,-11.1906,
136,-124,-12.1723,
138,-124,-16.9835,
140,-124,-14.7991,
142,-124,-11.9952,
144,-124,-11.7864,
146,-124,-11.1733,
148,-124,-16.2215,
150,-124,-18.1402,
152,-124,-11.1649,
154,-124,-13.5802,
156,-124,-13.2777,
158,-124,-10.7816,
160,-124,-13.4403,
162,-124,-13.9585,
164,-124,-12.5886,
166,-124,-14.5857,
168,-124,-14.8851,
170,-124,-12.9065,
172,-124,-12.872,
174,-124,-15.5519,
176,-124,-19.5133,
178,-124,-16.5457,
180,-124,-14.977,
-180,-122,-18.5056,
-178,-122,-19.7362,
-176,-122,-26.1433,
-174,-122,-21.0872,
-172,-122,-16.0173,
-170,-122,-16.6176,
-168,-122,-22.0305,
-166,-122,-16.0196,
-164,-122,-14.1674,
-162,-122,-17.2471,
-160,-122,-14.2185,
-158,-122,-11.8247,
-156,-122,-11.9743,
-154,-122,-10.8106,
-152,-122,-10.5149,
-150,-122,-12.106,
-148,-122,-12.5286,
-146,-122,-11.0903,
-144,-122,-10.7764,
-142,-122,-12.4128,
-140,-122,-13.1483,
-138,-122,-12.9686,
-136,-122,-14.8534,
-134,-122,-16.5043,
-132,-122,-15.9395,
-130,-122,-10.7666,
-128,-122,-8.90436,
-126,-122,-11.3092,
-124,-122,-13.0472,
-122,-122,-12.3632,
-120,-122,-15.251,
-118,-122,-17.7348,
-116,-122,-13.2411,
-114,-122,-10.1078,
-112,-122,-8.97262,
-110,-122,-9.43307,
-108,-122,-11.6194,
-106,-122,-15.6662,
-104,-122,-16.4544,
-102,-122,-15.6289,
-100,-122,-20.5197,
-98,-122,-25.8606,
-96,-122,-17.0148,
-94,-122,-14.8815,
-92,-122,-13.6892,
-90,-122,-13.4744,
-88,-122,-15.4988,
-86,-122,-16.7376,
-84,-122,-13.8432,
-82,-122,-12.9763,
-80,-122,-15.7121,
-78,-122,-16.7997,
-76,-122,-13.6911,
-74,-122,-14.0376,
-72,-122,-18.8272,
-70,-122,-27.4155,
-68,-122,-16.8749,
-66,-122,-15.2462,
-64,-122,-18.3779,
-62,-122,-18.246,
-60,-122,-15.543,
-58,-122,-12.2121,
-56,-122,-10.6726,
-54,-122,-10.7976,
-52,-122,-11.4918,
-50,-122,-13.4681,
-48,-122,-14.1223,
-46,-122,-16.8261,
-44,-122,-25.6528,
-42,-122,-17.3483,
-40,-122,-14.726,
-38,-122,-14.9024,
-36,-122,-13.8917,
-34,-122,-11.2111,
-32,-122,-15.1868,
-30,-122,-18.8222,
-28,-122,-12.6529,
-26,-122,-13.3501,
-24,-122,-9.5903,
-22,-122,-8.51265,
-20,-122,-11.3405,
-18,-122,-11.1806,
-16,-122,-10.1594,
-14,-122,-11.8784,
-12,-122,-11.6692,
-10,-122,-9.9667,
-8,-122,-10.6314,
-6,-122,-13.7183,
-4,-122,-17.0422,
-2,-122,-18.721,
0,-122,-20.7474,
2,-122,-21.3521,
4,-122,-17.7801,
6,-122,-13.3164,
8,-122,-11.028,
10,-122,-11.8775,
12,-122,-16.7431,
14,-122,-16.9294,
16,-122,-14.1568,
18,-122,-15.3866,
20,-122,-13.2642,
22,-122,-10.6527,
24,-122,-10.2156,
26,-122,-9.82242,
28,-122,-10.1994,
30,-122,-12.7742,
32,-122,-15.0887,
34,-122,-12.1877,
36,-122,-10.0739,
38,-122,-11.1542,
40,-122,-14.4137,
42,-122,-16.9086,
44,-122,-16.3938,
46,-122,-14.6736,
48,-122,-15.5188,
50,-122,-15.5908,
52,-122,-14.0645,
54,-122,-10.3607,
56,-122,-9.02864,
58,-122,-12.6025,
60,-122,-26.1064,
62,-122,-16.3613,
64,-122,-11.717,
66,-122,-10.673,
68,-122,-13.1482,
70,-122,-16.7235,
72,-122,-16.0578,
74,-122,-19.1868,
76,-122,-22.985,
78,-122,-17.0949,
80,-122,-17.5081,
82,-122,-22.976,
84,-122,-17.581,
86,-122,-12.8023,
88,-122,-11.6558,
90,-122,-13.327,
92,-122,-16.3118,
94,-122,-15.8852,
96,-122,-14.0481,
98,-122,-15.4283,
100,-122,-17.2572,
102,-122,-11.6278,
104,-122,-10.74,
106,-122,-13.4044,
108,-122,-12.8449,
110,-122,-17.2701,
112,-122,-16.0748,
114,-122,-8.80133,
116,-122,-9.60899,
118,-122,-14.7492,
120,-122,-12.7352,
122,-122,-10.5608,
124,-122,-10.3192,
126,-122,-11.2267,
128,-122,-12.1711,
130,-122,-12.9144,
132,-122,-12.0797,
134,-122,-10.5245,
136,-122,-11.6428,
138,-122,-17.343,
140,-122,-15.4458,
142,-122,-12.9377,
144,-122,-12.334,
146,-122,-11.2293,
148,-122,-17.0183,
150,-122,-14.0333,
152,-122,-9.85615,
154,-122,-13.6296,
156,-122,-15.0367,
158,-122,-13.6863,
160,-122,-18.3392,
162,-122,-14.56,
164,-122,-12.1435,
166,-122,-11.2859,
168,-122,-10.3476,
170,-122,-10.5855,
172,-122,-12.4823,
174,-122,-16.449,
176,-122,-22.537,
178,-122,-21.097,
180,-122,-18.5056,
-180,-120,-22.0764,
-178,-120,-21.0162,
-176,-120,-25.2556,
-174,-120,-22.8029,
-172,-120,-16.6611,
-170,-120,-15.3672,
-168,-120,-14.9785,
-166,-120,-12.1793,
-164,-120,-11.6254,
-162,-120,-16.2802,
-160,-120,-18.4128,
-158,-120,-12.81,
-156,-120,-10.8547,
-154,-120,-10.092,
-152,-120,-11.3371,
-150,-120,-13.9562,
-148,-120,-14.0546,
-146,-120,-12.4401,
-144,-120,-12.3817,
-142,-120,-15.5198,
-140,-120,-16.7324,
-138,-120,-14.7686,
-136,-120,-16.3922,
-134,-120,-22.0196,
-132,-120,-21.3893,
-130,-120,-11.622,
-128,-120,-9.59954,
-126,-120,-12.232,
-124,-120,-13.8213,
-122,-120,-13.6262,
-120,-120,-16.8472,
-118,-120,-17.1586,
-116,-120,-13.3626,
-114,-120,-10.9487,
-112,-120,-9.8717,
-110,-120,-9.99428,
-108,-120,-12.433,
-106,-120,-19.7198,
-104,-120,-17.3473,
-102,-120,-14.9743,
-100,-120,-19.1674,
-98,-120,-18.2465,
-96,-120,-15.3538,
-94,-120,-13.5643,
-92,-120,-10.2587,
-90,-120,-9.31911,
-88,-120,-11.357,
-86,-120,-15.258,
-84,-120,-16.0006,
-82,-120,-13.6065,
-80,-120,-13.7343,
-78,-120,-16.0584,
-76,-120,-14.5705,
-74,-120,-13.8092,
-72,-120,-17.1172,
-70,-120,-27.3376,
-68,-120,-15.1768,
-66,-120,-11.8745,
-64,-120,-14.1866,
-62,-120,-17.2713,
-60,-120,-15.3323,
-58,-120,-13.7216,
-56,-120,-12.2321,
-54,-120,-10.8048,
-52,-120,-10.2893,
-50,-120,-12.9797,
-48,-120,-16.539,
-46,-120,-19.5227,
-44,-120,-19.4666,
-42,-120,-14.8766,
-40,-120,-14.2479,
-38,-120,-15.0861,
-36,-120,-12.4603,
-34,-120,-10.0858,
-32,-120,-14.804,
-30,-120,-19.4934,
-28,-120,-14.3808,
-26,-120,-16.9798,
-24,-120,-12.0173,
-22,-120,-12.4423,
-20,-120,-14.9713,
-18,-120,-10.7278,
-16,-120,-10.1888,
-14,-120,-12.0105,
-12,-120,-10.1321,
-10,-120,-8.06736,
-8,-120,-8.89272,
-6,-120,-13.0011,
-4,-120,-18.2615,
-2,-120,-17.054,
0,-120,-17.6711,
2,-120,-22.9754,
4,-120,-22.0905,
6,-120,-16.9579,
8,-120,-15.4212,
10,-120,-16.8251,
12,-120,-18.4554,
14,-120,-12.5285,
16,-120,-9.87669,
18,-120,-12.3006,
20,-120,-22.0319,
22,-120,-12.5979,
24,-120,-8.72622,
26,-120,-7.92912,
28,-120,-9.07961,
30,-120,-12.0342,
32,-120,-15.4112,
34,-120,-13.138,
36,-120,-10.4506,
38,-120,-11.8821,
40,-120,-16.9546,
42,-120,-19.5694,
44,-120,-19.2732,
46,-120,-17.5392,
48,-120,-17.5172,
50,-120,-15.8693,
52,-120,-13.5677,
54,-120,-9.81984,
56,-120,-9.42602,
58,-120,-15.3977,
60,-120,-21.1695,
62,-120,-13.5896,
64,-120,-11.2213,
66,-120,-11.1931,
68,-120,-14.4015,
70,-120,-15.9262,
72,-120,-15.9389,
74,-120,-25.0043,
76,-120,-20.8862,
78,-120,-16.6847,
80,-120,-18.1715,
82,-120,-18.2129,
84,-120,-18.3429,
86,-120,-13.9289,
88,-120,-10.5788,
90,-120,-11.4322,
92,-120,-16.4667,
94,-120,-20.95,
96,-120,-17.6718,
98,-120,-16.3262,
100,-120,-19.8507,
102,-120,-13.2685,
104,-120,-10.0644,
106,-120,-11.6321,
108,-120,-11.7908,
110,-120,-14.0301,
112,-120,-17.2733,
114,-120,-8.82199,
116,-120,-9.2675,
118,-120,-14.8472,
120,-120,-11.4719,
122,-120,-9.55496,
124,-120,-9.49443,
126,-120,-9.76895,
128,-120,-10.1702,
130,-120,-11.9147,
132,-120,-13.5043,
134,-120,-11.9905,
136,-120,-13.1393,
138,-120,-19.5355,
140,-120,-14.7168,
142,-120,-13.2759,
144,-120,-12.7283,
146,-120,-10.765,
148,-120,-15.0768,
150,-120,-12.9818,
152,-120,-10.4593,
154,-120,-15.5726,
156,-120,-16.3168,
158,-120,-16.781,
160,-120,-19.9975,
162,-120,-14.9868,
164,-120,-13.5451,
166,-120,-10.9403,
168,-120,-8.83752,
170,-120,-8.94318,
172,-120,-11.7262,
174,-120,-17.7757,
176,-120,-22.6983,
178,-120,-23.0572,
180,-120,-22.0764,
-180,-118,-16.5532,
-178,-118,-18.74,
-176,-118,-21.7238,
-174,-118,-16.153,
-172,-118,-12.8215,
-170,-118,-12.0348,
-168,-118,-11.5699,
-166,-118,-10.2925,
-164,-118,-10.6197,
-162,-118,-15.4082,
-160,-118,-20.7123,
-158,-118,-13.5784,
-156,-118,-11.1692,
-154,-118,-11.2299,
-152,-118,-14.3822,
-150,-118,-16.0858,
-148,-118,-14.9544,
-146,-118,-15.1303,
-144,-118,-16.0009,
-142,-118,-21.2142,
-140,-118,-18.8105,
-138,-118,-15.472,
-136,-118,-16.2372,
-134,-118,-18.9757,
-132,-118,-18.4826,
-130,-118,-12.3581,
-128,-118,-11.0169,
-126,-118,-14.4479,
-124,-118,-15.9982,
-122,-118,-15.6041,
-120,-118,-17.7027,
-118,-118,-16.3481,
-116,-118,-13.7179,
-114,-118,-12.3911,
-112,-118,-11.5624,
-110,-118,-10.947,
-108,-118,-13.0907,
-106,-118,-22.6616,
-104,-118,-15.9409,
-102,-118,-13.8797,
-100,-118,-16.2585,
-98,-118,-13.8121,
-96,-118,-12.2236,
-94,-118,-9.22295,
-92,-118,-6.00261,
-90,-118,-5.76459,
-88,-118,-8.61505,
-86,-118,-12.8692,
-84,-118,-15.225,
-82,-118,-14.2591,
-80,-118,-12.5272,
-78,-118,-14.4487,
-76,-118,-16.5752,
-74,-118,-14.9507,
-72,-118,-15.7445,
-70,-118,-18.8454,
-68,-118,-14.6288,
-66,-118,-10.9717,
-64,-118,-12.97,
-62,-118,-17.1212,
-60,-118,-14.3436,
-58,-118,-14.4798,
-56,-118,-13.6463,
-54,-118,-10.4428,
-52,-118,-8.97256,
-50,-118,-11.4015,
-48,-118,-16.7461,
-46,-118,-19.8822,
-44,-118,-17.0281,
-42,-118,-14.0751,
-40,-118,-14.6148,
-38,-118,-16.726,
-36,-118,-13.0788,
-34,-118,-10.4095,
-32,-118,-15.4579,
-30,-118,-19.9394,
-28,-118,-18.144,
-26,-118,-21.2659,
-24,-118,-13.8531,
-22,-118,-18.2083,
-20,-118,-15.7019,
-18,-118,-10.3023,
-16,-118,-10.6784,
-14,-118,-13.0569,
-12,-118,-10.3585,
-10,-118,-7.98421,
-8,-118,-8.88252,
-6,-118,-13.6536,
-4,-118,-19.7106,
-2,-118,-15.2561,
0,-118,-14.5426,
2,-118,-18.1745,
4,-118,-19.0282,
6,-118,-16.2019,
8,-118,-18.2293,
10,-118,-20.6541,
12,-118,-14.6768,
14,-118,-10.041,
16,-118,-7.9855,
18,-118,-9.7475,
20,-118,-19.7573,
22,-118,-13.6516,
24,-118,-8.5921,
26,-118,-7.99052,
28,-118,-9.47003,
30,-118,-11.6786,
32,-118,-15.0535,
34,-118,-15.7556,
36,-118,-11.993,
38,-118,-13.7304,
40,-118,-22.3966,
42,-118,-20.0149,
44,-118,-19.0161,
46,-118,-18.3084,
48,-118,-16.9058,
50,-118,-15.1823,
52,-118,-14.4253,
54,-118,-10.986,
56,-118,-11.6446,
58,-118,-20.9167,
60,-118,-14.4149,
62,-118,-11.8391,
64,-118,-11.7957,
66,-118,-13.3574,
68,-118,-17.8398,
70,-118,-14.5539,
72,-118,-15.2298,
74,-118,-29.9186,
76,-118,-16.1204,
78,-118,-15.6725,
80,-118,-19.8594,
82,-118,-15.8425,
84,-118,-18.2985,
86,-118,-12.0286,
88,-118,-7.15041,
90,-118,-7.33612,
92,-118,-11.7613,
94,-118,-18.8215,
96,-118,-25.2276,
98,-118,-17.0618,
100,-118,-16.4826,
102,-118,-16.8941,
104,-118,-11.8863,
106,-118,-12.9127,
108,-118,-11.8401,
110,-118,-10.825,
112,-118,-14.703,
114,-118,-9.50599,
116,-118,-9.88152,
118,-118,-16.0287,
120,-118,-10.109,
122,-118,-8.76745,
124,-118,-9.4984,
126,-118,-9.37818,
128,-118,-8.97265,
130,-118,-10.8467,
132,-118,-16.0317,
134,-118,-15.3442,
136,-118,-15.8006,
138,-118,-18.2229,
140,-118,-12.2631,
142,-118,-12.6236,
144,-118,-13.9985,
146,-118,-10.9008,
148,-118,-13.725,
150,-118,-13.1881,
152,-118,-12.6052,
154,-118,-17.7021,
156,-118,-14.6905,
158,-118,-15.8232,
160,-118,-15.1351,
162,-118,-14.2632,
164,-118,-16.548,
166,-118,-12.8821,
168,-118,-9.1809,
170,-118,-8.5542,
172,-118,-11.4557,
174,-118,-18.7262,
176,-118,-19.2719,
178,-118,-16.7067,
180,-118,-16.5532,
-180,-116,-13.1862,
-178,-116,-17.4169,
-176,-116,-19.6797,
-174,-116,-12.6486,
-172,-116,-10.216,
-170,-116,-10.0488,
-168,-116,-10.1672,
-166,-116,-9.96467,
-164,-116,-11.1987,
-162,-116,-16.4662,
-160,-116,-22.0753,
-158,-116,-15.3368,
-156,-116,-12.9333,
-154,-116,-13.9693,
-152,-116,-19.6009,
-150,-116,-13.6952,
-148,-116,-12.525,
-146,-116,-16.594,
-144,-116,-20.8594,
-142,-116,-19.0027,
-140,-116,-14.4157,
-138,-116,-13.6745,
-136,-116,-14.3529,
-134,-116,-14.341,
-132,-116,-14.087,
-130,-116,-12.945,
-128,-116,-13.3637,
-126,-116,-18.6256,
-124,-116,-18.2785,
-122,-116,-15.4302,
-120,-116,-15.5309,
-118,-116,-15.8955,
-116,-116,-14.7537,
-114,-116,-14.5291,
-112,-116,-13.9066,
-110,-116,-11.4479,
-108,-116,-12.0121,
-106,-116,-15.1644,
-104,-116,-12.4477,
-102,-116,-12.5475,
-100,-116,-15.2071,
-98,-116,-12.0168,
-96,-116,-9.88975,
-94,-116,-6.50968,
-92,-116,-3.85341,
-90,-116,-4.12751,
-88,-116,-7.33618,
-86,-116,-10.1695,
-84,-116,-10.8379,
-82,-116,-12.8305,
-80,-116,-11.8858,
-78,-116,-12.6295,
-76,-116,-17.8491,
-74,-116,-17.5884,
-72,-116,-14.2451,
-70,-116,-13.1332,
-68,-116,-13.1564,
-66,-116,-11.4374,
-64,-116,-13.674,
-62,-116,-16.8859,
-60,-116,-11.9158,
-58,-116,-12.6436,
-56,-116,-14.3793,
-54,-116,-10.6736,
-52,-116,-8.41558,
-50,-116,-10.2238,
-48,-116,-15.2974,
-46,-116,-18.7087,
-44,-116,-16.3944,
-42,-116,-14.3617,
-40,-116,-15.2986,
-38,-116,-20.0108,
-36,-116,-16.6726,
-34,-116,-12.4806,
-32,-116,-17.1311,
-30,-116,-18.1853,
-28,-116,-23.9933,
-26,-116,-17.0665,
-24,-116,-12.9813,
-22,-116,-20.2784,
-20,-116,-14.9896,
-18,-116,-10.9086,
-16,-116,-11.8932,
-14,-116,-14.4939,
-12,-116,-11.4675,
-10,-116,-9.06735,
-8,-116,-10.1804,
-6,-116,-15.308,
-4,-116,-19.9351,
-2,-116,-14.6482,
0,-116,-13.4777,
2,-116,-16.6438,
4,-116,-17.9403,
6,-116,-14.6473,
8,-116,-15.8177,
10,-116,-15.9711,
12,-116,-11.9094,
14,-116,-9.17998,
16,-116,-7.59048,
18,-116,-8.74122,
20,-116,-16.2548,
22,-116,-15.8895,
24,-116,-9.7913,
26,-116,-9.32792,
28,-116,-10.4569,
30,-116,-10.5607,
32,-116,-12.7119,
34,-116,-18.5761,
36,-116,-14.2303,
38,-116,-16.1185,
40,-116,-31.3006,
42,-116,-17.9745,
44,-116,-17.1096,
46,-116,-16.9004,
48,-116,-14.9648,
50,-116,-13.9432,
52,-116,-15.831,
54,-116,-13.4618,
56,-116,-15.6952,
58,-116,-16.846,
60,-116,-10.5817,
62,-116,-11.0498,
64,-116,-13.5681,
66,-116,-17.8641,
68,-116,-19.3387,
70,-116,-11.985,
72,-116,-13.6946,
74,-116,-28.8161,
76,-116,-13.4714,
78,-116,-14.1975,
80,-116,-21.8411,
82,-116,-15.7473,
84,-116,-19.075,
86,-116,-9.60183,
88,-116,-4.77745,
90,-116,-4.81733,
92,-116,-8.41236,
94,-116,-12.4753,
96,-116,-17.7177,
98,-116,-16.989,
100,-116,-12.7926,
102,-116,-17.4639,
104,-116,-17.3021,
106,-116,-18.4638,
108,-116,-11.9385,
110,-116,-7.98194,
112,-116,-10.7243,
114,-116,-10.8217,
116,-116,-11.6217,
118,-116,-16.5214,
120,-116,-8.23993,
122,-116,-7.4453,
124,-116,-9.24163,
126,-116,-9.34009,
128,-116,-8.29012,
130,-116,-9.78479,
132,-116,-17.2431,
134,-116,-19.5595,
136,-116,-16.8421,
138,-116,-14.1804,
140,-116,-9.57253,
142,-116,-10.8384,
144,-116,-16.4816,
146,-116,-12.1861,
148,-116,-13.3805,
150,-116,-13.6803,
152,-116,-15.7412,
154,-116,-15.3825,
156,-116,-12.097,
158,-116,-13.5425,
160,-116,-12.8262,
162,-116,-13.5056,
164,-116,-18.5618,
166,-116,-17.1325,
168,-116,-10.7775,
170,-116,-9.27009,
172,-116,-12.037,
174,-116,-17.9147,
176,-116,-16.2168,
178,-116,-13.2893,
180,-116,-13.1862,
-180,-114,-12.1268,
-178,-114,-18.28,
-176,-114,-18.6076,
-174,-114,-11.0517,
-172,-114,-9.13448,
-170,-114,-9.43529,
-168,-114,-10.2132,
-166,-114,-11.1444,
-164,-114,-13.611,
-162,-114,-18.497,
-160,-114,-19.4472,
-158,-114,-17.8468,
-156,-114,-15.8803,
-154,-114,-17.8641,
-152,-114,-20.7976,
-150,-114,-10.5517,
-148,-114,-9.97107,
-146,-114,-15.5307,
-144,-114,-22.0655,
-142,-114,-14.6731,
-140,-114,-11.1085,
-138,-114,-11.7452,
-136,-114,-12.8695,
-134,-114,-11.9784,
-132,-114,-11.7043,
-130,-114,-13.3445,
-128,-114,-16.6318,
-126,-114,-25.2717,
-124,-114,-17.2801,
-122,-114,-12.6762,
-120,-114,-12.612,
-118,-114,-16.0259,
-116,-114,-17.116,
-114,-114,-17.6038,
-112,-114,-16.3774,
-110,-114,-11.0194,
-108,-114,-10.1039,
-106,-114,-10.8715,
-104,-114,-9.61491,
-102,-114,-11.1369,
-100,-114,-15.3399,
-98,-114,-11.772,
-96,-114,-8.55725,
-94,-114,-5.16777,
-92,-114,-3.17347,
-90,-114,-3.89048,
-88,-114,-6.99239,
-86,-114,-7.93362,
-84,-114,-7.57735,
-82,-114,-10.4212,
-80,-114,-11.6889,
-78,-114,-10.9077,
-76,-114,-14.5258,
-74,-114,-18.6715,
-72,-114,-12.4035,
-70,-114,-9.21974,
-68,-114,-10.0175,
-66,-114,-11.8604,
-64,-114,-15.4377,
-62,-114,-15.7347,
-60,-114,-9.70303,
-58,-114,-10.423,
-56,-114,-14.8057,
-54,-114,-12.1695,
-52,-114,-8.75864,
-50,-114,-9.76842,
-48,-114,-14.2274,
-46,-114,-18.0292,
-44,-114,-16.5891,
-42,-114,-14.8247,
-40,-114,-14.4021,
-38,-114,-17.4659,
-36,-114,-25.996,
-34,-114,-16.1121,
-32,-114,-16.3422,
-30,-114,-15.1238,
-28,-114,-27.9293,
-26,-114,-13.4414,
-24,-114,-11.3581,
-22,-114,-17.5347,
-20,-114,-15.9454,
-18,-114,-13.3111,
-16,-114,-14.4172,
-14,-114,-16.2866,
-12,-114,-12.7547,
-10,-114,-10.8281,
-8,-114,-12.5329,
-6,-114,-16.8765,
-4,-114,-18.2907,
-2,-114,-15.4632,
0,-114,-14.455,
2,-114,-17.7378,
4,-114,-19.363,
6,-114,-14.4413,
8,-114,-13.9476,
10,-114,-13.0425,
12,-114,-10.7593,
14,-114,-9.67029,
16,-114,-8.34402,
18,-114,-8.63888,
20,-114,-14.3604,
22,-114,-20.9841,
24,-114,-12.1088,
26,-114,-11.6266,
28,-114,-11.4874,
30,-114,-9.31355,
32,-114,-10.605,
34,-114,-19.0655,
36,-114,-16.6437,
38,-114,-17.95,
40,-114,-22.969,
42,-114,-16.3783,
44,-114,-16.4166,
46,-114,-16.2809,
48,-114,-13.9204,
50,-114,-13.1547,
52,-114,-17.0466,
54,-114,-16.6462,
56,-114,-18.538,
58,-114,-11.374,
60,-114,-8.20415,
62,-114,-10.9464,
64,-114,-16.9053,
66,-114,-26.458,
68,-114,-15.122,
70,-114,-9.55688,
72,-114,-11.7393,
74,-114,-21.3053,
76,-114,-11.9446,
78,-114,-12.7986,
80,-114,-21.5442,
82,-114,-18.2136,
84,-114,-20.3575,
86,-114,-8.01975,
88,-114,-3.71664,
90,-114,-3.76874,
92,-114,-6.60851,
94,-114,-8.92209,
96,-114,-12.4462,
98,-114,-16.9409,
100,-114,-10.5658,
102,-114,-11.9312,
104,-114,-16.9562,
106,-114,-23.125,
108,-114,-10.9592,
110,-114,-5.73102,
112,-114,-7.43162,
114,-114,-11.6775,
116,-114,-14.069,
118,-114,-15.2704,
120,-114,-6.75902,
122,-114,-6.3513,
124,-114,-9.14257,
126,-114,-10.116,
128,-114,-8.51321,
130,-114,-9.43544,
132,-114,-17.316,
134,-114,-20.8607,
136,-114,-15.5181,
138,-114,-11.6021,
140,-114,-7.54707,
142,-114,-8.72754,
144,-114,-17.5187,
146,-114,-14.642,
148,-114,-13.4062,
150,-114,-13.8399,
152,-114,-18.4609,
154,-114,-12.3184,
156,-114,-10.3063,
158,-114,-12.2564,
160,-114,-12.3544,
162,-114,-13.1259,
164,-114,-15.8618,
166,-114,-21.0019,
168,-114,-12.8425,
170,-114,-10.8346,
172,-114,-13.3211,
174,-114,-15.5544,
176,-114,-14.1121,
178,-114,-11.9297,
180,-114,-12.1268,
-180,-112,-12.7283,
-178,-112,-21.4343,
-176,-112,-17.6464,
-174,-112,-10.6528,
-172,-112,-9.15218,
-170,-112,-9.89628,
-168,-112,-11.5741,
-166,-112,-14.2267,
-164,-112,-18.599,
-162,-112,-17.0877,
-160,-112,-15.1553,
-158,-112,-18.2401,
-156,-112,-18.1436,
-154,-112,-19.5504,
-152,-112,-17.3339,
-150,-112,-8.6616,
-148,-112,-8.47636,
-146,-112,-14.5755,
-144,-112,-21.0658,
-142,-112,-12.7834,
-140,-112,-9.42296,
-138,-112,-10.7441,
-136,-112,-12.4028,
-134,-112,-11.0833,
-132,-112,-10.6905,
-130,-112,-13.9182,
-128,-112,-20.7983,
-126,-112,-26.36,
-124,-112,-14.9169,
-122,-112,-10.1484,
-120,-112,-10.3882,
-118,-112,-16.3279,
-116,-112,-21.1672,
-114,-112,-19.9731,
-112,-112,-16.8494,
-110,-112,-10.0012,
-108,-112,-8.50122,
-106,-112,-8.46145,
-104,-112,-7.78163,
-102,-112,-9.95151,
-100,-112,-15.6347,
-98,-112,-12.449,
-96,-112,-7.99821,
-94,-112,-4.76913,
-92,-112,-3.48378,
-90,-112,-4.58138,
-88,-112,-6.99276,
-86,-112,-6.37953,
-84,-112,-5.6477,
-82,-112,-8.51919,
-80,-112,-11.828,
-78,-112,-9.42122,
-76,-112,-10.5149,
-74,-112,-14.6509,
-72,-112,-10.5606,
-70,-112,-6.53217,
-68,-112,-6.99693,
-66,-112,-10.9132,
-64,-112,-17.2056,
-62,-112,-14.7749,
-60,-112,-8.36975,
-58,-112,-8.96097,
-56,-112,-14.899,
-54,-112,-15.4942,
-52,-112,-9.84171,
-50,-112,-9.87078,
-48,-112,-13.9988,
-46,-112,-18.4147,
-44,-112,-17.116,
-42,-112,-15.0312,
-40,-112,-12.5423,
-38,-112,-13.0128,
-36,-112,-19.5469,
-34,-112,-16.6819,
-32,-112,-12.4974,
-30,-112,-12.1671,
-28,-112,-25.4896,
-26,-112,-11.8387,
-24,-112,-10.5301,
-22,-112,-16.1715,
-20,-112,-19.1775,
-18,-112,-17.9697,
-16,-112,-18.0746,
-14,-112,-19.1243,
-12,-112,-13.8789,
-10,-112,-12.76,
-8,-112,-15.7141,
-6,-112,-16.9065,
-4,-112,-16.1353,
-2,-112,-17.2182,
0,-112,-17.5843,
2,-112,-20.8506,
4,-112,-22.9608,
6,-112,-15.4494,
8,-112,-13.331,
10,-112,-11.8795,
12,-112,-10.8969,
14,-112,-11.5724,
16,-112,-9.93117,
18,-112,-8.73495,
20,-112,-12.5642,
22,-112,-32.603,
24,-112,-15.2201,
26,-112,-14.7258,
28,-112,-12.514,
30,-112,-8.54069,
32,-112,-9.37446,
34,-112,-18.1461,
36,-112,-18.5591,
38,-112,-18.0729,
40,-112,-17.8991,
42,-112,-15.4565,
44,-112,-17.1255,
46,-112,-17.1778,
48,-112,-14.117,
50,-112,-13.3301,
52,-112,-18.4674,
54,-112,-19.2922,
56,-112,-15.9202,
58,-112,-8.37942,
60,-112,-6.77273,
62,-112,-11.3346,
64,-112,-22.5961,
66,-112,-20.4425,
68,-112,-11.6324,
70,-112,-7.7945,
72,-112,-9.93245,
74,-112,-15.7007,
76,-112,-10.8491,
78,-112,-11.7289,
80,-112,-18.5404,
82,-112,-24.104,
84,-112,-18.0442,
86,-112,-7.24683,
88,-112,-3.70568,
90,-112,-3.78724,
92,-112,-5.74745,
94,-112,-6.91671,
96,-112,-9.78068,
98,-112,-17.6304,
100,-112,-9.3607,
102,-112,-7.99757,
104,-112,-9.98487,
106,-112,-13.0251,
108,-112,-9.29578,
110,-112,-4.10174,
112,-112,-5.03412,
114,-112,-10.8287,
116,-112,-15.7388,
118,-112,-14.5102,
120,-112,-6.18232,
122,-112,-6.07548,
124,-112,-9.94436,
126,-112,-12.6003,
128,-112,-9.99209,
130,-112,-9.9941,
132,-112,-18.0524,
134,-112,-18.6609,
136,-112,-14.0655,
138,-112,-10.3572,
140,-112,-6.26617,
142,-112,-6.99494,
144,-112,-14.5191,
146,-112,-16.6568,
148,-112,-12.6679,
150,-112,-13.2335,
152,-112,-19.8634,
154,-112,-10.7065,
156,-112,-9.54538,
158,-112,-11.9667,
160,-112,-12.9034,
162,-112,-12.2653,
164,-112,-12.4362,
166,-112,-17.9354,
168,-112,-14.2068,
170,-112,-12.8874,
172,-112,-14.6574,
174,-112,-13.1988,
176,-112,-12.6914,
178,-112,-11.9305,
180,-112,-12.7283,
-180,-110,-14.5891,
-178,-110,-22.118,
-176,-110,-16.3065,
-174,-110,-11.1393,
-172,-110,-9.98208,
-170,-110,-11.2252,
-168,-110,-14.4372,
-166,-110,-20.7367,
-164,-110,-21.4624,
-162,-110,-13.6562,
-160,-110,-12.178,
-158,-110,-15.6902,
-156,-110,-16.547,
-154,-110,-17.106,
-152,-110,-15.4767,
-150,-110,-7.7309,
-148,-110,-7.84162,
-146,-110,-14.66,
-144,-110,-21.5987,
-142,-110,-12.4732,
-140,-110,-8.80623,
-138,-110,-10.6239,
-136,-110,-12.815,
-134,-110,-11.1741,
-132,-110,-10.6562,
-130,-110,-15.1902,
-128,-110,-25.3305,
-126,-110,-22.8361,
-124,-110,-13.4174,
-122,-110,-8.47491,
-120,-110,-8.93701,
-118,-110,-16.3084,
-116,-110,-22.2255,
-114,-110,-17.3875,
-112,-110,-14.5753,
-110,-110,-8.89549,
-108,-110,-7.41514,
-106,-110,-7.049,
-104,-110,-6.67167,
-102,-110,-9.10248,
-100,-110,-15.1869,
-98,-110,-13.36,
-96,-110,-7.9892,
-94,-110,-5.03704,
-92,-110,-4.35114,
-90,-110,-5.531,
-88,-110,-6.77434,
-86,-110,-5.4637,
-84,-110,-4.67406,
-82,-110,-7.33549,
-80,-110,-12.1862,
-78,-110,-8.2403,
-76,-110,-7.5931,
-74,-110,-10.7925,
-72,-110,-9.08367,
-70,-110,-4.77525,
-68,-110,-4.81755,
-66,-110,-9.25895,
-64,-110,-18.0616,
-62,-110,-14.8212,
-60,-110,-7.86548,
-58,-110,-8.21847,
-56,-110,-14.1232,
-54,-110,-21.0112,
-52,-110,-11.3061,
-50,-110,-10.2945,
-48,-110,-14.5657,
-46,-110,-19.5578,
-44,-110,-17.1786,
-42,-110,-15.0928,
-40,-110,-11.1533,
-38,-110,-10.3955,
-36,-110,-13.8788,
-34,-110,-13.1631,
-32,-110,-9.3296,
-30,-110,-9.84296,
-28,-110,-22.7686,
-26,-110,-11.5554,
-24,-110,-10.6744,
-22,-110,-16.3471,
-20,-110,-22.9061,
-18,-110,-17.3536,
-16,-110,-16.5773,
-14,-110,-23.3889,
-12,-110,-15.0202,
-10,-110,-14.4797,
-8,-110,-19.3042,
-6,-110,-15.8868,
-4,-110,-14.3816,
-2,-110,-17.9407,
0,-110,-21.7061,
2,-110,-21.3954,
4,-110,-25.1281,
6,-110,-17.4706,
8,-110,-13.4778,
10,-110,-11.8068,
12,-110,-12.2139,
14,-110,-15.4256,
16,-110,-11.5771,
18,-110,-8.56133,
20,-110,-10.9714,
22,-110,-23.1638,
24,-110,-17.6886,
26,-110,-18.0295,
28,-110,-13.7434,
30,-110,-8.27602,
32,-110,-8.82199,
34,-110,-17.6117,
36,-110,-19.2731,
38,-110,-16.9665,
40,-110,-14.9579,
42,-110,-14.7739,
44,-110,-18.8746,
46,-110,-19.6633,
48,-110,-15.4636,
50,-110,-14.6532,
52,-110,-21.4729,
54,-110,-20.6413,
56,-110,-13.6277,
58,-110,-6.78449,
60,-110,-6.02797,
62,-110,-12.0664,
64,-110,-25.001,
66,-110,-14.8985,
68,-110,-9.38575,
70,-110,-6.60835,
72,-110,-8.42262,
74,-110,-11.7692,
76,-110,-9.75403,
78,-110,-10.9607,
80,-110,-15.72,
82,-110,-20.9159,
84,-110,-13.8474,
86,-110,-7.08027,
88,-110,-4.51201,
90,-110,-4.4824,
92,-110,-5.36912,
94,-110,-5.85313,
96,-110,-8.45007,
98,-110,-19.1039,
100,-110,-8.84996,
102,-110,-5.59942,
104,-110,-6.15518,
106,-110,-8.52979,
108,-110,-7.84731,
110,-110,-3.0525,
112,-110,-3.43179,
114,-110,-9.29144,
116,-110,-15.435,
118,-110,-15.4275,
120,-110,-6.56514,
122,-110,-6.71413,
124,-110,-11.822,
126,-110,-18.4469,
128,-110,-12.8904,
130,-110,-11.066,
132,-110,-18.3357,
134,-110,-15.6374,
136,-110,-12.7569,
138,-110,-9.92543,
140,-110,-5.57742,
142,-110,-5.80828,
144,-110,-11.5478,
146,-110,-15.3138,
148,-110,-10.9625,
150,-110,-11.853,
152,-110,-21.17,
154,-110,-10.3477,
156,-110,-9.72194,
158,-110,-12.5256,
160,-110,-13.7228,
162,-110,-10.3628,
164,-110,-9.70957,
166,-110,-15.1382,
168,-110,-14.7839,
170,-110,-14.9563,
172,-110,-15.1321,
174,-110,-11.4907,
176,-110,-11.7392,
178,-110,-12.8502,
180,-110,-14.5891,
-180,-108,-16.153,
-178,-108,-16.7582,
-176,-108,-14.7273,
-174,-108,-12.3586,
-172,-108,-11.4078,
-170,-108,-13.2339,
-168,-108,-19.2628,
-166,-108,-22.1764,
-164,-108,-15.4883,
-162,-108,-11.2255,
-160,-108,-10.3719,
-158,-108,-13.1004,
-156,-108,-13.7703,
-154,-108,-14.7111,
-152,-108,-14.9584,
-150,-108,-7.39846,
-148,-108,-7.79304,
-146,-108,-15.6609,
-144,-108,-21.9823,
-142,-108,-13.2627,
-140,-108,-8.87154,
-138,-108,-11.0871,
-136,-108,-13.5141,
-134,-108,-11.7921,
-132,-108,-11.2973,
-130,-108,-17.5048,
-128,-108,-23.3697,
-126,-108,-20.6784,
-124,-108,-12.8211,
-122,-108,-7.50538,
-120,-108,-8.12905,
-118,-108,-16.0936,
-116,-108,-18.0232,
-114,-108,-13.9136,
-112,-108,-12.021,
-110,-108,-7.95126,
-108,-108,-6.76812,
-106,-108,-6.22099,
-104,-108,-6.01978,
-102,-108,-8.49557,
-100,-108,-13.9853,
-98,-108,-13.7872,
-96,-108,-8.36381,
-94,-108,-5.7702,
-92,-108,-5.21926,
-90,-108,-5.80608,
-88,-108,-6.17222,
-86,-108,-5.0826,
-84,-108,-4.38695,
-82,-108,-6.73815,
-80,-108,-12.6487,
-78,-108,-7.37454,
-76,-108,-5.56999,
-74,-108,-8.14372,
-72,-108,-8.12396,
-70,-108,-3.7568,
-68,-108,-3.43374,
-66,-108,-7.90841,
-64,-108,-18.0717,
-62,-108,-16.1099,
-60,-108,-8.03222,
-58,-108,-8.01815,
-56,-108,-12.712,
-54,-108,-19.9914,
-52,-108,-12.5326,
-50,-108,-10.8264,
-48,-108,-15.8078,
-46,-108,-19.7587,
-44,-108,-15.836,
-42,-108,-14.9408,
-40,-108,-10.4285,
-38,-108,-9.01212,
-36,-108,-11.262,
-34,-108,-10.5894,
-32,-108,-7.30058,
-30,-108,-8.22185,
-28,-108,-20.4806,
-26,-108,-12.1981,
-24,-108,-11.7009,
-22,-108,-17.912,
-20,-108,-19.5641,
-18,-108,-11.9307,
-16,-108,-11.9348,
-14,-108,-21.8045,
-12,-108,-16.3968,
-10,-108,-16.0158,
-8,-108,-22.433,
-6,-108,-14.9902,
-4,-108,-13.1672,
-2,-108,-16.1417,
0,-108,-18.6717,
2,-108,-17.0978,
4,-108,-21.1596,
6,-108,-20.4804,
8,-108,-14.025,
10,-108,-12.5067,
12,-108,-14.883,
14,-108,-22.2984,
16,-108,-11.8341,
18,-108,-8.14878,
20,-108,-9.89045,
22,-108,-17.9318,
24,-108,-17.0123,
26,-108,-19.072,
28,-108,-15.2976,
30,-108,-8.34715,
32,-108,-8.68801,
34,-108,-17.7097,
36,-108,-18.5765,
38,-108,-15.6164,
40,-108,-13.0041,
42,-108,-14.0394,
44,-108,-20.3159,
46,-108,-22.7589,
48,-108,-17.6292,
50,-108,-17.2606,
52,-108,-28.6696,
54,-108,-20.8965,
56,-108,-12.766,
58,-108,-6.07339,
60,-108,-5.80516,
62,-108,-13.0072,
64,-108,-19.5133,
66,-108,-11.9995,
68,-108,-7.93601,
70,-108,-5.82359,
72,-108,-7.16521,
74,-108,-8.90907,
76,-108,-8.51721,
78,-108,-10.3427,
80,-108,-13.8227,
82,-108,-14.9158,
84,-108,-10.6955,
86,-108,-7.35239,
88,-108,-5.89327,
90,-108,-5.34202,
92,-108,-5.16117,
94,-108,-5.43168,
96,-108,-7.94269,
98,-108,-20.4682,
100,-108,-8.83827,
102,-108,-4.19507,
104,-108,-3.95752,
106,-108,-6.08198,
108,-108,-6.93494,
110,-108,-2.52746,
112,-108,-2.49635,
114,-108,-8.19327,
116,-108,-14.1296,
118,-108,-18.4699,
120,-108,-7.84297,
122,-108,-8.19295,
124,-108,-13.7364,
126,-108,-20.9143,
128,-108,-15.9634,
130,-108,-11.6817,
132,-108,-16.3652,
134,-108,-12.9093,
136,-108,-11.3656,
138,-108,-9.85467,
140,-108,-5.2846,
142,-108,-5.078,
144,-108,-9.61125,
146,-108,-12.8923,
148,-108,-9.16415,
150,-108,-10.2341,
152,-108,-22.683,
154,-108,-10.9318,
156,-108,-10.6562,
158,-108,-13.7873,
160,-108,-14.1204,
162,-108,-8.14523,
164,-108,-7.55296,
166,-108,-13.6415,
168,-108,-15.7802,
170,-108,-16.7092,
172,-108,-14.7224,
174,-108,-10.4765,
176,-108,-11.1291,
178,-108,-13.9693,
180,-108,-16.153,
-180,-106,-14.5284,
-178,-106,-12.6711,
-176,-106,-13.2442,
-174,-106,-14.2361,
-172,-106,-13.1928,
-170,-106,-15.5215,
-168,-106,-21.6757,
-166,-106,-14.6911,
-164,-106,-11.632,
-162,-106,-9.85087,
-160,-106,-9.34745,
-158,-106,-11.1429,
-156,-106,-11.6422,
-154,-106,-13.1892,
-152,-106,-15.2535,
-150,-106,-7.3951,
-148,-106,-8.11342,
-146,-106,-17.0776,
-144,-106,-18.9442,
-142,-106,-14.7447,
-140,-106,-9.28349,
-138,-106,-11.6425,
-136,-106,-13.3665,
-134,-106,-12.2582,
-132,-106,-12.2119,
-130,-106,-20.2949,
-128,-106,-18.0674,
-126,-106,-18.3986,
-124,-106,-12.7982,
-122,-106,-7.03466,
-120,-106,-7.82638,
-118,-106,-16.1872,
-116,-106,-14.9821,
-114,-106,-11.5636,
-112,-106,-10.1087,
-110,-106,-7.24889,
-108,-106,-6.45691,
-106,-106,-5.75083,
-104,-106,-5.63444,
-102,-106,-7.96613,
-100,-106,-12.5194,
-98,-106,-13.5898,
-96,-106,-9.02447,
-94,-106,-6.79074,
-92,-106,-5.54767,
-90,-106,-5.12363,
-88,-106,-5.4544,
-86,-106,-5.12517,
-84,-106,-4.59111,
-82,-106,-6.56933,
-80,-106,-13.1214,
-78,-106,-6.7883,
-76,-106,-4.1825,
-74,-106,-6.37475,
-72,-106,-7.69067,
-70,-106,-3.33357,
-68,-106,-2.67752,
-66,-106,-7.0931,
-64,-106,-17.403,
-62,-106,-18.7483,
-60,-106,-8.7343,
-58,-106,-8.2274,
-56,-106,-11.3585,
-54,-106,-14.9544,
-52,-106,-12.9249,
-50,-106,-11.305,
-48,-106,-17.5644,
-46,-106,-17.7542,
-44,-106,-13.6424,
-42,-106,-14.308,
-40,-106,-10.1108,
-38,-106,-8.30693,
-36,-106,-9.9092,
-34,-106,-9.15156,
-32,-106,-6.11628,
-30,-106,-7.21793,
-28,-106,-18.7781,
-26,-106,-13.5148,
-24,-106,-13.3894,
-22,-106,-20.854,
-20,-106,-15.7322,
-18,-106,-8.47816,
-16,-106,-8.67726,
-14,-106,-16.4899,
-12,-106,-17.6092,
-10,-106,-17.6484,
-8,-106,-24.2682,
-6,-106,-14.5337,
-4,-106,-12.4036,
-2,-106,-13.8174,
0,-106,-14.3206,
2,-106,-13.6124,
4,-106,-17.6225,
6,-106,-24.7399,
8,-106,-14.7553,
10,-106,-13.8381,
12,-106,-19.6266,
14,-106,-19.6858,
16,-106,-10.5574,
18,-106,-7.77167,
20,-106,-9.35012,
22,-106,-15.1772,
24,-106,-14.7622,
26,-106,-17.3073,
28,-106,-17.1435,
30,-106,-8.55378,
32,-106,-8.76702,
34,-106,-18.2532,
36,-106,-16.9406,
38,-106,-14.3355,
40,-106,-11.6067,
42,-106,-13.183,
44,-106,-19.1574,
46,-106,-21.4966,
48,-106,-19.163,
50,-106,-20.7422,
52,-106,-25.5305,
54,-106,-19.3037,
56,-106,-12.959,
58,-106,-5.97219,
60,-106,-5.98908,
62,-106,-14.0501,
64,-106,-16.1148,
66,-106,-10.3443,
68,-106,-7.01174,
70,-106,-5.31309,
72,-106,-6.11502,
74,-106,-6.78543,
76,-106,-7.23058,
78,-106,-9.7201,
80,-106,-12.7193,
82,-106,-11.6677,
84,-106,-8.64218,
86,-106,-7.93725,
88,-106,-7.47223,
90,-106,-5.78067,
92,-106,-4.98771,
94,-106,-5.47773,
96,-106,-7.97835,
98,-106,-19.8113,
100,-106,-9.19158,
102,-106,-3.46752,
104,-106,-2.69241,
106,-106,-4.69417,
108,-106,-6.5647,
110,-106,-2.46823,
112,-106,-2.10402,
114,-106,-7.73692,
116,-106,-12.5809,
118,-106,-21.8922,
120,-106,-9.94998,
122,-106,-10.388,
124,-106,-13.0395,
126,-106,-13.0543,
128,-106,-14.6327,
130,-106,-11.1568,
132,-106,-13.877,
134,-106,-10.87,
136,-106,-10.013,
138,-106,-9.79633,
140,-106,-5.19557,
142,-106,-4.64026,
144,-106,-8.37308,
146,-106,-11.1321,
148,-106,-7.76974,
150,-106,-8.83911,
152,-106,-22.6681,
154,-106,-12.1679,
156,-106,-11.904,
158,-106,-15.2263,
160,-106,-13.9626,
162,-106,-6.26655,
164,-106,-5.85025,
166,-106,-12.6068,
168,-106,-18.2468,
170,-106,-18.0656,
172,-106,-14.1509,
174,-106,-10.0574,
176,-106,-10.7835,
178,-106,-14.05,
180,-106,-14.5284,
-180,-104,-11.566,
-178,-104,-9.99495,
-176,-104,-12.0245,
-174,-104,-16.7345,
-172,-104,-14.9965,
-170,-104,-17.0794,
-168,-104,-16.6765,
-166,-104,-10.7143,
-164,-104,-9.35951,
-162,-104,-9.23034,
-160,-104,-8.81071,
-158,-104,-9.67518,
-156,-104,-10.161,
-154,-104,-12.3197,
-152,-104,-15.9945,
-150,-104,-7.51999,
-148,-104,-8.62879,
-146,-104,-17.8116,
-144,-104,-15.1145,
-142,-104,-16.0807,
-140,-104,-9.69232,
-138,-104,-11.6836,
-136,-104,-11.9166,
-134,-104,-11.9334,
-132,-104,-12.8419,
-130,-104,-19.9814,
-128,-104,-14.2128,
-126,-104,-15.7692,
-124,-104,-12.9804,
-122,-104,-6.88273,
-120,-104,-7.88863,
-118,-104,-16.9397,
-116,-104,-13.2538,
-114,-104,-10.1248,
-112,-104,-8.80995,
-110,-104,-6.79482,
-108,-104,-6.39753,
-106,-104,-5.49976,
-104,-104,-5.3925,
-102,-104,-7.39755,
-100,-104,-11.0638,
-98,-104,-13.1748,
-96,-104,-9.94112,
-94,-104,-7.91442,
-92,-104,-5.27506,
-90,-104,-4.12679,
-88,-104,-4.90302,
-86,-104,-5.47791,
-84,-104,-5.1206,
-82,-104,-6.68822,
-80,-104,-13.5436,
-78,-104,-6.42298,
-76,-104,-3.24525,
-74,-104,-5.21514,
-72,-104,-7.73318,
-70,-104,-3.38831,
-68,-104,-2.39171,
-66,-104,-6.72694,
-64,-104,-15.984,
-62,-104,-21.9406,
-60,-104,-9.86799,
-58,-104,-8.75402,
-56,-104,-10.3743,
-54,-104,-11.8913,
-52,-104,-12.5337,
-50,-104,-11.6278,
-48,-104,-19.5937,
-46,-104,-15.2691,
-44,-104,-11.6141,
-42,-104,-13.2782,
-40,-104,-9.91286,
-38,-104,-7.89529,
-36,-104,-9.09346,
-34,-104,-8.39448,
-32,-104,-5.50903,
-30,-104,-6.70418,
-28,-104,-17.7705,
-26,-104,-15.2496,
-24,-104,-14.9876,
-22,-104,-22.9967,
-20,-104,-13.4682,
-18,-104,-6.35743,
-16,-104,-6.54198,
-14,-104,-12.8626,
-12,-104,-17.4504,
-10,-104,-19.36,
-8,-104,-24.8124,
-6,-104,-14.4374,
-4,-104,-11.9697,
-2,-104,-12.047,
0,-104,-11.538,
2,-104,-11.2774,
4,-104,-15.3067,
6,-104,-30.8369,
8,-104,-15.5548,
10,-104,-15.7668,
12,-104,-26.8124,
14,-104,-13.8683,
16,-104,-8.99402,
18,-104,-7.60314,
20,-104,-9.23452,
22,-104,-13.3472,
24,-104,-12.8048,
26,-104,-15.3634,
28,-104,-19.1232,
30,-104,-8.73112,
32,-104,-8.9145,
34,-104,-18.959,
36,-104,-14.9803,
38,-104,-13.1143,
40,-104,-10.5319,
42,-104,-12.2399,
44,-104,-16.4983,
46,-104,-17.8093,
48,-104,-18.0917,
50,-104,-21.0479,
52,-104,-18.1022,
54,-104,-16.4027,
56,-104,-13.8687,
58,-104,-6.30237,
60,-104,-6.49033,
62,-104,-15.1572,
64,-104,-14.1924,
66,-104,-9.39156,
68,-104,-6.44778,
70,-104,-5.0033,
72,-104,-5.25949,
74,-104,-5.19906,
76,-104,-6.03615,
78,-104,-9.01912,
80,-104,-12.1938,
82,-104,-9.89964,
84,-104,-7.40524,
86,-104,-8.73567,
88,-104,-8.66618,
90,-104,-5.59113,
92,-104,-4.85821,
94,-104,-5.87105,
96,-104,-8.35633,
98,-104,-17.4837,
100,-104,-9.794,
102,-104,-3.21333,
104,-104,-2.01447,
106,-104,-3.95327,
108,-104,-6.66312,
110,-104,-2.81405,
112,-104,-2.13928,
114,-104,-7.81297,
116,-104,-10.9745,
118,-104,-17.9201,
120,-104,-12.8046,
122,-104,-13.0962,
124,-104,-10.6263,
126,-104,-8.93826,
128,-104,-11.5056,
130,-104,-10.0411,
132,-104,-12.0976,
134,-104,-9.52071,
136,-104,-8.90635,
138,-104,-9.59531,
140,-104,-5.15495,
142,-104,-4.33548,
144,-104,-7.4866,
146,-104,-9.97674,
148,-104,-6.81927,
150,-104,-7.81552,
152,-104,-20.9164,
154,-104,-13.635,
156,-104,-12.4543,
158,-104,-15.395,
160,-104,-13.6202,
162,-104,-4.86799,
164,-104,-4.5344,
166,-104,-11.5026,
168,-104,-23.2923,
170,-104,-18.5665,
172,-104,-13.7857,
174,-104,-10.1084,
176,-104,-10.6384,
178,-104,-12.7657,
180,-104,-11.566,
-180,-102,-9.18542,
-178,-102,-8.19571,
-176,-102,-11.0832,
-174,-102,-19.7842,
-172,-102,-16.3914,
-170,-102,-16.9526,
-168,-102,-12.9295,
-166,-102,-8.30405,
-164,-102,-7.9427,
-162,-102,-9.12159,
-160,-102,-8.54376,
-158,-102,-8.53768,
-156,-102,-9.12964,
-154,-102,-11.8902,
-152,-102,-16.8455,
-150,-102,-7.6319,
-148,-102,-9.19581,
-146,-102,-17.0175,
-144,-102,-12.1706,
-142,-102,-15.9951,
-140,-102,-9.79812,
-138,-102,-10.9838,
-136,-102,-10.0276,
-134,-102,-10.9111,
-132,-102,-12.7893,
-130,-102,-16.8467,
-128,-102,-11.5187,
-126,-102,-13.364,
-124,-102,-13.0382,
-122,-102,-6.89632,
-120,-102,-8.164,
-118,-102,-18.5271,
-116,-102,-12.3434,
-114,-102,-9.29744,
-112,-102,-7.95752,
-110,-102,-6.5555,
-108,-102,-6.52158,
-106,-102,-5.37473,
-104,-102,-5.22187,
-102,-102,-6.77036,
-100,-102,-9.70643,
-98,-102,-12.819,
-96,-102,-11.1303,
-94,-102,-8.94566,
-92,-102,-4.75884,
-90,-102,-3.32444,
-88,-102,-4.62482,
-86,-102,-6.01995,
-84,-102,-5.81208,
-82,-102,-6.96956,
-80,-102,-13.8863,
-78,-102,-6.21437,
-76,-102,-2.62686,
-74,-102,-4.48231,
-72,-102,-8.17474,
-70,-102,-3.81539,
-68,-102,-2.44114,
-66,-102,-6.66611,
-64,-102,-14.1449,
-62,-102,-21.0968,
-60,-102,-11.3489,
-58,-102,-9.51895,
-56,-102,-9.76377,
-54,-102,-10.0143,
-52,-102,-11.8296,
-50,-102,-11.743,
-48,-102,-21.5306,
-46,-102,-13.3407,
-44,-102,-10.0766,
-42,-102,-12.2099,
-40,-102,-9.65531,
-38,-102,-7.53406,
-36,-102,-8.43306,
-34,-102,-7.97641,
-32,-102,-5.27308,
-30,-102,-6.54879,
-28,-102,-17.3943,
-26,-102,-16.9725,
-24,-102,-14.9906,
-22,-102,-19.8033,
-20,-102,-12.1924,
-18,-102,-5.02382,
-16,-102,-5.12184,
-14,-102,-10.4309,
-12,-102,-15.7234,
-10,-102,-20.2702,
-8,-102,-24.1524,
-6,-102,-14.5415,
-4,-102,-11.7555,
-2,-102,-10.8401,
0,-102,-9.73537,
2,-102,-9.66739,
4,-102,-13.7352,
6,-102,-33.4829,
8,-102,-16.3627,
10,-102,-18.3572,
12,-102,-21.6851,
14,-102,-10.551,
16,-102,-7.72922,
18,-102,-7.67154,
20,-102,-9.38702,
22,-102,-11.9385,
24,-102,-11.3586,
26,-102,-13.9903,
28,-102,-20.9627,
30,-102,-8.78332,
32,-102,-9.04104,
34,-102,-19.4671,
36,-102,-13.0768,
38,-102,-11.9228,
40,-102,-9.63572,
42,-102,-11.2624,
44,-102,-14.0854,
46,-102,-15.0386,
48,-102,-15.8406,
50,-102,-17.6788,
52,-102,-14.0474,
54,-102,-13.6363,
56,-102,-15.0934,
58,-102,-6.91878,
60,-102,-7.22529,
62,-102,-16.3666,
64,-102,-13.098,
66,-102,-8.85567,
68,-102,-6.12394,
70,-102,-4.84851,
72,-102,-4.59369,
74,-102,-4.01641,
76,-102,-5.01518,
78,-102,-8.26125,
80,-102,-12.039,
82,-102,-9.03345,
84,-102,-6.76198,
86,-102,-9.65801,
88,-102,-9.02983,
90,-102,-5.0807,
92,-102,-4.82764,
94,-102,-6.51181,
96,-102,-8.89957,
98,-102,-15.1483,
100,-102,-10.5253,
102,-102,-3.28354,
104,-102,-1.71426,
106,-102,-3.62969,
108,-102,-7.14051,
110,-102,-3.49887,
112,-102,-2.49249,
114,-102,-8.25769,
116,-102,-9.46832,
118,-102,-13.5507,
120,-102,-16.0776,
122,-102,-15.9007,
124,-102,-8.56376,
126,-102,-6.55274,
128,-102,-9.27694,
130,-102,-9.00094,
132,-102,-11.0452,
134,-102,-8.72947,
136,-102,-8.12191,
138,-102,-9.28771,
140,-102,-5.07162,
142,-102,-4.05153,
144,-102,-6.72794,
146,-102,-9.14763,
148,-102,-6.20669,
150,-102,-7.13464,
152,-102,-19.1866,
154,-102,-14.6562,
156,-102,-11.536,
158,-102,-13.6535,
160,-102,-13.3832,
162,-102,-3.88514,
164,-102,-3.54108,
166,-102,-10.2393,
168,-102,-25.0319,
170,-102,-17.4952,
172,-102,-13.5973,
174,-102,-10.4943,
176,-102,-10.6259,
178,-102,-11.1099,
180,-102,-9.18542,
-180,-100,-7.49101,
-178,-100,-6.95155,
-176,-100,-10.3701,
-174,-100,-23.022,
-172,-100,-17.1249,
-170,-100,-15.7968,
-168,-100,-10.5299,
-166,-100,-6.70321,
-164,-100,-7.01161,
-162,-100,-9.33201,
-160,-100,-8.38701,
-158,-100,-7.62636,
-156,-100,-8.39126,
-154,-100,-11.7447,
-152,-100,-17.4697,
-150,-100,-7.65038,
-148,-100,-9.70038,
-146,-100,-15.4326,
-144,-100,-10.0434,
-142,-100,-14.5516,
-140,-100,-9.50507,
-138,-100,-9.8819,
-136,-100,-8.35565,
-134,-100,-9.72237,
-132,-100,-12.1953,
-130,-100,-14.1469,
-128,-100,-9.60093,
-126,-100,-11.438,
-124,-100,-12.8142,
-122,-100,-6.95381,
-120,-100,-8.49337,
-118,-100,-21.0473,
-116,-100,-11.9205,
-114,-100,-8.85834,
-112,-100,-7.39338,
-110,-100,-6.47132,
-108,-100,-6.76487,
-106,-100,-5.30797,
-104,-100,-5.08045,
-102,-100,-6.12931,
-100,-100,-8.48988,
-98,-100,-12.5216,
-96,-100,-12.6218,
-94,-100,-9.71251,
-92,-100,-4.28756,
-90,-100,-2.83508,
-88,-100,-4.60072,
-86,-100,-6.62245,
-84,-100,-6.49959,
-82,-100,-7.30182,
-80,-100,-14.1402,
-78,-100,-6.1035,
-76,-100,-2.22858,
-74,-100,-4.04343,
-72,-100,-8.91738,
-70,-100,-4.50812,
-68,-100,-2.70567,
-66,-100,-6.77419,
-64,-100,-12.3546,
-62,-100,-17.5022,
-60,-100,-13.0927,
-58,-100,-10.4337,
-56,-100,-9.42845,
-54,-100,-8.79537,
-52,-100,-11.1169,
-50,-100,-11.6415,
-48,-100,-22.9426,
-46,-100,-12.012,
-44,-100,-8.99761,
-42,-100,-11.3293,
-40,-100,-9.29329,
-38,-100,-7.11795,
-36,-100,-7.76619,
-34,-100,-7.67173,
-32,-100,-5.24625,
-30,-100,-6.62428,
-28,-100,-17.5001,
-26,-100,-17.9963,
-24,-100,-13.3256,
-22,-100,-15.908,
-20,-100,-11.5024,
-18,-100,-4.17477,
-16,-100,-4.1614,
-14,-100,-8.73182,
-12,-100,-13.6224,
-10,-100,-19.3526,
-8,-100,-22.5361,
-6,-100,-14.6925,
-4,-100,-11.668,
-2,-100,-10.0322,
0,-100,-8.50236,
2,-100,-8.5003,
4,-100,-12.6005,
6,-100,-28.6236,
8,-100,-17.1323,
10,-100,-21.8086,
12,-100,-16.5849,
14,-100,-8.46524,
16,-100,-6.80794,
18,-100,-7.92592,
20,-100,-9.64602,
22,-100,-10.7619,
24,-100,-10.2929,
26,-100,-13.0906,
28,-100,-22.3238,
30,-100,-8.68835,
32,-100,-9.1003,
34,-100,-19.4671,
36,-100,-11.391,
38,-100,-10.7824,
40,-100,-8.84103,
42,-100,-10.3024,
44,-100,-12.2063,
46,-100,-13.1577,
48,-100,-13.9047,
50,-100,-14.7979,
52,-100,-11.4714,
54,-100,-11.4468,
56,-100,-16.0066,
58,-100,-7.67849,
60,-100,-8.0978,
62,-100,-17.7461,
64,-100,-12.5006,
66,-100,-8.55346,
68,-100,-5.9405,
70,-100,-4.80675,
72,-100,-4.09976,
74,-100,-3.13813,
76,-100,-4.18445,
78,-100,-7.51031,
80,-100,-12.0595,
82,-100,-8.76194,
84,-100,-6.54193,
86,-100,-10.6086,
88,-100,-8.7288,
90,-100,-4.5859,
92,-100,-4.92044,
94,-100,-7.30095,
96,-100,-9.43999,
98,-100,-13.2811,
100,-100,-11.2572,
102,-100,-3.5567,
104,-100,-1.64476,
106,-100,-3.5689,
108,-100,-7.89606,
110,-100,-4.44519,
112,-100,-3.05564,
114,-100,-8.90598,
116,-100,-8.18455,
118,-100,-10.7533,
120,-100,-18.4781,
122,-100,-18.1065,
124,-100,-7.14296,
126,-100,-5.06646,
128,-100,-7.86252,
130,-100,-8.22223,
132,-100,-10.5117,
134,-100,-8.344,
136,-100,-7.62842,
138,-100,-8.9705,
140,-100,-4.91942,
142,-100,-3.73874,
144,-100,-6.00186,
146,-100,-8.44809,
148,-100,-5.80771,
150,-100,-6.70804,
152,-100,-18.0606,
154,-100,-14.6898,
156,-100,-9.8358,
158,-100,-11.3803,
160,-100,-13.3063,
162,-100,-3.21042,
164,-100,-2.79912,
166,-100,-8.96912,
168,-100,-18.3994,
170,-100,-15.4192,
172,-100,-13.4222,
174,-100,-11.0664,
176,-100,-10.6714,
178,-100,-9.69621,
180,-100,-7.49101,
-180,-98,-6.28697,
-178,-98,-6.05933,
-176,-98,-9.81784,
-174,-98,-25.2149,
-172,-98,-17.3287,
-170,-98,-14.5731,
-168,-98,-8.90686,
-166,-98,-5.5703,
-164,-98,-6.3492,
-162,-98,-9.68999,
-160,-98,-8.23527,
-158,-98,-6.8758,
-156,-98,-7.83436,
-154,-98,-11.7609,
-152,-98,-17.641,
-150,-98,-7.54908,
-148,-98,-10.0623,
-146,-98,-13.9234,
-144,-98,-8.50449,
-142,-98,-12.863,
-140,-98,-8.93834,
-138,-98,-8.76532,
-136,-98,-7.04284,
-134,-98,-8.67983,
-132,-98,-11.4374,
-130,-98,-12.2513,
-128,-98,-8.21608,
-126,-98,-9.97318,
-124,-98,-12.3688,
-122,-98,-6.9753,
-120,-98,-8.73842,
-118,-98,-24.2764,
-116,-98,-11.7575,
-114,-98,-8.64001,
-112,-98,-6.99109,
-110,-98,-6.46834,
-108,-98,-7.05852,
-106,-98,-5.24734,
-104,-98,-4.93908,
-102,-98,-5.52593,
-100,-98,-7.44487,
-98,-98,-12.1833,
-96,-98,-14.4212,
-94,-98,-10.1301,
-92,-98,-3.94781,
-90,-98,-2.60146,
-88,-98,-4.75051,
-86,-98,-7.16136,
-84,-98,-7.0384,
-82,-98,-7.59229,
-80,-98,-14.3018,
-78,-98,-6.04237,
-76,-98,-1.97253,
-74,-98,-3.79392,
-72,-98,-9.83438,
-70,-98,-5.34602,
-68,-98,-3.07343,
-66,-98,-6.93883,
-64,-98,-10.8379,
-62,-98,-14.6627,
-60,-98,-14.9898,
-58,-98,-11.3885,
-56,-98,-9.25168,
-54,-98,-7.95415,
-52,-98,-10.4851,
-50,-98,-11.3536,
-48,-98,-23.5684,
-46,-98,-11.1287,
-44,-98,-8.26037,
-42,-98,-10.6698,
-40,-98,-8.856,
-38,-98,-6.64068,
-36,-98,-7.07733,
-34,-98,-7.3596,
-32,-98,-5.29963,
-30,-98,-6.8093,
-28,-98,-17.8966,
-26,-98,-17.8996,
-24,-98,-11.3633,
-22,-98,-13.0731,
-20,-98,-11.1423,
-18,-98,-3.6201,
-16,-98,-3.49242,
-14,-98,-7.50509,
-12,-98,-11.8042,
-10,-98,-17.4044,
-8,-98,-20.6419,
-6,-98,-14.7777,
-4,-98,-11.6314,
-2,-98,-9.4698,
0,-98,-7.59826,
2,-98,-7.60009,
4,-98,-11.7208,
6,-98,-25.2882,
8,-98,-17.818,
10,-98,-26.4832,
12,-98,-13.6288,
14,-98,-7.05671,
16,-98,-6.14521,
18,-98,-8.28148,
20,-98,-9.86469,
22,-98,-9.74276,
24,-98,-9.47038,
26,-98,-12.4846,
28,-98,-23.0113,
30,-98,-8.47109,
32,-98,-9.07269,
34,-98,-18.943,
36,-98,-9.96567,
38,-98,-9.7401,
40,-98,-8.12201,
42,-98,-9.40693,
44,-98,-10.7692,
46,-98,-11.8624,
48,-98,-12.4709,
50,-98,-12.8005,
52,-98,-9.71251,
54,-98,-9.79532,
56,-98,-16.0374,
58,-98,-8.43062,
60,-98,-8.98669,
62,-98,-19.3287,
64,-98,-12.1984,
66,-98,-8.35889,
68,-98,-5.81398,
70,-98,-4.82825,
72,-98,-3.74328,
74,-98,-2.485,
76,-98,-3.52451,
78,-98,-6.81934,
80,-98,-12.0853,
82,-98,-8.87777,
84,-98,-6.6011,
86,-98,-11.4798,
88,-98,-8.19875,
90,-98,-4.23319,
92,-98,-5.11112,
94,-98,-8.12878,
96,-98,-9.8378,
98,-98,-11.8537,
100,-98,-11.8703,
102,-98,-3.92618,
104,-98,-1.6926,
106,-98,-3.65117,
108,-98,-8.80837,
110,-98,-5.5535,
112,-98,-3.71782,
114,-98,-9.60466,
116,-98,-7.15991,
118,-98,-8.93741,
120,-98,-18.5089,
122,-98,-19.2684,
124,-98,-6.20386,
126,-98,-4.1018,
128,-98,-6.96758,
130,-98,-7.66586,
132,-98,-10.2955,
134,-98,-8.22114,
136,-98,-7.34834,
138,-98,-8.70084,
140,-98,-4.7101,
142,-98,-3.39414,
144,-98,-5.30131,
146,-98,-7.79025,
148,-98,-5.5168,
150,-98,-6.43668,
152,-98,-17.4554,
154,-98,-13.9662,
156,-98,-8.18697,
158,-98,-9.42693,
160,-98,-13.3188,
162,-98,-2.73876,
164,-98,-2.23518,
166,-98,-7.82427,
168,-98,-14.2046,
170,-98,-13.3468,
172,-98,-13.1339,
174,-98,-11.6637,
176,-98,-10.7012,
178,-98,-8.61314,
180,-98,-6.28697,
-180,-96,-5.39703,
-178,-96,-5.37951,
-176,-96,-9.36091,
-174,-96,-25.2582,
-172,-96,-17.2899,
-170,-96,-13.6028,
-168,-96,-7.75814,
-166,-96,-4.71778,
-164,-96,-5.81544,
-162,-96,-10.0303,
-160,-96,-8.03389,
-158,-96,-6.24309,
-156,-96,-7.38197,
-154,-96,-11.8384,
-152,-96,-17.3716,
-150,-96,-7.33638,
-148,-96,-10.2378,
-146,-96,-12.7439,
-144,-96,-7.38526,
-142,-96,-11.4499,
-140,-96,-8.2835,
-138,-96,-7.80964,
-136,-96,-6.0494,
-134,-96,-7.85212,
-132,-96,-10.7401,
-130,-96,-10.9406,
-128,-96,-7.20478,
-126,-96,-8.87952,
-124,-96,-11.8541,
-122,-96,-6.92526,
-120,-96,-8.82252,
-118,-96,-26.2828,
-116,-96,-11.6903,
-114,-96,-8.51479,
-112,-96,-6.66084,
-110,-96,-6.47129,
-108,-96,-7.32578,
-106,-96,-5.1521,
-104,-96,-4.7729,
-102,-96,-4.98969,
-100,-96,-6.58742,
-98,-96,-11.7619,
-96,-96,-16.4564,
-94,-96,-10.2288,
-92,-96,-3.71245,
-90,-96,-2.51411,
-88,-96,-4.96618,
-86,-96,-7.54347,
-84,-96,-7.34801,
-82,-96,-7.7762,
-80,-96,-14.3661,
-78,-96,-5.99623,
-76,-96,-1.79594,
-74,-96,-3.64746,
-72,-96,-10.7637,
-70,-96,-6.18432,
-68,-96,-3.43744,
-66,-96,-7.07831,
-64,-96,-9.63229,
-62,-96,-12.6858,
-60,-96,-16.8812,
-58,-96,-12.2561,
-56,-96,-9.12539,
-54,-96,-7.32798,
-52,-96,-9.93644,
-50,-96,-10.9378,
-48,-96,-23.4969,
-46,-96,-10.5379,
-44,-96,-7.74467,
-42,-96,-10.1679,
-40,-96,-8.37998,
-38,-96,-6.13344,
-36,-96,-6.40653,
-34,-96,-7.00298,
-32,-96,-5.33441,
-30,-96,-6.99076,
-28,-96,-18.363,
-26,-96,-17.0698,
-24,-96,-9.71869,
-22,-96,-11.0455,
-20,-96,-10.9324,
-18,-96,-3.22732,
-16,-96,-2.99625,
-14,-96,-6.59478,
-12,-96,-10.3758,
-10,-96,-15.5257,
-8,-96,-18.9483,
-6,-96,-14.7446,
-4,-96,-11.5843,
-2,-96,-9.02818,
0,-96,-6.8717,
2,-96,-6.85269,
4,-96,-10.9826,
6,-96,-23.2018,
8,-96,-18.3834,
10,-96,-31.4499,
12,-96,-11.7231,
14,-96,-6.0545,
16,-96,-5.64839,
18,-96,-8.64009,
20,-96,-9.93408,
22,-96,-8.84562,
24,-96,-8.7886,
26,-96,-12.023,
28,-96,-23.142,
30,-96,-8.16779,
32,-96,-8.95081,
34,-96,-18.1518,
36,-96,-8.79268,
38,-96,-8.83574,
40,-96,-7.48251,
42,-96,-8.61124,
44,-96,-9.66415,
46,-96,-10.9412,
48,-96,-11.4225,
50,-96,-11.4091,
52,-96,-8.462,
54,-96,-8.56472,
56,-96,-15.321,
58,-96,-9.03081,
60,-96,-9.74906,
62,-96,-21.0534,
64,-96,-12.0471,
66,-96,-8.18771,
68,-96,-5.68066,
70,-96,-4.85523,
72,-96,-3.47892,
74,-96,-1.99222,
76,-96,-3.0021,
78,-96,-6.21354,
80,-96,-12.0039,
82,-96,-9.20887,
84,-96,-6.8062,
86,-96,-12.1659,
88,-96,-7.68574,
90,-96,-4.00647,
92,-96,-5.33401,
94,-96,-8.87321,
96,-96,-10.0194,
98,-96,-10.7725,
100,-96,-12.2875,
102,-96,-4.29511,
104,-96,-1.76643,
106,-96,-3.7751,
108,-96,-9.7287,
110,-96,-6.68813,
112,-96,-4.36263,
114,-96,-10.2259,
116,-96,-6.373,
118,-96,-7.72442,
120,-96,-17.3105,
122,-96,-19.7023,
124,-96,-5.57615,
126,-96,-3.44865,
128,-96,-6.38309,
130,-96,-7.25127,
132,-96,-10.2333,
134,-96,-8.23181,
136,-96,-7.19275,
138,-96,-8.48254,
140,-96,-4.46357,
142,-96,-3.03314,
144,-96,-4.65071,
146,-96,-7.16167,
148,-96,-5.25628,
150,-96,-6.22925,
152,-96,-17.178,
154,-96,-13.0431,
156,-96,-6.85349,
158,-96,-7.91962,
160,-96,-13.3167,
162,-96,-2.37843,
164,-96,-1.77998,
166,-96,-6.84905,
168,-96,-11.5715,
170,-96,-11.6618,
172,-96,-12.7219,
174,-96,-12.1383,
176,-96,-10.6548,
178,-96,-7.78319,
180,-96,-5.39703,
-180,-94,-4.68957,
-178,-94,-4.81331,
-176,-94,-8.94407,
-174,-94,-24.2476,
-172,-94,-17.1916,
-170,-94,-12.918,
-168,-94,-6.91963,
-166,-94,-4.0323,
-164,-94,-5.3186,
-162,-94,-10.198,
-160,-94,-7.76581,
-158,-94,-5.69876,
-156,-94,-6.98371,
-154,-94,-11.8955,
-152,-94,-16.8376,
-150,-94,-7.03354,
-148,-94,-10.214,
-146,-94,-11.8929,
-144,-94,-6.57406,
-142,-94,-10.3888,
-140,-94,-7.66989,
-138,-94,-7.05423,
-136,-94,-5.30654,
-134,-94,-7.21109,
-132,-94,-10.164,
-130,-94,-10.0291,
-128,-94,-6.46021,
-126,-94,-8.07075,
-124,-94,-11.3896,
-122,-94,-6.80144,
-120,-94,-8.74622,
-118,-94,-25.1867,
-116,-94,-11.6044,
-114,-94,-8.38845,
-112,-94,-6.34837,
-110,-94,-6.41648,
-108,-94,-7.48607,
-106,-94,-4.99143,
-104,-94,-4.55986,
-102,-94,-4.52838,
-100,-94,-5.92007,
-98,-94,-11.3123,
-96,-94,-18.4902,
-94,-94,-10.1092,
-92,-94,-3.51659,
-90,-94,-2.45607,
-88,-94,-5.13064,
-86,-94,-7.72769,
-84,-94,-7.43174,
-82,-94,-7.82115,
-80,-94,-14.3268,
-78,-94,-5.94323,
-76,-94,-1.64911,
-74,-94,-3.53287,
-72,-94,-11.5209,
-70,-94,-6.85423,
-68,-94,-3.69721,
-66,-94,-7.14228,
-64,-94,-8.7067,
-62,-94,-11.3058,
-60,-94,-18.5615,
-58,-94,-12.9152,
-56,-94,-8.96039,
-54,-94,-6.81812,
-52,-94,-9.45454,
-50,-94,-10.4605,
-48,-94,-23.0211,
-46,-94,-10.1159,
-44,-94,-7.34706,
-42,-94,-9.73539,
-40,-94,-7.88567,
-38,-94,-5.62504,
-36,-94,-5.79065,
-34,-94,-6.61206,
-32,-94,-5.28109,
-30,-94,-7.06896,
-28,-94,-18.6728,
-26,-94,-16.0881,
-24,-94,-8.45964,
-22,-94,-9.57188,
-20,-94,-10.7417,
-18,-94,-2.89981,
-16,-94,-2.5868,
-14,-94,-5.90351,
-12,-94,-9.29898,
-10,-94,-14.0527,
-8,-94,-17.6103,
-6,-94,-14.5944,
-4,-94,-11.4777,
-2,-94,-8.60962,
0,-94,-6.22515,
2,-94,-6.1837,
4,-94,-10.3124,
6,-94,-21.8012,
8,-94,-18.8108,
10,-94,-30.0813,
12,-94,-10.4162,
14,-94,-5.30575,
16,-94,-5.24178,
18,-94,-8.9014,
20,-94,-9.80087,
22,-94,-8.04796,
24,-94,-8.17955,
26,-94,-11.5961,
28,-94,-22.9871,
30,-94,-7.80474,
32,-94,-8.73082,
34,-94,-17.3605,
36,-94,-7.84731,
38,-94,-8.09107,
40,-94,-6.93682,
42,-94,-7.93663,
44,-94,-8.80997,
46,-94,-10.2552,
48,-94,-10.6371,
50,-94,-10.4155,
52,-94,-7.54763,
54,-94,-7.65237,
56,-94,-14.4104,
58,-94,-9.37587,
60,-94,-10.2493,
62,-94,-22.7033,
64,-94,-11.9336,
66,-94,-7.98829,
68,-94,-5.4993,
70,-94,-4.82855,
72,-94,-3.25853,
74,-94,-1.60754,
76,-94,-2.58305,
78,-94,-5.69715,
80,-94,-11.7843,
82,-94,-9.59185,
84,-94,-7.02968,
86,-94,-12.5948,
88,-94,-7.24501,
90,-94,-3.83393,
92,-94,-5.50066,
94,-94,-9.41206,
96,-94,-9.99303,
98,-94,-9.96186,
100,-94,-12.4957,
102,-94,-4.57681,
104,-94,-1.79335,
106,-94,-3.85299,
108,-94,-10.4924,
110,-94,-7.66779,
112,-94,-4.87061,
114,-94,-10.6815,
116,-94,-5.78173,
118,-94,-6.89816,
120,-94,-16.1837,
122,-94,-19.8756,
124,-94,-5.13123,
126,-94,-2.97781,
128,-94,-5.97178,
130,-94,-6.91508,
132,-94,-10.2056,
134,-94,-8.26297,
136,-94,-7.07792,
138,-94,-8.28959,
140,-94,-4.1933,
142,-94,-2.66999,
144,-94,-4.07087,
146,-94,-6.57951,
148,-94,-4.97534,
150,-94,-6.00987,
152,-94,-17.0401,
154,-94,-12.2335,
156,-94,-5.84711,
158,-94,-6.80395,
160,-94,-13.2141,
162,-94,-2.0544,
164,-94,-1.37353,
166,-94,-6.03462,
168,-94,-9.83127,
170,-94,-10.4054,
172,-94,-12.2682,
174,-94,-12.4014,
176,-94,-10.4942,
178,-94,-7.10566,
180,-94,-4.68957,
-180,-92,-4.07365,
-178,-92,-4.29419,
-176,-92,-8.52635,
-174,-92,-23.2943,
-172,-92,-17.0905,
-170,-92,-12.4997,
-168,-92,-6.302,
-166,-92,-3.44581,
-164,-92,-4.8032,
-162,-92,-10.0706,
-160,-92,-7.43219,
-158,-92,-5.22232,
-156,-92,-6.60934,
-154,-92,-11.8709,
-152,-92,-16.2075,
-150,-92,-6.66066,
-148,-92,-9.99847,
-146,-92,-11.3219,
-144,-92,-6.00117,
-142,-92,-9.64902,
-140,-92,-7.16147,
-138,-92,-6.49184,
-136,-92,-4.75801,
-134,-92,-6.71028,
-132,-92,-9.70063,
-130,-92,-9.39963,
-128,-92,-5.91364,
-126,-92,-7.48389,
-124,-92,-11.0396,
-122,-92,-6.61626,
-120,-92,-8.55677,
-118,-92,-23.6135,
-116,-92,-11.4277,
-114,-92,-8.19741,
-112,-92,-6.02758,
-110,-92,-6.26041,
-108,-92,-7.46648,
-106,-92,-4.74402,
-104,-92,-4.28314,
-102,-92,-4.13849,
-100,-92,-5.43845,
-98,-92,-10.9329,
-96,-92,-20.0292,
-94,-92,-9.87536,
-92,-92,-3.29667,
-90,-92,-2.32535,
-88,-92,-5.13671,
-86,-92,-7.71843,
-84,-92,-7.34535,
-82,-92,-7.72061,
-80,-92,-14.1826,
-78,-92,-5.87257,
-76,-92,-1.49534,
-74,-92,-3.39486,
-72,-92,-11.9394,
-70,-92,-7.18594,
-68,-92,-3.76626,
-66,-92,-7.1053,
-64,-92,-8.02023,
-62,-92,-10.344,
-60,-92,-19.8412,
-58,-92,-13.2784,
-56,-92,-8.69241,
-54,-92,-6.36537,
-52,-92,-9.02602,
-50,-92,-9.97747,
-48,-92,-22.4064,
-46,-92,-9.76951,
-44,-92,-6.98789,
-42,-92,-9.29684,
-40,-92,-7.3822,
-38,-92,-5.1325,
-36,-92,-5.2494,
-34,-92,-6.21095,
-32,-92,-5.09732,
-30,-92,-6.96586,
-28,-92,-18.6463,
-26,-92,-15.2505,
-24,-92,-7.53922,
-22,-92,-8.50203,
-20,-92,-10.4811,
-18,-92,-2.56903,
-16,-92,-2.20377,
-14,-92,-5.37184,
-12,-92,-8.52651,
-10,-92,-13.0115,
-8,-92,-16.6382,
-6,-92,-14.3495,
-4,-92,-11.2719,
-2,-92,-8.14509,
0,-92,-5.60032,
2,-92,-5.54766,
4,-92,-9.6636,
6,-92,-20.8084,
8,-92,-19.1,
10,-92,-26.8784,
12,-92,-9.49949,
14,-92,-4.71942,
16,-92,-4.86996,
18,-92,-8.97362,
20,-92,-9.46317,
22,-92,-7.33331,
24,-92,-7.60335,
26,-92,-11.1324,
28,-92,-22.7419,
30,-92,-7.39367,
32,-92,-8.40917,
34,-92,-16.7268,
36,-92,-7.10423,
38,-92,-7.51553,
40,-92,-6.49977,
42,-92,-7.39429,
44,-92,-8.15401,
46,-92,-9.71492,
48,-92,-10.0281,
50,-92,-9.69288,
52,-92,-6.8672,
54,-92,-6.98459,
56,-92,-13.6609,
58,-92,-9.42688,
60,-92,-10.3999,
62,-92,-23.8677,
64,-92,-11.7695,
66,-92,-7.73179,
68,-92,-5.24862,
70,-92,-4.69732,
72,-92,-3.03903,
74,-92,-1.29146,
76,-92,-2.2392,
78,-92,-5.26575,
80,-92,-11.4618,
82,-92,-9.8691,
84,-92,-7.15535,
86,-92,-12.747,
88,-92,-6.85413,
90,-92,-3.63618,
92,-92,-5.52095,
94,-92,-9.64773,
96,-92,-9.81767,
98,-92,-9.37076,
100,-92,-12.5335,
102,-92,-4.69944,
104,-92,-1.7193,
106,-92,-3.81392,
108,-92,-10.954,
110,-92,-8.28091,
112,-92,-5.13018,
114,-92,-10.924,
116,-92,-5.34638,
118,-92,-6.33289,
120,-92,-15.4099,
122,-92,-19.9667,
124,-92,-4.78045,
126,-92,-2.60884,
128,-92,-5.64711,
130,-92,-6.62105,
132,-92,-10.1377,
134,-92,-8.22229,
136,-92,-6.93452,
138,-92,-8.08896,
140,-92,-3.90496,
142,-92,-2.31211,
144,-92,-3.57099,
146,-92,-6.0619,
148,-92,-4.64461,
150,-92,-5.72221,
152,-92,-16.8789,
154,-92,-11.6365,
156,-92,-5.12891,
158,-92,-6.01577,
160,-92,-12.9641,
162,-92,-1.7107,
164,-92,-0.969628,
166,-92,-5.35582,
168,-92,-8.6819,
170,-92,-9.53968,
172,-92,-11.8785,
174,-92,-12.4496,
176,-92,-10.2053,
178,-92,-6.49674,
180,-92,-4.07365,
-180,-90,-3.49655,
-178,-90,-3.78505,
-176,-90,-8.08395,
-174,-90,-22.6921,
-172,-90,-16.968,
-170,-90,-12.3458,
-168,-90,-5.86537,
-166,-90,-2.92408,
-164,-90,-4.24435,
-162,-90,-9.58688,
-160,-90,-7.03552,
-158,-90,-4.80012,
-156,-90,-6.24337,
-154,-90,-11.7262,
-152,-90,-15.5704,
-150,-90,-6.23158,
-148,-90,-9.60687,
-146,-90,-10.9931,
-144,-90,-5.62942,
-142,-90,-9.20061,
-140,-90,-6.78318,
-138,-90,-6.10961,
-136,-90,-4.36944,
-134,-90,-6.31454,
-132,-90,-9.33076,
-130,-90,-8.98996,
-128,-90,-5.52776,
-126,-90,-7.08356,
-124,-90,-10.8364,
-122,-90,-6.38082,
-120,-90,-8.29984,
-118,-90,-23.0337,
-116,-90,-11.1206,
-114,-90,-7.90628,
-112,-90,-5.6897,
-110,-90,-5.98166,
-108,-90,-7.21808,
-106,-90,-4.39838,
-104,-90,-3.93429,
-102,-90,-3.81471,
-100,-90,-5.13796,
-98,-90,-10.7014,
-96,-90,-20.43,
-94,-90,-9.59774,
-92,-90,-3.01079,
-90,-90,-2.05447,
-88,-90,-4.91008,
-86,-90,-7.53398,
-84,-90,-7.14335,
-82,-90,-7.47951,
-80,-90,-13.9439,
-78,-90,-5.7814,
-76,-90,-1.31152,
-74,-90,-3.19681,
-72,-90,-11.9061,
-70,-90,-7.05399,
-68,-90,-3.58409,
-66,-90,-6.9556,
-64,-90,-7.54319,
-62,-90,-9.70239,
-60,-90,-20.5944,
-58,-90,-13.2952,
-56,-90,-8.28695,
-54,-90,-5.9382,
-52,-90,-8.64378,
-50,-90,-9.52398,
-48,-90,-21.794,
-46,-90,-9.43588,
-44,-90,-6.61584,
-42,-90,-8.80917,
-40,-90,-6.87665,
-38,-90,-4.66595,
-36,-90,-4.79214,
-34,-90,-5.8205,
-32,-90,-4.76369,
-30,-90,-6.63442,
-28,-90,-18.1933,
-26,-90,-14.6593,
-24,-90,-6.91623,
-22,-90,-7.75643,
-20,-90,-10.1043,
-18,-90,-2.19297,
-16,-90,-1.81069,
-14,-90,-4.96908,
-12,-90,-8.03317,
-10,-90,-12.3818,
-8,-90,-15.9985,
-6,-90,-14.0113,
-4,-90,-10.9332,
-2,-90,-7.59929,
0,-90,-4.97192,
2,-90,-4.92308,
4,-90,-9.01121,
6,-90,-20.0909,
8,-90,-19.2553,
10,-90,-25.1701,
12,-90,-8.87683,
14,-90,-4.24511,
16,-90,-4.49786,
18,-90,-8.78671,
20,-90,-8.94614,
22,-90,-6.69053,
24,-90,-7.04124,
26,-90,-10.5944,
28,-90,-22.4634,
30,-90,-6.93536,
32,-90,-7.98262,
34,-90,-16.3287,
36,-90,-6.54562,
38,-90,-7.11602,
40,-90,-6.18446,
42,-90,-6.99162,
44,-90,-7.66826,
46,-90,-9.26956,
48,-90,-9.54403,
50,-90,-9.17241,
52,-90,-6.36412,
54,-90,-6.5169,
56,-90,-13.2013,
58,-90,-9.19138,
60,-90,-10.1739,
62,-90,-24.0536,
64,-90,-11.4948,
66,-90,-7.40304,
68,-90,-4.92075,
70,-90,-4.42837,
72,-90,-2.78918,
74,-90,-1.01819,
76,-90,-1.95217,
78,-90,-4.916,
80,-90,-11.0973,
82,-90,-9.90886,
84,-90,-7.09253,
86,-90,-12.6332,
88,-90,-6.47828,
90,-90,-3.35361,
92,-90,-5.32785,
94,-90,-9.52911,
96,-90,-9.55271,
98,-90,-8.96751,
100,-90,-12.4555,
102,-90,-4.61301,
104,-90,-1.51104,
106,-90,-3.61135,
108,-90,-11.0177,
110,-90,-8.34374,
112,-90,-5.05747,
114,-90,-10.9316,
116,-90,-5.04142,
118,-90,-5.96238,
120,-90,-14.993,
122,-90,-19.9826,
124,-90,-4.47031,
126,-90,-2.29628,
128,-90,-5.3609,
130,-90,-6.35383,
132,-90,-9.9919,
134,-90,-8.04567,
136,-90,-6.71458,
138,-90,-7.85442,
140,-90,-3.6,
142,-90,-1.96241,
144,-90,-3.15351,
146,-90,-5.61967,
148,-90,-4.24999,
150,-90,-5.33225,
152,-90,-16.5741,
154,-90,-11.273,
156,-90,-4.6678,
158,-90,-5.51488,
160,-90,-12.5563,
162,-90,-1.31305,
164,-90,-0.539629,
166,-90,-4.79113,
168,-90,-7.9797,
170,-90,-9.03103,
172,-90,-11.6418,
174,-90,-12.3372,
176,-90,-9.79223,
178,-90,-5.90335,
180,-90,-3.49655,
-180,-88,-2.94367,
-178,-88,-3.27789,
-176,-88,-7.61276,
-174,-88,-22.5092,
-172,-88,-16.7505,
-170,-88,-12.4865,
-168,-88,-5.61047,
-166,-88,-2.46249,
-164,-88,-3.64485,
-162,-88,-8.7628,
-160,-88,-6.57126,
-158,-88,-4.42457,
-156,-88,-5.88131,
-154,-88,-11.4468,
-152,-88,-14.9474,
-150,-88,-5.75401,
-148,-88,-9.05581,
-146,-88,-10.8904,
-144,-88,-5.44957,
-142,-88,-9.03958,
-140,-88,-6.53991,
-138,-88,-5.90318,
-136,-88,-4.12992,
-134,-88,-6.01056,
-132,-88,-9.04827,
-130,-88,-8.78342,
-128,-88,-5.29396,
-126,-88,-6.86257,
-124,-88,-10.8042,
-122,-88,-6.09577,
-120,-88,-7.98699,
-118,-88,-23.6676,
-116,-88,-10.6674,
-114,-88,-7.50512,
-112,-88,-5.33447,
-110,-88,-5.57807,
-108,-88,-6.73102,
-106,-88,-3.95435,
-104,-88,-3.51544,
-102,-88,-3.55549,
-100,-88,-5.01809,
-98,-88,-10.644,
-96,-88,-19.3418,
-94,-88,-9.30438,
-92,-88,-2.64956,
-90,-88,-1.62631,
-88,-88,-4.43033,
-86,-88,-7.17667,
-84,-88,-6.84257,
-82,-88,-7.1019,
-80,-88,-13.6384,
-78,-88,-5.67084,
-76,-88,-1.08852,
-74,-88,-2.92385,
-72,-88,-11.3636,
-70,-88,-6.42067,
-68,-88,-3.12804,
-66,-88,-6.68469,
-64,-88,-7.26493,
-62,-88,-9.34295,
-60,-88,-20.6426,
-58,-88,-12.9287,
-56,-88,-7.74245,
-54,-88,-5.52762,
-52,-88,-8.30661,
-50,-88,-9.11335,
-48,-88,-21.1844,
-46,-88,-9.08253,
-44,-88,-6.21128,
-42,-88,-8.26917,
-40,-88,-6.37961,
-38,-88,-4.23481,
-36,-88,-4.42675,
-34,-88,-5.45319,
-32,-88,-4.27872,
-30,-88,-6.06524,
-28,-88,-17.3195,
-26,-88,-14.358,
-24,-88,-6.58074,
-22,-88,-7.30645,
-20,-88,-9.60601,
-18,-88,-1.75681,
-16,-88,-1.39501,
-14,-88,-4.68952,
-12,-88,-7.82309,
-10,-88,-12.1676,
-8,-88,-15.6351,
-6,-88,-13.527,
-4,-88,-10.4328,
-2,-88,-6.97489,
0,-88,-4.34527,
2,-88,-4.31079,
4,-88,-8.35106,
6,-88,-19.6096,
8,-88,-19.2598,
10,-88,-24.8859,
12,-88,-8.5221,
14,-88,-3.86521,
16,-88,-4.11136,
18,-88,-8.30682,
20,-88,-8.27801,
22,-88,-6.11458,
24,-88,-6.48997,
26,-88,-9.97407,
28,-88,-22.084,
30,-88,-6.42459,
32,-88,-7.44934,
34,-88,-16.2145,
36,-88,-6.16545,
38,-88,-6.90563,
40,-88,-6.00308,
42,-88,-6.7373,
44,-88,-7.34752,
46,-88,-8.90322,
48,-88,-9.16394,
50,-88,-8.82898,
52,-88,-6.01795,
54,-88,-6.23298,
56,-88,-13.0666,
58,-88,-8.683,
60,-88,-9.57849,
62,-88,-23.0043,
64,-88,-11.0848,
66,-88,-6.9952,
68,-88,-4.51544,
70,-88,-4.0127,
72,-88,-2.49477,
74,-88,-0.776721,
76,-88,-1.71525,
78,-88,-4.65153,
80,-88,-10.7432,
82,-88,-9.6414,
84,-88,-6.79367,
86,-88,-12.248,
88,-88,-6.09769,
90,-88,-2.96369,
92,-88,-4.89986,
94,-88,-9.05485,
96,-88,-9.22347,
98,-88,-8.73436,
100,-88,-12.3008,
102,-88,-4.29607,
104,-88,-1.15782,
106,-88,-3.23067,
108,-88,-10.6348,
110,-88,-7.77952,
112,-88,-4.61792,
114,-88,-10.6847,
116,-88,-4.86161,
118,-88,-5.76848,
120,-88,-14.9534,
122,-88,-19.913,
124,-88,-4.17972,
126,-88,-2.02357,
128,-88,-5.09655,
130,-88,-6.10999,
132,-88,-9.75349,
134,-88,-7.70509,
136,-88,-6.39696,
138,-88,-7.57329,
140,-88,-3.279,
142,-88,-1.62313,
144,-88,-2.82073,
146,-88,-5.25784,
148,-88,-3.78831,
150,-88,-4.8299,
152,-88,-16.0693,
154,-88,-11.1462,
156,-88,-4.45388,
158,-88,-5.29015,
160,-88,-12.003,
162,-88,-0.850987,
164,-88,-0.0749727,
166,-88,-4.33182,
168,-88,-7.66627,
170,-88,-8.87031,
172,-88,-11.6263,
174,-88,-12.1164,
176,-88,-9.26967,
178,-88,-5.30969,
180,-88,-2.94367,
-180,-86,-2.43875,
-178,-86,-2.79444,
-176,-86,-7.13082,
-174,-86,-22.8292,
-172,-86,-16.2892,
-170,-86,-12.9777,
-168,-86,-5.57889,
-166,-86,-2.08514,
-164,-86,-3.03418,
-162,-86,-7.68219,
-160,-86,-6.0294,
-158,-86,-4.09411,
-156,-86,-5.52825,
-154,-86,-11.0418,
-152,-86,-14.3129,
-150,-86,-5.23104,
-148,-86,-8.35984,
-146,-86,-11.0172,
-144,-86,-5.47894,
-142,-86,-9.19407,
-140,-86,-6.42071,
-138,-86,-5.87825,
-136,-86,-4.05167,
-134,-86,-5.80963,
-132,-86,-8.86865,
-130,-86,-8.80789,
-128,-86,-5.23211,
-126,-86,-6.84231,
-124,-86,-10.9662,
-122,-86,-5.74825,
-120,-86,-7.58633,
-118,-86,-25.3068,
-116,-86,-10.0752,
-114,-86,-7.00788,
-112,-86,-4.96687,
-110,-86,-5.06444,
-108,-86,-6.04067,
-106,-86,-3.42548,
-104,-86,-3.03959,
-102,-86,-3.36444,
-100,-86,-5.08375,
-98,-86,-10.7201,
-96,-86,-17.0657,
-94,-86,-8.97467,
-92,-86,-2.23899,
-90,-86,-1.07907,
-88,-86,-3.73896,
-86,-86,-6.62672,
-84,-86,-6.41271,
-82,-86,-6.58857,
-80,-86,-13.3128,
-78,-86,-5.54111,
-76,-86,-0.830824,
-74,-86,-2.58456,
-72,-86,-10.3206,
-70,-86,-5.34828,
-68,-86,-2.41849,
-66,-86,-6.28292,
-64,-86,-7.19763,
-62,-86,-9.28063,
-60,-86,-19.6626,
-58,-86,-12.1532,
-56,-86,-7.09098,
-54,-86,-5.147,
-52,-86,-8.02022,
-50,-86,-8.73722,
-48,-86,-20.4409,
-46,-86,-8.70801,
-44,-86,-5.78734,
-42,-86,-7.71193,
-40,-86,-5.90749,
-38,-86,-3.85066,
-36,-86,-4.16344,
-34,-86,-5.11158,
-32,-86,-3.65566,
-30,-86,-5.28801,
-28,-86,-16.1214,
-26,-86,-14.3927,
-24,-86,-6.56272,
-22,-86,-7.16807,
-20,-86,-9.01709,
-18,-86,-1.2736,
-16,-86,-0.968595,
-14,-86,-4.55226,
-12,-86,-7.93332,
-10,-86,-12.4167,
-8,-86,-15.4452,
-6,-86,-12.7846,
-4,-86,-9.75112,
-2,-86,-6.31306,
0,-86,-3.75637,
2,-86,-3.73518,
4,-86,-7.70037,
6,-86,-19.3985,
8,-86,-19.0279,
10,-86,-26.19,
12,-86,-8.46878,
14,-86,-3.59339,
16,-86,-3.71921,
18,-86,-7.5481,
20,-86,-7.48158,
22,-86,-5.60774,
24,-86,-5.95884,
26,-86,-9.28845,
28,-86,-21.4285,
30,-86,-5.854,
32,-86,-6.81036,
34,-86,-16.4313,
36,-86,-5.97234,
38,-86,-6.91077,
40,-86,-5.96672,
42,-86,-6.64306,
44,-86,-7.20962,
46,-86,-8.63349,
48,-86,-8.8942,
50,-86,-8.6768,
52,-86,-5.8413,
54,-86,-6.14406,
56,-86,-13.2535,
58,-86,-7.90303,
60,-86,-8.63413,
62,-86,-20.9444,
64,-86,-10.5548,
66,-86,-6.51048,
68,-86,-4.03875,
70,-86,-3.46736,
72,-86,-2.16144,
74,-86,-0.571333,
76,-86,-1.53382,
78,-86,-4.48519,
80,-86,-10.4312,
82,-86,-9.08768,
84,-86,-6.26715,
86,-86,-11.546,
88,-86,-5.7158,
90,-86,-2.48836,
92,-86,-4.27012,
94,-86,-8.26272,
96,-86,-8.81043,
98,-86,-8.66302,
100,-86,-12.0769,
102,-86,-3.75956,
104,-86,-0.672214,
106,-86,-2.69219,
108,-86,-9.7985,
110,-86,-6.6556,
112,-86,-3.83716,
114,-86,-10.1562,
116,-86,-4.82527,
118,-86,-5.77954,
120,-86,-15.4051,
122,-86,-19.7814,
124,-86,-3.91927,
126,-86,-1.8011,
128,-86,-4.86622,
130,-86,-5.89272,
132,-86,-9.42118,
134,-86,-7.21273,
136,-86,-5.9906,
138,-86,-7.24969,
140,-86,-2.94359,
142,-86,-1.29838,
144,-86,-2.5786,
146,-86,-4.97818,
148,-86,-3.26609,
150,-86,-4.22959,
152,-86,-15.3912,
154,-86,-11.2497,
156,-86,-4.49957,
158,-86,-5.36065,
160,-86,-11.33,
162,-86,-0.33859,
164,-86,0.411815,
166,-86,-3.98578,
168,-86,-7.74236,
170,-86,-9.07593,
172,-86,-11.8862,
174,-86,-11.7889,
176,-86,-8.65934,
178,-86,-4.73943,
180,-86,-2.43875,
-180,-84,-2.04454,
-178,-84,-2.38789,
-176,-84,-6.68121,
-174,-84,-23.6875,
-172,-84,-15.3488,
-170,-84,-13.8287,
-168,-84,-5.86237,
-166,-84,-1.8467,
-164,-84,-2.46902,
-162,-84,-6.47149,
-160,-84,-5.40549,
-158,-84,-3.81418,
-156,-84,-5.20015,
-154,-84,-10.5427,
-152,-84,-13.6062,
-150,-84,-4.6625,
-148,-84,-7.53296,
-146,-84,-11.3831,
-144,-84,-5.76261,
-142,-84,-9.72535,
-140,-84,-6.38762,
-138,-84,-6.04197,
-136,-84,-4.16885,
-134,-84,-5.74588,
-132,-84,-8.8279,
-130,-84,-9.14296,
-128,-84,-5.39314,
-126,-84,-7.07383,
-124,-84,-11.3316,
-122,-84,-5.31498,
-120,-84,-7.03651,
-118,-84,-25.4156,
-116,-84,-9.38308,
-114,-84,-6.45273,
-112,-84,-4.60024,
-110,-84,-4.47336,
-108,-84,-5.22047,
-106,-84,-2.84094,
-104,-84,-2.52861,
-102,-84,-3.24756,
-100,-84,-5.34323,
-98,-84,-10.8152,
-96,-84,-14.2769,
-94,-84,-8.52468,
-92,-84,-1.83511,
-90,-84,-0.49775,
-88,-84,-2.92931,
-86,-84,-5.86417,
-84,-84,-5.79232,
-82,-84,-5.94532,
-80,-84,-13.0308,
-78,-84,-5.38659,
-76,-84,-0.555669,
-74,-84,-2.21043,
-72,-84,-8.88852,
-70,-84,-3.97402,
-68,-84,-1.51423,
-66,-84,-5.74406,
-64,-84,-7.37918,
-62,-84,-9.58824,
-60,-84,-17.5664,
-58,-84,-10.9964,
-56,-84,-6.39602,
-54,-84,-4.83622,
-52,-84,-7.80108,
-50,-84,-8.36667,
-48,-84,-19.3506,
-46,-84,-8.34102,
-44,-84,-5.38816,
-42,-84,-7.20398,
-40,-84,-5.48213,
-38,-84,-3.5255,
-36,-84,-4.01205,
-34,-84,-4.78597,
-32,-84,-2.92247,
-30,-84,-4.36714,
-28,-84,-14.7789,
-26,-84,-14.8271,
-24,-84,-6.94306,
-22,-84,-7.40681,
-20,-84,-8.39871,
-18,-84,-0.783889,
-16,-84,-0.567901,
-14,-84,-4.60418,
-12,-84,-8.43752,
-10,-84,-13.2337,
-8,-84,-15.2305,
-6,-84,-11.668,
-4,-84,-8.88973,
-2,-84,-5.68962,
0,-84,-3.27426,
2,-84,-3.24758,
4,-84,-7.09949,
6,-84,-19.5252,
8,-84,-18.3333,
10,-84,-28.7937,
12,-84,-8.82035,
14,-84,-3.47736,
16,-84,-3.3563,
18,-84,-6.57585,
20,-84,-6.58116,
22,-84,-5.18128,
24,-84,-5.46988,
26,-84,-8.57614,
28,-84,-20.2859,
30,-84,-5.21645,
32,-84,-6.07137,
34,-84,-17.0243,
36,-84,-5.99189,
38,-84,-7.17779,
40,-84,-6.08017,
42,-84,-6.71927,
44,-84,-7.29699,
46,-84,-8.50998,
48,-84,-8.76652,
50,-84,-8.7716,
52,-84,-5.8808,
54,-84,-6.28952,
56,-84,-13.6904,
58,-84,-6.8607,
60,-84,-7.38848,
62,-84,-18.3946,
64,-84,-9.96048,
66,-84,-5.96649,
68,-84,-3.50709,
70,-84,-2.83276,
72,-84,-1.81448,
74,-84,-0.421432,
76,-84,-1.42392,
78,-84,-4.43749,
80,-84,-10.1727,
82,-84,-8.35534,
84,-84,-5.57697,
86,-84,-10.4681,
88,-84,-5.35227,
90,-84,-1.98925,
92,-84,-3.51658,
94,-84,-7.21985,
96,-84,-8.25929,
98,-84,-8.751,
100,-84,-11.7556,
102,-84,-3.04626,
104,-84,-0.0896722,
106,-84,-2.04776,
108,-84,-8.57383,
110,-84,-5.14691,
112,-84,-2.79355,
114,-84,-9.32807,
116,-84,-4.97612,
118,-84,-6.07739,
120,-84,-16.609,
122,-84,-19.5749,
124,-84,-3.73174,
126,-84,-1.66752,
128,-84,-4.71185,
130,-84,-5.71263,
132,-84,-9.01084,
134,-84,-6.61874,
136,-84,-5.53435,
138,-84,-6.90584,
140,-84,-2.59678,
142,-84,-0.994297,
144,-84,-2.43712,
146,-84,-4.77978,
148,-84,-2.70141,
150,-84,-3.56991,
152,-84,-14.6504,
154,-84,-11.5276,
156,-84,-4.83326,
158,-84,-5.77687,
160,-84,-10.5795,
162,-84,0.186277,
164,-84,0.88774,
166,-84,-3.77933,
168,-84,-8.25937,
170,-84,-9.68411,
172,-84,-12.4556,
174,-84,-11.292,
176,-84,-7.99169,
178,-84,-4.25457,
180,-84,-2.04454,
-180,-82,-1.86545,
-178,-82,-2.14646,
-176,-82,-6.33616,
-174,-82,-24.2043,
-172,-82,-13.7217,
-170,-82,-14.647,
-168,-82,-6.62824,
-166,-82,-1.83864,
-164,-82,-2.03602,
-162,-82,-5.2747,
-160,-82,-4.71814,
-158,-82,-3.5999,
-156,-82,-4.92754,
-154,-82,-10.0038,
-152,-82,-12.7456,
-150,-82,-4.04635,
-148,-82,-6.59319,
-146,-82,-11.961,
-144,-82,-6.3778,
-142,-82,-10.7128,
-140,-82,-6.34921,
-138,-82,-6.37518,
-136,-82,-4.53341,
-134,-82,-5.86923,
-132,-82,-8.96894,
-130,-82,-9.94021,
-128,-82,-5.86592,
-126,-82,-7.6405,
-124,-82,-11.847,
-122,-82,-4.77513,
-120,-82,-6.28761,
-118,-82,-21.6221,
-116,-82,-8.67229,
-114,-82,-5.9041,
-112,-82,-4.26374,
-110,-82,-3.85636,
-108,-82,-4.36544,
-106,-82,-2.24503,
-104,-82,-2.00904,
-102,-82,-3.20534,
-100,-82,-5.80183,
-98,-82,-10.7699,
-96,-82,-11.4939,
-94,-82,-7.79823,
-92,-82,-1.50932,
-90,-82,0.00292957,
-88,-82,-2.12411,
-86,-82,-4.9049,
-84,-82,-4.93177,
-82,-82,-5.19603,
-80,-82,-12.8704,
-78,-82,-5.19321,
-76,-82,-0.292246,
-74,-82,-1.85346,
-72,-82,-7.2663,
-70,-82,-2.46499,
-68,-82,-0.501013,
-66,-82,-5.07829,
-64,-82,-7.876,
-62,-82,-10.4167,
-60,-82,-14.7855,
-58,-82,-9.56814,
-56,-82,-5.74834,
-54,-82,-4.67046,
-52,-82,-7.68184,
-50,-82,-7.95572,
-48,-82,-17.7994,
-46,-82,-8.0374,
-44,-82,-5.08513,
-42,-82,-6.83496,
-40,-82,-5.12548,
-38,-82,-3.26474,
-36,-82,-3.9723,
-34,-82,-4.45389,
-32,-82,-2.12544,
-30,-82,-3.39399,
-28,-82,-13.5247,
-26,-82,-15.66,
-24,-82,-7.87246,
-22,-82,-8.15839,
-20,-82,-7.83954,
-18,-82,-0.355218,
-16,-82,-0.253927,
-14,-82,-4.9269,
-12,-82,-9.44179,
-10,-82,-14.7782,
-8,-82,-14.7053,
-6,-82,-10.1683,
-4,-82,-7.88524,
-2,-82,-5.20975,
0,-82,-3.00583,
2,-82,-2.93178,
4,-82,-6.61433,
6,-82,-19.8936,
8,-82,-16.8298,
10,-82,-25.1178,
12,-82,-9.79442,
14,-82,-3.60721,
16,-82,-3.08814,
18,-82,-5.4971,
20,-82,-5.61645,
22,-82,-4.85839,
24,-82,-5.06066,
26,-82,-7.89562,
28,-82,-18.5817,
30,-82,-4.50729,
32,-82,-5.24464,
34,-82,-17.9638,
36,-82,-6.26916,
38,-82,-7.78014,
40,-82,-6.32565,
42,-82,-6.95763,
44,-82,-7.67758,
46,-82,-8.61184,
48,-82,-8.8321,
50,-82,-9.21855,
52,-82,-6.22297,
54,-82,-6.73892,
56,-82,-14.109,
58,-82,-5.60767,
60,-82,-5.93441,
62,-82,-15.7959,
64,-82,-9.39455,
66,-82,-5.40515,
68,-82,-2.95375,
70,-82,-2.16601,
72,-82,-1.49548,
74,-82,-0.360383,
76,-82,-1.4081,
78,-82,-4.52918,
80,-82,-9.96489,
82,-82,-7.606,
84,-82,-4.82614,
86,-82,-8.99971,
88,-82,-5.0132,
90,-82,-1.55024,
92,-82,-2.73868,
94,-82,-6.01596,
96,-82,-7.51428,
98,-82,-8.99785,
100,-82,-11.2819,
102,-82,-2.22612,
104,-82,0.532744,
106,-82,-1.37324,
108,-82,-7.11256,
110,-82,-3.46159,
112,-82,-1.5977,
114,-82,-8.22859,
116,-82,-5.38445,
118,-82,-6.81981,
120,-82,-18.9086,
122,-82,-18.9809,
124,-82,-3.69403,
126,-82,-1.69493,
128,-82,-4.71022,
130,-82,-5.59338,
132,-82,-8.56951,
134,-82,-6.00359,
136,-82,-5.09318,
138,-82,-6.57997,
140,-82,-2.24142,
142,-82,-0.716904,
144,-82,-2.40748,
146,-82,-4.6594,
148,-82,-2.12862,
150,-82,-2.91287,
152,-82,-14.0255,
154,-82,-11.7542,
156,-82,-5.47172,
158,-82,-6.61806,
160,-82,-9.8183,
162,-82,0.663708,
164,-82,1.30096,
166,-82,-3.75802,
168,-82,-9.31097,
170,-82,-10.6999,
172,-82,-13.3065,
174,-82,-10.5375,
176,-82,-7.31096,
178,-82,-3.95372,
180,-82,-1.86545,
-180,-80,-2.05768,
-178,-80,-2.2018,
-176,-80,-6.20471,
-174,-80,-21.5707,
-172,-80,-11.4518,
-170,-80,-13.9671,
-168,-80,-8.18308,
-166,-80,-2.20521,
-164,-80,-1.85975,
-162,-80,-4.24062,
-160,-80,-4.02571,
-158,-80,-3.48184,
-156,-80,-4.7618,
-154,-80,-9.50366,
-152,-80,-11.6663,
-150,-80,-3.38181,
-148,-80,-5.56888,
-146,-80,-12.5799,
-144,-80,-7.44208,
-142,-80,-12.1456,
-140,-80,-6.13767,
-138,-80,-6.76598,
-136,-80,-5.20072,
-134,-80,-6.22749,
-132,-80,-9.29811,
-130,-80,-11.4671,
-128,-80,-6.79369,
-126,-80,-8.66185,
-124,-80,-12.3032,
-122,-80,-4.13361,
-120,-80,-5.3533,
-118,-80,-17.6111,
-116,-80,-8.07095,
-114,-80,-5.45562,
-112,-80,-4.01033,
-110,-80,-3.28061,
-108,-80,-3.57478,
-106,-80,-1.6936,
-104,-80,-1.50656,
-102,-80,-3.21954,
-100,-80,-6.4505,
-98,-80,-10.4881,
-96,-80,-8.9513,
-94,-80,-6.61956,
-92,-80,-1.31736,
-90,-80,0.29814,
-88,-80,-1.4523,
-86,-80,-3.8204,
-84,-80,-3.84563,
-82,-80,-4.3917,
-80,-80,-12.9218,
-78,-80,-4.94391,
-76,-80,-0.0824189,
-74,-80,-1.58333,
-72,-80,-5.66472,
-70,-80,-0.979877,
-68,-80,0.520665,
-66,-80,-4.32832,
-64,-80,-8.7833,
-62,-80,-12.0328,
-60,-80,-11.8206,
-58,-80,-8.01999,
-56,-80,-5.26162,
-54,-80,-4.77675,
-52,-80,-7.71023,
-50,-80,-7.45004,
-48,-80,-15.8962,
-46,-80,-7.87385,
-44,-80,-4.97254,
-42,-80,-6.7084,
-40,-80,-4.84532,
-38,-80,-3.05579,
-36,-80,-4.01967,
-34,-80,-4.09219,
-32,-80,-1.33495,
-30,-80,-2.47962,
-28,-80,-12.6113,
-26,-80,-16.3146,
-24,-80,-9.57564,
-22,-80,-9.68667,
-20,-80,-7.46046,
-18,-80,-0.0834383,
-16,-80,-0.113156,
-14,-80,-5.65137,
-12,-80,-11.0143,
-10,-80,-17.1075,
-8,-80,-13.7075,
-6,-80,-8.43464,
-4,-80,-6.81501,
-2,-80,-5.00393,
0,-80,-3.10607,
2,-80,-2.91329,
4,-80,-6.34109,
6,-80,-19.5346,
8,-80,-14.3886,
10,-80,-18.3121,
12,-80,-11.87,
14,-80,-4.13603,
16,-80,-3.01754,
18,-80,-4.44279,
20,-80,-4.65458,
22,-80,-4.67978,
24,-80,-4.7888,
26,-80,-7.32487,
28,-80,-16.4825,
30,-80,-3.72817,
32,-80,-4.35164,
34,-80,-18.8433,
36,-80,-6.87152,
38,-80,-8.82514,
40,-80,-6.62705,
42,-80,-7.28711,
44,-80,-8.43768,
46,-80,-9.03975,
48,-80,-9.13814,
50,-80,-10.182,
52,-80,-7.01027,
54,-80,-7.5972,
56,-80,-13.9414,
58,-80,-4.24831,
60,-80,-4.39783,
62,-80,-13.3783,
64,-80,-8.98563,
66,-80,-4.90031,
68,-80,-2.43326,
70,-80,-1.53206,
72,-80,-1.25642,
74,-80,-0.433375,
76,-80,-1.50643,
78,-80,-4.76266,
80,-80,-9.80288,
82,-80,-7.02299,
84,-80,-4.13122,
86,-80,-7.20523,
88,-80,-4.62283,
90,-80,-1.24507,
92,-80,-2.03024,
94,-80,-4.75285,
96,-80,-6.56675,
98,-80,-9.40068,
100,-80,-10.604,
102,-80,-1.38929,
104,-80,1.11755,
106,-80,-0.761984,
108,-80,-5.60727,
110,-80,-1.78412,
112,-80,-0.371441,
114,-80,-6.95807,
116,-80,-6.14754,
118,-80,-8.30531,
120,-80,-20.2353,
122,-80,-17.1578,
124,-80,-3.92084,
126,-80,-2.00104,
128,-80,-4.98286,
130,-80,-5.57686,
132,-80,-8.18722,
134,-80,-5.46812,
136,-80,-4.75155,
138,-80,-6.31704,
140,-80,-1.87691,
142,-80,-0.469112,
144,-80,-2.4985,
146,-80,-4.61774,
148,-80,-1.60495,
150,-80,-2.34344,
152,-80,-13.7525,
154,-80,-11.3741,
156,-80,-6.31891,
158,-80,-7.95624,
160,-80,-9.14214,
162,-80,1.01287,
164,-80,1.58238,
166,-80,-3.98684,
168,-80,-10.9665,
170,-80,-11.91,
172,-80,-14.2536,
174,-80,-9.51041,
176,-80,-6.68084,
178,-80,-3.97475,
180,-80,-2.05768,
-180,-78,-2.8576,
-178,-78,-2.74994,
-176,-78,-6.44959,
-174,-78,-16.7839,
-172,-78,-8.84468,
-170,-78,-11.0657,
-168,-78,-11.1107,
-166,-78,-3.1852,
-164,-78,-2.12407,
-162,-78,-3.52481,
-160,-78,-3.43472,
-158,-78,-3.51779,
-156,-78,-4.78578,
-154,-78,-9.15253,
-152,-78,-10.3795,
-150,-78,-2.67654,
-148,-78,-4.50549,
-146,-78,-12.7788,
-144,-78,-9.12311,
-142,-78,-13.4334,
-140,-78,-5.5591,
-138,-78,-6.91663,
-136,-78,-6.18081,
-134,-78,-6.82204,
-132,-78,-9.67404,
-130,-78,-14.1439,
-128,-78,-8.41579,
-126,-78,-10.2928,
-124,-78,-12.3156,
-122,-78,-3.44447,
-120,-78,-4.32881,
-118,-78,-14.641,
-116,-78,-7.75694,
-114,-78,-5.23495,
-112,-78,-3.92024,
-110,-78,-2.81862,
-108,-78,-2.93937,
-106,-78,-1.24856,
-104,-78,-1.04076,
-102,-78,-3.23852,
-100,-78,-7.25256,
-98,-78,-10.0353,
-96,-78,-6.7146,
-94,-78,-4.93631,
-92,-78,-1.22983,
-90,-78,0.283141,
-88,-78,-1.02832,
-86,-78,-2.72333,
-84,-78,-2.63102,
-82,-78,-3.61034,
-80,-78,-13.2801,
-78,-78,-4.63679,
-76,-78,0.0154064,
-74,-78,-1.48695,
-72,-78,-4.25082,
-70,-78,0.34778,
-68,-78,1.44379,
-66,-78,-3.57899,
-64,-78,-10.21,
-62,-78,-14.7483,
-60,-78,-8.94574,
-58,-78,-6.47812,
-56,-78,-5.06757,
-54,-78,-5.36921,
-52,-78,-7.91427,
-50,-78,-6.79707,
-48,-78,-13.8579,
-46,-78,-7.93597,
-44,-78,-5.16382,
-42,-78,-6.92725,
-40,-78,-4.61266,
-38,-78,-2.8607,
-36,-78,-4.10265,
-34,-78,-3.71322,
-32,-78,-0.65105,
-30,-78,-1.7511,
-28,-78,-12.3187,
-26,-78,-14.8761,
-24,-78,-12.0042,
-22,-78,-12.5607,
-20,-78,-7.43246,
-18,-78,-0.0997525,
-16,-78,-0.261493,
-14,-78,-6.98889,
-12,-78,-12.7451,
-10,-78,-18.9805,
-8,-78,-12.4387,
-6,-78,-6.70025,
-4,-78,-5.78963,
-2,-78,-5.22367,
0,-78,-3.79946,
2,-78,-3.3784,
4,-78,-6.41602,
6,-78,-16.8119,
8,-78,-11.3631,
10,-78,-13.1206,
12,-78,-16.4397,
14,-78,-5.33477,
16,-78,-3.29548,
18,-78,-3.55137,
20,-78,-3.79507,
22,-78,-4.71524,
24,-78,-4.73809,
26,-78,-6.96374,
28,-78,-14.2785,
30,-78,-2.89419,
32,-78,-3.42676,
34,-78,-18.4916,
36,-78,-7.89128,
38,-78,-10.4457,
40,-78,-6.80271,
42,-78,-7.49983,
44,-78,-9.62994,
46,-78,-9.88061,
48,-78,-9.64719,
50,-78,-11.8498,
52,-78,-8.48463,
54,-78,-9.01536,
56,-78,-12.8067,
58,-78,-2.91777,
60,-78,-2.90581,
62,-78,-11.2128,
64,-78,-8.90824,
66,-78,-4.56164,
68,-78,-2.01997,
70,-78,-0.993893,
72,-78,-1.15182,
74,-78,-0.69402,
76,-78,-1.71884,
78,-78,-5.08436,
80,-78,-9.70061,
82,-78,-6.80265,
84,-78,-3.59906,
86,-78,-5.21011,
88,-78,-3.92979,
90,-78,-1.07352,
92,-78,-1.45028,
94,-78,-3.53047,
96,-78,-5.48415,
98,-78,-9.94777,
100,-78,-9.7188,
102,-78,-0.640285,
104,-78,1.56603,
106,-78,-0.323654,
108,-78,-4.23303,
110,-78,-0.25664,
112,-78,0.765315,
114,-78,-5.67623,
116,-78,-7.38636,
118,-78,-11.1925,
120,-78,-15.188,
122,-78,-13.7899,
124,-78,-4.56767,
126,-78,-2.77765,
128,-78,-5.71085,
130,-78,-5.7149,
132,-78,-7.99416,
134,-78,-5.12415,
136,-78,-4.60468,
138,-78,-6.14815,
140,-78,-1.49626,
142,-78,-0.250517,
144,-78,-2.71881,
146,-78,-4.68207,
148,-78,-1.21816,
150,-78,-1.97112,
152,-78,-14.1473,
154,-78,-9.83552,
156,-78,-6.90262,
158,-78,-9.64047,
160,-78,-8.67353,
162,-78,1.13052,
164,-78,1.64612,
166,-78,-4.54907,
168,-78,-12.8445,
170,-78,-12.4918,
172,-78,-14.9374,
174,-78,-8.34648,
176,-78,-6.18899,
178,-78,-4.50774,
180,-78,-2.8576,
-180,-76,-4.64768,
-178,-76,-4.10279,
-176,-76,-7.32835,
-174,-76,-12.3692,
-172,-76,-6.24497,
-170,-76,-7.59368,
-168,-76,-15.4804,
-166,-76,-5.23333,
-164,-76,-3.13085,
-162,-76,-3.30406,
-160,-76,-3.10031,
-158,-76,-3.81465,
-156,-76,-5.13523,
-154,-76,-9.1157,
-152,-76,-9.00651,
-150,-76,-1.95949,
-148,-76,-3.47209,
-146,-76,-12.0563,
-144,-76,-11.6162,
-142,-76,-12.9329,
-140,-76,-4.56459,
-138,-76,-6.42978,
-136,-76,-7.29929,
-134,-76,-7.51279,
-132,-76,-9.65433,
-130,-76,-17.43,
-128,-76,-11.189,
-126,-76,-12.6765,
-124,-76,-11.6906,
-122,-76,-2.817,
-120,-76,-3.35441,
-118,-76,-12.59,
-116,-76,-7.97902,
-114,-76,-5.4158,
-112,-76,-4.09484,
-110,-76,-2.53054,
-108,-76,-2.53386,
-106,-76,-0.972691,
-104,-76,-0.624024,
-102,-76,-3.17945,
-100,-76,-8.14387,
-98,-76,-9.5595,
-96,-76,-4.78041,
-94,-76,-2.90841,
-92,-76,-1.00173,
-90,-76,-0.0399368,
-88,-76,-0.919597,
-86,-76,-1.73394,
-84,-76,-1.4363,
-82,-76,-2.95074,
-80,-76,-14.0045,
-78,-76,-4.31134,
-76,-76,-0.0828511,
-74,-76,-1.67331,
-72,-76,-3.14098,
-70,-76,1.40847,
-68,-76,2.15817,
-66,-76,-2.9548,
-64,-76,-12.1948,
-62,-76,-16.9283,
-60,-76,-6.28482,
-58,-76,-5.0101,
-56,-76,-5.30257,
-54,-76,-6.84534,
-52,-76,-8.15786,
-50,-76,-5.9485,
-48,-76,-11.8406,
-46,-76,-8.29104,
-44,-76,-5.78695,
-42,-76,-7.55668,
-40,-76,-4.34929,
-38,-76,-2.63611,
-36,-76,-4.18895,
-34,-76,-3.41607,
-32,-76,-0.207839,
-30,-76,-1.35339,
-28,-76,-13.015,
-26,-76,-11.1922,
-24,-76,-12.4062,
-22,-76,-18.236,
-20,-76,-8.02349,
-18,-76,-0.590777,
-16,-76,-0.854526,
-14,-76,-9.30166,
-12,-76,-12.7965,
-10,-76,-17.3793,
-8,-76,-11.3234,
-6,-76,-5.18842,
-4,-76,-4.93908,
-2,-76,-6.01023,
0,-76,-5.40432,
2,-76,-4.61694,
4,-76,-7.03558,
6,-76,-12.7108,
8,-76,-8.26565,
10,-76,-9.15727,
12,-76,-27.3525,
14,-76,-7.76719,
16,-76,-4.13783,
18,-76,-2.95749,
20,-76,-3.16967,
22,-76,-5.08805,
24,-76,-5.0267,
26,-76,-6.94057,
28,-76,-12.2319,
30,-76,-2.04427,
32,-76,-2.52271,
34,-76,-16.4194,
36,-76,-9.44326,
38,-76,-12.6784,
40,-76,-6.59163,
42,-76,-7.24898,
44,-76,-11.0279,
46,-76,-11.0496,
48,-76,-10.0301,
50,-76,-13.928,
52,-76,-11.1231,
54,-76,-11.2099,
56,-76,-11.1721,
58,-76,-1.75404,
60,-76,-1.56408,
62,-76,-9.2764,
64,-76,-9.41971,
66,-76,-4.53808,
68,-76,-1.80041,
70,-76,-0.602829,
72,-76,-1.22913,
74,-76,-1.19857,
76,-76,-1.99563,
78,-76,-5.33365,
80,-76,-9.71798,
82,-76,-7.176,
84,-76,-3.30927,
86,-76,-3.16259,
88,-76,-2.57323,
90,-76,-0.842255,
92,-76,-0.98605,
94,-76,-2.43574,
96,-76,-4.39241,
98,-76,-10.6082,
100,-76,-8.69836,
102,-76,-0.096159,
104,-76,1.75211,
106,-76,-0.192593,
108,-76,-3.12555,
110,-76,1.01502,
112,-76,1.69926,
114,-76,-4.56637,
116,-76,-9.22528,
118,-76,-17.5414,
120,-76,-9.64458,
122,-76,-9.86128,
124,-76,-5.80793,
126,-76,-4.36746,
128,-76,-7.1326,
130,-76,-6.01985,
132,-76,-8.13861,
134,-76,-5.08525,
136,-76,-4.74622,
138,-76,-6.05887,
140,-76,-1.09078,
142,-76,-0.0665923,
144,-76,-3.09856,
146,-76,-4.95125,
148,-76,-1.09507,
150,-76,-1.93546,
152,-76,-15.6865,
154,-76,-7.42614,
156,-76,-6.33427,
158,-76,-10.5854,
160,-76,-8.55043,
162,-76,0.884267,
164,-76,1.38762,
166,-76,-5.54122,
168,-76,-13.0807,
170,-76,-11.5188,
172,-76,-15.2758,
174,-76,-7.30025,
176,-76,-5.95065,
178,-76,-5.81938,
180,-76,-4.64768,
-180,-74,-7.95849,
-178,-74,-6.78981,
-176,-74,-9.30194,
-174,-74,-8.79786,
-172,-74,-3.91122,
-170,-74,-4.60243,
-168,-74,-12.5142,
-166,-74,-9.44099,
-164,-74,-5.48681,
-162,-74,-3.7967,
-160,-74,-3.22946,
-158,-74,-4.57009,
-156,-74,-6.04985,
-154,-74,-9.67942,
-152,-74,-7.75496,
-150,-74,-1.29763,
-148,-74,-2.56862,
-146,-74,-10.6441,
-144,-74,-14.8261,
-142,-74,-10.6609,
-140,-74,-3.35973,
-138,-74,-5.27784,
-136,-74,-8.0056,
-134,-74,-7.93143,
-132,-74,-8.72975,
-130,-74,-14.9662,
-128,-74,-16.1971,
-126,-74,-15.6312,
-124,-74,-10.8203,
-122,-74,-2.40221,
-120,-74,-2.56137,
-118,-74,-11.1478,
-116,-74,-9.14127,
-114,-74,-6.25127,
-112,-74,-4.63155,
-110,-74,-2.43729,
-108,-74,-2.4081,
-106,-74,-0.92751,
-104,-74,-0.270215,
-102,-74,-2.9766,
-100,-74,-9.06916,
-98,-74,-9.07527,
-96,-74,-3.13309,
-94,-74,-0.812319,
-92,-74,-0.14812,
-90,-74,-0.316939,
-88,-74,-1.06169,
-86,-74,-0.951637,
-84,-74,-0.418003,
-82,-74,-2.52704,
-80,-74,-14.9144,
-78,-74,-4.06291,
-76,-74,-0.504231,
-74,-74,-2.28855,
-72,-74,-2.41448,
-70,-74,2.10904,
-68,-74,2.5511,
-66,-74,-2.60579,
-64,-74,-14.4041,
-62,-74,-13.5056,
-60,-74,-3.92311,
-58,-74,-3.64053,
-56,-74,-6.04585,
-54,-74,-10.147,
-52,-74,-7.83883,
-50,-74,-4.86459,
-48,-74,-9.91144,
-46,-74,-8.92249,
-44,-74,-6.96944,
-42,-74,-8.52301,
-40,-74,-3.97424,
-38,-74,-2.40153,
-36,-74,-4.38265,
-34,-74,-3.41746,
-32,-74,-0.177565,
-30,-74,-1.45764,
-28,-74,-15.2315,
-26,-74,-7.37226,
-24,-74,-8.62663,
-22,-74,-21.1644,
-20,-74,-9.72549,
-18,-74,-1.85055,
-16,-74,-2.10879,
-14,-74,-13.2221,
-12,-74,-10.5445,
-10,-74,-14.2031,
-8,-74,-10.6993,
-6,-74,-4.08502,
-4,-74,-4.40338,
-2,-74,-7.28815,
0,-74,-8.07212,
2,-74,-7.09058,
4,-74,-8.48893,
6,-74,-8.88811,
8,-74,-5.45894,
10,-74,-6.10806,
12,-74,-14.4457,
14,-74,-13.0735,
16,-74,-5.81276,
18,-74,-2.7757,
20,-74,-2.94327,
22,-74,-6.03059,
24,-74,-5.81185,
26,-74,-7.42051,
28,-74,-10.541,
30,-74,-1.2519,
32,-74,-1.71806,
34,-74,-13.9306,
36,-74,-11.6369,
38,-74,-14.7999,
40,-74,-5.87848,
42,-74,-6.34519,
44,-74,-11.5565,
46,-74,-11.8196,
48,-74,-9.55049,
50,-74,-13.6987,
52,-74,-16.2346,
54,-74,-14.4818,
56,-74,-9.79711,
58,-74,-0.886978,
60,-74,-0.453321,
62,-74,-7.49694,
64,-74,-10.9773,
66,-74,-5.03025,
68,-74,-1.86128,
70,-74,-0.390416,
72,-74,-1.51689,
74,-74,-1.99485,
76,-74,-2.21075,
78,-74,-5.25846,
80,-74,-9.98167,
82,-74,-8.46934,
84,-74,-3.29653,
86,-74,-1.21285,
88,-74,-0.512088,
90,-74,-0.106546,
92,-74,-0.517105,
94,-74,-1.53759,
96,-74,-3.43488,
98,-74,-11.313,
100,-74,-7.66895,
102,-74,0.10899,
104,-74,1.50445,
106,-74,-0.552519,
108,-74,-2.38772,
110,-74,1.94869,
112,-74,2.32388,
114,-74,-3.80526,
116,-74,-11.7117,
118,-74,-20.917,
120,-74,-5.44472,
122,-74,-6.23404,
124,-74,-7.606,
126,-74,-7.53143,
128,-74,-9.27109,
130,-74,-6.32875,
132,-74,-8.73189,
134,-74,-5.45016,
136,-74,-5.24493,
138,-74,-5.96705,
140,-74,-0.670331,
142,-74,0.0485191,
144,-74,-3.74661,
146,-74,-5.65581,
148,-74,-1.41318,
150,-74,-2.4205,
152,-74,-18.8933,
154,-74,-4.90531,
156,-74,-4.53752,
158,-74,-9.33904,
160,-74,-8.88837,
162,-74,0.0961371,
164,-74,0.677941,
166,-74,-7.0587,
168,-74,-10.8918,
170,-74,-9.59037,
172,-74,-15.9669,
174,-74,-6.66457,
176,-74,-6.11456,
178,-74,-8.20554,
180,-74,-7.95849,
-180,-72,-10.5625,
-178,-72,-10.986,
-176,-72,-13.2687,
-174,-72,-6.0641,
-172,-72,-2.03582,
-170,-72,-2.34088,
-168,-72,-6.88742,
-166,-72,-16.2532,
-164,-72,-10.8676,
-162,-72,-5.23866,
-160,-72,-4.10104,
-158,-72,-6.16655,
-156,-72,-8.01454,
-154,-72,-11.4558,
-152,-72,-6.86603,
-150,-72,-0.811092,
-148,-72,-1.93772,
-146,-72,-9.33901,
-144,-72,-17.0087,
-142,-72,-8.47515,
-140,-72,-2.2827,
-138,-72,-3.94854,
-136,-72,-7.77322,
-134,-72,-7.74599,
-132,-72,-7.08729,
-130,-72,-10.0016,
-128,-72,-23.0157,
-126,-72,-17.7679,
-124,-72,-10.354,
-122,-72,-2.37842,
-120,-72,-2.03675,
-118,-72,-9.7916,
-116,-72,-12.1388,
-114,-72,-8.1747,
-112,-72,-5.54637,
-110,-72,-2.48361,
-108,-72,-2.56943,
-106,-72,-1.17778,
-104,-72,-0.0170372,
-102,-72,-2.66441,
-100,-72,-10.0283,
-98,-72,-8.32783,
-96,-72,-1.7812,
-94,-72,1.0904,
-92,-72,1.52769,
-90,-72,0.316815,
-88,-72,-1.09867,
-86,-72,-0.437467,
-84,-72,0.279146,
-82,-72,-2.46877,
-80,-72,-15.0227,
-78,-72,-4.02676,
-76,-72,-1.44991,
-74,-72,-3.54785,
-72,-72,-2.12333,
-70,-72,2.36657,
-68,-72,2.51054,
-66,-72,-2.67748,
-64,-72,-15.8543,
-62,-72,-9.25563,
-60,-72,-1.96019,
-58,-72,-2.40641,
-56,-72,-7.07202,
-54,-72,-19.035,
-52,-72,-6.18039,
-50,-72,-3.55721,
-48,-72,-8.12378,
-46,-72,-9.60803,
-44,-72,-8.77776,
-42,-72,-9.44941,
-40,-72,-3.52445,
-38,-72,-2.31965,
-36,-72,-5.05437,
-34,-72,-4.03617,
-32,-72,-0.773084,
-30,-72,-2.27625,
-28,-72,-18.3639,
-26,-72,-4.27603,
-24,-72,-4.88346,
-22,-72,-13.4896,
-20,-72,-13.6024,
-18,-72,-4.42224,
-16,-72,-4.32936,
-14,-72,-18.1862,
-12,-72,-8.13526,
-10,-72,-11.2856,
-8,-72,-10.4828,
-6,-72,-3.55214,
-4,-72,-4.33356,
-2,-72,-7.98997,
0,-72,-9.00127,
2,-72,-10.8769,
4,-72,-11.0936,
6,-72,-5.83027,
8,-72,-3.16917,
10,-72,-3.86993,
12,-72,-8.23446,
14,-72,-20.5357,
16,-72,-8.15352,
18,-72,-3.04357,
20,-72,-3.32113,
22,-72,-8.03786,
24,-72,-7.22273,
26,-72,-8.5629,
28,-72,-9.35849,
30,-72,-0.63186,
32,-72,-1.12673,
34,-72,-12.058,
36,-72,-14.4588,
38,-72,-14.8432,
40,-72,-4.90305,
42,-72,-5.073,
44,-72,-10.2238,
46,-72,-10.9797,
48,-72,-7.937,
50,-72,-10.2627,
52,-72,-33.7536,
54,-72,-19.07,
56,-72,-9.21932,
58,-72,-0.447809,
60,-72,0.361643,
62,-72,-5.8058,
64,-72,-14.7048,
66,-72,-6.33327,
68,-72,-2.2748,
70,-72,-0.365679,
72,-72,-2.01063,
74,-72,-3.10112,
76,-72,-2.20203,
78,-72,-4.72727,
80,-72,-10.6875,
82,-72,-11.2214,
84,-72,-3.5303,
86,-72,0.48787,
88,-72,1.79972,
90,-72,1.40268,
92,-72,0.142909,
94,-72,-0.888838,
96,-72,-2.74547,
98,-72,-11.9243,
100,-72,-6.76508,
102,-72,-0.188929,
104,-72,0.559342,
106,-72,-1.69965,
108,-72,-2.09915,
110,-72,2.47602,
112,-72,2.54085,
114,-72,-3.5353,
116,-72,-14.5932,
118,-72,-11.3865,
120,-72,-2.34922,
122,-72,-3.24357,
124,-72,-8.65485,
126,-72,-14.9467,
128,-72,-10.0639,
130,-72,-6.15757,
132,-72,-9.69476,
134,-72,-6.25901,
136,-72,-6.0954,
138,-72,-5.77296,
140,-72,-0.294563,
142,-72,0.0054651,
144,-72,-4.94935,
146,-72,-7.21186,
148,-72,-2.41836,
150,-72,-3.68882,
152,-72,-19.4786,
154,-72,-2.77236,
156,-72,-2.5228,
158,-72,-7.12013,
160,-72,-9.63043,
162,-72,-1.49188,
164,-72,-0.648586,
166,-72,-9.17053,
168,-72,-8.47776,
170,-72,-7.63703,
172,-72,-17.464,
174,-72,-6.73703,
176,-72,-6.87763,
178,-72,-10.8428,
180,-72,-10.5625,
-180,-70,-6.26336,
-178,-70,-9.66947,
-176,-70,-17.1164,
-174,-70,-4.17981,
-172,-70,-0.805279,
-170,-70,-0.905653,
-168,-70,-3.33004,
-166,-70,-8.59395,
-164,-70,-15.0855,
-162,-70,-7.35889,
-160,-70,-6.10715,
-158,-70,-9.4689,
-156,-70,-12.1918,
-154,-70,-16.2116,
-152,-70,-6.55553,
-150,-70,-0.681835,
-148,-70,-1.78917,
-146,-70,-8.8599,
-144,-70,-16.8061,
-142,-70,-7.2828,
-140,-70,-1.65507,
-138,-70,-2.97769,
-136,-70,-7.06573,
-134,-70,-7.22371,
-132,-70,-5.42371,
-130,-70,-6.43975,
-128,-70,-16.0523,
-126,-70,-18.0344,
-124,-70,-10.8244,
-122,-70,-2.96137,
-120,-70,-1.81163,
-118,-70,-7.9343,
-116,-70,-20.6715,
-114,-70,-12.1874,
-112,-70,-6.56681,
-110,-70,-2.51297,
-108,-70,-2.94541,
-106,-70,-1.80977,
-104,-70,0.0439752,
-102,-70,-2.40489,
-100,-70,-10.997,
-98,-70,-7.06039,
-96,-70,-0.785064,
-94,-70,2.58483,
-92,-70,3.50308,
-90,-70,2.11922,
-88,-70,-0.466748,
-86,-70,-0.201675,
-84,-70,0.519602,
-82,-70,-2.92346,
-80,-70,-13.1159,
-78,-70,-4.32495,
-76,-70,-3.25007,
-74,-70,-5.77015,
-72,-70,-2.28838,
-70,-70,2.10904,
-68,-70,1.94495,
-66,-70,-3.2187,
-64,-70,-16.2705,
-62,-70,-6.50067,
-60,-70,-0.524683,
-58,-70,-1.42143,
-56,-70,-7.40272,
-54,-70,-14.3597,
-52,-70,-3.60096,
-50,-70,-2.16278,
-48,-70,-6.60051,
-46,-70,-9.8997,
-44,-70,-10.9998,
-42,-70,-9.83598,
-40,-70,-3.21986,
-38,-70,-2.70961,
-36,-70,-7.00073,
-34,-70,-5.53487,
-32,-70,-2.20681,
-30,-70,-4.0749,
-28,-70,-15.4764,
-26,-70,-2.08222,
-24,-70,-2.37706,
-22,-70,-9.48814,
-20,-70,-17.6815,
-18,-70,-9.36574,
-16,-70,-7.76087,
-14,-70,-15.6675,
-12,-70,-6.46731,
-10,-70,-8.1983,
-8,-70,-9.39868,
-6,-70,-3.72941,
-4,-70,-4.90487,
-2,-70,-6.50792,
0,-70,-5.25199,
2,-70,-10.199,
4,-70,-13.6294,
6,-70,-3.64424,
8,-70,-1.58492,
10,-70,-2.48271,
12,-70,-4.82038,
14,-70,-9.36794,
16,-70,-8.05719,
18,-70,-3.55067,
20,-70,-4.56053,
22,-70,-12.5072,
24,-70,-8.74126,
26,-70,-9.99678,
28,-70,-8.75537,
30,-70,-0.340212,
32,-70,-0.908945,
34,-70,-11.2703,
36,-70,-17.421,
38,-70,-13.5664,
40,-70,-4.11377,
42,-70,-3.95215,
44,-70,-8.25241,
46,-70,-9.08169,
48,-70,-5.99781,
50,-70,-6.99295,
52,-70,-18.8538,
54,-70,-23.1149,
56,-70,-9.95241,
58,-70,-0.599148,
60,-70,0.814168,
62,-70,-4.2074,
64,-70,-24.965,
66,-70,-8.97758,
68,-70,-3.08324,
70,-70,-0.524695,
72,-70,-2.65826,
74,-70,-4.47855,
76,-70,-1.937,
78,-70,-3.9412,
80,-70,-12.0814,
82,-70,-15.7217,
84,-70,-3.9187,
86,-70,1.77582,
88,-70,3.83444,
90,-70,3.25936,
92,-70,1.03571,
94,-70,-0.53671,
96,-70,-2.44597,
98,-70,-12.2182,
100,-70,-6.09779,
102,-70,-1.20698,
104,-70,-1.57964,
106,-70,-4.23302,
108,-70,-2.30725,
110,-70,2.53778,
112,-70,2.27165,
114,-70,-3.77921,
116,-70,-16.9021,
118,-70,-7.11941,
120,-70,-0.211612,
122,-70,-1.01992,
124,-70,-6.93758,
126,-70,-16.3091,
128,-70,-6.96197,
130,-70,-5.10985,
132,-70,-10.4745,
134,-70,-7.37956,
136,-70,-7.13466,
138,-70,-5.51293,
140,-70,-0.0874664,
142,-70,-0.34308,
144,-70,-7.33809,
146,-70,-9.96842,
148,-70,-4.41771,
150,-70,-6.16618,
152,-70,-13.9835,
154,-70,-1.2902,
156,-70,-1.0552,
158,-70,-5.51416,
160,-70,-10.1419,
162,-70,-4.27013,
164,-70,-2.81995,
166,-70,-11.9384,
168,-70,-6.77019,
170,-70,-5.71457,
172,-70,-14.5639,
174,-70,-7.77193,
176,-70,-8.51925,
178,-70,-9.32295,
180,-70,-6.26336,
-180,-68,-2.3682,
-178,-68,-4.82733,
-176,-68,-11.194,
-174,-68,-3.25008,
-172,-68,-0.47275,
-170,-68,-0.461899,
-168,-68,-1.36324,
-166,-68,-3.16633,
-164,-68,-5.7683,
-162,-68,-7.3345,
-160,-68,-9.66337,
-158,-68,-17.0846,
-156,-68,-16.8087,
-154,-68,-19.0095,
-152,-68,-6.80124,
-150,-68,-1.14967,
-148,-68,-2.45643,
-146,-68,-10.0166,
-144,-68,-17.314,
-142,-68,-7.55263,
-140,-68,-1.77383,
-138,-68,-2.73168,
-136,-68,-6.84547,
-134,-68,-7.06278,
-132,-68,-4.22376,
-130,-68,-4.06717,
-128,-68,-11.2778,
-126,-68,-17.8255,
-124,-68,-12.3867,
-122,-68,-4.4754,
-120,-68,-1.87939,
-118,-68,-5.61546,
-116,-68,-18.1697,
-114,-68,-22.1003,
-112,-68,-6.94035,
-110,-68,-2.32764,
-108,-68,-3.32735,
-106,-68,-2.97422,
-104,-68,-0.255021,
-102,-68,-2.41157,
-100,-68,-11.6625,
-98,-68,-5.54673,
-96,-68,-0.27426,
-94,-68,3.46464,
-92,-68,5.09302,
-90,-68,4.07658,
-88,-68,0.814229,
-86,-68,-0.203996,
-84,-68,0.165896,
-82,-68,-4.04119,
-80,-68,-10.159,
-78,-68,-4.94807,
-76,-68,-6.36434,
-74,-68,-9.00076,
-72,-68,-2.87539,
-70,-68,1.28895,
-68,-68,0.859866,
-66,-68,-3.89801,
-64,-68,-16.1391,
-62,-68,-5.16874,
-60,-68,0.229505,
-58,-68,-0.892267,
-56,-68,-6.26757,
-54,-68,-6.39998,
-52,-68,-1.16608,
-50,-68,-0.949751,
-48,-68,-5.55326,
-46,-68,-9.5377,
-44,-68,-12.6447,
-42,-68,-9.85322,
-40,-68,-3.35101,
-38,-68,-3.98375,
-36,-68,-12.3732,
-34,-68,-6.85696,
-32,-68,-4.27901,
-30,-68,-7.08016,
-28,-68,-11.2382,
-26,-68,-0.916851,
-24,-68,-1.13069,
-22,-68,-7.71097,
-20,-68,-10.3805,
-18,-68,-11.8003,
-16,-68,-10.4734,
-14,-68,-12.1219,
-12,-68,-5.32619,
-10,-68,-4.6772,
-8,-68,-6.14875,
-6,-68,-4.61696,
-4,-68,-6.34905,
-2,-68,-4.16352,
0,-68,-1.88169,
2,-68,-5.77483,
4,-68,-11.3971,
6,-68,-2.43903,
8,-68,-0.95069,
10,-68,-2.14308,
12,-68,-3.05659,
14,-68,-4.24461,
16,-68,-4.44457,
18,-68,-3.66221,
20,-68,-6.94535,
22,-68,-26.0104,
24,-68,-7.7774,
26,-68,-9.10628,
28,-68,-8.44743,
30,-68,-0.561644,
32,-68,-1.27915,
34,-68,-11.9369,
36,-68,-18.2227,
38,-68,-13.5806,
40,-68,-3.96537,
42,-68,-3.42668,
44,-68,-6.9787,
46,-68,-7.61301,
48,-68,-4.54948,
50,-68,-4.84133,
52,-68,-13.5385,
54,-68,-20.3563,
56,-68,-12.9576,
58,-68,-1.60343,
60,-68,0.808627,
62,-68,-2.81856,
64,-68,-16.0035,
66,-68,-14.2998,
68,-68,-4.29164,
70,-68,-0.873126,
72,-68,-3.34879,
74,-68,-6.04955,
76,-68,-1.64669,
78,-68,-3.28024,
80,-68,-14.3794,
82,-68,-15.0381,
84,-68,-4.40708,
86,-68,2.44855,
88,-68,5.21858,
90,-68,4.76953,
92,-68,1.87877,
94,-68,-0.548265,
96,-68,-2.65925,
98,-68,-11.9853,
100,-68,-5.74641,
102,-68,-3.2225,
104,-68,-6.2116,
106,-68,-9.8325,
108,-68,-2.96638,
110,-68,2.08385,
112,-68,1.49617,
114,-68,-4.16928,
116,-68,-16.0773,
118,-68,-5.21915,
120,-68,0.988199,
122,-68,0.354082,
124,-68,-4.30948,
126,-68,-7.0273,
128,-68,-3.47034,
130,-68,-3.62859,
132,-68,-10.3711,
134,-68,-8.30737,
136,-68,-7.98893,
138,-68,-5.44786,
140,-68,-0.208159,
142,-68,-1.1442,
144,-68,-12.0231,
146,-68,-10.3955,
148,-68,-7.30294,
150,-68,-10.6609,
152,-68,-10.0237,
154,-68,-0.680235,
156,-68,-0.522783,
158,-68,-5.14136,
160,-68,-9.37581,
162,-68,-8.47251,
164,-68,-6.16616,
166,-68,-15.6081,
168,-68,-5.54752,
170,-68,-3.45974,
172,-68,-7.93115,
174,-68,-9.29569,
176,-68,-11.4648,
178,-68,-5.98609,
180,-68,-2.3682,
-180,-66,-0.554878,
-178,-66,-2.16908,
-176,-66,-6.98151,
-174,-66,-3.5452,
-172,-66,-1.50043,
-170,-66,-1.38873,
-168,-66,-0.817836,
-166,-66,-0.403672,
-164,-66,-1.22631,
-162,-66,-4.52762,
-160,-66,-13.3168,
-158,-66,-15.2086,
-156,-66,-8.83739,
-154,-66,-8.68772,
-152,-66,-6.5624,
-150,-66,-2.43374,
-148,-66,-4.53288,
-146,-66,-14.7922,
-144,-66,-16.9658,
-142,-66,-10.2961,
-140,-66,-3.0085,
-138,-66,-3.49598,
-136,-66,-7.84309,
-134,-66,-7.92021,
-132,-66,-3.70443,
-130,-66,-2.59363,
-128,-66,-8.59873,
-126,-66,-15.5717,
-124,-66,-12.4387,
-122,-66,-7.63007,
-120,-66,-2.2732,
-118,-66,-3.47173,
-116,-66,-9.3872,
-114,-66,-16.8276,
-112,-66,-6.21549,
-110,-66,-1.85498,
-108,-66,-3.36719,
-106,-66,-4.96202,
-104,-66,-1.1703,
-102,-66,-2.83574,
-100,-66,-11.548,
-98,-66,-4.44475,
-96,-66,-0.459411,
-94,-66,3.46122,
-92,-66,5.80852,
-90,-66,5.27193,
-88,-66,1.96511,
-86,-66,-0.405377,
-84,-66,-0.925585,
-82,-66,-5.82902,
-80,-66,-7.52229,
-78,-66,-5.5143,
-76,-66,-9.45647,
-74,-66,-9.56814,
-72,-66,-3.75397,
-70,-66,-0.0815531,
-68,-66,-0.447422,
-66,-66,-3.78597,
-64,-66,-14.0809,
-62,-66,-5.16838,
-60,-66,0.149846,
-58,-66,-1.03552,
-56,-66,-4.59842,
-54,-66,-2.5516,
-52,-66,0.556669,
-50,-66,-0.232169,
-48,-66,-5.20577,
-46,-66,-8.58043,
-44,-66,-12.0783,
-42,-66,-10.0756,
-40,-66,-4.03764,
-38,-66,-6.35548,
-36,-66,-17.9041,
-34,-66,-4.52572,
-32,-66,-4.88016,
-30,-66,-10.6428,
-28,-66,-9.53869,
-26,-66,-1.03151,
-24,-66,-1.26748,
-22,-66,-7.72046,
-20,-66,-5.40659,
-18,-66,-5.59753,
-16,-66,-8.37789,
-14,-66,-10.4862,
-12,-66,-3.98591,
-10,-66,-1.28439,
-8,-66,-2.33269,
-6,-66,-5.53029,
-4,-66,-9.04079,
-2,-66,-2.69054,
0,-66,-0.240509,
2,-66,-3.27994,
4,-66,-8.16706,
6,-66,-2.45938,
8,-66,-1.71522,
10,-66,-3.36502,
12,-66,-2.78713,
14,-66,-1.68357,
16,-66,-1.36488,
18,-66,-3.01325,
20,-66,-10.4975,
22,-66,-11.991,
24,-66,-4.32387,
26,-66,-5.28427,
28,-66,-7.28611,
30,-66,-1.43989,
32,-66,-2.4648,
34,-66,-13.167,
36,-66,-13.5064,
38,-66,-17.1417,
40,-66,-4.96718,
42,-66,-3.87918,
44,-66,-6.96255,
46,-66,-7.30146,
48,-66,-4.01165,
50,-66,-3.84517,
52,-66,-12.0115,
54,-66,-14.2326,
56,-66,-16.5288,
58,-66,-4.0117,
60,-66,0.178486,
62,-66,-1.8413,
64,-66,-9.28144,
66,-66,-23.3141,
68,-66,-5.88612,
70,-66,-1.43639,
72,-66,-3.90354,
74,-66,-7.88578,
76,-66,-1.7398,
78,-66,-3.04586,
80,-66,-17.2503,
82,-66,-10.6363,
84,-66,-5.16576,
86,-66,2.20164,
88,-66,5.6349,
90,-66,5.40123,
92,-66,2.17249,
94,-66,-1.05927,
96,-66,-3.53609,
98,-66,-11.2773,
100,-66,-5.75681,
102,-66,-6.1759,
104,-66,-16.3596,
106,-66,-14.9082,
108,-66,-3.79,
110,-66,1.07702,
112,-66,0.33655,
114,-66,-3.77819,
116,-66,-11.7375,
118,-66,-5.05512,
120,-66,1.20924,
122,-66,0.840559,
124,-66,-2.39385,
126,-66,-2.93875,
128,-66,-1.12043,
130,-66,-2.48039,
132,-66,-9.713,
134,-66,-8.17104,
136,-66,-8.15102,
138,-66,-5.9207,
140,-66,-0.773212,
142,-66,-2.34603,
144,-66,-12.2115,
146,-66,-5.46282,
148,-66,-7.89677,
150,-66,-17.7984,
152,-66,-7.93066,
154,-66,-1.27103,
156,-66,-1.32753,
158,-66,-6.67057,
160,-66,-7.73263,
162,-66,-10.0822,
164,-66,-10.8214,
166,-66,-18.4339,
168,-66,-4.15037,
170,-66,-0.89825,
172,-66,-2.82922,
174,-66,-8.14239,
176,-66,-16.0873,
178,-66,-4.20655,
180,-66,-0.554878,
-180,-64,-0.768945,
-178,-64,-1.68185,
-176,-64,-5.44237,
-174,-64,-5.76322,
-172,-64,-5.06977,
-170,-64,-4.69576,
-168,-64,-1.92122,
-166,-64,0.579987,
-164,-64,0.831449,
-162,-64,-2.59867,
-160,-64,-13.7054,
-158,-64,-8.42772,
-156,-64,-3.79204,
-154,-64,-3.18288,
-152,-64,-4.28807,
-150,-64,-4.15162,
-148,-64,-8.84523,
-146,-64,-15.0765,
-144,-64,-9.83285,
-142,-64,-19.9743,
-140,-64,-5.94987,
-138,-64,-5.49078,
-136,-64,-10.5408,
-134,-64,-10.3428,
-132,-64,-3.96699,
-130,-64,-1.86417,
-128,-64,-6.8456,
-126,-64,-10.5727,
-124,-64,-7.96191,
-122,-64,-14.8657,
-120,-64,-3.20588,
-118,-64,-2.02696,
-116,-64,-5.5145,
-114,-64,-10.3508,
-112,-64,-5.03801,
-110,-64,-1.21136,
-108,-64,-2.7924,
-106,-64,-8.20106,
-104,-64,-3.07457,
-102,-64,-3.64071,
-100,-64,-10.8788,
-98,-64,-4.3678,
-96,-64,-1.64535,
-94,-64,2.09925,
-92,-64,5.16941,
-90,-64,5.15465,
-88,-64,2.21661,
-86,-64,-0.904994,
-84,-64,-2.8605,
-82,-64,-7.49254,
-80,-64,-5.6885,
-78,-64,-5.25061,
-76,-64,-6.33035,
-74,-64,-5.76963,
-72,-64,-4.71722,
-70,-64,-1.87675,
-68,-64,-1.33179,
-66,-64,-2.72318,
-64,-64,-11.0201,
-62,-64,-6.32532,
-60,-64,-0.786275,
-58,-64,-1.74735,
-56,-64,-2.98697,
-54,-64,-0.467912,
-52,-64,1.40886,
-50,-64,-0.258353,
-48,-64,-5.51137,
-46,-64,-6.75296,
-44,-64,-9.25337,
-42,-64,-10.1637,
-40,-64,-4.85269,
-38,-64,-7.88999,
-36,-64,-6.61791,
-34,-64,-0.865313,
-32,-64,-2.83637,
-30,-64,-12.3406,
-28,-64,-10.5822,
-26,-64,-2.99429,
-24,-64,-3.29469,
-22,-64,-9.84362,
-20,-64,-2.8396,
-18,-64,-2.04846,
-16,-64,-5.7525,
-14,-64,-9.06563,
-12,-64,-2.09925,
-10,-64,1.37046,
-8,-64,0.649437,
-6,-64,-4.86038,
-4,-64,-13.8159,
-2,-64,-2.71011,
0,-64,-0.487307,
2,-64,-3.06201,
4,-64,-6.95546,
6,-64,-4.31232,
8,-64,-5.03029,
10,-64,-7.84789,
12,-64,-4.39091,
14,-64,-0.846174,
16,-64,0.232691,
18,-64,-2.4428,
20,-64,-14.4652,
22,-64,-6.16566,
24,-64,-1.31083,
26,-64,-1.7366,
28,-64,-4.62657,
30,-64,-2.74838,
32,-64,-4.26733,
34,-64,-9.28404,
36,-64,-7.51461,
38,-64,-18.4824,
40,-64,-7.92162,
42,-64,-5.70249,
44,-64,-8.32957,
46,-64,-8.16444,
48,-64,-4.54048,
50,-64,-3.9369,
52,-64,-12.073,
54,-64,-8.55068,
56,-64,-8.75467,
58,-64,-9.33811,
60,-64,-1.38678,
62,-64,-1.50976,
64,-64,-6.04427,
66,-64,-14.6194,
68,-64,-7.85249,
70,-64,-2.20856,
72,-64,-4.07375,
74,-64,-10.4809,
76,-64,-2.69252,
78,-64,-3.3865,
80,-64,-17.8997,
82,-64,-8.66278,
84,-64,-6.64336,
86,-64,0.433262,
88,-64,4.60969,
90,-64,4.63424,
92,-64,1.30378,
94,-64,-2.36371,
96,-64,-5.31443,
98,-64,-10.4708,
100,-64,-6.10186,
102,-64,-6.95401,
104,-64,-6.08254,
106,-64,-5.74484,
108,-64,-4.25306,
110,-64,-0.498815,
112,-64,-0.895139,
114,-64,-2.43114,
116,-64,-7.66634,
118,-64,-6.49792,
120,-64,0.459286,
122,-64,0.617083,
124,-64,-1.0494,
126,-64,-0.668752,
128,-64,0.182221,
130,-64,-2.02246,
132,-64,-8.85085,
134,-64,-6.5151,
136,-64,-7.14442,
138,-64,-7.0618,
140,-64,-1.7288,
142,-64,-3.29299,
144,-64,-5.71925,
146,-64,-1.4373,
148,-64,-5.05095,
150,-64,-16.544,
152,-64,-6.93847,
154,-64,-3.72958,
156,-64,-4.40361,
158,-64,-12.4909,
160,-64,-6.21867,
162,-64,-6.56017,
164,-64,-12.3426,
166,-64,-13.4151,
168,-64,-2.32178,
170,-64,1.41686,
172,-64,0.637893,
174,-64,-4.54435,
176,-64,-18.3887,
178,-64,-4.44673,
180,-64,-0.768945,
-180,-62,-3.5723,
-178,-62,-3.77152,
-176,-62,-6.7381,
-174,-62,-12.4844,
-172,-62,-14.787,
-170,-62,-12.7814,
-168,-62,-5.53267,
-166,-62,-0.14211,
-164,-62,0.97371,
-162,-62,-2.77479,
-160,-62,-19.942,
-158,-62,-6.12987,
-156,-62,-1.46503,
-154,-62,-0.203317,
-152,-62,-1.43148,
-150,-62,-4.07808,
-148,-62,-9.05268,
-146,-62,-5.60551,
-144,-62,-3.85319,
-142,-62,-10.9127,
-140,-62,-10.1508,
-138,-62,-7.8005,
-136,-62,-11.8595,
-134,-62,-12.1846,
-132,-62,-4.8792,
-130,-62,-1.72066,
-128,-62,-5.29387,
-126,-62,-5.91727,
-124,-62,-3.41233,
-122,-62,-14.1726,
-120,-62,-5.22344,
-118,-62,-1.5327,
-116,-62,-3.66553,
-114,-62,-7.50933,
-112,-62,-4.01824,
-110,-62,-0.564694,
-108,-62,-1.71353,
-106,-62,-11.1398,
-104,-62,-6.49105,
-102,-62,-4.40811,
-100,-62,-9.97189,
-98,-62,-5.95949,
-96,-62,-4.11175,
-94,-62,-1.75268,
-92,-62,2.20966,
-90,-62,2.9879,
-88,-62,0.893898,
-86,-62,-2.11053,
-84,-62,-5.42544,
-82,-62,-7.27701,
-80,-62,-4.80868,
-78,-62,-4.01217,
-76,-62,-2.42205,
-74,-62,-2.91169,
-72,-62,-5.77551,
-70,-62,-3.84731,
-68,-62,-1.71258,
-66,-62,-2.09075,
-64,-62,-9.84813,
-62,-62,-7.72785,
-60,-62,-2.01483,
-58,-62,-1.81746,
-56,-62,-1.01737,
-54,-62,0.765265,
-52,-62,1.5044,
-50,-62,-1.02588,
-48,-62,-5.42307,
-46,-62,-4.08683,
-44,-62,-5.96865,
-42,-62,-9.23105,
-40,-62,-4.90316,
-38,-62,-5.71639,
-36,-62,-2.12221,
-34,-62,1.50791,
-32,-62,-1.02879,
-30,-62,-14.0676,
-28,-62,-11.6196,
-26,-62,-8.1417,
-24,-62,-8.9886,
-22,-62,-12.3361,
-20,-62,-1.80727,
-18,-62,-0.500298,
-16,-62,-4.10548,
-14,-62,-6.74315,
-12,-62,-0.432483,
-10,-62,2.91741,
-8,-62,2.41044,
-6,-62,-3.04907,
-4,-62,-23.1525,
-2,-62,-4.67869,
0,-62,-3.24191,
2,-62,-5.85183,
4,-62,-8.63723,
6,-62,-9.94537,
8,-62,-14.2067,
10,-62,-23.1097,
12,-62,-9.28235,
14,-62,-1.71724,
16,-62,0.231948,
18,-62,-3.10172,
20,-62,-18.7524,
22,-62,-3.72435,
24,-62,0.325917,
26,-62,0.471675,
28,-62,-1.94923,
30,-62,-3.26886,
32,-62,-4.56368,
34,-62,-3.84687,
36,-62,-2.82515,
38,-62,-8.38069,
40,-62,-12.1463,
42,-62,-8.26846,
44,-62,-8.64899,
46,-62,-7.66666,
48,-62,-5.34935,
50,-62,-4.48865,
52,-62,-9.82182,
54,-62,-4.11571,
56,-62,-2.92491,
58,-62,-13.6209,
60,-62,-4.5184,
62,-62,-2.06317,
64,-62,-4.72165,
66,-62,-10.636,
68,-62,-10.033,
70,-62,-3.02315,
72,-62,-3.6134,
74,-62,-13.3474,
76,-62,-5.17776,
78,-62,-4.26587,
80,-62,-14.3346,
82,-62,-9.1839,
84,-62,-9.01704,
86,-62,-4.72939,
88,-62,0.921951,
90,-62,1.39186,
92,-62,-1.79245,
94,-62,-5.14523,
96,-62,-8.47643,
98,-62,-10.0359,
100,-62,-6.49712,
102,-62,-3.71764,
104,-62,-0.788757,
106,-62,-1.7648,
108,-62,-4.37458,
110,-62,-2.61247,
112,-62,-1.99379,
114,-62,-1.28343,
116,-62,-5.15751,
118,-62,-9.18435,
120,-62,-0.902675,
122,-62,0.443981,
124,-62,0.422492,
126,-62,0.879661,
128,-62,0.820437,
130,-62,-2.08312,
132,-62,-7.08805,
134,-62,-4.06798,
136,-62,-5.19243,
138,-62,-8.3945,
140,-62,-2.74743,
142,-62,-3.1263,
144,-62,-2.0782,
146,-62,0.858537,
148,-62,-2.97388,
150,-62,-13.7478,
152,-62,-5.56829,
154,-62,-9.25853,
156,-62,-13.1722,
158,-62,-12.7585,
160,-62,-4.45649,
162,-62,-3.75028,
164,-62,-8.17574,
166,-62,-8.61914,
168,-62,-0.765491,
170,-62,2.91423,
172,-62,2.65642,
174,-62,-1.85648,
176,-62,-15.0305,
178,-62,-7.244,
180,-62,-3.5723,
-180,-60,-11.2712,
-178,-60,-11.1963,
-176,-60,-14.1896,
-174,-60,-12.7419,
-172,-60,-5.29746,
-170,-60,-5.63238,
-168,-60,-11.4784,
-166,-60,-3.07147,
-164,-60,-1.08189,
-162,-60,-5.40324,
-160,-60,-11.769,
-158,-60,-5.45479,
-156,-60,-1.51423,
-154,-60,0.652937,
-152,-60,0.123724,
-150,-60,-2.30062,
-148,-60,-3.69674,
-146,-60,-0.839868,
-144,-60,-0.0797484,
-142,-60,-3.90049,
-140,-60,-7.39899,
-138,-60,-6.54995,
-136,-60,-7.18102,
-134,-60,-7.37274,
-132,-60,-5.13927,
-130,-60,-1.68405,
-128,-60,-3.36356,
-126,-60,-2.38468,
-124,-60,-0.11269,
-122,-60,-5.6711,
-120,-60,-9.56557,
-118,-60,-2.03504,
-116,-60,-2.94685,
-114,-60,-5.8902,
-112,-60,-3.1994,
-110,-60,-0.0516164,
-108,-60,-0.56178,
-106,-60,-7.93764,
-104,-60,-10.5779,
-102,-60,-4.30301,
-100,-60,-7.96705,
-98,-60,-10.5523,
-96,-60,-6.32448,
-94,-60,-8.37071,
-92,-60,-6.55741,
-90,-60,-3.37247,
-88,-60,-3.18664,
-86,-60,-4.9989,
-84,-60,-7.25331,
-82,-60,-5.98205,
-80,-60,-4.90796,
-78,-60,-2.4983,
-76,-60,-0.293441,
-74,-60,-1.95329,
-72,-60,-7.73844,
-70,-60,-5.72238,
-68,-60,-2.6038,
-66,-60,-3.28801,
-64,-60,-13.099,
-62,-60,-7.63808,
-60,-60,-2.25654,
-58,-60,-0.23471,
-56,-60,1.20445,
-54,-60,1.77122,
-52,-60,1.2759,
-50,-60,-1.92714,
-48,-60,-3.8203,
-46,-60,-1.64362,
-44,-60,-3.62497,
-42,-60,-8.4389,
-40,-60,-4.36136,
-38,-60,-3.47371,
-36,-60,-0.469104,
-34,-60,2.33822,
-32,-60,-0.616972,
-30,-60,-18.2129,
-28,-60,-6.1518,
-26,-60,-9.77065,
-24,-60,-12.501,
-22,-60,-5.9774,
-20,-60,-1.17319,
-18,-60,0.0120294,
-16,-60,-2.85852,
-14,-60,-4.94347,
-12,-60,-0.0329655,
-10,-60,3.00204,
-8,-60,2.71702,
-6,-60,-1.97982,
-4,-60,-19.4892,
-2,-60,-9.10796,
0,-60,-10.3193,
2,-60,-17.2731,
4,-60,-16.8677,
6,-60,-12.5453,
8,-60,-4.941,
10,-60,-4.48135,
12,-60,-12.7006,
14,-60,-4.92867,
16,-60,-1.74587,
18,-60,-5.35151,
20,-60,-9.04824,
22,-60,-2.80155,
24,-60,0.225894,
26,-60,0.972339,
28,-60,-0.593117,
30,-60,-2.5207,
32,-60,-2.50225,
34,-60,-0.295918,
36,-60,0.297392,
38,-60,-3.13549,
40,-60,-7.6247,
42,-60,-6.66897,
44,-60,-4.83673,
46,-60,-3.64451,
48,-60,-3.63213,
50,-60,-3.40293,
52,-60,-5.08136,
54,-60,-0.992252,
56,-60,0.57846,
58,-60,-5.12454,
60,-60,-10.6535,
62,-60,-3.71479,
64,-60,-4.95138,
66,-60,-9.84552,
68,-60,-11.6791,
70,-60,-3.47878,
72,-60,-2.50743,
74,-60,-9.84654,
76,-60,-10.6613,
78,-60,-5.23226,
80,-60,-9.78634,
82,-60,-12.7004,
84,-60,-9.08412,
86,-60,-17.4378,
88,-60,-13.7003,
90,-60,-10.3047,
92,-60,-11.4845,
94,-60,-11.7112,
96,-60,-13.8291,
98,-60,-10.3679,
100,-60,-6.14404,
102,-60,-0.788981,
104,-60,1.41779,
106,-60,-0.711327,
108,-60,-5.29116,
110,-60,-5.07351,
112,-60,-3.28574,
114,-60,-1.12198,
116,-60,-4.05658,
118,-60,-10.9342,
120,-60,-1.91652,
122,-60,1.10108,
124,-60,2.07349,
126,-60,2.11547,
128,-60,1.183,
130,-60,-2.2007,
132,-60,-4.98712,
134,-60,-2.07683,
136,-60,-3.48719,
138,-60,-9.36365,
140,-60,-3.46523,
142,-60,-2.41215,
144,-60,-0.633085,
146,-60,1.66092,
148,-60,-2.45781,
150,-60,-12.474,
152,-60,-3.06052,
154,-60,-7.90329,
156,-60,-6.97754,
158,-60,-2.60849,
160,-60,-1.64228,
162,-60,-1.87147,
164,-60,-4.75834,
166,-60,-6.28383,
168,-60,-0.450138,
170,-60,3.12284,
172,-60,3.17665,
174,-60,-0.81112,
176,-60,-12.6787,
178,-60,-13.5165,
180,-60,-11.2712,
-180,-58,-13.8398,
-178,-58,-14.769,
-176,-58,-11.4747,
-174,-58,-3.53683,
-172,-58,0.363328,
-170,-58,-0.0626385,
-168,-58,-5.36387,
-166,-58,-8.47316,
-164,-58,-7.20509,
-162,-58,-5.41112,
-160,-58,-1.42861,
-158,-58,-2.19099,
-156,-58,-4.38201,
-154,-58,-1.25722,
-152,-58,-0.596692,
-150,-58,-1.92753,
-148,-58,-1.34985,
-146,-58,1.24063,
-144,-58,1.74542,
-142,-58,-0.932655,
-140,-58,-3.52209,
-138,-58,-3.94297,
-136,-58,-3.56185,
-134,-58,-2.80515,
-132,-58,-3.03207,
-130,-58,-0.866847,
-128,-58,-1.05019,
-126,-58,0.0599028,
-124,-58,1.98414,
-122,-58,-1.57863,
-120,-58,-19.3536,
-118,-58,-3.15332,
-116,-58,-2.47478,
-114,-58,-4.30289,
-112,-58,-2.47723,
-110,-58,0.137852,
-108,-58,0.171759,
-106,-58,-4.19934,
-104,-58,-7.88717,
-102,-58,-2.95469,
-100,-58,-4.93118,
-98,-58,-26.0343,
-96,-58,-3.98772,
-94,-58,-0.700606,
-92,-58,-1.43546,
-90,-58,-4.56537,
-88,-58,-9.93856,
-86,-58,-12.7317,
-84,-58,-6.78025,
-82,-58,-5.59912,
-80,-58,-5.5428,
-78,-58,-1.08585,
-76,-58,0.396786,
-74,-58,-3.11943,
-72,-58,-13.3832,
-70,-58,-7.1144,
-68,-58,-5.15599,
-66,-58,-7.75995,
-64,-58,-12.4888,
-62,-58,-5.41884,
-60,-58,-1.79575,
-58,-58,1.24937,
-56,-58,2.71891,
-54,-58,2.52261,
-52,-58,1.11736,
-50,-58,-2.28639,
-48,-58,-2.35852,
-46,-58,-0.43537,
-44,-58,-2.92981,
-42,-58,-9.80691,
-40,-58,-3.76856,
-38,-58,-2.22824,
-36,-58,-0.712293,
-34,-58,1.73146,
-32,-58,-1.49259,
-30,-58,-13.2577,
-28,-58,-1.97727,
-26,-58,-3.30745,
-24,-58,-3.51329,
-22,-58,-0.284714,
-20,-58,0.50775,
-18,-58,0.30835,
-16,-58,-2.01516,
-14,-58,-5.19395,
-12,-58,-2.0994,
-10,-58,0.919787,
-8,-58,1.08026,
-6,-58,-2.54176,
-4,-58,-13.4973,
-2,-58,-13.0495,
0,-58,-10.3439,
2,-58,-10.6263,
4,-58,-10.7347,
6,-58,-3.45383,
8,-58,0.855933,
10,-58,0.774662,
12,-58,-4.51686,
14,-58,-11.3958,
16,-58,-7.09111,
18,-58,-4.69589,
20,-58,-1.17829,
22,-58,-1.02824,
24,-58,-2.08721,
26,-58,-1.0734,
28,-58,-1.41182,
30,-58,-2.50039,
32,-58,-1.2399,
34,-58,1.24073,
36,-58,1.73976,
38,-58,-0.700477,
40,-58,-3.48342,
42,-58,-3.43605,
44,-58,-1.51078,
46,-58,-0.0540447,
48,-58,-0.290767,
50,-58,-0.512822,
52,-58,-1.24878,
54,-58,0.839559,
56,-58,2.39703,
58,-58,-1.05989,
60,-58,-13.561,
62,-58,-6.1473,
64,-58,-6.34544,
66,-58,-11.2621,
68,-58,-11.3022,
70,-58,-3.26266,
72,-58,-1.14041,
74,-58,-4.75214,
76,-58,-13.3402,
78,-58,-5.16281,
80,-58,-6.1208,
82,-58,-20.0915,
84,-58,-5.21539,
86,-58,-1.1469,
88,-58,-0.856047,
90,-58,-2.88275,
92,-58,-7.43118,
94,-58,-17.8867,
96,-58,-13.853,
98,-58,-11.7617,
100,-58,-4.56365,
102,-58,1.01882,
104,-58,1.77822,
106,-58,-2.49559,
108,-58,-8.78492,
110,-58,-7.11648,
112,-58,-5.11569,
114,-58,-1.55845,
116,-58,-2.86163,
118,-58,-8.19224,
120,-58,-2.38136,
122,-58,1.7491,
124,-58,3.0411,
126,-58,2.72467,
128,-58,1.20785,
130,-58,-2.59816,
132,-58,-4.47683,
134,-58,-1.54468,
136,-58,-3.20199,
138,-58,-11.4063,
140,-58,-3.64144,
142,-58,-1.87646,
144,-58,-0.874958,
146,-58,1.14961,
148,-58,-3.04358,
150,-58,-10.2446,
152,-58,-0.896265,
154,-58,-2.10216,
156,-58,-0.187747,
158,-58,2.25256,
160,-58,1.27404,
162,-58,-0.644051,
164,-58,-2.8094,
166,-58,-6.13538,
168,-58,-2.56074,
170,-58,1.39972,
172,-58,1.87192,
174,-58,-1.58352,
176,-58,-11.9977,
178,-58,-16.2916,
180,-58,-13.8398,
-180,-56,-11.7636,
-178,-56,-6.38123,
-176,-56,-2.76774,
-174,-56,0.566759,
-172,-56,2.30543,
-170,-56,1.62154,
-168,-56,-0.909127,
-166,-56,-4.90948,
-164,-56,-16.7737,
-162,-56,-0.431633,
-160,-56,3.50871,
-158,-56,2.13054,
-156,-56,-5.88549,
-154,-56,-9.42545,
-152,-56,-4.63122,
-150,-56,-4.15435,
-148,-56,-1.87548,
-146,-56,0.977371,
-144,-56,1.52014,
-142,-56,-0.537395,
-140,-56,-2.15607,
-138,-56,-3.27865,
-136,-56,-2.43906,
-134,-56,-0.349627,
-132,-56,-0.436933,
-130,-56,0.749521,
-128,-56,1.10378,
-126,-56,1.47221,
-124,-56,2.8679,
-122,-56,0.32201,
-120,-56,-12.0838,
-118,-56,-3.46513,
-116,-56,-1.35128,
-114,-56,-2.45711,
-112,-56,-2.02426,
-110,-56,-0.382745,
-108,-56,-0.00199423,
-106,-56,-2.18764,
-104,-56,-3.58413,
-102,-56,-1.14728,
-100,-56,-2.5404,
-98,-56,-16.6985,
-96,-56,-1.09306,
-94,-56,4.03107,
-92,-56,4.9956,
-90,-56,2.98779,
-88,-56,-2.95851,
-86,-56,-10.4818,
-84,-56,-5.00743,
-82,-56,-6.925,
-80,-56,-5.23158,
-78,-56,0.190944,
-76,-56,0.260922,
-74,-56,-6.03429,
-72,-56,-13.9537,
-70,-56,-7.05954,
-68,-56,-10.0098,
-66,-56,-7.37769,
-64,-56,-2.30247,
-62,-56,-1.5239,
-60,-56,-1.79355,
-58,-56,1.15438,
-56,-56,2.76561,
-54,-56,2.44821,
-52,-56,0.77021,
-50,-56,-2.97731,
-48,-56,-3.03584,
-46,-56,-1.22328,
-44,-56,-4.60817,
-42,-56,-13.0305,
-40,-56,-2.13844,
-38,-56,-0.585945,
-36,-56,-1.6029,
-34,-56,0.075004,
-32,-56,-2.7995,
-30,-56,-10.2873,
-28,-56,-0.63277,
-26,-56,-0.768285,
-24,-56,0.190964,
-22,-56,2.93145,
-20,-56,2.44303,
-18,-56,0.246812,
-16,-56,-2.25903,
-14,-56,-7.31594,
-12,-56,-10.7831,
-10,-56,-5.73993,
-8,-56,-3.9197,
-6,-56,-5.24223,
-4,-56,-10.2253,
-2,-56,-13.0373,
0,-56,-7.32733,
2,-56,-5.18641,
4,-56,-3.58916,
6,-56,0.424951,
8,-56,2.90481,
10,-56,2.47219,
12,-56,-0.711438,
14,-56,-6.67519,
16,-56,-15.91,
18,-56,-0.464387,
20,-56,3.31055,
22,-56,2.14381,
24,-56,-4.62408,
26,-56,-9.21954,
28,-56,-4.95384,
30,-56,-4.25736,
32,-56,-2.17653,
34,-56,0.579036,
36,-56,1.21081,
38,-56,-0.566631,
40,-56,-2.15034,
42,-56,-2.46492,
44,-56,-0.449703,
46,-56,1.71467,
48,-56,2.01724,
50,-56,1.98293,
52,-56,1.28373,
54,-56,1.43622,
56,-56,2.62371,
58,-56,0.36934,
60,-56,-7.06613,
62,-56,-6.0154,
64,-56,-6.11852,
66,-56,-10.3555,
68,-56,-8.68513,
70,-56,-2.73149,
72,-56,-0.153914,
74,-56,-1.62738,
76,-56,-5.90354,
78,-56,-3.75292,
80,-56,-4.001,
82,-56,-20.7812,
84,-56,-2.08489,
86,-56,3.67858,
88,-56,5.1577,
90,-56,3.84401,
92,-56,-0.319669,
94,-56,-6.06425,
96,-56,-7.52527,
98,-56,-14.292,
100,-56,-2.72646,
102,-56,1.95479,
104,-56,0.965013,
106,-56,-8.12766,
108,-56,-9.90898,
110,-56,-7.01017,
112,-56,-6.45492,
114,-56,-0.684804,
116,-56,0.104843,
118,-56,-3.13243,
120,-56,-3.19472,
122,-56,1.06166,
124,-56,2.54797,
126,-56,2.25157,
128,-56,0.679967,
130,-56,-3.85568,
132,-56,-7.84877,
134,-56,-3.51843,
136,-56,-5.45999,
138,-56,-14.6308,
140,-56,-2.45578,
142,-56,-0.869824,
144,-56,-2.01039,
146,-56,-0.349055,
148,-56,-3.51882,
150,-56,-8.81009,
152,-56,-0.3628,
154,-56,0.178135,
156,-56,2.59622,
158,-56,4.623,
160,-56,2.98909,
162,-56,-0.653996,
164,-56,-2.08827,
166,-56,-5.84262,
168,-56,-11.2855,
170,-56,-3.61767,
172,-56,-1.9098,
174,-56,-4.48362,
176,-56,-12.1885,
178,-56,-26.9132,
180,-56,-11.7636,
-180,-54,-14.617,
-178,-54,-6.77327,
-176,-54,0.250014,
-174,-54,2.46152,
-172,-54,1.68785,
-170,-54,-0.185868,
-168,-54,0.757979,
-166,-54,0.0981474,
-164,-54,-4.26549,
-162,-54,2.22015,
-160,-54,5.59975,
-158,-54,4.48119,
-156,-54,-0.883863,
-154,-54,-5.44294,
-152,-54,-3.46331,
-150,-54,-3.08408,
-148,-54,-2.8277,
-146,-54,-1.29833,
-144,-54,-0.776156,
-142,-54,-1.58362,
-140,-54,-1.55665,
-138,-54,-4.40474,
-136,-54,-4.5227,
-134,-54,0.0997541,
-132,-54,0.957568,
-130,-54,2.18863,
-128,-54,2.75306,
-126,-54,2.05082,
-124,-54,2.48289,
-122,-54,0.599115,
-120,-54,-6.33134,
-118,-54,-1.97169,
-116,-54,0.238854,
-114,-54,-0.968175,
-112,-54,-2.43038,
-110,-54,-2.44816,
-108,-54,-1.66997,
-106,-54,-1.50627,
-104,-54,-0.977212,
-102,-54,0.0825691,
-100,-54,-1.78841,
-98,-54,-15.8794,
-96,-54,-0.0375462,
-94,-54,5.54699,
-92,-54,6.88967,
-90,-54,5.27403,
-88,-54,0.928175,
-86,-54,-2.27707,
-84,-54,-2.90699,
-82,-54,-10.2601,
-80,-54,-3.76288,
-78,-54,1.03404,
-76,-54,0.126865,
-74,-54,-4.38827,
-72,-54,-4.08165,
-70,-54,-5.2159,
-68,-54,-11.2191,
-66,-54,-0.969456,
-64,-54,2.70849,
-62,-54,2.08551,
-60,-54,-1.35564,
-58,-54,-0.807305,
-56,-54,1.15456,
-54,-54,1.56004,
-52,-54,0.469705,
-50,-54,-3.92084,
-48,-54,-7.82497,
-46,-54,-5.2709,
-44,-54,-10.4705,
-42,-54,-8.21356,
-40,-54,0.331716,
-38,-54,1.64684,
-36,-54,-1.0055,
-34,-54,-1.43484,
-32,-54,-2.78427,
-30,-54,-11.335,
-28,-54,-2.51435,
-26,-54,-1.55666,
-24,-54,0.842532,
-22,-54,3.9156,
-20,-54,2.91767,
-18,-54,-1.73768,
-16,-54,-3.5109,
-14,-54,-3.80851,
-12,-54,-6.90411,
-10,-54,-9.42931,
-8,-54,-12.5722,
-6,-54,-10.2706,
-4,-54,-6.64247,
-2,-54,-7.18233,
0,-54,-10.9628,
2,-54,-7.04885,
4,-54,-1.25742,
6,-54,1.69049,
8,-54,2.1427,
10,-54,1.05183,
12,-54,0.583293,
14,-54,-1.18688,
16,-54,-6.37704,
18,-54,1.811,
20,-54,5.34226,
22,-54,4.34224,
24,-54,-1.04306,
26,-54,-5.59982,
28,-54,-2.63555,
30,-54,-2.54017,
32,-54,-3.4508,
34,-54,-2.2766,
36,-54,-1.42487,
38,-54,-1.76503,
40,-54,-1.69976,
42,-54,-3.5308,
44,-54,-2.33871,
46,-54,1.46209,
48,-54,2.76745,
50,-54,3.41514,
52,-54,2.95122,
54,-54,1.24714,
56,-54,1.1369,
58,-54,-0.156699,
60,-54,-3.55974,
62,-54,-2.47174,
64,-54,-2.63742,
66,-54,-5.55491,
68,-54,-6.2781,
70,-54,-2.9356,
72,-54,-0.264472,
74,-54,-0.330893,
76,-54,-2.29496,
78,-54,-2.44507,
80,-54,-3.81405,
82,-54,-22.8943,
84,-54,-0.425818,
86,-54,5.3359,
88,-54,6.87102,
90,-54,5.50635,
92,-54,1.70666,
94,-54,-1.35719,
96,-54,-3.4297,
98,-54,-16.9111,
100,-54,-1.8143,
102,-54,2.06582,
104,-54,0.170167,
106,-54,-4.74595,
108,-54,-2.51371,
110,-54,-4.83403,
112,-54,-5.78283,
114,-54,1.48038,
116,-54,3.10828,
118,-54,0.823781,
120,-54,-3.29664,
122,-54,-1.43638,
124,-54,0.571432,
126,-54,1.40684,
128,-54,0.985038,
130,-54,-2.72249,
132,-54,-16.7437,
134,-54,-10.617,
136,-54,-12.5402,
138,-54,-8.46517,
140,-54,-0.166301,
142,-54,0.939498,
144,-54,-2.19425,
146,-54,-1.95562,
148,-54,-2.54905,
150,-54,-8.04102,
152,-54,-2.46539,
154,-54,-0.587478,
156,-54,2.77175,
158,-54,4.92953,
160,-54,2.80728,
162,-54,-3.43647,
164,-54,-1.68976,
166,-54,-1.80921,
168,-54,-7.11188,
170,-54,-6.34703,
172,-54,-5.81068,
174,-54,-9.8065,
176,-54,-7.33635,
178,-54,-6.39183,
180,-54,-14.617,
-180,-52,0.0963266,
-178,-52,-10.4255,
-176,-52,-0.0290971,
-174,-52,2.87781,
-172,-52,-0.418879,
-170,-52,-9.63002,
-168,-52,1.06213,
-166,-52,2.32238,
-164,-52,-1.02691,
-162,-52,2.1396,
-160,-52,5.11145,
-158,-52,4.18208,
-156,-52,1.44641,
-154,-52,1.47127,
-152,-52,2.25735,
-150,-52,1.88885,
-148,-52,0.216253,
-146,-52,-1.732,
-144,-52,-1.85043,
-142,-52,-0.0116406,
-140,-52,1.17224,
-138,-52,-2.48821,
-136,-52,-14.0974,
-134,-52,-1.32317,
-132,-52,0.974438,
-130,-52,2.94845,
-128,-52,3.90347,
-126,-52,2.33551,
-124,-52,1.01675,
-122,-52,-0.188638,
-120,-52,-2.99003,
-118,-52,-0.169506,
-116,-52,1.3017,
-114,-52,-0.624049,
-112,-52,-4.91058,
-110,-52,-8.71243,
-108,-52,-5.06912,
-106,-52,-1.53217,
-104,-52,0.015581,
-102,-52,-0.0294905,
-100,-52,-3.12496,
-98,-52,-19.0825,
-96,-52,-0.821453,
-94,-52,4.34926,
-92,-52,5.50456,
-90,-52,4.12138,
-88,-52,2.07054,
-86,-52,1.4791,
-84,-52,-1.02364,
-82,-52,-14.3503,
-80,-52,-3.28877,
-78,-52,0.69085,
-76,-52,-0.0956092,
-74,-52,-0.650066,
-72,-52,0.0802629,
-70,-52,-3.27954,
-68,-52,-7.92984,
-66,-52,1.90129,
-64,-52,4.94318,
-62,-52,4.12215,
-60,-52,0.159412,
-58,-52,-2.85631,
-56,-52,-0.693763,
-54,-52,1.47315,
-52,-52,1.63132,
-50,-52,-1.65308,
-48,-52,-10.8336,
-46,-52,-15.3865,
-44,-52,-17.679,
-42,-52,-4.56277,
-40,-52,1.73762,
-38,-52,3.02956,
-36,-52,0.255017,
-34,-52,-1.53803,
-32,-52,-0.715959,
-30,-52,-5.75907,
-28,-52,-10.9881,
-26,-52,-8.04632,
-24,-52,-1.71282,
-22,-52,2.56074,
-20,-52,1.19153,
-18,-52,-9.93593,
-16,-52,-2.85816,
-14,-52,0.799101,
-12,-52,0.224089,
-10,-52,-1.16143,
-8,-52,-4.95693,
-6,-52,-14.1196,
-4,-52,-1.97888,
-2,-52,0.845702,
0,-52,-1.75978,
2,-52,-23.8599,
4,-52,-2.42369,
6,-52,1.06417,
8,-52,-1.61859,
10,-52,-5.90342,
12,-52,0.746668,
14,-52,1.3913,
16,-52,-3.02584,
18,-52,1.40663,
20,-52,4.97321,
22,-52,4.36611,
24,-52,1.67997,
26,-52,1.6552,
28,-52,2.63799,
30,-52,1.98402,
32,-52,-0.377115,
34,-52,-2.88021,
36,-52,-2.54024,
38,-52,-0.288397,
40,-52,0.896868,
42,-52,-2.19547,
44,-52,-9.32871,
46,-52,-1.05846,
48,-52,2.0711,
50,-52,3.92397,
52,-52,4.15404,
54,-52,1.50526,
56,-52,-1.7978,
58,-52,-2.03458,
60,-52,-1.4713,
62,-52,0.237231,
64,-52,0.0116476,
66,-52,-2.92494,
68,-52,-6.40627,
70,-52,-5.59235,
72,-52,-2.28764,
74,-52,-0.807702,
76,-52,-1.25261,
78,-52,-2.45348,
80,-52,-5.78934,
82,-52,-10.9679,
84,-52,0.250625,
86,-52,4.72814,
88,-52,5.59253,
90,-52,3.76986,
92,-52,1.33542,
94,-52,1.29567,
96,-52,-0.892065,
98,-52,-15.0694,
100,-52,-2.71085,
102,-52,0.907023,
104,-52,-0.00031994,
106,-52,0.501812,
108,-52,1.2308,
110,-52,-3.20325,
112,-52,-4.63431,
114,-52,2.93535,
116,-52,4.67607,
118,-52,2.83361,
120,-52,-1.71412,
122,-52,-3.65812,
124,-52,-0.598,
126,-52,2.26057,
128,-52,3.05982,
130,-52,1.00454,
132,-52,-4.90354,
134,-52,-15.3879,
136,-52,-16.1,
138,-52,-4.5548,
140,-52,1.35104,
142,-52,2.3164,
144,-52,-1.20862,
146,-52,-2.42834,
148,-52,-0.348461,
150,-52,-3.51408,
152,-52,-8.02482,
154,-52,-5.45642,
156,-52,0.409323,
158,-52,3.24125,
160,-52,0.576966,
162,-52,-17.767,
164,-52,-0.46497,
166,-52,1.71637,
168,-52,0.116049,
170,-52,-0.65341,
172,-52,-3.30099,
174,-52,-15.9941,
176,-52,-0.647804,
178,-52,2.54229,
180,-52,0.0963266,
-180,-50,5.68703,
-178,-50,-2.15468,
-176,-50,-4.28243,
-174,-50,2.27391,
-172,-50,0.467513,
-170,-50,-4.24881,
-168,-50,1.50931,
-166,-50,2.39852,
-164,-50,-1.4917,
-162,-50,-1.23491,
-160,-50,1.24359,
-158,-50,0.714959,
-156,-50,1.81025,
-154,-50,3.77312,
-152,-50,4.27764,
-150,-50,3.65669,
-148,-50,1.84336,
-146,-50,-0.472062,
-144,-50,-0.239735,
-142,-50,2.45413,
-140,-50,3.77172,
-138,-50,1.10741,
-136,-50,-9.37299,
-134,-50,-3.03913,
-132,-50,0.234179,
-130,-50,2.97987,
-128,-50,4.45234,
-126,-50,2.60604,
-124,-50,-0.713303,
-122,-50,-0.662646,
-120,-50,-0.33017,
-118,-50,1.01313,
-116,-50,1.29429,
-114,-50,-1.9319,
-112,-50,-12.2647,
-110,-50,-11.2043,
-108,-50,-3.93405,
-106,-50,-1.19105,
-104,-50,-0.688488,
-102,-50,-2.24369,
-100,-50,-6.26103,
-98,-50,-7.38545,
-96,-50,-2.37321,
-94,-50,-0.415137,
-92,-50,-1.06691,
-90,-50,-0.382377,
-88,-50,2.51427,
-86,-50,3.25325,
-84,-50,0.169005,
-82,-50,-12.7988,
-80,-50,-5.86081,
-78,-50,-2.24888,
-76,-50,-2.00199,
-74,-50,0.309144,
-72,-50,1.07675,
-70,-50,-3.08573,
-68,-50,-6.88079,
-66,-50,2.38113,
-64,-50,5.10261,
-62,-50,4.30597,
-60,-50,0.908184,
-58,-50,-2.5992,
-56,-50,-0.911352,
-54,-50,2.05088,
-52,-50,2.70335,
-50,-50,0.341765,
-48,-50,-5.44461,
-46,-50,-10.6727,
-44,-50,-11.9678,
-42,-50,-5.74147,
-40,-50,0.943005,
-38,-50,2.79196,
-36,-50,0.412241,
-34,-50,-0.973759,
-32,-50,1.72332,
-30,-50,0.444925,
-28,-50,-4.74777,
-26,-50,-6.72735,
-24,-50,-2.60915,
-22,-50,1.03151,
-20,-50,0.152654,
-18,-50,-6.35837,
-16,-50,-0.878877,
-14,-50,2.16459,
-12,-50,1.35998,
-10,-50,-0.497667,
-8,-50,-4.51867,
-6,-50,-10.2025,
-4,-50,1.96459,
-2,-50,5.40623,
0,-50,4.45112,
2,-50,-2.5187,
4,-50,-8.91039,
6,-50,-0.434438,
8,-50,-2.54946,
10,-50,-5.11446,
12,-50,1.50727,
14,-50,2.09795,
16,-50,-3.13451,
18,-50,-2.75111,
20,-50,1.59154,
22,-50,1.91687,
24,-50,2.53172,
26,-50,4.23027,
28,-50,4.74156,
30,-50,3.77879,
32,-50,1.47292,
34,-50,-1.1411,
36,-50,-0.835261,
38,-50,1.93359,
40,-50,3.31419,
42,-50,0.987239,
44,-50,-9.70822,
46,-50,-5.18092,
48,-50,0.414235,
50,-50,3.63872,
52,-50,4.74372,
54,-50,2.3696,
56,-50,-3.79495,
58,-50,-3.42469,
60,-50,-0.259693,
62,-50,1.19309,
64,-50,0.496296,
66,-50,-3.52647,
68,-50,-13.2576,
70,-50,-12.058,
72,-50,-5.35629,
74,-50,-2.62046,
76,-50,-2.51355,
78,-50,-4.58783,
80,-50,-7.47085,
82,-50,-3.83537,
84,-50,0.629584,
86,-50,2.1079,
88,-50,0.353248,
90,-50,-2.73076,
92,-50,0.773648,
94,-50,2.76476,
96,-50,0.491358,
98,-50,-9.49908,
100,-50,-6.89855,
102,-50,-2.90107,
104,-50,-1.12494,
106,-50,1.76937,
108,-50,1.74348,
110,-50,-4.33371,
112,-50,-4.24973,
114,-50,3.07914,
116,-50,4.59243,
118,-50,2.93693,
120,-50,-0.696544,
122,-50,-2.95926,
124,-50,-0.0970115,
126,-50,3.09822,
128,-50,3.99104,
130,-50,2.20135,
132,-50,-2.87982,
134,-50,-12.9691,
136,-50,-15.5862,
138,-50,-4.91036,
140,-50,1.01946,
142,-50,2.3764,
144,-50,-0.715714,
146,-50,-1.80505,
148,-50,1.92477,
150,-50,1.43937,
152,-50,-2.02783,
154,-50,-3.01974,
156,-50,0.0898433,
158,-50,2.30752,
160,-50,0.66428,
162,-50,-4.37354,
164,-50,0.642732,
166,-50,2.74581,
168,-50,1.58033,
170,-50,0.0232344,
172,-50,-4.43299,
174,-50,-8.32636,
176,-50,3.84505,
178,-50,6.97449,
180,-50,5.68703,
-180,-48,7.46352,
-178,-48,1.64754,
-176,-48,-9.42992,
-174,-48,1.44181,
-172,-48,2.64179,
-170,-48,1.79233,
-168,-48,1.91265,
-166,-48,0.27729,
-164,-48,-6.71074,
-162,-48,-12.4325,
-160,-48,-5.39936,
-158,-48,0.135186,
-156,-48,3.78307,
-154,-48,4.6418,
-152,-48,3.56629,
-150,-48,1.62267,
-148,-48,-1.18056,
-146,-48,-4.03249,
-144,-48,-2.50244,
-142,-48,1.77418,
-140,-48,3.79772,
-138,-48,1.96644,
-136,-48,-3.13451,
-134,-48,-1.00626,
-132,-48,0.543281,
-130,-48,2.37598,
-128,-48,3.97539,
-126,-48,2.13083,
-124,-48,-1.78305,
-122,-48,0.710981,
-120,-48,2.39716,
-118,-48,2.335,
-116,-48,0.977279,
-114,-48,-3.54517,
-112,-48,-7.18739,
-110,-48,-1.13543,
-108,-48,1.06833,
-106,-48,0.564716,
-104,-48,-2.36888,
-102,-48,-8.28441,
-100,-48,-7.43303,
-98,-48,-2.89631,
-96,-48,-1.95568,
-94,-48,-5.22276,
-92,-48,-8.82885,
-90,-48,-0.0782618,
-88,-48,3.55102,
-86,-48,3.71268,
-84,-48,0.571964,
-82,-48,-7.34026,
-80,-48,-14.1233,
-78,-48,-14.6199,
-76,-48,-7.40112,
-74,-48,-1.55184,
-72,-48,-0.852918,
-70,-48,-6.43571,
-68,-48,-8.0612,
-66,-48,1.13895,
-64,-48,3.56442,
-62,-48,2.9593,
-60,-48,0.622979,
-58,-48,-2.20709,
-56,-48,-2.34076,
-54,-48,0.244008,
-52,-48,0.788434,
-50,-48,-1.8969,
-48,-48,-7.33412,
-46,-48,-6.84953,
-44,-48,-7.25583,
-42,-48,-19.292,
-40,-48,-2.90684,
-38,-48,0.989393,
-36,-48,-0.610301,
-34,-48,-1.20795,
-32,-48,2.98253,
-30,-48,3.6802,
-28,-48,2.18548,
-26,-48,2.34318,
-24,-48,3.61398,
-22,-48,4.35357,
-20,-48,3.7324,
-18,-48,0.910435,
-16,-48,-1.15532,
-14,-48,-0.466463,
-12,-48,-2.53376,
-10,-48,-7.91914,
-8,-48,-13.5385,
-6,-48,-3.19798,
-4,-48,4.1282,
-2,-48,7.02295,
0,-48,6.4656,
2,-48,1.61191,
4,-48,-8.7701,
6,-48,-0.319263,
8,-48,1.40888,
10,-48,1.5283,
12,-48,2.43011,
14,-48,1.20465,
16,-48,-5.69926,
18,-48,-12.8201,
20,-48,-2.5475,
22,-48,1.39349,
24,-48,4.19164,
26,-48,5.20768,
28,-48,4.42867,
30,-48,2.30313,
32,-48,-0.866855,
34,-48,-4.08264,
36,-48,-3.54917,
38,-48,0.671725,
40,-48,2.89262,
42,-48,1.30323,
44,-48,-4.65841,
46,-48,-3.45436,
48,-48,-0.15611,
50,-48,2.68922,
52,-48,4.21753,
54,-48,2.32886,
56,-48,-3.23048,
58,-48,-1.48679,
60,-48,1.32087,
62,-48,1.52274,
64,-48,-0.428493,
66,-48,-6.49077,
68,-48,-10.5217,
70,-48,-3.30101,
72,-48,-1.33221,
74,-48,-2.00615,
76,-48,-5.27412,
78,-48,-10.6122,
80,-48,-5.27366,
82,-48,-0.691625,
84,-48,0.881738,
86,-48,-0.698456,
88,-48,-8.66857,
90,-48,-4.61537,
92,-48,1.87902,
94,-48,3.13899,
96,-48,0.894815,
98,-48,-4.89431,
100,-48,-12.9494,
102,-48,-16.4361,
104,-48,-3.95703,
106,-48,0.116617,
108,-48,-0.946421,
110,-48,-12.2049,
112,-48,-3.96131,
114,-48,2.03386,
116,-48,3.03233,
118,-48,1.79309,
120,-48,-0.0550167,
122,-48,-1.82139,
124,-48,-1.3714,
126,-48,1.00437,
128,-48,1.41028,
130,-48,-1.51392,
132,-48,-11.2309,
134,-48,-10.3252,
136,-48,-5.82887,
138,-48,-5.40047,
140,-48,-1.01356,
142,-48,1.19713,
144,-48,-0.966417,
146,-48,-1.3755,
148,-48,3.25218,
150,-48,4.40872,
152,-48,3.52104,
154,-48,3.62938,
156,-48,4.77405,
158,-48,5.42082,
160,-48,4.62116,
162,-48,1.93187,
164,-48,0.229198,
166,-48,0.590507,
168,-48,-1.29072,
170,-48,-6.1585,
172,-48,-23.2244,
174,-48,-0.676778,
176,-48,6.101,
178,-48,8.49941,
180,-48,7.46352,
-180,-46,5.80455,
-178,-46,1.44729,
-176,-46,-2.33977,
-174,-46,0.932276,
-172,-46,2.16088,
-170,-46,1.61622,
-168,-46,-0.258824,
-166,-46,-4.9366,
-164,-46,-8.80326,
-162,-46,-3.26745,
-160,-46,1.36568,
-158,-46,4.91612,
-156,-46,6.28671,
-154,-46,5.08032,
-152,-46,1.09562,
-150,-46,-6.29097,
-148,-46,-10.6127,
-146,-46,-7.06355,
-144,-46,-10.6361,
-142,-46,-4.72961,
-140,-46,0.135371,
-138,-46,-0.270668,
-136,-46,-0.252375,
-134,-46,2.73677,
-132,-46,3.00175,
-130,-46,2.10576,
-128,-46,2.31299,
-126,-46,0.205908,
-124,-46,-1.63051,
-122,-46,3.02849,
-120,-46,4.89196,
-118,-46,4.1982,
-116,-46,1.74155,
-114,-46,-2.51801,
-112,-46,-1.99484,
-110,-46,2.34717,
-108,-46,3.9204,
-106,-46,2.86431,
-104,-46,-1.32739,
-102,-46,-13.8787,
-100,-46,-7.38403,
-98,-46,-2.28115,
-96,-46,-1.06656,
-94,-46,-0.310454,
-92,-46,1.58355,
-90,-46,3.45056,
-88,-46,4.08067,
-86,-46,3.06372,
-84,-46,0.367235,
-82,-46,-3.10364,
-80,-46,-5.11658,
-78,-46,-5.25387,
-76,-46,-3.45344,
-74,-46,-1.80963,
-72,-46,-2.56794,
-70,-46,-7.39831,
-68,-46,-7.65472,
-66,-46,-1.51437,
-64,-46,0.8388,
-62,-46,1.47477,
-60,-46,1.2402,
-58,-46,-0.492016,
-56,-46,-4.17098,
-54,-46,-7.07944,
-52,-46,-9.1493,
-50,-46,-11.6373,
-48,-46,-4.43909,
-46,-46,-0.384319,
-44,-46,0.0999326,
-42,-46,-3.56727,
-40,-46,-5.26805,
-38,-46,-0.423543,
-36,-46,-1.09671,
-34,-46,-3.03049,
-32,-46,2.41872,
-30,-46,4.67216,
-28,-46,4.65784,
-26,-46,5.25589,
-24,-46,6.39267,
-22,-46,6.68098,
-20,-46,5.81158,
-18,-46,3.07887,
-16,-46,-3.33061,
-14,-46,-13.0288,
-12,-46,-7.03035,
-10,-46,-5.02503,
-8,-46,-2.51492,
-6,-46,0.867425,
-4,-46,3.9661,
-2,-46,5.49424,
0,-46,4.66117,
2,-46,0.940358,
4,-46,-2.29066,
6,-46,0.540609,
8,-46,1.89257,
10,-46,1.87207,
12,-46,1.03423,
14,-46,-1.74655,
16,-46,-4.8822,
18,-46,-1.16425,
20,-46,2.69234,
22,-46,5.35289,
24,-46,6.5078,
26,-46,5.6706,
28,-46,2.53806,
30,-46,-3.09888,
32,-46,-7.09762,
34,-46,-6.13054,
36,-46,-12.1941,
38,-46,-9.12502,
40,-46,-2.27633,
42,-46,-2.68408,
44,-46,-2.40254,
46,-46,1.6076,
48,-46,2.71666,
50,-46,2.63178,
52,-46,2.85491,
54,-46,1.17372,
56,-46,-0.762929,
58,-46,2.48575,
60,-46,4.23543,
62,-46,3.4755,
64,-46,0.634483,
66,-46,-3.73933,
68,-46,-2.10865,
70,-46,1.615,
72,-46,2.7322,
74,-46,1.3471,
76,-46,-3.49846,
78,-46,-22.0161,
80,-46,-4.81446,
82,-46,-0.506182,
84,-46,0.181714,
86,-46,-1.11122,
88,-46,-1.66598,
90,-46,0.714445,
92,-46,2.53224,
94,-46,2.42592,
96,-46,0.569012,
98,-46,-2.17341,
100,-46,-4.86437,
102,-46,-5.40772,
104,-46,-2.19096,
106,-46,-0.458001,
108,-46,-1.4552,
110,-46,-3.0964,
112,-46,-1.3182,
114,-46,0.104902,
116,-46,0.122913,
118,-46,0.676789,
120,-46,1.27388,
122,-46,0.0255942,
124,-46,-3.31025,
126,-46,-6.67443,
128,-46,-10.6248,
130,-46,-13.1483,
132,-46,-3.14234,
134,-46,1.18391,
136,-46,2.13081,
138,-46,0.248921,
140,-46,-1.47832,
142,-46,0.177074,
144,-46,-0.764848,
146,-46,-1.98792,
148,-46,2.93847,
150,-46,5.32259,
152,-46,5.57916,
154,-46,6.01024,
156,-46,6.98557,
158,-46,7.3734,
160,-46,6.63216,
162,-46,4.10934,
164,-46,-1.22002,
166,-46,-7.3327,
168,-46,-5.72314,
170,-46,-3.99131,
172,-46,-0.782916,
174,-46,3.1149,
176,-46,6.02765,
178,-46,7.10934,
180,-46,5.80455,
-180,-44,0.427615,
-178,-44,-0.262947,
-176,-44,-0.167123,
-174,-44,-0.447371,
-172,-44,-1.48446,
-170,-44,-3.85055,
-168,-44,-11.4556,
-166,-44,-10.268,
-164,-44,-1.90573,
-162,-44,1.87176,
-160,-44,4.89754,
-158,-44,6.83919,
-156,-44,6.72991,
-154,-44,3.89026,
-152,-44,-3.42603,
-150,-44,-10.6375,
-148,-44,-1.10024,
-146,-44,1.2732,
-144,-44,-0.787816,
-142,-44,-9.94964,
-140,-44,-8.92578,
-138,-44,-4.09531,
-136,-44,1.39645,
-134,-44,4.83068,
-132,-44,4.91296,
-130,-44,2.47497,
-128,-44,-0.190411,
-126,-44,-3.49849,
-124,-44,-1.45597,
-122,-44,4.07285,
-120,-44,5.88454,
-118,-44,4.90829,
-116,-44,1.69572,
-114,-44,-3.47836,
-112,-44,-2.36657,
-110,-44,2.51295,
-108,-44,4.57478,
-106,-44,4.20239,
-104,-44,1.41374,
-102,-44,-4.44186,
-100,-44,-8.922,
-98,-44,-5.21851,
-96,-44,-2.84656,
-94,-44,-0.300135,
-92,-44,1.95274,
-90,-44,2.94556,
-88,-44,2.55815,
-86,-44,1.10584,
-84,-44,-0.610965,
-82,-44,-1.36613,
-80,-44,-0.714869,
-78,-44,0.539999,
-76,-44,1.55006,
-74,-44,1.90098,
-72,-44,1.37903,
-70,-44,-0.183794,
-68,-44,-2.80807,
-66,-44,-5.10776,
-64,-44,-2.7422,
-62,-44,0.707837,
-60,-44,2.17167,
-58,-44,1.48886,
-56,-44,-0.979882,
-54,-44,-3.57421,
-52,-44,-2.92838,
-50,-44,-0.192463,
-48,-44,2.25458,
-46,-44,3.76504,
-44,-44,3.77442,
-42,-44,1.54595,
-40,-44,-1.08298,
-38,-44,0.990215,
-36,-44,0.935551,
-34,-44,-4.06372,
-32,-44,-0.689741,
-30,-44,3.55513,
-28,-44,4.23652,
-26,-44,4.31983,
-24,-44,5.26649,
-22,-44,5.69847,
-20,-44,5.01491,
-18,-44,2.87976,
-16,-44,-2.0167,
-14,-44,-5.57257,
-12,-44,-0.0423539,
-10,-44,2.27205,
-8,-44,2.40013,
-6,-44,1.49861,
-4,-44,0.235853,
-2,-44,-1.22485,
0,-44,-2.50202,
2,-44,-2.28918,
4,-44,-1.25903,
6,-44,-1.02262,
8,-44,-1.39633,
10,-44,-2.16921,
12,-44,-5.22756,
14,-44,-10.2256,
16,-44,-2.18235,
18,-44,2.85111,
20,-44,5.81198,
22,-44,7.40348,
24,-44,7.32715,
26,-44,5.0703,
28,-44,-0.197658,
30,-44,-5.91518,
32,-44,-1.0391,
34,-44,1.1359,
36,-44,-0.33494,
38,-44,-5.78605,
40,-44,-12.5549,
42,-44,-10.9667,
44,-44,-0.25444,
46,-44,4.32335,
48,-44,5.21652,
50,-44,3.86058,
52,-44,1.90662,
54,-44,0.147019,
56,-44,1.54595,
58,-44,4.95347,
60,-44,6.27012,
62,-44,5.24115,
64,-44,2.11972,
66,-44,-2.02973,
68,-44,-0.870553,
70,-44,2.55084,
72,-44,3.96654,
74,-44,3.24547,
76,-44,0.0778165,
78,-44,-6.653,
80,-44,-7.44974,
82,-44,-3.21691,
84,-44,-2.55703,
86,-44,-3.03795,
88,-44,-1.62726,
90,-44,0.420512,
92,-44,1.28311,
94,-44,0.901524,
96,-44,-0.224882,
98,-44,-1.49716,
100,-44,-2.08183,
102,-44,-0.825617,
104,-44,1.24627,
106,-44,2.67363,
108,-44,3.3018,
110,-44,3.23377,
112,-44,1.98817,
114,-44,-1.53075,
116,-44,-5.17139,
118,-44,-0.879767,
120,-44,1.4154,
122,-44,0.757218,
124,-44,-2.18266,
126,-44,-4.99343,
128,-44,-2.79046,
130,-44,0.763446,
132,-44,3.47823,
134,-44,5.05461,
136,-44,5.03088,
138,-44,2.82358,
140,-44,-0.3966,
142,-44,0.813995,
144,-44,1.08974,
146,-44,-2.53066,
148,-44,-0.100615,
150,-44,3.97886,
152,-44,4.97522,
154,-44,5.09002,
156,-44,5.87737,
158,-44,6.4891,
160,-44,6.08962,
162,-44,4.04972,
164,-44,-1.45514,
166,-44,-12.2629,
168,-44,-0.624588,
170,-44,2.85559,
172,-44,3.73055,
174,-44,3.5424,
176,-44,2.87804,
178,-44,1.78322,
180,-44,0.427615,
-180,-42,1.33708,
-178,-42,1.07429,
-176,-42,-2.13689,
-174,-42,-4.33482,
-172,-42,-1.17299,
-170,-42,-0.0388701,
-168,-42,-1.51308,
-166,-42,-3.58328,
-164,-42,-1.99414,
-162,-42,1.95782,
-160,-42,5.08706,
-158,-42,6.24284,
-156,-42,5.09381,
-154,-42,1.86233,
-152,-42,-0.676672,
-150,-42,-0.108056,
-148,-42,1.19291,
-146,-42,1.74755,
-144,-42,-0.314568,
-142,-42,-6.34056,
-140,-42,-11.1364,
-138,-42,-11.9622,
-136,-42,-0.963932,
-134,-42,3.6685,
-132,-42,3.94336,
-130,-42,0.518508,
-128,-42,-6.02364,
-126,-42,-17.1436,
-124,-42,-4.76317,
-122,-42,2.18122,
-120,-42,4.10258,
-118,-42,2.58909,
-116,-42,-2.59939,
-114,-42,-17.1633,
-112,-42,-6.37733,
-110,-42,0.202377,
-108,-42,3.1718,
-106,-42,3.87175,
-104,-42,2.61872,
-102,-42,-0.517968,
-100,-42,-5.14038,
-98,-42,-8.35026,
-96,-42,-8.03933,
-94,-42,-6.18301,
-92,-42,-4.05067,
-90,-42,-2.86867,
-88,-42,-2.78185,
-86,-42,-3.24672,
-84,-42,-3.45936,
-82,-42,-2.68159,
-80,-42,-0.975143,
-78,-42,0.823522,
-76,-42,2.22769,
-74,-42,3.13852,
-72,-42,3.38528,
-70,-42,2.53279,
-68,-42,-0.307041,
-66,-42,-7.6799,
-64,-42,-7.27701,
-62,-42,-0.513139,
-60,-42,1.54676,
-58,-42,1.28915,
-56,-42,0.195207,
-54,-42,0.242191,
-52,-42,1.63529,
-50,-42,2.95584,
-48,-42,3.76617,
-46,-42,4.17911,
-44,-42,3.7463,
-42,-42,1.58754,
-40,-42,-0.157657,
-38,-42,2.49018,
-36,-42,3.14765,
-34,-42,-1.50449,
-32,-42,-9.66822,
-30,-42,1.37107,
-28,-42,3.22895,
-26,-42,1.53943,
-24,-42,-0.439066,
-22,-42,0.147593,
-20,-42,0.850354,
-18,-42,0.431116,
-16,-42,-2.05365,
-14,-42,-4.74391,
-12,-42,-0.357479,
-10,-42,2.44135,
-8,-42,2.09542,
-6,-42,-2.02993,
-4,-42,-17.1972,
-2,-42,-4.00857,
0,-42,0.16349,
2,-42,-0.0512817,
4,-42,-4.27599,
6,-42,-7.0265,
8,-42,-1.07671,
10,-42,0.703476,
12,-42,-1.48745,
14,-42,-9.88973,
16,-42,-3.99306,
18,-42,2.6622,
20,-42,5.86951,
22,-42,7.01306,
24,-42,6.23989,
26,-42,3.81072,
28,-42,1.62562,
30,-42,1.76245,
32,-42,2.34911,
34,-42,2.12668,
36,-42,0.461356,
38,-42,-2.19257,
40,-42,-4.91139,
42,-42,-15.6912,
44,-42,-2.47198,
46,-42,3.45323,
48,-42,4.70391,
50,-42,2.99985,
52,-42,-0.471994,
54,-42,-2.56942,
56,-42,0.897258,
58,-42,4.55162,
60,-42,5.73895,
62,-42,4.3383,
64,-42,0.00213913,
66,-42,-8.23886,
68,-42,-4.7757,
70,-42,0.419575,
72,-42,2.70748,
74,-42,3.02535,
76,-42,1.56151,
78,-42,-1.63627,
80,-42,-5.20965,
82,-42,-5.61748,
84,-42,-5.60366,
86,-42,-7.32054,
88,-42,-7.62647,
90,-42,-4.74603,
92,-42,-2.58174,
94,-42,-1.78017,
96,-42,-2.087,
98,-42,-3.16452,
100,-42,-3.58167,
102,-42,-1.5021,
104,-42,1.42057,
106,-42,3.68641,
108,-42,4.95507,
110,-42,4.95518,
112,-42,3.12539,
114,-42,-2.04627,
116,-42,-19.3149,
118,-42,-4.35656,
120,-42,-1.1717,
122,-42,-1.76674,
124,-42,-3.50912,
126,-42,-2.36681,
128,-42,0.387991,
130,-42,2.35214,
132,-42,3.60731,
134,-42,4.26339,
136,-42,3.64668,
138,-42,0.716603,
140,-42,-1.61871,
142,-42,2.30732,
144,-42,3.50627,
146,-42,-0.427621,
148,-42,-12.2184,
150,-42,1.16224,
152,-42,3.85519,
154,-42,3.05028,
156,-42,1.65693,
158,-42,2.09437,
160,-42,2.65457,
162,-42,1.63331,
164,-42,-2.82473,
166,-42,-11.9944,
168,-42,-0.48748,
170,-42,3.16355,
172,-42,3.10252,
174,-42,-0.33143,
176,-42,-6.47528,
178,-42,-1.83429,
180,-42,1.33708,
-180,-40,2.08068,
-178,-40,-0.624658,
-176,-40,-14.6588,
-174,-40,-3.37437,
-172,-40,2.37042,
-170,-40,3.71518,
-168,-40,2.45987,
-166,-40,-1.96343,
-164,-40,-12.7934,
-162,-40,-1.98569,
-160,-40,2.26015,
-158,-40,2.71578,
-156,-40,2.00501,
-154,-40,3.73903,
-152,-40,5.50225,
-150,-40,5.08848,
-148,-40,2.33365,
-146,-40,-2.95705,
-144,-40,-8.99032,
-142,-40,-2.17302,
-140,-40,0.574901,
-138,-40,-1.99626,
-136,-40,-13.3733,
-134,-40,-3.31917,
-132,-40,-1.87105,
-130,-40,-8.47325,
-128,-40,-8.56005,
-126,-40,-3.5502,
-124,-40,-4.29372,
-122,-40,-3.54755,
-120,-40,-2.4287,
-118,-40,-5.81445,
-116,-40,-7.3405,
-114,-40,-1.15728,
-112,-40,0.811704,
-110,-40,0.58159,
-108,-40,0.531374,
-106,-40,1.248,
-104,-40,1.29242,
-102,-40,0.115758,
-100,-40,-1.8903,
-98,-40,-3.50519,
-96,-40,-3.76973,
-94,-40,-3.43776,
-92,-40,-3.28558,
-90,-40,-3.47502,
-88,-40,-4.02632,
-86,-40,-4.87742,
-84,-40,-5.53495,
-82,-40,-5.35347,
-80,-40,-4.69338,
-78,-40,-3.76766,
-76,-40,-1.78271,
-74,-40,0.689225,
-72,-40,2.20548,
-70,-40,1.94719,
-68,-40,-1.01701,
-66,-40,-10.7984,
-64,-40,-8.03148,
-62,-40,-1.30787,
-60,-40,0.196112,
-58,-40,-0.559546,
-56,-40,-1.67205,
-54,-40,-0.947692,
-52,-40,0.500221,
-50,-40,0.992069,
-48,-40,0.547994,
-46,-40,0.111995,
-44,-40,-0.654157,
-42,-40,-3.61129,
-40,-40,-2.69727,
-38,-40,2.47681,
-36,-40,3.83833,
-34,-40,0.541831,
-32,-40,-4.86686,
-30,-40,3.31381,
-28,-40,6.15236,
-26,-40,5.44615,
-24,-40,1.74427,
-22,-40,-5.71189,
-20,-40,-13.5155,
-18,-40,-7.99369,
-16,-40,-7.66988,
-14,-40,-14.0755,
-12,-40,-8.34906,
-10,-40,-2.63456,
-8,-40,-1.92787,
-6,-40,-4.535,
-4,-40,-3.028,
-2,-40,1.14179,
0,-40,2.23666,
2,-40,-0.370305,
4,-40,-9.40351,
6,-40,-1.81727,
8,-40,3.16887,
10,-40,4.18614,
12,-40,2.30632,
14,-40,-3.85256,
16,-40,-13.9987,
18,-40,-0.549274,
20,-40,3.13182,
22,-40,3.69143,
24,-40,2.93363,
26,-40,3.9738,
28,-40,5.94038,
30,-40,6.32965,
32,-40,4.58398,
34,-40,0.0797774,
36,-40,-8.05447,
38,-40,-2.38327,
40,-40,0.590993,
42,-40,-1.70617,
44,-40,-12.5116,
46,-40,-3.40694,
48,-40,-0.557875,
50,-40,-3.08253,
52,-40,-8.77802,
54,-40,-6.68938,
56,-40,-2.67598,
58,-40,0.559227,
60,-40,1.49074,
62,-40,-0.979872,
64,-40,-9.00301,
66,-40,-6.47167,
68,-40,-1.79822,
70,-40,-0.604497,
72,-40,-0.1545,
74,-40,0.374369,
76,-40,0.42197,
78,-40,-0.299957,
80,-40,-1.36594,
82,-40,-2.00624,
84,-40,-2.23614,
86,-40,-2.91361,
88,-40,-4.65146,
90,-40,-7.19815,
92,-40,-8.07067,
94,-40,-6.39796,
96,-40,-5.1782,
98,-40,-5.52961,
100,-40,-7.47414,
102,-40,-7.38171,
104,-40,-2.66473,
106,-40,1.14882,
108,-40,3.11669,
110,-40,3.2492,
112,-40,1.2662,
114,-40,-3.71115,
116,-40,-10.2195,
118,-40,-6.45949,
120,-40,-5.46709,
122,-40,-8.05854,
124,-40,-9.35857,
126,-40,-5.06606,
128,-40,-2.66852,
130,-40,-2.61838,
132,-40,-3.3727,
134,-40,-3.13663,
136,-40,-4.44073,
138,-40,-12.9423,
140,-40,-2.44752,
142,-40,3.60997,
144,-40,5.00941,
146,-40,2.26393,
148,-40,-3.75735,
150,-40,3.09471,
152,-40,6.33515,
154,-40,5.94598,
156,-40,2.46838,
158,-40,-4.66644,
160,-40,-7.22562,
162,-40,-3.70178,
164,-40,-3.6872,
166,-40,-5.49043,
168,-40,-3.56883,
170,-40,-0.970057,
172,-40,-1.60066,
174,-40,-7.16364,
176,-40,-5.29241,
178,-40,0.72132,
180,-40,2.08068,
-180,-38,-3.85908,
-178,-38,-4.15039,
-176,-38,-0.922918,
-174,-38,1.80265,
-172,-38,2.78553,
-170,-38,1.97011,
-168,-38,-1.11343,
-166,-38,-6.91378,
-164,-38,-3.04173,
-162,-38,1.11004,
-160,-38,1.00319,
-158,-38,-5.46274,
-156,-38,-3.31063,
-154,-38,4.51042,
-152,-38,6.8914,
-150,-38,6.25829,
-148,-38,2.7113,
-146,-38,-6.75917,
-144,-38,-4.12021,
-142,-38,3.05594,
-140,-38,5.04207,
-138,-38,3.60555,
-136,-38,-2.22804,
-134,-38,-15.8024,
-132,-38,-8.59051,
-130,-38,-6.01296,
-128,-38,-0.710847,
-126,-38,1.76594,
-124,-38,1.00772,
-122,-38,-2.36722,
-120,-38,-6.15499,
-118,-38,-4.62831,
-116,-38,0.344874,
-114,-38,3.64747,
-112,-38,4.63724,
-110,-38,3.39489,
-108,-38,-0.166587,
-106,-38,-5.34176,
-104,-38,-5.53485,
-102,-38,-3.05744,
-100,-38,-1.57284,
-98,-38,-0.391432,
-96,-38,0.957627,
-94,-38,2.31811,
-92,-38,3.25403,
-90,-38,3.42133,
-88,-38,2.67543,
-86,-38,1.20354,
-84,-38,-0.159088,
-82,-38,-0.769279,
-80,-38,-1.93471,
-78,-38,-6.30643,
-76,-38,-23.9575,
-74,-38,-4.30193,
-72,-38,0.123709,
-70,-38,0.764588,
-68,-38,-1.43077,
-66,-38,-4.45186,
-64,-38,-1.94124,
-62,-38,0.622287,
-60,-38,1.00666,
-58,-38,-0.38875,
-56,-38,-2.83223,
-54,-38,-4.51266,
-52,-38,-5.10655,
-50,-38,-7.34622,
-48,-38,-11.191,
-46,-38,-7.4697,
-44,-38,-5.74733,
-42,-38,-12.0406,
-40,-38,-8.38227,
-38,-38,0.420456,
-36,-38,2.6113,
-34,-38,0.700388,
-32,-38,-0.196721,
-30,-38,5.19278,
-28,-38,7.8962,
-26,-38,7.75645,
-24,-38,5.05876,
-22,-38,0.0663275,
-20,-38,-2.66831,
-18,-38,-0.817629,
-16,-38,0.592146,
-14,-38,1.32606,
-12,-38,1.40205,
-10,-38,0.998025,
-8,-38,0.606732,
-6,-38,0.495873,
-4,-38,0.525703,
-2,-38,0.348574,
0,-38,-0.148044,
2,-38,0.153312,
4,-38,2.04731,
6,-38,3.78262,
8,-38,4.1443,
10,-38,2.74161,
12,-38,-0.833546,
14,-38,-5.19343,
16,-38,-1.62865,
18,-38,1.7224,
20,-38,1.9,
22,-38,-2.54327,
24,-38,-6.54611,
26,-38,3.32239,
28,-38,6.86204,
30,-38,7.30079,
32,-38,5.11286,
34,-38,-1.17414,
36,-38,-8.68272,
38,-38,1.84934,
40,-38,4.68071,
42,-38,3.93497,
44,-38,-0.357278,
46,-38,-10.3078,
48,-38,-14.8368,
50,-38,-9.22521,
52,-38,-2.96864,
54,-38,-0.202656,
56,-38,-0.579602,
58,-38,-3.02251,
60,-38,-5.90991,
62,-38,-7.66524,
64,-38,-3.30605,
66,-38,0.872497,
68,-38,2.35697,
70,-38,1.39113,
72,-38,-2.0546,
74,-38,-7.20736,
76,-38,-6.02409,
78,-38,-2.56733,
80,-38,-0.522892,
82,-38,0.691304,
84,-38,1.41543,
86,-38,1.70687,
88,-38,1.47932,
90,-38,0.663111,
92,-38,-0.5487,
94,-38,-1.43877,
96,-38,-1.47295,
98,-38,-1.51225,
100,-38,-2.95259,
102,-38,-7.84657,
104,-38,-19.6275,
106,-38,-5.36431,
108,-38,-1.07226,
110,-38,0.0684128,
112,-38,-0.500624,
114,-38,-1.41342,
116,-38,-1.67436,
118,-38,-2.21482,
120,-38,-4.27,
122,-38,-8.88204,
124,-38,-15.2754,
126,-38,-11.5866,
128,-38,-11.1882,
130,-38,-14.9958,
132,-38,-6.92433,
134,-38,-2.3459,
136,-38,-1.65027,
138,-38,-3.27634,
140,-38,-0.762315,
142,-38,3.35613,
144,-38,4.73075,
146,-38,3.13708,
148,-38,1.41817,
150,-38,5.28438,
152,-38,7.89054,
154,-38,7.73329,
156,-38,4.71106,
158,-38,-2.00187,
160,-38,-3.62701,
162,-38,0.823363,
164,-38,2.53087,
166,-38,2.90956,
168,-38,2.56357,
170,-38,1.76693,
172,-38,0.811292,
174,-38,-0.108275,
176,-38,-0.973045,
178,-38,-2.08913,
180,-38,-3.85908,
-180,-36,5.3754,
-178,-36,6.46474,
-176,-36,6.09262,
-174,-36,4.21407,
-172,-36,0.452212,
-170,-36,-6.92843,
-168,-36,-11.889,
-166,-36,-1.43294,
-164,-36,3.03935,
-162,-36,4.67109,
-160,-36,3.65428,
-158,-36,-0.486923,
-156,-36,-1.04918,
-154,-36,3.68229,
-152,-36,5.38398,
-150,-36,4.45798,
-148,-36,0.898144,
-146,-36,-7.23819,
-144,-36,-3.61998,
-142,-36,2.37234,
-140,-36,3.92907,
-138,-36,1.92597,
-136,-36,-4.37903,
-134,-36,-2.99588,
-132,-36,0.922541,
-130,-36,1.68893,
-128,-36,2.03038,
-126,-36,2.5577,
-124,-36,1.84863,
-122,-36,-0.487398,
-120,-36,-3.0663,
-118,-36,-3.46659,
-116,-36,-0.812293,
-114,-36,2.4467,
-112,-36,4.2362,
-110,-36,4.22306,
-108,-36,2.40608,
-106,-36,-1.50819,
-104,-36,-9.61399,
-102,-36,-11.7634,
-100,-36,-2.6226,
-98,-36,1.53136,
-96,-36,3.79817,
-94,-36,4.92154,
-92,-36,5.15044,
-90,-36,4.55123,
-88,-36,3.27742,
-86,-36,2.08987,
-84,-36,2.04512,
-82,-36,2.39544,
-80,-36,1.60259,
-78,-36,-1.19091,
-76,-36,-3.88586,
-74,-36,-0.729003,
-72,-36,1.87595,
-70,-36,2.30562,
-68,-36,1.4244,
-66,-36,1.21955,
-64,-36,2.49159,
-62,-36,3.53193,
-60,-36,3.5402,
-58,-36,2.52563,
-56,-36,0.666333,
-54,-36,-1.90748,
-52,-36,-5.11462,
-50,-36,-6.14374,
-48,-36,-2.62971,
-46,-36,0.0632815,
-44,-36,0.497977,
-42,-36,-2.04122,
-40,-36,-10.2894,
-38,-36,-6.28459,
-36,-36,-1.78184,
-34,-36,-2.81767,
-32,-36,-3.32358,
-30,-36,2.59648,
-28,-36,5.5975,
-26,-36,5.55438,
-24,-36,2.98962,
-22,-36,1.16683,
-20,-36,3.31146,
-18,-36,4.41047,
-16,-36,3.79131,
-14,-36,3.26479,
-12,-36,4.08159,
-10,-36,4.55903,
-8,-36,3.43299,
-6,-36,0.481697,
-4,-36,-0.611465,
-2,-36,3.31747,
0,-36,6.40518,
2,-36,7.83006,
4,-36,7.7611,
6,-36,6.10901,
8,-36,2.31236,
10,-36,-6.01796,
12,-36,-9.65942,
14,-36,-0.732084,
16,-36,2.98198,
18,-36,4.61398,
20,-36,4.21106,
22,-36,1.06348,
24,-36,-3.04019,
26,-36,1.71376,
28,-36,4.82466,
30,-36,5.03966,
32,-36,2.48302,
34,-36,-5.19371,
36,-36,-5.8191,
38,-36,2.17186,
40,-36,4.45735,
42,-36,3.63088,
44,-36,0.23305,
46,-36,-1.96336,
48,-36,0.196071,
50,-36,1.79174,
52,-36,2.83938,
54,-36,3.29688,
56,-36,2.34418,
58,-36,-0.417275,
60,-36,-4.32475,
62,-36,-6.35534,
64,-36,-4.22998,
66,-36,-0.907746,
68,-36,1.08953,
70,-36,1.35674,
72,-36,-0.0191457,
74,-36,-3.25367,
76,-36,-10.1426,
78,-36,-9.16012,
80,-36,-1.31811,
82,-36,2.5608,
84,-36,4.42476,
86,-36,4.90757,
88,-36,4.2933,
90,-36,2.86768,
92,-36,1.38701,
94,-36,1.09853,
96,-36,1.73171,
98,-36,1.81022,
100,-36,0.369558,
102,-36,-3.45534,
104,-36,-8.22137,
106,-36,-3.73277,
108,-36,-0.130774,
110,-36,1.48635,
112,-36,2.2829,
114,-36,2.82411,
116,-36,2.99867,
118,-36,2.52296,
120,-36,1.27586,
122,-36,-0.76545,
124,-36,-3.55625,
126,-36,-6.93813,
128,-36,-8.09021,
130,-36,-2.94364,
132,-36,1.31599,
134,-36,3.24906,
136,-36,2.96237,
138,-36,0.308167,
140,-36,-3.31769,
142,-36,-1.09173,
144,-36,1.07337,
146,-36,0.269411,
148,-36,-0.633235,
150,-36,3.08585,
152,-36,5.65021,
154,-36,5.41053,
156,-36,2.22949,
158,-36,-0.589682,
160,-36,2.77835,
162,-36,4.63321,
164,-36,4.41556,
166,-36,3.73852,
168,-36,3.9949,
170,-36,4.17828,
172,-36,2.99018,
174,-36,0.227967,
176,-36,-0.659262,
178,-36,2.70762,
180,-36,5.3754,
-180,-34,8.67769,
-178,-34,9.42741,
-176,-34,8.17802,
-174,-34,4.5535,
-172,-34,-3.55986,
-170,-34,-6.51377,
-168,-34,0.461634,
-166,-34,2.82941,
-164,-34,3.56148,
-162,-34,3.21724,
-160,-34,1.73041,
-158,-34,0.352931,
-156,-34,1.72364,
-154,-34,3.67936,
-152,-34,4.50319,
-150,-34,4.37037,
-148,-34,3.43933,
-146,-34,1.30686,
-144,-34,-1.75453,
-142,-34,-2.61385,
-140,-34,-3.45332,
-138,-34,-7.94922,
-136,-34,-0.524224,
-134,-34,5.03358,
-132,-34,7.2529,
-130,-34,7.42543,
-128,-34,6.33671,
-126,-34,4.61747,
-124,-34,2.34859,
-122,-34,-0.850971,
-120,-34,-4.8371,
-118,-34,-10.2289,
-116,-34,-10.3514,
-114,-34,-1.33504,
-112,-34,3.16607,
-110,-34,5.10258,
-108,-34,5.1672,
-106,-34,3.3972,
-104,-34,-1.14553,
-102,-34,-12.9408,
-100,-34,-2.25895,
-98,-34,3.18719,
-96,-34,5.35881,
-94,-34,5.55593,
-92,-34,3.85498,
-90,-34,-0.615555,
-88,-34,-9.94651,
-86,-34,-2.60108,
-84,-34,1.79914,
-82,-34,2.78176,
-80,-34,1.35292,
-78,-34,-1.65923,
-76,-34,-1.20259,
-74,-34,1.79448,
-72,-34,3.0926,
-70,-34,2.6471,
-68,-34,1.47602,
-66,-34,1.62214,
-64,-34,3.11476,
-62,-34,4.30602,
-60,-34,4.72117,
-58,-34,4.47052,
-56,-34,3.71754,
-54,-34,2.58765,
-52,-34,1.50943,
-50,-34,1.59397,
-48,-34,2.85297,
-46,-34,3.83629,
-44,-34,3.72468,
-42,-34,2.16686,
-40,-34,-1.4386,
-38,-34,-8.94543,
-36,-34,-16.7423,
-34,-34,-11.9273,
-32,-34,-9.86058,
-30,-34,-4.34279,
-28,-34,-1.83946,
-26,-34,-3.72874,
-24,-34,-7.53082,
-22,-34,0.364766,
-20,-34,4.29204,
-18,-34,4.66845,
-16,-34,1.40869,
-14,-34,-5.60962,
-12,-34,0.966793,
-10,-34,4.48079,
-8,-34,3.94505,
-6,-34,-2.12535,
-4,-34,-4.94562,
-2,-34,5.58137,
0,-34,9.33801,
2,-34,10.4464,
4,-34,9.53788,
6,-34,6.32557,
8,-34,-1.28285,
10,-34,-10.8001,
12,-34,0.297063,
14,-34,2.68955,
16,-34,3.03667,
18,-34,2.93446,
20,-34,2.52351,
22,-34,1.53247,
24,-34,0.971751,
26,-34,1.86876,
28,-34,2.78178,
30,-34,2.59148,
32,-34,0.992561,
34,-34,-1.98079,
36,-34,-3.12848,
38,-34,-0.664653,
40,-34,0.224136,
42,-34,-0.958085,
44,-34,0.506477,
46,-34,4.45463,
48,-34,6.80719,
50,-34,7.53276,
52,-34,7.17419,
54,-34,6.05979,
56,-34,4.03724,
58,-34,0.626284,
60,-34,-4.2626,
62,-34,-8.39676,
64,-34,-8.36996,
66,-34,-3.67697,
68,-34,0.673382,
70,-34,3.09089,
72,-34,3.70823,
74,-34,2.39958,
76,-34,-2.0717,
78,-34,-16.1227,
80,-34,-1.06539,
82,-34,4.20315,
84,-34,6.23588,
86,-34,6.21866,
88,-34,4.13779,
90,-34,-1.1989,
92,-34,-11.4126,
94,-34,-1.44309,
96,-34,2.20472,
98,-34,2.57939,
100,-34,0.417838,
102,-34,-3.96678,
104,-34,-3.56001,
106,-34,0.205358,
108,-34,1.90765,
110,-34,2.19139,
112,-34,2.14519,
114,-34,2.57267,
116,-34,3.30419,
118,-34,3.83924,
120,-34,3.97897,
122,-34,3.75811,
124,-34,3.27868,
126,-34,2.61208,
128,-34,2.18156,
130,-34,2.93647,
132,-34,4.39303,
134,-34,5.09094,
136,-34,4.31377,
138,-34,1.71028,
140,-34,-3.34089,
142,-34,-12.5777,
144,-34,-17.3567,
146,-34,-19.9609,
148,-34,-10.894,
150,-34,-3.35342,
152,-34,-0.90127,
154,-34,-2.823,
156,-34,-10.2198,
158,-34,-0.883144,
160,-34,3.83778,
162,-34,4.63193,
164,-34,1.89498,
166,-34,-6.34235,
168,-34,-1.87472,
170,-34,2.46479,
172,-34,1.94204,
174,-34,-4.75905,
176,-34,-2.56576,
178,-34,5.4919,
180,-34,8.67769,
-180,-32,5.98931,
-178,-32,7.25568,
-176,-32,6.21251,
-174,-32,2.60691,
-172,-32,-5.73237,
-170,-32,-8.24406,
-168,-32,-2.1661,
-166,-32,-1.47251,
-164,-32,-4.21272,
-162,-32,-11.9173,
-160,-32,-8.60411,
-158,-32,-2.34213,
-156,-32,0.39426,
-154,-32,1.72905,
-152,-32,2.77039,
-150,-32,3.53171,
-148,-32,3.15147,
-146,-32,0.69952,
-144,-32,-4.8707,
-142,-32,-11.1553,
-140,-32,-11.9297,
-138,-32,-5.14303,
-136,-32,2.77318,
-134,-32,7.02015,
-132,-32,8.90589,
-130,-32,9.08624,
-128,-32,7.95255,
-126,-32,5.78707,
-124,-32,2.71954,
-122,-32,-0.721737,
-120,-32,-1.26523,
-118,-32,0.91176,
-116,-32,2.65759,
-114,-32,3.984,
-112,-32,5.16856,
-110,-32,5.80293,
-108,-32,5.32593,
-106,-32,3.1733,
-104,-32,-1.84437,
-102,-32,-8.61883,
-100,-32,-0.902033,
-98,-32,3.10643,
-96,-32,4.53553,
-94,-32,4.36458,
-92,-32,3.45143,
-90,-32,3.53497,
-88,-32,5.08682,
-86,-32,6.36917,
-84,-32,6.37413,
-82,-32,4.59322,
-80,-32,-0.0437811,
-78,-32,-9.37089,
-76,-32,-1.87,
-74,-32,2.15479,
-72,-32,2.87799,
-70,-32,1.29686,
-68,-32,-2.54419,
-66,-32,-6.23379,
-64,-32,-3.04401,
-62,-32,0.180726,
-60,-32,2.00887,
-58,-32,3.01944,
-56,-32,3.53856,
-54,-32,3.75338,
-52,-32,3.96772,
-50,-32,4.48308,
-48,-32,5.10586,
-46,-32,5.3779,
-44,-32,5.14127,
-42,-32,4.48682,
-40,-32,3.27838,
-38,-32,0.965581,
-36,-32,-2.26196,
-34,-32,-1.47314,
-32,-32,1.87276,
-30,-32,3.62282,
-28,-32,3.45546,
-26,-32,0.947158,
-24,-32,-4.67937,
-22,-32,-2.23113,
-20,-32,2.57546,
-18,-32,3.93505,
-16,-32,2.66059,
-14,-32,0.693669,
-12,-32,2.8232,
-10,-32,5.23287,
-8,-32,5.19492,
-6,-32,1.66478,
-4,-32,-7.44867,
-2,-32,2.1896,
0,-32,6.95106,
2,-32,8.36814,
4,-32,7.45394,
6,-32,3.93868,
8,-32,-4.83089,
10,-32,-8.98476,
12,-32,-1.38502,
14,-32,-0.822935,
16,-32,-4.17323,
18,-32,-12.7981,
20,-32,-8.77991,
22,-32,-3.72187,
24,-32,-1.60497,
26,-32,-0.625913,
28,-32,-0.140422,
30,-32,-0.172635,
32,-32,-1.27889,
34,-32,-3.96869,
36,-32,-6.405,
38,-32,-6.1472,
40,-32,-9.85616,
42,-32,-10.6352,
44,-32,1.26118,
46,-32,6.26256,
48,-32,8.58862,
50,-32,9.2265,
52,-32,8.62248,
54,-32,6.99757,
56,-32,4.3327,
58,-32,0.691083,
60,-32,-1.15761,
62,-32,0.960721,
64,-32,2.91835,
66,-32,3.98334,
68,-32,4.62566,
70,-32,4.89136,
72,-32,4.3191,
74,-32,2.14007,
76,-32,-3.56065,
78,-32,-12.236,
80,-32,-0.0967592,
82,-32,4.18589,
84,-32,5.72222,
86,-32,5.49003,
88,-32,4.08769,
90,-32,3.25958,
92,-32,4.58878,
94,-32,6.08839,
96,-32,6.28126,
98,-32,4.64578,
100,-32,0.22823,
102,-32,-9.44094,
104,-32,-2.72608,
106,-32,1.70048,
108,-32,2.75095,
110,-32,1.66047,
112,-32,-1.41037,
114,-32,-5.6745,
116,-32,-4.47825,
118,-32,-0.724257,
120,-32,1.7384,
122,-32,3.33181,
124,-32,4.40135,
126,-32,5.0417,
128,-32,5.44209,
130,-32,5.89869,
132,-32,6.32424,
134,-32,6.27212,
136,-32,5.56744,
138,-32,4.60372,
140,-32,3.7917,
142,-32,2.64666,
144,-32,0.645867,
146,-32,-0.324173,
148,-32,1.70983,
150,-32,3.51325,
152,-32,3.55647,
154,-32,1.19092,
156,-32,-4.92983,
158,-32,-2.80246,
160,-32,2.8221,
162,-32,4.80306,
164,-32,4.44686,
166,-32,3.01672,
168,-32,3.11049,
170,-32,4.25617,
172,-32,3.73202,
174,-32,-0.519045,
176,-32,-14.2846,
178,-32,1.37813,
180,-32,5.98931,
-180,-30,-6.07213,
-178,-30,-2.21329,
-176,-30,-1.60788,
-174,-30,-2.93279,
-172,-30,-4.96035,
-170,-30,-5.40214,
-168,-30,-3.54235,
-166,-30,-0.840265,
-164,-30,1.65283,
-162,-30,3.36416,
-160,-30,4.00462,
-158,-30,3.37444,
-156,-30,1.31413,
-154,-30,-1.57513,
-152,-30,-2.34326,
-150,-30,-1.81958,
-148,-30,-3.30453,
-146,-30,-4.03595,
-144,-30,0.626854,
-142,-30,3.69281,
-140,-30,4.12827,
-138,-30,2.06893,
-136,-30,-0.457783,
-134,-30,2.26448,
-132,-30,5.08222,
-130,-30,5.94501,
-128,-30,5.22352,
-126,-30,3.21668,
-124,-30,-0.120817,
-122,-30,-4.2758,
-120,-30,-2.55153,
-118,-30,1.52548,
-116,-30,3.81124,
-114,-30,4.6946,
-112,-30,4.65223,
-110,-30,3.92598,
-108,-30,2.45053,
-106,-30,0.00695796,
-104,-30,-2.87421,
-102,-30,-3.43003,
-100,-30,-2.13022,
-98,-30,-1.34872,
-96,-30,0.112615,
-94,-30,3.46012,
-92,-30,6.86978,
-90,-30,9.28738,
-88,-30,10.5926,
-86,-30,10.7944,
-84,-30,9.81669,
-82,-30,7.38211,
-80,-30,2.64233,
-78,-30,-8.4959,
-76,-30,-5.69686,
-74,-30,0.272606,
-72,-30,1.77992,
-70,-30,1.31364,
-68,-30,-0.339461,
-66,-30,-2.37278,
-64,-30,-3.59114,
-62,-30,-3.56358,
-60,-30,-2.75702,
-58,-30,-1.28724,
-56,-30,0.542097,
-54,-30,2.22393,
-52,-30,3.51393,
-50,-30,4.28699,
-48,-30,4.39176,
-46,-30,3.88434,
-44,-30,3.48405,
-42,-30,3.94394,
-40,-30,4.39094,
-38,-30,3.4888,
-36,-30,0.472003,
-34,-30,-1.65957,
-32,-30,2.37691,
-30,-30,5.30012,
-28,-30,6.03183,
-26,-30,4.66873,
-24,-30,0.527976,
-22,-30,-6.22041,
-20,-30,-0.0632779,
-18,-30,4.16262,
-16,-30,5.7908,
-14,-30,6.06415,
-12,-30,5.8249,
-10,-30,5.53284,
-8,-30,4.84185,
-6,-30,2.8927,
-4,-30,-1.59208,
-2,-30,-10.2188,
0,-30,-4.65246,
2,-30,-0.976502,
4,-30,-0.821622,
6,-30,-3.15064,
8,-30,-6.01281,
10,-30,-4.07328,
12,-30,-0.947323,
14,-30,1.16481,
16,-30,2.50075,
18,-30,3.09961,
20,-30,2.78287,
22,-30,1.31494,
24,-30,-1.56149,
26,-30,-5.73383,
28,-30,-8.44558,
30,-30,-7.77506,
32,-30,-5.0289,
34,-30,-0.475529,
36,-30,3.08558,
38,-30,4.77388,
40,-30,4.41184,
42,-30,1.6323,
44,-30,-1.98966,
46,-30,1.61608,
48,-30,5.10022,
50,-30,6.40257,
52,-30,6.10433,
54,-30,4.51041,
56,-30,1.56836,
58,-30,-2.79471,
60,-30,-3.61231,
62,-30,0.33351,
64,-30,2.82489,
66,-30,3.74623,
68,-30,3.5585,
70,-30,2.53172,
72,-30,0.629512,
74,-30,-2.58459,
76,-30,-6.97796,
78,-30,-5.83408,
80,-30,-1.89786,
82,-30,0.442657,
84,-30,2.0792,
86,-30,4.13331,
88,-30,6.60452,
90,-30,8.7332,
92,-30,10.0566,
94,-30,10.4009,
96,-30,9.63767,
98,-30,7.51375,
100,-30,3.33664,
102,-30,-5.92536,
104,-30,-8.86281,
106,-30,-0.56485,
108,-30,1.68392,
110,-30,1.73347,
112,-30,0.524776,
114,-30,-1.06494,
116,-30,-1.96876,
118,-30,-2.16732,
120,-30,-2.00157,
122,-30,-0.783039,
124,-30,1.31227,
126,-30,3.21402,
128,-30,4.55056,
130,-30,5.31596,
132,-30,5.40681,
134,-30,4.75408,
136,-30,3.96337,
138,-30,4.30629,
140,-30,5.24864,
142,-30,5.2199,
144,-30,3.60848,
146,-30,1.60539,
148,-30,2.89795,
150,-30,5.15533,
152,-30,5.7867,
154,-30,4.29178,
156,-30,-0.345904,
158,-30,-6.35203,
160,-30,1.51449,
162,-30,5.6135,
164,-30,7.25796,
166,-30,7.48557,
168,-30,6.87604,
170,-30,5.84853,
172,-30,4.42444,
174,-30,2.01908,
176,-30,-2.62985,
178,-30,-11.1613,
180,-30,-6.07213,
-180,-28,-4.00776,
-178,-28,-7.04014,
-176,-28,-12.3936,
-174,-28,-14.7612,
-172,-28,-5.93289,
-170,-28,-0.0537964,
-168,-28,3.92044,
-166,-28,6.58285,
-164,-28,8.15558,
-162,-28,8.71025,
-160,-28,8.22205,
-158,-28,6.58443,
-156,-28,3.65288,
-154,-28,-0.456191,
-152,-28,-4.53176,
-150,-28,-6.55082,
-148,-28,-1.99312,
-146,-28,3.80271,
-144,-28,7.49065,
-142,-28,9.31098,
-140,-28,9.47421,
-138,-28,7.91066,
-136,-28,4.0517,
-134,-28,-4.86916,
-132,-28,-8.10541,
-130,-28,0.232424,
-128,-28,2.82319,
-126,-28,3.46057,
-124,-28,2.73326,
-122,-28,0.508121,
-120,-28,-2.9016,
-118,-28,-2.86377,
-116,-28,0.242957,
-114,-28,2.06928,
-112,-28,2.48677,
-110,-28,1.92858,
-108,-28,0.823207,
-106,-28,-0.438439,
-104,-28,-1.65946,
-102,-28,-3.17931,
-100,-28,-6.35691,
-98,-28,-15.3244,
-96,-28,-5.92666,
-94,-28,1.44798,
-92,-28,5.51063,
-90,-28,7.85647,
-88,-28,8.96964,
-86,-28,9.02649,
-84,-28,8.05883,
-82,-28,5.97407,
-80,-28,2.46789,
-78,-28,-3.41658,
-76,-28,-16.0898,
-74,-28,-9.11431,
-72,-28,-3.61997,
-70,-28,-0.707026,
-68,-28,1.43471,
-66,-28,3.09057,
-64,-28,4.16573,
-62,-28,4.58673,
-60,-28,4.44915,
-58,-28,4.09416,
-56,-28,4.00224,
-54,-28,4.30704,
-52,-28,4.57189,
-50,-28,4.14616,
-48,-28,2.24016,
-46,-28,-2.67753,
-44,-28,-6.68146,
-42,-28,1.05528,
-40,-28,4.56028,
-38,-28,5.16744,
-36,-28,3.00532,
-34,-28,-4.35342,
-32,-28,-7.36152,
-30,-28,2.07189,
-28,-28,4.93154,
-26,-28,5.07966,
-24,-28,2.91896,
-22,-28,-2.64675,
-20,-28,-11.4149,
-18,-28,-2.03124,
-16,-28,1.65106,
-14,-28,2.62853,
-12,-28,1.98244,
-10,-28,0.260493,
-8,-28,-1.7677,
-6,-28,-3.19383,
-4,-28,-4.17293,
-2,-28,-5.53078,
0,-28,-7.56185,
2,-28,-10.4155,
4,-28,-15.7343,
6,-28,-13.0637,
8,-28,-4.13953,
10,-28,1.27864,
12,-28,4.80246,
14,-28,7.02009,
16,-28,8.16194,
18,-28,8.30821,
20,-28,7.44676,
22,-28,5.47937,
24,-28,2.17801,
26,-28,-3.11177,
28,-28,-13.8962,
30,-28,-6.62729,
32,-28,1.37079,
34,-28,5.99299,
36,-28,8.77352,
38,-28,10.0858,
40,-28,10.0107,
42,-28,8.42301,
44,-28,4.82579,
46,-28,-2.6846,
48,-28,-9.94248,
50,-28,-0.778589,
52,-28,2.15577,
54,-28,2.99414,
56,-28,2.54824,
58,-28,0.774393,
60,-28,-2.75863,
62,-28,-7.34269,
64,-28,-6.03775,
66,-28,-3.18296,
68,-28,-2.16076,
70,-28,-2.43281,
72,-28,-3.33465,
74,-28,-4.27272,
76,-28,-5.01875,
78,-28,-6.08705,
80,-28,-9.04557,
82,-28,-20.0478,
84,-28,-7.7971,
86,-28,-0.0971658,
88,-28,4.18411,
90,-28,6.75029,
92,-28,8.10098,
94,-28,8.42483,
96,-28,7.77164,
98,-28,6.08588,
100,-28,3.17838,
102,-28,-1.33271,
104,-28,-7.12024,
106,-28,-7.22089,
108,-28,-4.08807,
110,-28,-1.6159,
112,-28,0.779108,
114,-28,2.89184,
116,-28,4.26399,
118,-28,4.72423,
120,-28,4.38472,
122,-28,3.69896,
124,-28,3.42289,
126,-28,3.8604,
128,-28,4.44379,
130,-28,4.43162,
132,-28,3.09345,
134,-28,-0.860189,
136,-28,-8.21016,
138,-28,-0.334847,
140,-28,4.14656,
142,-28,5.34122,
144,-28,3.88316,
146,-28,-1.043,
148,-28,-4.93129,
150,-28,1.6073,
152,-28,4.39599,
154,-28,4.42866,
156,-28,1.88797,
158,-28,-5.03951,
160,-28,-8.47778,
162,-28,0.0100564,
164,-28,3.06471,
166,-28,3.79019,
168,-28,2.96459,
170,-28,1.00035,
172,-28,-1.21362,
174,-28,-2.13136,
176,-28,-2.03423,
178,-28,-2.44122,
180,-28,-4.00776,
-180,-26,-5.31721,
-178,-26,-3.33635,
-176,-26,-3.55401,
-174,-26,-7.41031,
-172,-26,-18.6144,
-170,-26,-2.95494,
-168,-26,2.98281,
-166,-26,6.12771,
-164,-26,7.68709,
-162,-26,8.04347,
-160,-26,7.37338,
-158,-26,5.88082,
-156,-26,3.99592,
-154,-26,2.10655,
-152,-26,-0.670913,
-150,-26,-8.4985,
-148,-26,-5.06054,
-146,-26,3.69817,
-144,-26,7.67354,
-142,-26,9.42817,
-140,-26,9.5252,
-138,-26,7.99162,
-136,-26,4.36882,
-134,-26,-2.69551,
-132,-26,-2.83673,
-130,-26,2.94001,
-128,-26,5.6653,
-126,-26,6.8197,
-124,-26,6.95379,
-122,-26,6.25512,
-120,-26,4.89975,
-118,-26,3.35645,
-116,-26,2.34353,
-114,-26,1.88956,
-112,-26,1.25696,
-110,-26,0.0140155,
-108,-26,-1.52362,
-106,-26,-2.27445,
-104,-26,-1.73683,
-102,-26,-0.752945,
-100,-26,0.0406072,
-98,-26,0.4749,
-96,-26,0.486262,
-94,-26,0.0119544,
-92,-26,-0.982618,
-90,-26,-2.45693,
-88,-26,-4.22985,
-86,-26,-5.89755,
-84,-26,-6.89286,
-82,-26,-6.89276,
-80,-26,-6.17344,
-78,-26,-5.43038,
-76,-26,-5.45587,
-74,-26,-7.19737,
-72,-26,-12.3057,
-70,-26,-10.436,
-68,-26,-2.89235,
-66,-26,1.30852,
-64,-26,3.67547,
-62,-26,4.90627,
-60,-26,5.46318,
-58,-26,5.77012,
-56,-26,6.11406,
-54,-26,6.45529,
-52,-26,6.47259,
-50,-26,5.72097,
-48,-26,3.60082,
-46,-26,-0.625166,
-44,-26,-1.57637,
-42,-26,3.78491,
-40,-26,6.95058,
-38,-26,8.00363,
-36,-26,7.17616,
-34,-26,4.0696,
-32,-26,-3.08278,
-30,-26,-3.88236,
-28,-26,2.53352,
-26,-26,4.92193,
-24,-26,5.23323,
-22,-26,4.1425,
-20,-26,1.96869,
-18,-26,-1.04777,
-16,-26,-4.66919,
-14,-26,-8.229,
-12,-26,-8.8768,
-10,-26,-6.62618,
-8,-26,-4.87886,
-6,-26,-4.37966,
-4,-26,-4.85063,
-2,-26,-5.45009,
0,-26,-5.38882,
2,-26,-5.4629,
4,-26,-7.44141,
6,-26,-13.5618,
8,-26,-7.13769,
10,-26,0.0268912,
12,-26,4.04847,
14,-26,6.34717,
16,-26,7.42718,
18,-26,7.51756,
20,-26,6.77779,
22,-26,5.40623,
24,-26,3.61891,
26,-26,1.2186,
28,-26,-3.53838,
30,-26,-20.7846,
32,-26,-0.329914,
34,-26,5.78256,
36,-26,8.90081,
38,-26,10.2908,
40,-26,10.2744,
42,-26,8.83654,
44,-26,5.61251,
46,-26,-0.586276,
48,-26,-5.52287,
50,-26,1.21125,
52,-26,4.63983,
54,-26,6.22935,
56,-26,6.74887,
58,-26,6.43224,
60,-26,5.35149,
62,-26,3.60643,
64,-26,1.46142,
66,-26,-0.694085,
68,-26,-2.79053,
70,-26,-5.27442,
72,-26,-8.06024,
74,-26,-8.22689,
76,-26,-5.38812,
78,-26,-2.80342,
80,-26,-1.12625,
82,-26,-0.290276,
84,-26,-0.251611,
86,-26,-1.01872,
88,-26,-2.60788,
90,-26,-4.9861,
92,-26,-8.02788,
94,-26,-11.547,
96,-26,-13.4581,
98,-26,-9.37021,
100,-26,-4.79643,
102,-26,-1.83277,
104,-26,-0.436952,
106,-26,-0.665539,
108,-26,-2.95476,
110,-26,-7.71954,
112,-26,-5.56555,
114,-26,-0.133856,
116,-26,2.85419,
118,-26,4.30168,
120,-26,4.89516,
122,-26,5.20775,
124,-26,5.63065,
126,-26,6.15453,
128,-26,6.45976,
130,-26,6.13666,
132,-26,4.70151,
134,-26,1.56935,
136,-26,-1.39406,
138,-26,2.34515,
140,-26,5.84438,
142,-26,7.18549,
144,-26,6.51511,
146,-26,3.38012,
148,-26,-5.17032,
150,-26,-6.60734,
152,-26,1.70996,
154,-26,4.24839,
156,-26,4.5351,
158,-26,3.43457,
160,-26,1.4898,
162,-26,-0.729771,
164,-26,-2.95493,
166,-26,-5.5418,
168,-26,-8.44337,
170,-26,-9.42672,
172,-26,-8.51594,
174,-26,-8.56091,
176,-26,-9.69453,
178,-26,-8.56107,
180,-26,-5.31721,
-180,-24,5.63046,
-178,-24,5.26187,
-176,-24,3.87881,
-174,-24,1.08152,
-172,-24,-3.69103,
-170,-24,-5.40561,
-168,-24,-0.807269,
-166,-24,1.91066,
-164,-24,2.68086,
-162,-24,1.8562,
-160,-24,-0.199835,
-158,-24,-1.76128,
-156,-24,-0.903976,
-154,-24,-0.0765534,
-152,-24,-1.23983,
-150,-24,-4.55255,
-148,-24,-2.01331,
-146,-24,3.33214,
-144,-24,6.3896,
-142,-24,7.61191,
-140,-24,7.25336,
-138,-24,5.17441,
-136,-24,0.538177,
-134,-24,-8.75619,
-132,-24,-2.57823,
-130,-24,2.42246,
-128,-24,4.6551,
-126,-24,5.58358,
-124,-24,5.69344,
-122,-24,5.11834,
-120,-24,3.83802,
-118,-24,1.77509,
-116,-24,-1.19442,
-114,-24,-5.25869,
-112,-24,-8.73634,
-110,-24,-5.49427,
-108,-24,-1.27451,
-106,-24,1.46372,
-104,-24,2.98202,
-102,-24,3.615,
-100,-24,3.84522,
-98,-24,4.43041,
-96,-24,5.82374,
-94,-24,7.58741,
-92,-24,9.11943,
-90,-24,10.1437,
-88,-24,10.5845,
-86,-24,10.4288,
-84,-24,9.67748,
-82,-24,8.34693,
-80,-24,6.50476,
-78,-24,4.32831,
-76,-24,2.07425,
-74,-24,-0.239263,
-72,-24,-3.17285,
-70,-24,-7.60041,
-68,-24,-10.2487,
-66,-24,-5.90073,
-64,-24,-2.42605,
-62,-24,-0.151942,
-60,-24,1.67835,
-58,-24,3.33237,
-56,-24,4.6902,
-54,-24,5.54252,
-52,-24,5.70119,
-50,-24,4.93759,
-48,-24,2.92206,
-46,-24,-0.0905748,
-44,-24,0.729228,
-42,-24,4.81912,
-40,-24,7.5824,
-38,-24,8.75335,
-36,-24,8.43465,
-34,-24,6.43022,
-32,-24,1.80123,
-30,-24,-9.56312,
-28,-24,-1.70482,
-26,-24,3.71678,
-24,-24,5.94133,
-22,-24,6.73572,
-20,-24,6.7145,
-18,-24,6.13318,
-16,-24,5.02924,
-14,-24,3.35022,
-12,-24,1.32981,
-10,-24,0.31576,
-8,-24,1.49355,
-6,-24,3.34386,
-4,-24,4.66825,
-2,-24,5.24469,
0,-24,5.06105,
2,-24,4.0472,
4,-24,1.95479,
6,-24,-1.9007,
8,-24,-9.67551,
10,-24,-9.98926,
12,-24,-3.26678,
14,-24,-0.621873,
16,-24,0.0102755,
18,-24,-0.452342,
20,-24,-0.73741,
22,-24,0.170258,
24,-24,1.2591,
26,-24,1.24588,
28,-24,-0.539984,
30,-24,-3.17021,
32,-24,-0.0785683,
34,-24,4.39186,
36,-24,7.03223,
38,-24,8.08117,
40,-24,7.69799,
42,-24,5.73931,
44,-24,1.45163,
46,-24,-9.17499,
48,-24,-5.9869,
50,-24,0.935763,
52,-24,3.69427,
54,-24,4.92821,
56,-24,5.33127,
58,-24,5.1038,
60,-24,4.2339,
62,-24,2.61412,
64,-24,0.051383,
66,-24,-3.86328,
68,-24,-9.5457,
70,-24,-9.29065,
72,-24,-4.11291,
74,-24,-0.852258,
76,-24,1.06509,
78,-24,2.23487,
80,-24,3.23336,
82,-24,4.56645,
84,-24,6.27521,
86,-24,7.98912,
88,-24,9.37362,
90,-24,10.2692,
92,-24,10.6202,
94,-24,10.4133,
96,-24,9.66293,
98,-24,8.43351,
100,-24,6.88915,
102,-24,5.29486,
104,-24,3.79794,
106,-24,2.11163,
108,-24,-0.476708,
110,-24,-5.19419,
112,-24,-13.6759,
114,-24,-7.61616,
116,-24,-2.4528,
118,-24,0.389919,
120,-24,2.37929,
122,-24,3.9752,
124,-24,5.20909,
126,-24,5.99563,
128,-24,6.23466,
130,-24,5.77276,
132,-24,4.3742,
134,-24,2.02527,
136,-24,1.00723,
138,-24,3.76605,
140,-24,6.53546,
142,-24,7.86968,
144,-24,7.67644,
146,-24,5.72765,
148,-24,0.980474,
150,-24,-15.3752,
152,-24,-2.5635,
154,-24,3.20586,
156,-24,5.56375,
158,-24,6.56504,
160,-24,6.87748,
162,-24,6.72939,
164,-24,6.07459,
166,-24,4.73031,
168,-24,2.54566,
170,-24,-0.0267943,
172,-24,-0.517532,
174,-24,1.65774,
176,-24,3.81426,
178,-24,5.14331,
180,-24,5.63046,
-180,-22,5.37631,
-178,-22,4.89722,
-176,-22,3.45938,
-174,-22,1.56532,
-172,-22,0.920505,
-170,-22,2.30326,
-168,-22,3.86036,
-166,-22,4.56031,
-164,-22,4.18901,
-162,-22,2.6314,
-160,-22,-0.373685,
-158,-22,-5.54228,
-156,-22,-14.9524,
-154,-22,-10.7554,
-152,-22,-3.62413,
-150,-22,1.16209,
-148,-22,4.61959,
-146,-22,6.94827,
-144,-22,8.25548,
-142,-22,8.62007,
-140,-22,8.10972,
-138,-22,6.84225,
-136,-22,5.13734,
-134,-22,3.64107,
-132,-22,2.78814,
-130,-22,2.09379,
-128,-22,0.818213,
-126,-22,-1.44295,
-124,-22,-4.73334,
-122,-22,-8.25178,
-120,-22,-9.84839,
-118,-22,-9.07855,
-116,-22,-6.84452,
-114,-22,-3.88234,
-112,-22,-1.05399,
-110,-22,1.26788,
-108,-22,3.01109,
-106,-22,4.16387,
-104,-22,4.73353,
-102,-22,4.8176,
-100,-22,4.77804,
-98,-22,5.32238,
-96,-22,6.81295,
-94,-22,8.70403,
-92,-22,10.3715,
-90,-22,11.5558,
-88,-22,12.203,
-86,-22,12.3267,
-84,-22,11.9587,
-82,-22,11.138,
-80,-22,9.90958,
-78,-22,8.32274,
-76,-22,6.42017,
-74,-22,4.21637,
-72,-22,1.66189,
-70,-22,-1.44135,
-68,-22,-5.67131,
-66,-22,-11.2125,
-64,-22,-7.57542,
-62,-22,-1.88006,
-60,-22,1.71319,
-58,-22,3.93519,
-56,-22,5.15185,
-54,-22,5.52158,
-52,-22,5.06352,
-50,-22,3.60572,
-48,-22,0.57195,
-46,-22,-5.48139,
-44,-22,-5.01992,
-42,-22,1.78703,
-40,-22,5.35927,
-38,-22,7.01231,
-36,-22,7.20511,
-34,-22,5.94243,
-32,-22,2.75651,
-30,-22,-4.47812,
-28,-22,-12.3406,
-26,-22,-0.908413,
-24,-22,2.74969,
-22,-22,4.19228,
-20,-22,4.48811,
-18,-22,4.03876,
-16,-22,2.92837,
-14,-22,0.912269,
-12,-22,-2.75159,
-10,-22,-9.08591,
-8,-22,-6.00483,
-6,-22,-0.339777,
-4,-22,2.66576,
-2,-22,4.06381,
0,-22,4.25373,
2,-22,3.32632,
4,-22,1.21055,
6,-22,-2.01153,
8,-22,-4.11846,
10,-22,-2.35196,
12,-22,-0.392378,
14,-22,0.155742,
16,-22,-0.88813,
18,-22,-3.93398,
20,-22,-10.3918,
22,-22,-13.3144,
24,-22,-6.59571,
26,-22,-3.14967,
28,-22,-0.526979,
30,-22,2.24474,
32,-22,4.83598,
34,-22,6.77431,
36,-22,7.87578,
38,-22,8.10468,
40,-22,7.4762,
42,-22,6.08214,
44,-22,4.26764,
46,-22,2.80969,
48,-22,2.17725,
50,-22,1.65562,
52,-22,0.32175,
54,-22,-2.4308,
56,-22,-6.91281,
58,-22,-9.15104,
60,-22,-5.69337,
62,-22,-3.00955,
64,-22,-1.43534,
66,-22,-0.344493,
68,-22,0.63355,
70,-22,1.5854,
72,-22,2.42353,
74,-22,3.02539,
76,-22,3.33416,
78,-22,3.46733,
80,-22,3.83764,
82,-22,4.94728,
84,-22,6.72476,
86,-22,8.60939,
88,-22,10.1885,
90,-22,11.3071,
92,-22,11.9382,
94,-22,12.1001,
96,-22,11.8271,
98,-22,11.1576,
100,-22,10.1255,
102,-22,8.74487,
104,-22,6.98841,
106,-22,4.76649,
108,-22,1.9025,
110,-22,-1.91939,
112,-22,-6.90168,
114,-22,-7.95349,
116,-22,-3.06628,
118,-22,0.842856,
120,-22,3.49589,
122,-22,5.17968,
124,-22,6.05381,
126,-22,6.21248,
128,-22,5.69015,
130,-22,4.40513,
132,-22,2.05222,
134,-22,-1.81468,
136,-22,-3.61088,
138,-22,1.01717,
140,-22,4.59326,
142,-22,6.4046,
144,-22,6.75443,
146,-22,5.66188,
148,-22,2.75349,
150,-22,-3.45685,
152,-22,-11.3097,
154,-22,-1.91107,
156,-22,1.93108,
158,-22,3.61164,
160,-22,4.27101,
162,-22,4.33047,
164,-22,3.81986,
166,-22,2.44398,
168,-22,-0.515948,
170,-22,-7.37863,
172,-22,-11.3789,
174,-22,-1.3466,
176,-22,2.79092,
178,-22,4.75988,
180,-22,5.37631,
-180,-20,1.73073,
-178,-20,1.6173,
-176,-20,1.98916,
-174,-20,2.78717,
-172,-20,3.70693,
-170,-20,4.42058,
-168,-20,4.71319,
-166,-20,4.46789,
-164,-20,3.61669,
-162,-20,2.10979,
-160,-20,-0.0616408,
-158,-20,-2.51973,
-156,-20,-3.18509,
-154,-20,-0.597545,
-152,-20,2.65272,
-150,-20,5.28622,
-148,-20,7.16602,
-146,-20,8.32622,
-144,-20,8.80902,
-142,-20,8.66092,
-140,-20,7.96144,
-138,-20,6.872,
-136,-20,5.66193,
-134,-20,4.5735,
-132,-20,3.53989,
-130,-20,2.16838,
-128,-20,0.0172265,
-126,-20,-3.00853,
-124,-20,-4.9617,
-122,-20,-3.22681,
-120,-20,-0.931572,
-118,-20,0.433335,
-116,-20,0.983718,
-114,-20,1.03202,
-112,-20,0.916619,
-110,-20,0.95395,
-108,-20,1.32435,
-106,-20,1.9952,
-104,-20,2.80351,
-102,-20,3.60026,
-100,-20,4.32262,
-98,-20,4.98909,
-96,-20,5.65086,
-94,-20,6.329,
-92,-20,6.98143,
-90,-20,7.52352,
-88,-20,7.8716,
-86,-20,7.97013,
-84,-20,7.79761,
-82,-20,7.36317,
-80,-20,6.70123,
-78,-20,5.85997,
-76,-20,4.86884,
-74,-20,3.67466,
-72,-20,2.0551,
-70,-20,-0.518209,
-68,-20,-5.43162,
-66,-20,-15.9277,
-64,-20,-4.86113,
-62,-20,0.873911,
-60,-20,3.89502,
-58,-20,5.49003,
-56,-20,6.07785,
-54,-20,5.83189,
-52,-20,4.8077,
-50,-20,2.92754,
-48,-20,-0.197789,
-46,-20,-6.08041,
-44,-20,-17.1235,
-42,-20,-4.39144,
-40,-20,0.638993,
-38,-20,3.05244,
-36,-20,3.91699,
-34,-20,3.47795,
-32,-20,1.64579,
-30,-20,-2.08667,
-28,-20,-9.61395,
-26,-20,-17.0383,
-24,-20,-8.74808,
-22,-20,-7.25272,
-20,-20,-9.37447,
-18,-20,-12.2505,
-16,-20,-6.8842,
-14,-20,-2.25398,
-12,-20,0.401805,
-10,-20,1.78611,
-8,-20,2.29669,
-6,-20,2.18709,
-4,-20,1.66501,
-2,-20,0.947841,
0,-20,0.309459,
2,-20,0.0747414,
4,-20,0.427601,
6,-20,1.18441,
8,-20,1.9422,
10,-20,2.35945,
12,-20,2.21498,
14,-20,1.33689,
16,-20,-0.494009,
18,-20,-3.69505,
20,-20,-8.96045,
22,-20,-10.2824,
24,-20,-4.2506,
26,-20,0.0665411,
28,-20,3.11969,
30,-20,5.35933,
32,-20,6.93019,
34,-20,7.87239,
36,-20,8.20285,
38,-20,7.9544,
40,-20,7.21998,
42,-20,6.21701,
44,-20,5.28994,
46,-20,4.6579,
48,-20,4.11328,
50,-20,3.19793,
52,-20,1.53167,
54,-20,-0.949302,
56,-20,-2.97681,
58,-20,-2.04767,
60,-20,0.130089,
62,-20,1.68275,
64,-20,2.44728,
66,-20,2.61696,
68,-20,2.41863,
70,-20,2.07709,
72,-20,1.79415,
74,-20,1.71126,
76,-20,1.88393,
78,-20,2.30045,
80,-20,2.92917,
82,-20,3.74223,
84,-20,4.69592,
86,-20,5.70677,
88,-20,6.66316,
90,-20,7.4587,
92,-20,8.01399,
94,-20,8.27838,
96,-20,8.22257,
98,-20,7.83175,
100,-20,7.10365,
102,-20,6.05047,
104,-20,4.69499,
106,-20,3.03473,
108,-20,0.938824,
110,-20,-2.03696,
112,-20,-6.72695,
114,-20,-8.21003,
116,-20,-2.19118,
118,-20,1.96147,
120,-20,4.43401,
122,-20,5.74122,
124,-20,6.12197,
126,-20,5.69092,
128,-20,4.49185,
130,-20,2.4757,
132,-20,-0.637842,
134,-20,-5.65173,
136,-20,-9.32125,
138,-20,-3.24262,
140,-20,0.991658,
142,-20,3.27444,
144,-20,4.1728,
146,-20,3.86138,
148,-20,2.28987,
150,-20,-0.847084,
152,-20,-6.46035,
154,-20,-17.7491,
156,-20,-16.1472,
158,-20,-14.4038,
160,-20,-17.4733,
162,-20,-9.54517,
164,-20,-3.42071,
166,-20,0.101005,
168,-20,2.11224,
170,-20,3.11269,
172,-20,3.39659,
174,-20,3.1933,
176,-20,2.7158,
178,-20,2.16484,
180,-20,1.73073,
-180,-18,8.98071,
-178,-18,8.52678,
-176,-18,7.88055,
-174,-18,7.02315,
-172,-18,5.91167,
-170,-18,4.4871,
-168,-18,2.69551,
-166,-18,0.555017,
-164,-18,-1.62997,
-162,-18,-2.92385,
-160,-18,-2.47427,
-158,-18,-0.900033,
-156,-18,0.923201,
-154,-18,2.64356,
-152,-18,4.11146,
-150,-18,5.21116,
-148,-18,5.84336,
-146,-18,5.92383,
-144,-18,5.37079,
-142,-18,4.08598,
-140,-18,1.93173,
-138,-18,-1.29198,
-136,-18,-5.81843,
-134,-18,-11.4912,
-132,-18,-17.0867,
-130,-18,-21.9586,
-128,-18,-12.2855,
-126,-18,-5.47164,
-124,-18,-1.32037,
-122,-18,1.28177,
-120,-18,2.81017,
-118,-18,3.51315,
-116,-18,3.54375,
-114,-18,3.01166,
-112,-18,2.00761,
-110,-18,0.628192,
-108,-18,-0.929875,
-106,-18,-2.06492,
-104,-18,-1.70418,
-102,-18,0.179852,
-100,-18,2.45106,
-98,-18,4.43612,
-96,-18,5.96313,
-94,-18,7.01946,
-92,-18,7.62233,
-90,-18,7.78431,
-88,-18,7.50471,
-86,-18,6.76785,
-84,-18,5.545,
-82,-18,3.80396,
-80,-18,1.5391,
-78,-18,-1.15594,
-76,-18,-4.00543,
-74,-18,-6.65952,
-72,-18,-8.36245,
-70,-18,-6.43141,
-68,-18,-2.13018,
-66,-18,1.61119,
-64,-18,4.34387,
-62,-18,6.17024,
-60,-18,7.19612,
-58,-18,7.47975,
-56,-18,7.03602,
-54,-18,5.84029,
-52,-18,3.8248,
-50,-18,0.86174,
-48,-18,-3.2953,
-46,-18,-9.25144,
-44,-18,-17.6735,
-42,-18,-13.5785,
-40,-18,-8.03682,
-38,-18,-4.78171,
-36,-18,-2.9946,
-34,-18,-2.4439,
-32,-18,-3.10987,
-30,-18,-5.13658,
-28,-18,-8.88176,
-26,-18,-14.266,
-24,-18,-14.592,
-22,-18,-10.7854,
-20,-18,-7.29183,
-18,-18,-3.59441,
-16,-18,-0.0765016,
-14,-18,2.84827,
-12,-18,5.10799,
-10,-18,6.76959,
-8,-18,7.92483,
-6,-18,8.65908,
-4,-18,9.04541,
-2,-18,9.14308,
0,-18,8.99511,
2,-18,8.62437,
4,-18,8.03006,
6,-18,7.18677,
8,-18,6.04773,
10,-18,4.55644,
12,-18,2.68562,
14,-18,0.577828,
16,-18,-1.09531,
18,-18,-1.23792,
20,-18,5.52082e-05,
22,-18,1.56218,
24,-18,2.9598,
26,-18,4.11189,
28,-18,5.00796,
30,-18,5.60342,
32,-18,5.81631,
34,-18,5.5442,
36,-18,4.67036,
38,-18,3.05702,
40,-18,0.550816,
42,-18,-2.84612,
44,-18,-5.98081,
46,-18,-6.58805,
48,-18,-6.52723,
50,-18,-8.44908,
52,-18,-15.2049,
54,-18,-12.946,
56,-18,-4.6382,
58,-18,-0.461443,
60,-18,1.90501,
62,-18,3.17184,
64,-18,3.66192,
66,-18,3.57552,
68,-18,3.07473,
70,-18,2.31575,
72,-18,1.46724,
74,-18,0.753969,
76,-18,0.521585,
78,-18,1.10752,
80,-18,2.44165,
82,-18,4.0723,
84,-18,5.60311,
86,-18,6.8374,
88,-18,7.70108,
90,-18,8.16851,
92,-18,8.22647,
94,-18,7.85947,
96,-18,7.04476,
98,-18,5.75284,
100,-18,3.95483,
102,-18,1.64464,
104,-18,-1.09492,
106,-18,-3.84137,
108,-18,-5.09013,
110,-18,-3.30074,
112,-18,-0.133146,
114,-18,2.78883,
116,-18,5.05447,
118,-18,6.61325,
120,-18,7.47594,
122,-18,7.6485,
124,-18,7.11446,
126,-18,5.82472,
128,-18,3.68104,
130,-18,0.493702,
132,-18,-4.16394,
134,-18,-11.6304,
136,-18,-18.7591,
138,-18,-10.127,
140,-18,-5.54969,
142,-18,-2.79595,
144,-18,-1.25274,
146,-18,-0.788581,
148,-18,-1.41303,
150,-18,-3.2453,
152,-18,-6.51593,
154,-18,-10.8292,
156,-18,-10.9707,
158,-18,-7.27673,
160,-18,-3.9277,
162,-18,-0.898703,
164,-18,1.86619,
166,-18,4.22754,
168,-18,6.10392,
170,-18,7.4971,
172,-18,8.4501,
174,-18,9.0195,
176,-18,9.26346,
178,-18,9.23577,
180,-18,8.98071,
-180,-16,6.86307,
-178,-16,5.8242,
-176,-16,4.26008,
-174,-16,2.02284,
-172,-16,-1.10367,
-170,-16,-4.99242,
-168,-16,-6.40326,
-166,-16,-3.58851,
-164,-16,-0.908068,
-162,-16,0.8134,
-160,-16,1.79261,
-158,-16,2.24373,
-156,-16,2.33444,
-154,-16,2.20279,
-152,-16,1.95428,
-150,-16,1.65653,
-148,-16,1.36751,
-146,-16,1.20234,
-144,-16,1.35783,
-142,-16,1.97092,
-140,-16,2.92946,
-138,-16,3.95159,
-136,-16,4.80455,
-134,-16,5.38829,
-132,-16,5.72042,
-130,-16,5.90963,
-128,-16,6.11447,
-126,-16,6.4548,
-124,-16,6.92092,
-122,-16,7.3853,
-120,-16,7.69694,
-118,-16,7.74732,
-116,-16,7.48033,
-114,-16,6.87935,
-112,-16,5.95377,
-110,-16,4.72657,
-108,-16,3.21478,
-106,-16,1.39281,
-104,-16,-0.86482,
-102,-16,-3.85714,
-100,-16,-8.04088,
-98,-16,-11.5854,
-96,-16,-8.23784,
-94,-16,-4.35293,
-92,-16,-1.85011,
-90,-16,-0.331725,
-88,-16,0.502995,
-86,-16,0.863761,
-84,-16,0.945092,
-82,-16,0.96993,
-80,-16,1.19066,
-78,-16,1.8256,
-76,-16,2.95482,
-74,-16,4.4766,
-72,-16,6.18039,
-70,-16,7.8549,
-68,-16,9.3438,
-66,-16,10.548,
-64,-16,11.4078,
-62,-16,11.8852,
-60,-16,11.9513,
-58,-16,11.5779,
-56,-16,10.7324,
-54,-16,9.37448,
-52,-16,7.45497,
-50,-16,4.92376,
-48,-16,1.765,
-46,-16,-1.8812,
-44,-16,-5.41771,
-42,-16,-7.56469,
-40,-16,-7.27939,
-38,-16,-5.24006,
-36,-16,-2.93903,
-34,-16,-1.16421,
-32,-16,-0.129113,
-30,-16,0.127456,
-28,-16,-0.431434,
-26,-16,-1.92775,
-24,-16,-4.68727,
-22,-16,-9.33688,
-20,-16,-11.7577,
-18,-16,-6.02315,
-16,-16,-1.62176,
-14,-16,1.35931,
-12,-16,3.48346,
-10,-16,5.01518,
-8,-16,6.08073,
-6,-16,6.74232,
-4,-16,7.02836,
-2,-16,6.94544,
0,-16,6.48172,
2,-16,5.60629,
4,-16,4.26834,
6,-16,2.41108,
8,-16,0.0748912,
10,-16,-2.12848,
12,-16,-2.5039,
14,-16,-0.88961,
16,-16,0.993827,
18,-16,2.42894,
20,-16,3.3631,
22,-16,3.87581,
24,-16,4.05253,
26,-16,3.96049,
28,-16,3.64141,
30,-16,3.11534,
32,-16,2.4107,
34,-16,1.64044,
36,-16,1.10338,
38,-16,1.20288,
40,-16,2.00072,
42,-16,3.09283,
44,-16,4.06813,
46,-16,4.74054,
48,-16,5.10303,
50,-16,5.26983,
52,-16,5.43554,
54,-16,5.78012,
56,-16,6.33331,
58,-16,6.95661,
60,-16,7.46611,
62,-16,7.73127,
64,-16,7.69032,
66,-16,7.33221,
68,-16,6.67994,
70,-16,5.7791,
72,-16,4.68284,
74,-16,3.42532,
76,-16,1.98855,
78,-16,0.286921,
80,-16,-1.79435,
82,-16,-4.1995,
84,-16,-6.02169,
86,-16,-5.59634,
88,-16,-3.70833,
90,-16,-1.94841,
92,-16,-0.720382,
94,-16,0.0378418,
96,-16,0.494672,
98,-16,0.862522,
100,-16,1.37233,
102,-16,2.21024,
104,-16,3.43537,
106,-16,4.95903,
108,-16,6.60982,
110,-16,8.21502,
112,-16,9.64171,
114,-16,10.8007,
116,-16,11.6349,
118,-16,12.1071,
120,-16,12.1899,
122,-16,11.8597,
124,-16,11.094,
126,-16,9.872,
128,-16,8.18109,
130,-16,6.03748,
132,-16,3.53572,
134,-16,0.947338,
136,-16,-1.16983,
138,-16,-2.1091,
140,-16,-1.643,
142,-16,-0.339471,
144,-16,1.06226,
146,-16,2.11928,
148,-16,2.63606,
150,-16,2.51752,
152,-16,1.67013,
154,-16,-0.0841413,
156,-16,-3.17147,
158,-16,-8.65804,
160,-16,-11.8574,
162,-16,-4.82818,
164,-16,-0.318885,
166,-16,2.58882,
168,-16,4.60245,
170,-16,6.01482,
172,-16,6.96025,
174,-16,7.50275,
176,-16,7.66935,
178,-16,7.46263,
180,-16,6.86307,
-180,-14,9.84733,
-178,-14,9.38244,
-176,-14,8.69533,
-174,-14,7.80588,
-172,-14,6.73735,
-170,-14,5.51639,
-168,-14,4.16702,
-166,-14,2.69475,
-164,-14,1.05986,
-162,-14,-0.857529,
-160,-14,-3.30247,
-158,-14,-6.68055,
-156,-14,-10.6547,
-154,-14,-9.09615,
-152,-14,-4.24612,
-150,-14,-0.50461,
-148,-14,2.28011,
-146,-14,4.41533,
-144,-14,6.06871,
-142,-14,7.32938,
-140,-14,8.2475,
-138,-14,8.85596,
-136,-14,9.1844,
-134,-14,9.27097,
-132,-14,9.17341,
-130,-14,8.97605,
-128,-14,8.78115,
-126,-14,8.67267,
-124,-14,8.66685,
-122,-14,8.69608,
-120,-14,8.64424,
-118,-14,8.39426,
-116,-14,7.85324,
-114,-14,6.96176,
-112,-14,5.71982,
-110,-14,4.28794,
-108,-14,3.20121,
-106,-14,3.23968,
-104,-14,4.38902,
-102,-14,5.87585,
-100,-14,7.19063,
-98,-14,8.18136,
-96,-14,8.83398,
-94,-14,9.16535,
-92,-14,9.18761,
-90,-14,8.89483,
-88,-14,8.25293,
-86,-14,7.18373,
-84,-14,5.53216,
-82,-14,2.99528,
-80,-14,-0.925309,
-78,-14,-4.30711,
-76,-14,0.018144,
-74,-14,4.65449,
-72,-14,7.87618,
-70,-14,10.1635,
-68,-14,11.8013,
-66,-14,12.936,
-64,-14,13.6459,
-62,-14,13.9741,
-60,-14,13.9441,
-58,-14,13.5681,
-56,-14,12.8528,
-54,-14,11.8046,
-52,-14,10.4363,
-50,-14,8.77578,
-48,-14,6.87842,
-46,-14,4.84219,
-44,-14,2.83339,
-42,-14,1.14828,
-40,-14,0.253135,
-38,-14,0.455022,
-36,-14,1.41604,
-34,-14,2.50991,
-32,-14,3.32589,
-30,-14,3.66811,
-28,-14,3.41843,
-26,-14,2.43424,
-24,-14,0.431863,
-22,-14,-3.34024,
-20,-14,-11.9366,
-18,-14,-10.1256,
-16,-14,-1.85397,
-14,-14,2.29503,
-12,-14,4.89087,
-10,-14,6.62651,
-8,-14,7.78531,
-6,-14,8.51021,
-4,-14,8.88251,
-2,-14,8.95195,
0,-14,8.75065,
2,-14,8.30046,
4,-14,7.61759,
6,-14,6.71559,
8,-14,5.6072,
10,-14,4.30482,
12,-14,2.81926,
14,-14,1.1587,
16,-14,-0.662184,
18,-14,-2.56869,
20,-14,-4.25244,
22,-14,-4.9634,
24,-14,-4.13061,
26,-14,-2.30934,
28,-14,-0.281902,
30,-14,1.61962,
32,-14,3.31671,
34,-14,4.79987,
36,-14,6.06689,
38,-14,7.1108,
40,-14,7.92248,
42,-14,8.49633,
44,-14,8.83647,
46,-14,8.96361,
48,-14,8.92258,
50,-14,8.78704,
52,-14,8.6508,
54,-14,8.59428,
56,-14,8.63754,
58,-14,8.72139,
60,-14,8.73702,
62,-14,8.57111,
64,-14,8.13198,
66,-14,7.35907,
68,-14,6.24316,
70,-14,4.90586,
72,-14,3.78546,
74,-14,3.62852,
76,-14,4.62267,
78,-14,6.09681,
80,-14,7.47883,
82,-14,8.5639,
84,-14,9.3168,
86,-14,9.74778,
88,-14,9.86829,
90,-14,9.67496,
92,-14,9.13948,
94,-14,8.194,
96,-14,6.69976,
98,-14,4.36546,
100,-14,0.489531,
102,-14,-6.53096,
104,-14,-4.03318,
106,-14,2.73802,
108,-14,6.73117,
110,-14,9.37638,
112,-14,11.2131,
114,-14,12.4728,
116,-14,13.2697,
118,-14,13.665,
120,-14,13.6928,
122,-14,13.373,
124,-14,12.7188,
126,-14,11.743,
128,-14,10.4643,
130,-14,8.91629,
132,-14,7.16136,
134,-14,5.31547,
136,-14,3.59995,
138,-14,2.39776,
140,-14,2.10772,
142,-14,2.69694,
144,-14,3.6804,
146,-14,4.59614,
148,-14,5.18573,
150,-14,5.314,
152,-14,4.87644,
154,-14,3.72808,
156,-14,1.58352,
158,-14,-2.24744,
160,-14,-9.12219,
162,-14,-6.18615,
164,-14,0.159722,
166,-14,3.88245,
168,-14,6.29583,
170,-14,7.92798,
172,-14,9.0188,
174,-14,9.69493,
176,-14,10.0302,
178,-14,10.0708,
180,-14,9.84733,
-180,-12,12.5112,
-178,-12,12.441,
-176,-12,12.1642,
-174,-12,11.6876,
-172,-12,11.015,
-170,-12,10.1482,
-168,-12,9.0908,
-166,-12,7.85421,
-164,-12,6.47373,
-162,-12,5.04117,
-160,-12,3.75677,
-158,-12,2.94073,
-156,-12,2.8567,
-154,-12,3.44451,
-152,-12,4.39445,
-150,-12,5.42535,
-148,-12,6.37824,
-146,-12,7.17656,
-144,-12,7.78103,
-142,-12,8.16622,
-140,-12,8.31115,
-138,-12,8.19655,
-136,-12,7.80621,
-134,-12,7.13361,
-132,-12,6.19997,
-130,-12,5.09445,
-128,-12,4.03508,
-126,-12,3.35949,
-124,-12,3.27278,
-122,-12,3.58498,
-120,-12,3.89923,
-118,-12,3.89229,
-116,-12,3.33606,
-114,-12,1.98968,
-112,-12,-0.566454,
-110,-12,-5.12109,
-108,-12,-7.53895,
-106,-12,-1.25846,
-104,-12,3.36261,
-102,-12,6.44599,
-100,-12,8.61356,
-98,-12,10.159,
-96,-12,11.2312,
-94,-12,11.91,
-92,-12,12.2359,
-90,-12,12.2227,
-88,-12,11.8601,
-86,-12,11.1114,
-84,-12,9.90127,
-82,-12,8.09055,
-80,-12,5.4249,
-78,-12,1.5477,
-76,-12,-1.98235,
-74,-12,0.949847,
-72,-12,4.96644,
-70,-12,7.74108,
-68,-12,9.60035,
-66,-12,10.8156,
-64,-12,11.5385,
-62,-12,11.8563,
-60,-12,11.823,
-58,-12,11.4765,
-56,-12,10.8491,
-54,-12,9.97592,
-52,-12,8.90102,
-50,-12,7.67956,
-48,-12,6.36952,
-46,-12,5.01084,
-44,-12,3.60447,
-42,-12,2.12185,
-40,-12,0.577496,
-38,-12,-0.820869,
-36,-12,-1.58605,
-34,-12,-1.40224,
-32,-12,-0.67187,
-30,-12,-0.0263962,
-28,-12,0.14563,
-26,-12,-0.380303,
-24,-12,-1.82737,
-22,-12,-4.4202,
-20,-12,-6.82372,
-18,-12,-3.98929,
-16,-12,0.44637,
-14,-12,3.84963,
-12,-12,6.36604,
-10,-12,8.24923,
-8,-12,9.65865,
-6,-12,10.6923,
-4,-12,11.4128,
-2,-12,11.8609,
0,-12,12.0636,
2,-12,12.038,
4,-12,11.7935,
6,-12,11.3332,
8,-12,10.6548,
10,-12,9.75161,
12,-12,8.61403,
14,-12,7.23591,
16,-12,5.63171,
18,-12,3.88421,
20,-12,2.24791,
22,-12,1.22428,
24,-12,1.22905,
26,-12,2.05421,
28,-12,3.1795,
30,-12,4.27738,
32,-12,5.22614,
34,-12,5.99167,
36,-12,6.56287,
38,-12,6.92901,
40,-12,7.07459,
42,-12,6.98076,
44,-12,6.62982,
46,-12,6.01439,
48,-12,5.15741,
50,-12,4.15336,
52,-12,3.22411,
54,-12,2.69286,
56,-12,2.72909,
58,-12,3.12785,
60,-12,3.50996,
62,-12,3.57312,
64,-12,3.10481,
66,-12,1.88548,
68,-12,-0.446787,
70,-12,-4.48926,
72,-12,-7.13646,
74,-12,-1.67139,
76,-12,2.96908,
78,-12,6.12879,
80,-12,8.36773,
82,-12,9.97744,
84,-12,11.1091,
86,-12,11.8449,
88,-12,12.2278,
90,-12,12.2741,
92,-12,11.9772,
94,-12,11.3055,
96,-12,10.1919,
98,-12,8.50858,
100,-12,6.00635,
102,-12,2.17548,
104,-12,-3.31465,
106,-12,-2.1906,
108,-12,2.96865,
110,-12,6.31158,
112,-12,8.45244,
114,-12,9.82445,
116,-12,10.6407,
118,-12,11.0153,
120,-12,11.0158,
122,-12,10.6873,
124,-12,10.0658,
126,-12,9.18729,
128,-12,8.0924,
130,-12,6.82546,
132,-12,5.4222,
134,-12,3.88553,
136,-12,2.16158,
138,-12,0.142869,
140,-12,-2.2427,
142,-12,-4.63417,
144,-12,-5.51951,
146,-12,-4.24341,
148,-12,-2.56196,
150,-12,-1.51059,
152,-12,-1.35286,
154,-12,-2.30129,
156,-12,-4.94555,
158,-12,-11.8129,
160,-12,-15.2042,
162,-12,-3.66475,
164,-12,1.56275,
166,-12,4.92163,
168,-12,7.31266,
170,-12,9.07801,
172,-12,10.3863,
174,-12,11.3336,
176,-12,11.9795,
178,-12,12.3633,
180,-12,12.5112,
-180,-10,5.95661,
-178,-10,6.14093,
-176,-10,6.24389,
-174,-10,6.27393,
-172,-10,6.24846,
-170,-10,6.19019,
-168,-10,6.12295,
-166,-10,6.06772,
-164,-10,6.03941,
-162,-10,6.04565,
-160,-10,6.08776,
-158,-10,6.16263,
-156,-10,6.26414,
-154,-10,6.38281,
-152,-10,6.504,
-150,-10,6.60584,
-148,-10,6.65806,
-146,-10,6.62206,
-144,-10,6.45138,
-142,-10,6.09086,
-140,-10,5.47281,
-138,-10,4.50715,
-136,-10,3.0602,
-134,-10,0.90962,
-132,-10,-2.33098,
-130,-10,-6.76695,
-128,-10,-6.70345,
-126,-10,-1.93829,
-124,-10,1.64642,
-122,-10,4.10159,
-120,-10,5.80342,
-118,-10,6.95928,
-116,-10,7.68174,
-114,-10,8.03348,
-112,-10,8.04816,
-110,-10,7.74026,
-108,-10,7.10951,
-106,-10,6.14239,
-104,-10,4.81254,
-102,-10,3.08252,
-100,-10,0.917346,
-98,-10,-1.64899,
-96,-10,-4.26228,
-94,-10,-5.8472,
-92,-10,-5.62114,
-90,-10,-4.48926,
-88,-10,-3.28627,
-86,-10,-2.12287,
-84,-10,-0.870812,
-82,-10,0.536189,
-80,-10,2.02912,
-78,-10,3.47711,
-76,-10,4.76961,
-74,-10,5.84034,
-72,-10,6.65672,
-70,-10,7.2046,
-68,-10,7.47792,
-66,-10,7.47363,
-64,-10,7.19066,
-62,-10,6.63316,
-60,-10,5.82056,
-58,-10,4.80983,
-56,-10,3.73308,
-54,-10,2.82342,
-52,-10,2.33333,
-50,-10,2.31922,
-48,-10,2.57221,
-46,-10,2.81376,
-44,-10,2.85272,
-42,-10,2.5989,
-40,-10,2.04184,
-38,-10,1.26688,
-36,-10,0.523403,
-34,-10,0.242864,
-32,-10,0.733965,
-30,-10,1.80784,
-28,-10,3.03745,
-26,-10,4.14125,
-24,-10,5.01313,
-22,-10,5.63796,
-20,-10,6.03879,
-18,-10,6.25595,
-16,-10,6.34013,
-14,-10,6.34886,
-12,-10,6.34042,
-10,-10,6.36316,
-8,-10,6.44366,
-6,-10,6.58083,
-4,-10,6.75081,
-2,-10,6.91939,
0,-10,7.05429,
2,-10,7.13268,
4,-10,7.14359,
6,-10,7.08739,
8,-10,6.97373,
10,-10,6.81862,
12,-10,6.64066,
14,-10,6.45683,
16,-10,6.27857,
18,-10,6.10967,
20,-10,5.94695,
22,-10,5.78343,
24,-10,5.61228,
26,-10,5.42974,
28,-10,5.2352,
30,-10,5.02809,
32,-10,4.80208,
34,-10,4.53887,
36,-10,4.20371,
38,-10,3.74388,
40,-10,3.08885,
42,-10,2.14948,
44,-10,0.817395,
46,-10,-1.01291,
48,-10,-3.24953,
50,-10,-4.71471,
52,-10,-3.36617,
54,-10,-0.537065,
56,-10,2.03456,
58,-10,4.04077,
60,-10,5.53909,
62,-10,6.61149,
64,-10,7.31836,
66,-10,7.69964,
68,-10,7.78038,
70,-10,7.57533,
72,-10,7.09285,
74,-10,6.33939,
76,-10,5.32749,
78,-10,4.09249,
80,-10,2.72586,
82,-10,1.42401,
84,-10,0.491667,
86,-10,0.171257,
88,-10,0.413149,
90,-10,0.963027,
92,-10,1.61583,
94,-10,2.29577,
96,-10,3.00622,
98,-10,3.76506,
100,-10,4.56466,
102,-10,5.36431,
104,-10,6.10525,
106,-10,6.72917,
108,-10,7.18821,
110,-10,7.44652,
112,-10,7.47778,
114,-10,7.26276,
116,-10,6.7894,
118,-10,6.05848,
120,-10,5.10057,
122,-10,4.01267,
124,-10,3.00792,
126,-10,2.39493,
128,-10,2.35695,
130,-10,2.74132,
132,-10,3.21975,
134,-10,3.53504,
136,-10,3.54714,
138,-10,3.18536,
140,-10,2.41087,
142,-10,1.21523,
144,-10,-0.313147,
146,-10,-1.77551,
148,-10,-2.2913,
150,-10,-1.41468,
152,-10,0.106149,
154,-10,1.5435,
156,-10,2.65681,
158,-10,3.42871,
160,-10,3.90678,
162,-10,4.15817,
164,-10,4.26064,
166,-10,4.29924,
168,-10,4.35629,
170,-10,4.49203,
172,-10,4.7263,
174,-10,5.03672,
176,-10,5.37609,
178,-10,5.69503,
180,-10,5.95661,
-180,-8,15.2129,
-178,-8,15.07,
-176,-8,14.8661,
-174,-8,14.6004,
-172,-8,14.2707,
-170,-8,13.8738,
-168,-8,13.405,
-166,-8,12.8589,
-164,-8,12.2288,
-162,-8,11.5073,
-160,-8,10.6859,
-158,-8,9.75577,
-156,-8,8.70731,
-154,-8,7.52997,
-152,-8,6.21131,
-150,-8,4.73436,
-148,-8,3.07167,
-146,-8,1.17286,
-144,-8,-1.05722,
-142,-8,-3.78068,
-140,-8,-7.08498,
-138,-8,-9.37921,
-136,-8,-6.96006,
-134,-8,-3.01772,
-132,-8,0.295847,
-130,-8,2.97501,
-128,-8,5.18751,
-126,-8,7.04896,
-124,-8,8.63287,
-122,-8,9.98808,
-120,-8,11.1492,
-118,-8,12.1421,
-116,-8,12.9878,
-114,-8,13.7034,
-112,-8,14.3042,
-110,-8,14.8037,
-108,-8,15.2146,
-106,-8,15.5484,
-104,-8,15.816,
-102,-8,16.0274,
-100,-8,16.1915,
-98,-8,16.3158,
-96,-8,16.4063,
-94,-8,16.4668,
-92,-8,16.4993,
-90,-8,16.5038,
-88,-8,16.478,
-86,-8,16.4179,
-84,-8,16.3178,
-82,-8,16.1705,
-80,-8,15.9676,
-78,-8,15.6996,
-76,-8,15.3558,
-74,-8,14.9246,
-72,-8,14.3927,
-70,-8,13.7453,
-68,-8,12.9653,
-66,-8,12.0329,
-64,-8,10.9239,
-62,-8,9.6088,
-60,-8,8.05008,
-58,-8,6.19887,
-56,-8,3.99029,
-54,-8,1.3382,
-52,-8,-1.86235,
-50,-8,-5.67491,
-48,-8,-9.74897,
-46,-8,-12.3455,
-44,-8,-12.11,
-42,-8,-10.2797,
-40,-8,-7.43694,
-38,-8,-4.1077,
-36,-8,-0.904007,
-34,-8,1.91748,
-32,-8,4.3288,
-30,-8,6.37291,
-28,-8,8.10324,
-26,-8,9.5675,
-24,-8,10.805,
-22,-8,11.8476,
-20,-8,12.7212,
-18,-8,13.4471,
-16,-8,14.043,
-14,-8,14.5238,
-12,-8,14.9022,
-10,-8,15.1888,
-8,-8,15.3928,
-6,-8,15.5215,
-4,-8,15.5812,
-2,-8,15.5763,
0,-8,15.5103,
2,-8,15.3848,
4,-8,15.2003,
6,-8,14.9558,
8,-8,14.6487,
10,-8,14.2748,
12,-8,13.8285,
14,-8,13.3024,
16,-8,12.687,
18,-8,11.9709,
20,-8,11.1397,
22,-8,10.1757,
24,-8,9.05607,
26,-8,7.75057,
28,-8,6.21708,
30,-8,4.39262,
32,-8,2.17479,
34,-8,-0.621151,
36,-8,-4.36822,
38,-8,-9.76018,
40,-8,-13.3276,
42,-8,-8.01294,
44,-8,-3.69383,
46,-8,-0.645207,
48,-8,1.73587,
50,-8,3.73182,
52,-8,5.4743,
54,-8,7.02629,
56,-8,8.41891,
58,-8,9.66906,
60,-8,10.7877,
62,-8,11.7839,
64,-8,12.6661,
66,-8,13.4427,
68,-8,14.1225,
70,-8,14.7142,
72,-8,15.2264,
74,-8,15.6674,
76,-8,16.0449,
78,-8,16.366,
80,-8,16.6366,
82,-8,16.8617,
84,-8,17.0447,
86,-8,17.1876,
88,-8,17.291,
90,-8,17.354,
92,-8,17.3742,
94,-8,17.348,
96,-8,17.2707,
98,-8,17.1362,
100,-8,16.9376,
102,-8,16.6668,
104,-8,16.3148,
106,-8,15.871,
108,-8,15.3237,
110,-8,14.6589,
112,-8,13.8605,
114,-8,12.9091,
116,-8,11.7808,
118,-8,10.4453,
120,-8,8.86326,
122,-8,6.98077,
124,-8,4.72106,
126,-8,1.96806,
128,-8,-1.4659,
130,-8,-5.89747,
132,-8,-11.6695,
134,-8,-15.8289,
136,-8,-13.286,
138,-8,-10.2556,
140,-8,-7.36294,
142,-8,-4.25711,
144,-8,-1.18741,
146,-8,1.59238,
148,-8,4.00469,
150,-8,6.06437,
152,-8,7.81305,
154,-8,9.29401,
156,-8,10.5452,
158,-8,11.5982,
160,-8,12.4792,
162,-8,13.2096,
164,-8,13.8075,
166,-8,14.288,
168,-8,14.6639,
170,-8,14.946,
172,-8,15.1433,
174,-8,15.2633,
176,-8,15.312,
178,-8,15.2942,
180,-8,15.2129,
-180,-6,14.4024,
-178,-6,14.3383,
-176,-6,14.1964,
-174,-6,13.9773,
-172,-6,13.6811,
-170,-6,13.3073,
-168,-6,12.8549,
-166,-6,12.3229,
-164,-6,11.7102,
-162,-6,11.0159,
-160,-6,10.2393,
-158,-6,9.38095,
-156,-6,8.44221,
-154,-6,7.42576,
-152,-6,6.33494,
-150,-6,5.17213,
-148,-6,3.93498,
-146,-6,2.60951,
-144,-6,1.15902,
-142,-6,-0.493338,
-140,-6,-2.4941,
-138,-6,-5.11712,
-136,-6,-8.83457,
-134,-6,-12.9877,
-132,-6,-10.1029,
-130,-6,-5.01936,
-128,-6,-1.24946,
-126,-6,1.622,
-124,-6,3.92485,
-122,-6,5.83688,
-120,-6,7.45988,
-118,-6,8.85695,
-116,-6,10.0699,
-114,-6,11.128,
-112,-6,12.0526,
-110,-6,12.86,
-108,-6,13.5627,
-106,-6,14.1706,
-104,-6,14.6916,
-102,-6,15.1322,
-100,-6,15.4972,
-98,-6,15.7908,
-96,-6,16.0158,
-94,-6,16.1745,
-92,-6,16.2683,
-90,-6,16.2978,
-88,-6,16.263,
-86,-6,16.1635,
-84,-6,15.998,
-82,-6,15.7648,
-80,-6,15.4618,
-78,-6,15.0865,
-76,-6,14.6359,
-74,-6,14.107,
-72,-6,13.4971,
-70,-6,12.8039,
-68,-6,12.0261,
-66,-6,11.1651,
-64,-6,10.2254,
-62,-6,9.21742,
-60,-6,8.1589,
-58,-6,7.07642,
-56,-6,6.00348,
-54,-6,4.97288,
-52,-6,4.00251,
-50,-6,3.07902,
-48,-6,2.14734,
-46,-6,1.10898,
-44,-6,-0.180898,
-42,-6,-1.93931,
-40,-6,-4.549,
-38,-6,-8.84038,
-36,-6,-14.7848,
-34,-6,-9.14512,
-32,-6,-3.36885,
-30,-6,0.43891,
-28,-6,3.22739,
-26,-6,5.40495,
-24,-6,7.16902,
-22,-6,8.6289,
-20,-6,9.85141,
-18,-6,10.8804,
-16,-6,11.7464,
-14,-6,12.4714,
-12,-6,13.0716,
-10,-6,13.5594,
-8,-6,13.9444,
-6,-6,14.2338,
-4,-6,14.4331,
-2,-6,14.5465,
0,-6,14.5769,
2,-6,14.526,
4,-6,14.3947,
6,-6,14.1829,
8,-6,13.8895,
10,-6,13.5126,
12,-6,13.0496,
14,-6,12.4965,
16,-6,11.8488,
18,-6,11.1008,
20,-6,10.2458,
22,-6,9.27606,
24,-6,8.18303,
26,-6,6.95735,
28,-6,5.58939,
30,-6,4.06983,
32,-6,2.39052,
34,-6,0.545101,
36,-6,-1.47143,
38,-6,-3.66354,
40,-6,-6.02073,
42,-6,-8.3947,
44,-6,-9.99711,
46,-6,-9.3047,
48,-6,-6.68744,
50,-6,-3.72111,
52,-6,-1.00372,
54,-6,1.38698,
56,-6,3.48267,
58,-6,5.32611,
60,-6,6.95408,
62,-6,8.39606,
64,-6,9.67555,
66,-6,10.8114,
68,-6,11.819,
70,-6,12.7108,
72,-6,13.4972,
74,-6,14.1868,
76,-6,14.7865,
78,-6,15.3023,
80,-6,15.7387,
82,-6,16.0997,
84,-6,16.3882,
86,-6,16.6063,
88,-6,16.7555,
90,-6,16.8366,
92,-6,16.8498,
94,-6,16.7948,
96,-6,16.6704,
98,-6,16.4753,
100,-6,16.2074,
102,-6,15.8641,
104,-6,15.4424,
106,-6,14.939,
108,-6,14.3501,
110,-6,13.6717,
112,-6,12.9003,
114,-6,12.0326,
116,-6,11.0668,
118,-6,10.0035,
120,-6,8.84744,
122,-6,7.60912,
124,-6,6.30644,
126,-6,4.96393,
128,-6,3.6066,
130,-6,2.24544,
132,-6,0.855164,
134,-6,-0.650967,
136,-6,-2.45003,
138,-6,-4.87256,
140,-6,-8.60894,
142,-6,-14.8597,
144,-6,-12.6478,
146,-6,-5.90286,
148,-6,-1.57011,
150,-6,1.53606,
152,-6,3.94045,
154,-6,5.88311,
156,-6,7.49187,
158,-6,8.84295,
160,-6,9.98562,
162,-6,10.9537,
164,-6,11.7716,
166,-6,12.4573,
168,-6,13.0247,
170,-6,13.4843,
172,-6,13.8446,
174,-6,14.112,
176,-6,14.2917,
178,-6,14.3875,
180,-6,14.4024,
-180,-4,16.9715,
-178,-4,17.0093,
-176,-4,17.0588,
-174,-4,17.1188,
-172,-4,17.1876,
-170,-4,17.2636,
-168,-4,17.3447,
-166,-4,17.4292,
-164,-4,17.515,
-162,-4,17.6,
-160,-4,17.6822,
-158,-4,17.7595,
-156,-4,17.8298,
-154,-4,17.8911,
-152,-4,17.9416,
-150,-4,17.9793,
-148,-4,18.0026,
-146,-4,18.01,
-144,-4,18,
-142,-4,17.9713,
-140,-4,17.9231,
-138,-4,17.8544,
-136,-4,17.7646,
-134,-4,17.6535,
-132,-4,17.5208,
-130,-4,17.3668,
-128,-4,17.1919,
-126,-4,16.9971,
-124,-4,16.7836,
-122,-4,16.5531,
-120,-4,16.3078,
-118,-4,16.0504,
-116,-4,15.7842,
-114,-4,15.5131,
-112,-4,15.2417,
-110,-4,14.9749,
-108,-4,14.7185,
-106,-4,14.4784,
-104,-4,14.2606,
-102,-4,14.0712,
-100,-4,13.9155,
-98,-4,13.7982,
-96,-4,13.7227,
-94,-4,13.691,
-92,-4,13.7036,
-90,-4,13.7594,
-88,-4,13.856,
-86,-4,13.99,
-84,-4,14.1569,
-82,-4,14.3519,
-80,-4,14.5698,
-78,-4,14.8055,
-76,-4,15.0539,
-74,-4,15.3102,
-72,-4,15.5698,
-70,-4,15.8287,
-68,-4,16.0829,
-66,-4,16.3291,
-64,-4,16.5642,
-62,-4,16.7856,
-60,-4,16.991,
-58,-4,17.1783,
-56,-4,17.3459,
-54,-4,17.4926,
-52,-4,17.6174,
-50,-4,17.7194,
-48,-4,17.7985,
-46,-4,17.8544,
-44,-4,17.8874,
-42,-4,17.8979,
-40,-4,17.8868,
-38,-4,17.8552,
-36,-4,17.8044,
-34,-4,17.7363,
-32,-4,17.6527,
-30,-4,17.556,
-28,-4,17.4489,
-26,-4,17.334,
-24,-4,17.2144,
-22,-4,17.0932,
-20,-4,16.9735,
-18,-4,16.8585,
-16,-4,16.7511,
-14,-4,16.6541,
-12,-4,16.5697,
-10,-4,16.5001,
-8,-4,16.4466,
-6,-4,16.4104,
-4,-4,16.3918,
-2,-4,16.391,
0,-4,16.4076,
2,-4,16.4407,
4,-4,16.4893,
6,-4,16.552,
8,-4,16.6272,
10,-4,16.713,
12,-4,16.8074,
14,-4,16.9083,
16,-4,17.0136,
18,-4,17.1209,
20,-4,17.2278,
22,-4,17.332,
24,-4,17.4312,
26,-4,17.523,
28,-4,17.6052,
30,-4,17.6758,
32,-4,17.7328,
34,-4,17.7743,
36,-4,17.7986,
38,-4,17.8045,
40,-4,17.7905,
42,-4,17.7557,
44,-4,17.6992,
46,-4,17.6206,
48,-4,17.5196,
50,-4,17.3961,
52,-4,17.2505,
54,-4,17.0835,
56,-4,16.8962,
58,-4,16.6901,
60,-4,16.4671,
62,-4,16.2297,
64,-4,15.981,
66,-4,15.7247,
68,-4,15.4651,
70,-4,15.2071,
72,-4,14.956,
74,-4,14.7176,
76,-4,14.498,
78,-4,14.3032,
80,-4,14.1385,
82,-4,14.009,
84,-4,13.9183,
86,-4,13.8689,
88,-4,13.8619,
90,-4,13.8969,
92,-4,13.9721,
94,-4,14.0846,
96,-4,14.2307,
98,-4,14.4062,
100,-4,14.6062,
102,-4,14.826,
104,-4,15.0607,
106,-4,15.3058,
108,-4,15.5568,
110,-4,15.8095,
112,-4,16.06,
114,-4,16.3049,
116,-4,16.5409,
118,-4,16.7652,
120,-4,16.9754,
122,-4,17.1694,
124,-4,17.3452,
126,-4,17.5017,
128,-4,17.6375,
130,-4,17.752,
132,-4,17.8447,
134,-4,17.9155,
136,-4,17.9646,
138,-4,17.9925,
140,-4,17.9999,
142,-4,17.988,
144,-4,17.9583,
146,-4,17.9123,
148,-4,17.8523,
150,-4,17.7803,
152,-4,17.6988,
154,-4,17.6106,
156,-4,17.5185,
158,-4,17.4252,
160,-4,17.3338,
162,-4,17.2468,
164,-4,17.1668,
166,-4,17.0962,
168,-4,17.0369,
170,-4,16.9903,
172,-4,16.9576,
174,-4,16.9394,
176,-4,16.9358,
178,-4,16.9467,
180,-4,16.9715,
-180,-2,26.4223,
-178,-2,26.4202,
-176,-2,26.418,
-174,-2,26.4159,
-172,-2,26.4138,
-170,-2,26.4116,
-168,-2,26.4092,
-166,-2,26.4067,
-164,-2,26.4039,
-162,-2,26.4009,
-160,-2,26.3975,
-158,-2,26.3936,
-156,-2,26.3893,
-154,-2,26.3844,
-152,-2,26.3788,
-150,-2,26.3727,
-148,-2,26.3658,
-146,-2,26.3582,
-144,-2,26.3498,
-142,-2,26.3407,
-140,-2,26.3308,
-138,-2,26.3202,
-136,-2,26.3089,
-134,-2,26.2969,
-132,-2,26.2844,
-130,-2,26.2713,
-128,-2,26.2577,
-126,-2,26.2439,
-124,-2,26.2298,
-122,-2,26.2155,
-120,-2,26.2013,
-118,-2,26.1873,
-116,-2,26.1735,
-114,-2,26.1602,
-112,-2,26.1474,
-110,-2,26.1353,
-108,-2,26.1241,
-106,-2,26.1138,
-104,-2,26.1046,
-102,-2,26.0966,
-100,-2,26.0898,
-98,-2,26.0844,
-96,-2,26.0804,
-94,-2,26.0779,
-92,-2,26.0768,
-90,-2,26.0771,
-88,-2,26.079,
-86,-2,26.0822,
-84,-2,26.0868,
-82,-2,26.0927,
-80,-2,26.0998,
-78,-2,26.108,
-76,-2,26.1172,
-74,-2,26.1272,
-72,-2,26.138,
-70,-2,26.1493,
-68,-2,26.1611,
-66,-2,26.1732,
-64,-2,26.1854,
-62,-2,26.1976,
-60,-2,26.2097,
-58,-2,26.2215,
-56,-2,26.233,
-54,-2,26.2439,
-52,-2,26.2542,
-50,-2,26.2638,
-48,-2,26.2727,
-46,-2,26.2808,
-44,-2,26.288,
-42,-2,26.2944,
-40,-2,26.2999,
-38,-2,26.3045,
-36,-2,26.3083,
-34,-2,26.3112,
-32,-2,26.3135,
-30,-2,26.315,
-28,-2,26.3158,
-26,-2,26.3162,
-24,-2,26.316,
-22,-2,26.3155,
-20,-2,26.3147,
-18,-2,26.3136,
-16,-2,26.3125,
-14,-2,26.3113,
-12,-2,26.3101,
-10,-2,26.3091,
-8,-2,26.3082,
-6,-2,26.3076,
-4,-2,26.3071,
-2,-2,26.307,
0,-2,26.3072,
2,-2,26.3077,
4,-2,26.3084,
6,-2,26.3095,
8,-2,26.3108,
10,-2,26.3122,
12,-2,26.3139,
14,-2,26.3155,
16,-2,26.3172,
18,-2,26.3189,
20,-2,26.3204,
22,-2,26.3216,
24,-2,26.3226,
26,-2,26.3232,
28,-2,26.3233,
30,-2,26.3229,
32,-2,26.3219,
34,-2,26.3203,
36,-2,26.318,
38,-2,26.315,
40,-2,26.3113,
42,-2,26.3068,
44,-2,26.3017,
46,-2,26.2958,
48,-2,26.2893,
50,-2,26.2821,
52,-2,26.2745,
54,-2,26.2664,
56,-2,26.2579,
58,-2,26.2491,
60,-2,26.2402,
62,-2,26.2313,
64,-2,26.2225,
66,-2,26.2139,
68,-2,26.2056,
70,-2,26.1979,
72,-2,26.1907,
74,-2,26.1843,
76,-2,26.1788,
78,-2,26.1742,
80,-2,26.1707,
82,-2,26.1683,
84,-2,26.1671,
86,-2,26.1671,
88,-2,26.1685,
90,-2,26.1711,
92,-2,26.175,
94,-2,26.1802,
96,-2,26.1866,
98,-2,26.1941,
100,-2,26.2028,
102,-2,26.2124,
104,-2,26.223,
106,-2,26.2343,
108,-2,26.2463,
110,-2,26.2588,
112,-2,26.2717,
114,-2,26.2848,
116,-2,26.2981,
118,-2,26.3113,
120,-2,26.3244,
122,-2,26.3372,
124,-2,26.3496,
126,-2,26.3615,
128,-2,26.3727,
130,-2,26.3833,
132,-2,26.3931,
134,-2,26.4021,
136,-2,26.4102,
138,-2,26.4175,
140,-2,26.4238,
142,-2,26.4292,
144,-2,26.4337,
146,-2,26.4373,
148,-2,26.4401,
150,-2,26.4421,
152,-2,26.4433,
154,-2,26.444,
156,-2,26.444,
158,-2,26.4435,
160,-2,26.4425,
162,-2,26.4411,
164,-2,26.4395,
166,-2,26.4376,
168,-2,26.4356,
170,-2,26.4334,
172,-2,26.4312,
174,-2,26.4289,
176,-2,26.4267,
178,-2,26.4245,
180,-2,26.4223,
-180,0,28.7833,
-178,0,28.7833,
-176,0,28.7833,
-174,0,28.7833,
-172,0,28.7833,
-170,0,28.7833,
-168,0,28.7833,
-166,0,28.7833,
-164,0,28.7833,
-162,0,28.7833,
-160,0,28.7833,
-158,0,28.7833,
-156,0,28.7833,
-154,0,28.7833,
-152,0,28.7833,
-150,0,28.7833,
-148,0,28.7833,
-146,0,28.7833,
-144,0,28.7833,
-142,0,28.7833,
-140,0,28.7833,
-138,0,28.7833,
-136,0,28.7833,
-134,0,28.7833,
-132,0,28.7833,
-130,0,28.7833,
-128,0,28.7833,
-126,0,28.7833,
-124,0,28.7833,
-122,0,28.7833,
-120,0,28.7833,
-118,0,28.7833,
-116,0,28.7833,
-114,0,28.7833,
-112,0,28.7833,
-110,0,28.7833,
-108,0,28.7833,
-106,0,28.7833,
-104,0,28.7833,
-102,0,28.7833,
-100,0,28.7833,
-98,0,28.7833,
-96,0,28.7833,
-94,0,28.7833,
-92,0,28.7833,
-90,0,28.7833,
-88,0,28.7833,
-86,0,28.7833,
-84,0,28.7833,
-82,0,28.7833,
-80,0,28.7833,
-78,0,28.7833,
-76,0,28.7833,
-74,0,28.7833,
-72,0,28.7833,
-70,0,28.7833,
-68,0,28.7833,
-66,0,28.7833,
-64,0,28.7833,
-62,0,28.7833,
-60,0,28.7833,
-58,0,28.7833,
-56,0,28.7833,
-54,0,28.7833,
-52,0,28.7833,
-50,0,28.7833,
-48,0,28.7833,
-46,0,28.7833,
-44,0,28.7833,
-42,0,28.7833,
-40,0,28.7833,
-38,0,28.7833,
-36,0,28.7833,
-34,0,28.7833,
-32,0,28.7833,
-30,0,28.7833,
-28,0,28.7833,
-26,0,28.7833,
-24,0,28.7833,
-22,0,28.7833,
-20,0,28.7833,
-18,0,28.7833,
-16,0,28.7833,
-14,0,28.7833,
-12,0,28.7833,
-10,0,28.7833,
-8,0,28.7833,
-6,0,28.7833,
-4,0,28.7833,
-2,0,28.7833,
0,0,28.7833,
2,0,28.7833,
4,0,28.7833,
6,0,28.7833,
8,0,28.7833,
10,0,28.7833,
12,0,28.7833,
14,0,28.7833,
16,0,28.7833,
18,0,28.7833,
20,0,28.7833,
22,0,28.7833,
24,0,28.7833,
26,0,28.7833,
28,0,28.7833,
30,0,28.7833,
32,0,28.7833,
34,0,28.7833,
36,0,28.7833,
38,0,28.7833,
40,0,28.7833,
42,0,28.7833,
44,0,28.7833,
46,0,28.7833,
48,0,28.7833,
50,0,28.7833,
52,0,28.7833,
54,0,28.7833,
56,0,28.7833,
58,0,28.7833,
60,0,28.7833,
62,0,28.7833,
64,0,28.7833,
66,0,28.7833,
68,0,28.7833,
70,0,28.7833,
72,0,28.7833,
74,0,28.7833,
76,0,28.7833,
78,0,28.7833,
80,0,28.7833,
82,0,28.7833,
84,0,28.7833,
86,0,28.7833,
88,0,28.7833,
90,0,28.7833,
92,0,28.7833,
94,0,28.7833,
96,0,28.7833,
98,0,28.7833,
100,0,28.7833,
102,0,28.7833,
104,0,28.7833,
106,0,28.7833,
108,0,28.7833,
110,0,28.7833,
112,0,28.7833,
114,0,28.7833,
116,0,28.7833,
118,0,28.7833,
120,0,28.7833,
122,0,28.7833,
124,0,28.7833,
126,0,28.7833,
128,0,28.7833,
130,0,28.7833,
132,0,28.7833,
134,0,28.7833,
136,0,28.7833,
138,0,28.7833,
140,0,28.7833,
142,0,28.7833,
144,0,28.7833,
146,0,28.7833,
148,0,28.7833,
150,0,28.7833,
152,0,28.7833,
154,0,28.7833,
156,0,28.7833,
158,0,28.7833,
160,0,28.7833,
162,0,28.7833,
164,0,28.7833,
166,0,28.7833,
168,0,28.7833,
170,0,28.7833,
172,0,28.7833,
174,0,28.7833,
176,0,28.7833,
178,0,28.7833,
180,0,28.7833,
-180,2,26.3072,
-178,2,26.3077,
-176,2,26.3084,
-174,2,26.3095,
-172,2,26.3108,
-170,2,26.3122,
-168,2,26.3139,
-166,2,26.3155,
-164,2,26.3172,
-162,2,26.3189,
-160,2,26.3204,
-158,2,26.3216,
-156,2,26.3226,
-154,2,26.3232,
-152,2,26.3233,
-150,2,26.3229,
-148,2,26.3219,
-146,2,26.3203,
-144,2,26.318,
-142,2,26.315,
-140,2,26.3113,
-138,2,26.3068,
-136,2,26.3017,
-134,2,26.2958,
-132,2,26.2893,
-130,2,26.2821,
-128,2,26.2745,
-126,2,26.2664,
-124,2,26.2579,
-122,2,26.2491,
-120,2,26.2402,
-118,2,26.2313,
-116,2,26.2225,
-114,2,26.2139,
-112,2,26.2056,
-110,2,26.1979,
-108,2,26.1907,
-106,2,26.1843,
-104,2,26.1788,
-102,2,26.1742,
-100,2,26.1707,
-98,2,26.1683,
-96,2,26.1671,
-94,2,26.1671,
-92,2,26.1685,
-90,2,26.1711,
-88,2,26.175,
-86,2,26.1802,
-84,2,26.1866,
-82,2,26.1941,
-80,2,26.2028,
-78,2,26.2124,
-76,2,26.223,
-74,2,26.2343,
-72,2,26.2463,
-70,2,26.2588,
-68,2,26.2717,
-66,2,26.2848,
-64,2,26.2981,
-62,2,26.3113,
-60,2,26.3244,
-58,2,26.3372,
-56,2,26.3496,
-54,2,26.3615,
-52,2,26.3727,
-50,2,26.3833,
-48,2,26.3931,
-46,2,26.4021,
-44,2,26.4102,
-42,2,26.4175,
-40,2,26.4238,
-38,2,26.4292,
-36,2,26.4337,
-34,2,26.4373,
-32,2,26.4401,
-30,2,26.4421,
-28,2,26.4433,
-26,2,26.444,
-24,2,26.444,
-22,2,26.4435,
-20,2,26.4425,
-18,2,26.4411,
-16,2,26.4395,
-14,2,26.4376,
-12,2,26.4356,
-10,2,26.4334,
-8,2,26.4312,
-6,2,26.4289,
-4,2,26.4267,
-2,2,26.4245,
0,2,26.4223,
2,2,26.4202,
4,2,26.418,
6,2,26.4159,
8,2,26.4138,
10,2,26.4116,
12,2,26.4092,
14,2,26.4067,
16,2,26.4039,
18,2,26.4009,
20,2,26.3975,
22,2,26.3936,
24,2,26.3893,
26,2,26.3844,
28,2,26.3788,
30,2,26.3727,
32,2,26.3658,
34,2,26.3582,
36,2,26.3498,
38,2,26.3407,
40,2,26.3308,
42,2,26.3202,
44,2,26.3089,
46,2,26.2969,
48,2,26.2844,
50,2,26.2713,
52,2,26.2577,
54,2,26.2439,
56,2,26.2298,
58,2,26.2155,
60,2,26.2013,
62,2,26.1873,
64,2,26.1735,
66,2,26.1602,
68,2,26.1474,
70,2,26.1353,
72,2,26.1241,
74,2,26.1138,
76,2,26.1046,
78,2,26.0966,
80,2,26.0898,
82,2,26.0844,
84,2,26.0804,
86,2,26.0779,
88,2,26.0768,
90,2,26.0771,
92,2,26.079,
94,2,26.0822,
96,2,26.0868,
98,2,26.0927,
100,2,26.0998,
102,2,26.108,
104,2,26.1172,
106,2,26.1272,
108,2,26.138,
110,2,26.1493,
112,2,26.1611,
114,2,26.1732,
116,2,26.1854,
118,2,26.1976,
120,2,26.2097,
122,2,26.2215,
124,2,26.233,
126,2,26.2439,
128,2,26.2542,
130,2,26.2638,
132,2,26.2727,
134,2,26.2808,
136,2,26.288,
138,2,26.2944,
140,2,26.2999,
142,2,26.3045,
144,2,26.3083,
146,2,26.3112,
148,2,26.3135,
150,2,26.315,
152,2,26.3158,
154,2,26.3162,
156,2,26.316,
158,2,26.3155,
160,2,26.3147,
162,2,26.3136,
164,2,26.3125,
166,2,26.3113,
168,2,26.3101,
170,2,26.3091,
172,2,26.3082,
174,2,26.3076,
176,2,26.3071,
178,2,26.307,
180,2,26.3072,
-180,4,16.4076,
-178,4,16.4407,
-176,4,16.4893,
-174,4,16.552,
-172,4,16.6272,
-170,4,16.713,
-168,4,16.8074,
-166,4,16.9083,
-164,4,17.0136,
-162,4,17.1209,
-160,4,17.2278,
-158,4,17.332,
-156,4,17.4312,
-154,4,17.523,
-152,4,17.6052,
-150,4,17.6758,
-148,4,17.7328,
-146,4,17.7743,
-144,4,17.7986,
-142,4,17.8045,
-140,4,17.7905,
-138,4,17.7557,
-136,4,17.6992,
-134,4,17.6206,
-132,4,17.5196,
-130,4,17.3961,
-128,4,17.2505,
-126,4,17.0835,
-124,4,16.8962,
-122,4,16.6901,
-120,4,16.4671,
-118,4,16.2297,
-116,4,15.981,
-114,4,15.7247,
-112,4,15.4651,
-110,4,15.2071,
-108,4,14.956,
-106,4,14.7176,
-104,4,14.498,
-102,4,14.3032,
-100,4,14.1385,
-98,4,14.009,
-96,4,13.9183,
-94,4,13.8689,
-92,4,13.8619,
-90,4,13.8969,
-88,4,13.9721,
-86,4,14.0846,
-84,4,14.2307,
-82,4,14.4062,
-80,4,14.6062,
-78,4,14.826,
-76,4,15.0607,
-74,4,15.3058,
-72,4,15.5568,
-70,4,15.8095,
-68,4,16.06,
-66,4,16.3049,
-64,4,16.5409,
-62,4,16.7652,
-60,4,16.9754,
-58,4,17.1694,
-56,4,17.3452,
-54,4,17.5017,
-52,4,17.6375,
-50,4,17.752,
-48,4,17.8447,
-46,4,17.9155,
-44,4,17.9646,
-42,4,17.9925,
-40,4,17.9999,
-38,4,17.988,
-36,4,17.9583,
-34,4,17.9123,
-32,4,17.8523,
-30,4,17.7803,
-28,4,17.6988,
-26,4,17.6106,
-24,4,17.5185,
-22,4,17.4252,
-20,4,17.3338,
-18,4,17.2468,
-16,4,17.1668,
-14,4,17.0962,
-12,4,17.0369,
-10,4,16.9903,
-8,4,16.9576,
-6,4,16.9394,
-4,4,16.9358,
-2,4,16.9467,
0,4,16.9715,
2,4,17.0093,
4,4,17.0588,
6,4,17.1188,
8,4,17.1876,
10,4,17.2636,
12,4,17.3447,
14,4,17.4292,
16,4,17.515,
18,4,17.6,
20,4,17.6822,
22,4,17.7595,
24,4,17.8298,
26,4,17.8911,
28,4,17.9416,
30,4,17.9793,
32,4,18.0026,
34,4,18.01,
36,4,18,
38,4,17.9713,
40,4,17.9231,
42,4,17.8544,
44,4,17.7646,
46,4,17.6535,
48,4,17.5208,
50,4,17.3668,
52,4,17.1919,
54,4,16.9971,
56,4,16.7836,
58,4,16.5531,
60,4,16.3078,
62,4,16.0504,
64,4,15.7842,
66,4,15.5131,
68,4,15.2417,
70,4,14.9749,
72,4,14.7185,
74,4,14.4784,
76,4,14.2606,
78,4,14.0712,
80,4,13.9155,
82,4,13.7982,
84,4,13.7227,
86,4,13.691,
88,4,13.7036,
90,4,13.7594,
92,4,13.856,
94,4,13.99,
96,4,14.1569,
98,4,14.3519,
100,4,14.5698,
102,4,14.8055,
104,4,15.0539,
106,4,15.3102,
108,4,15.5698,
110,4,15.8287,
112,4,16.0829,
114,4,16.3291,
116,4,16.5642,
118,4,16.7856,
120,4,16.991,
122,4,17.1783,
124,4,17.3459,
126,4,17.4926,
128,4,17.6174,
130,4,17.7194,
132,4,17.7985,
134,4,17.8544,
136,4,17.8874,
138,4,17.8979,
140,4,17.8868,
142,4,17.8552,
144,4,17.8044,
146,4,17.7363,
148,4,17.6527,
150,4,17.556,
152,4,17.4489,
154,4,17.334,
156,4,17.2144,
158,4,17.0932,
160,4,16.9735,
162,4,16.8585,
164,4,16.7511,
166,4,16.6541,
168,4,16.5697,
170,4,16.5001,
172,4,16.4466,
174,4,16.4104,
176,4,16.3918,
178,4,16.391,
180,4,16.4076,
-180,6,14.5769,
-178,6,14.526,
-176,6,14.3947,
-174,6,14.1829,
-172,6,13.8895,
-170,6,13.5126,
-168,6,13.0496,
-166,6,12.4965,
-164,6,11.8488,
-162,6,11.1008,
-160,6,10.2458,
-158,6,9.27606,
-156,6,8.18303,
-154,6,6.95735,
-152,6,5.58939,
-150,6,4.06983,
-148,6,2.39052,
-146,6,0.545101,
-144,6,-1.47143,
-142,6,-3.66354,
-140,6,-6.02073,
-138,6,-8.3947,
-136,6,-9.99711,
-134,6,-9.3047,
-132,6,-6.68744,
-130,6,-3.72111,
-128,6,-1.00372,
-126,6,1.38698,
-124,6,3.48267,
-122,6,5.32611,
-120,6,6.95408,
-118,6,8.39606,
-116,6,9.67555,
-114,6,10.8114,
-112,6,11.819,
-110,6,12.7108,
-108,6,13.4972,
-106,6,14.1868,
-104,6,14.7865,
-102,6,15.3023,
-100,6,15.7387,
-98,6,16.0997,
-96,6,16.3882,
-94,6,16.6063,
-92,6,16.7555,
-90,6,16.8366,
-88,6,16.8498,
-86,6,16.7948,
-84,6,16.6704,
-82,6,16.4753,
-80,6,16.2074,
-78,6,15.8641,
-76,6,15.4424,
-74,6,14.939,
-72,6,14.3501,
-70,6,13.6717,
-68,6,12.9003,
-66,6,12.0326,
-64,6,11.0668,
-62,6,10.0035,
-60,6,8.84744,
-58,6,7.60912,
-56,6,6.30644,
-54,6,4.96393,
-52,6,3.6066,
-50,6,2.24544,
-48,6,0.855164,
-46,6,-0.650967,
-44,6,-2.45003,
-42,6,-4.87256,
-40,6,-8.60894,
-38,6,-14.8597,
-36,6,-12.6478,
-34,6,-5.90286,
-32,6,-1.57011,
-30,6,1.53606,
-28,6,3.94045,
-26,6,5.88311,
-24,6,7.49187,
-22,6,8.84295,
-20,6,9.98562,
-18,6,10.9537,
-16,6,11.7716,
-14,6,12.4573,
-12,6,13.0247,
-10,6,13.4843,
-8,6,13.8446,
-6,6,14.112,
-4,6,14.2917,
-2,6,14.3875,
0,6,14.4024,
2,6,14.3383,
4,6,14.1964,
6,6,13.9773,
8,6,13.6811,
10,6,13.3073,
12,6,12.8549,
14,6,12.3229,
16,6,11.7102,
18,6,11.0159,
20,6,10.2393,
22,6,9.38095,
24,6,8.44221,
26,6,7.42576,
28,6,6.33494,
30,6,5.17213,
32,6,3.93498,
34,6,2.60951,
36,6,1.15902,
38,6,-0.493338,
40,6,-2.4941,
42,6,-5.11712,
44,6,-8.83457,
46,6,-12.9877,
48,6,-10.1029,
50,6,-5.01936,
52,6,-1.24946,
54,6,1.622,
56,6,3.92485,
58,6,5.83688,
60,6,7.45988,
62,6,8.85695,
64,6,10.0699,
66,6,11.128,
68,6,12.0526,
70,6,12.86,
72,6,13.5627,
74,6,14.1706,
76,6,14.6916,
78,6,15.1322,
80,6,15.4972,
82,6,15.7908,
84,6,16.0158,
86,6,16.1745,
88,6,16.2683,
90,6,16.2978,
92,6,16.263,
94,6,16.1635,
96,6,15.998,
98,6,15.7648,
100,6,15.4618,
102,6,15.0865,
104,6,14.6359,
106,6,14.107,
108,6,13.4971,
110,6,12.8039,
112,6,12.0261,
114,6,11.1651,
116,6,10.2254,
118,6,9.21742,
120,6,8.1589,
122,6,7.07642,
124,6,6.00348,
126,6,4.97288,
128,6,4.00251,
130,6,3.07902,
132,6,2.14734,
134,6,1.10898,
136,6,-0.180898,
138,6,-1.93931,
140,6,-4.549,
142,6,-8.84038,
144,6,-14.7848,
146,6,-9.14512,
148,6,-3.36885,
150,6,0.43891,
152,6,3.22739,
154,6,5.40495,
156,6,7.16902,
158,6,8.6289,
160,6,9.85141,
162,6,10.8804,
164,6,11.7464,
166,6,12.4714,
168,6,13.0716,
170,6,13.5594,
172,6,13.9444,
174,6,14.2338,
176,6,14.4331,
178,6,14.5465,
180,6,14.5769,
-180,8,15.5103,
-178,8,15.3848,
-176,8,15.2003,
-174,8,14.9558,
-172,8,14.6487,
-170,8,14.2748,
-168,8,13.8285,
-166,8,13.3024,
-164,8,12.687,
-162,8,11.9709,
-160,8,11.1397,
-158,8,10.1757,
-156,8,9.05607,
-154,8,7.75057,
-152,8,6.21708,
-150,8,4.39262,
-148,8,2.17479,
-146,8,-0.621151,
-144,8,-4.36822,
-142,8,-9.76018,
-140,8,-13.3276,
-138,8,-8.01294,
-136,8,-3.69383,
-134,8,-0.645207,
-132,8,1.73587,
-130,8,3.73182,
-128,8,5.4743,
-126,8,7.02629,
-124,8,8.41891,
-122,8,9.66906,
-120,8,10.7877,
-118,8,11.7839,
-116,8,12.6661,
-114,8,13.4427,
-112,8,14.1225,
-110,8,14.7142,
-108,8,15.2264,
-106,8,15.6674,
-104,8,16.0449,
-102,8,16.366,
-100,8,16.6366,
-98,8,16.8617,
-96,8,17.0447,
-94,8,17.1876,
-92,8,17.291,
-90,8,17.354,
-88,8,17.3742,
-86,8,17.348,
-84,8,17.2707,
-82,8,17.1362,
-80,8,16.9376,
-78,8,16.6668,
-76,8,16.3148,
-74,8,15.871,
-72,8,15.3237,
-70,8,14.6589,
-68,8,13.8605,
-66,8,12.9091,
-64,8,11.7808,
-62,8,10.4453,
-60,8,8.86326,
-58,8,6.98077,
-56,8,4.72106,
-54,8,1.96806,
-52,8,-1.4659,
-50,8,-5.89747,
-48,8,-11.6695,
-46,8,-15.8289,
-44,8,-13.286,
-42,8,-10.2556,
-40,8,-7.36294,
-38,8,-4.25711,
-36,8,-1.18741,
-34,8,1.59238,
-32,8,4.00469,
-30,8,6.06437,
-28,8,7.81305,
-26,8,9.29401,
-24,8,10.5452,
-22,8,11.5982,
-20,8,12.4792,
-18,8,13.2096,
-16,8,13.8075,
-14,8,14.288,
-12,8,14.6639,
-10,8,14.946,
-8,8,15.1433,
-6,8,15.2633,
-4,8,15.312,
-2,8,15.2942,
0,8,15.2129,
2,8,15.07,
4,8,14.8661,
6,8,14.6004,
8,8,14.2707,
10,8,13.8738,
12,8,13.405,
14,8,12.8589,
16,8,12.2288,
18,8,11.5073,
20,8,10.6859,
22,8,9.75577,
24,8,8.70731,
26,8,7.52997,
28,8,6.21131,
30,8,4.73436,
32,8,3.07167,
34,8,1.17286,
36,8,-1.05722,
38,8,-3.78068,
40,8,-7.08498,
42,8,-9.37921,
44,8,-6.96006,
46,8,-3.01772,
48,8,0.295847,
50,8,2.97501,
52,8,5.18751,
54,8,7.04896,
56,8,8.63287,
58,8,9.98808,
60,8,11.1492,
62,8,12.1421,
64,8,12.9878,
66,8,13.7034,
68,8,14.3042,
70,8,14.8037,
72,8,15.2146,
74,8,15.5484,
76,8,15.816,
78,8,16.0274,
80,8,16.1915,
82,8,16.3158,
84,8,16.4063,
86,8,16.4668,
88,8,16.4993,
90,8,16.5038,
92,8,16.478,
94,8,16.4179,
96,8,16.3178,
98,8,16.1705,
100,8,15.9676,
102,8,15.6996,
104,8,15.3558,
106,8,14.9246,
108,8,14.3927,
110,8,13.7453,
112,8,12.9653,
114,8,12.0329,
116,8,10.9239,
118,8,9.6088,
120,8,8.05008,
122,8,6.19887,
124,8,3.99029,
126,8,1.3382,
128,8,-1.86235,
130,8,-5.67491,
132,8,-9.74897,
134,8,-12.3455,
136,8,-12.11,
138,8,-10.2797,
140,8,-7.43694,
142,8,-4.1077,
144,8,-0.904007,
146,8,1.91748,
148,8,4.3288,
150,8,6.37291,
152,8,8.10324,
154,8,9.5675,
156,8,10.805,
158,8,11.8476,
160,8,12.7212,
162,8,13.4471,
164,8,14.043,
166,8,14.5238,
168,8,14.9022,
170,8,15.1888,
172,8,15.3928,
174,8,15.5215,
176,8,15.5812,
178,8,15.5763,
180,8,15.5103,
-180,10,7.05429,
-178,10,7.13268,
-176,10,7.14359,
-174,10,7.08739,
-172,10,6.97373,
-170,10,6.81862,
-168,10,6.64066,
-166,10,6.45683,
-164,10,6.27857,
-162,10,6.10967,
-160,10,5.94695,
-158,10,5.78343,
-156,10,5.61228,
-154,10,5.42974,
-152,10,5.2352,
-150,10,5.02809,
-148,10,4.80208,
-146,10,4.53887,
-144,10,4.20371,
-142,10,3.74388,
-140,10,3.08885,
-138,10,2.14948,
-136,10,0.817395,
-134,10,-1.01291,
-132,10,-3.24953,
-130,10,-4.71471,
-128,10,-3.36617,
-126,10,-0.537065,
-124,10,2.03456,
-122,10,4.04077,
-120,10,5.53909,
-118,10,6.61149,
-116,10,7.31836,
-114,10,7.69964,
-112,10,7.78038,
-110,10,7.57533,
-108,10,7.09285,
-106,10,6.33939,
-104,10,5.32749,
-102,10,4.09249,
-100,10,2.72586,
-98,10,1.42401,
-96,10,0.491667,
-94,10,0.171257,
-92,10,0.413149,
-90,10,0.963027,
-88,10,1.61583,
-86,10,2.29577,
-84,10,3.00622,
-82,10,3.76506,
-80,10,4.56466,
-78,10,5.36431,
-76,10,6.10525,
-74,10,6.72917,
-72,10,7.18821,
-70,10,7.44652,
-68,10,7.47778,
-66,10,7.26276,
-64,10,6.7894,
-62,10,6.05848,
-60,10,5.10057,
-58,10,4.01267,
-56,10,3.00792,
-54,10,2.39493,
-52,10,2.35695,
-50,10,2.74132,
-48,10,3.21975,
-46,10,3.53504,
-44,10,3.54714,
-42,10,3.18536,
-40,10,2.41087,
-38,10,1.21523,
-36,10,-0.313147,
-34,10,-1.77551,
-32,10,-2.2913,
-30,10,-1.41468,
-28,10,0.106149,
-26,10,1.5435,
-24,10,2.65681,
-22,10,3.42871,
-20,10,3.90678,
-18,10,4.15817,
-16,10,4.26064,
-14,10,4.29924,
-12,10,4.35629,
-10,10,4.49203,
-8,10,4.7263,
-6,10,5.03672,
-4,10,5.37609,
-2,10,5.69503,
0,10,5.95661,
2,10,6.14093,
4,10,6.24389,
6,10,6.27393,
8,10,6.24846,
10,10,6.19019,
12,10,6.12295,
14,10,6.06772,
16,10,6.03941,
18,10,6.04565,
20,10,6.08776,
22,10,6.16263,
24,10,6.26414,
26,10,6.38281,
28,10,6.504,
30,10,6.60584,
32,10,6.65806,
34,10,6.62206,
36,10,6.45138,
38,10,6.09086,
40,10,5.47281,
42,10,4.50715,
44,10,3.0602,
46,10,0.90962,
48,10,-2.33098,
50,10,-6.76695,
52,10,-6.70345,
54,10,-1.93829,
56,10,1.64642,
58,10,4.10159,
60,10,5.80342,
62,10,6.95928,
64,10,7.68174,
66,10,8.03348,
68,10,8.04816,
70,10,7.74026,
72,10,7.10951,
74,10,6.14239,
76,10,4.81254,
78,10,3.08252,
80,10,0.917346,
82,10,-1.64899,
84,10,-4.26228,
86,10,-5.8472,
88,10,-5.62114,
90,10,-4.48926,
92,10,-3.28627,
94,10,-2.12287,
96,10,-0.870812,
98,10,0.536189,
100,10,2.02912,
102,10,3.47711,
104,10,4.76961,
106,10,5.84034,
108,10,6.65672,
110,10,7.2046,
112,10,7.47792,
114,10,7.47363,
116,10,7.19066,
118,10,6.63316,
120,10,5.82056,
122,10,4.80983,
124,10,3.73308,
126,10,2.82342,
128,10,2.33333,
130,10,2.31922,
132,10,2.57221,
134,10,2.81376,
136,10,2.85272,
138,10,2.5989,
140,10,2.04184,
142,10,1.26688,
144,10,0.523403,
146,10,0.242864,
148,10,0.733965,
150,10,1.80784,
152,10,3.03745,
154,10,4.14125,
156,10,5.01313,
158,10,5.63796,
160,10,6.03879,
162,10,6.25595,
164,10,6.34013,
166,10,6.34886,
168,10,6.34042,
170,10,6.36316,
172,10,6.44366,
174,10,6.58083,
176,10,6.75081,
178,10,6.91939,
180,10,7.05429,
-180,12,12.0636,
-178,12,12.038,
-176,12,11.7935,
-174,12,11.3332,
-172,12,10.6548,
-170,12,9.75161,
-168,12,8.61403,
-166,12,7.23591,
-164,12,5.63171,
-162,12,3.88421,
-160,12,2.24791,
-158,12,1.22428,
-156,12,1.22905,
-154,12,2.05421,
-152,12,3.1795,
-150,12,4.27738,
-148,12,5.22614,
-146,12,5.99167,
-144,12,6.56287,
-142,12,6.92901,
-140,12,7.07459,
-138,12,6.98076,
-136,12,6.62982,
-134,12,6.01439,
-132,12,5.15741,
-130,12,4.15336,
-128,12,3.22411,
-126,12,2.69286,
-124,12,2.72909,
-122,12,3.12785,
-120,12,3.50996,
-118,12,3.57312,
-116,12,3.10481,
-114,12,1.88548,
-112,12,-0.446787,
-110,12,-4.48926,
-108,12,-7.13646,
-106,12,-1.67139,
-104,12,2.96908,
-102,12,6.12879,
-100,12,8.36773,
-98,12,9.97744,
-96,12,11.1091,
-94,12,11.8449,
-92,12,12.2278,
-90,12,12.2741,
-88,12,11.9772,
-86,12,11.3055,
-84,12,10.1919,
-82,12,8.50858,
-80,12,6.00635,
-78,12,2.17548,
-76,12,-3.31465,
-74,12,-2.1906,
-72,12,2.96865,
-70,12,6.31158,
-68,12,8.45244,
-66,12,9.82445,
-64,12,10.6407,
-62,12,11.0153,
-60,12,11.0158,
-58,12,10.6873,
-56,12,10.0658,
-54,12,9.18729,
-52,12,8.0924,
-50,12,6.82546,
-48,12,5.4222,
-46,12,3.88553,
-44,12,2.16158,
-42,12,0.142869,
-40,12,-2.2427,
-38,12,-4.63417,
-36,12,-5.51951,
-34,12,-4.24341,
-32,12,-2.56196,
-30,12,-1.51059,
-28,12,-1.35286,
-26,12,-2.30129,
-24,12,-4.94555,
-22,12,-11.8129,
-20,12,-15.2042,
-18,12,-3.66475,
-16,12,1.56275,
-14,12,4.92163,
-12,12,7.31266,
-10,12,9.07801,
-8,12,10.3863,
-6,12,11.3336,
-4,12,11.9795,
-2,12,12.3633,
0,12,12.5112,
2,12,12.441,
4,12,12.1642,
6,12,11.6876,
8,12,11.015,
10,12,10.1482,
12,12,9.0908,
14,12,7.85421,
16,12,6.47373,
18,12,5.04117,
20,12,3.75677,
22,12,2.94073,
24,12,2.8567,
26,12,3.44451,
28,12,4.39445,
30,12,5.42535,
32,12,6.37824,
34,12,7.17656,
36,12,7.78103,
38,12,8.16622,
40,12,8.31115,
42,12,8.19655,
44,12,7.80621,
46,12,7.13361,
48,12,6.19997,
50,12,5.09445,
52,12,4.03508,
54,12,3.35949,
56,12,3.27278,
58,12,3.58498,
60,12,3.89923,
62,12,3.89229,
64,12,3.33606,
66,12,1.98968,
68,12,-0.566454,
70,12,-5.12109,
72,12,-7.53895,
74,12,-1.25846,
76,12,3.36261,
78,12,6.44599,
80,12,8.61356,
82,12,10.159,
84,12,11.2312,
86,12,11.91,
88,12,12.2359,
90,12,12.2227,
92,12,11.8601,
94,12,11.1114,
96,12,9.90127,
98,12,8.09055,
100,12,5.4249,
102,12,1.5477,
104,12,-1.98235,
106,12,0.949847,
108,12,4.96644,
110,12,7.74108,
112,12,9.60035,
114,12,10.8156,
116,12,11.5385,
118,12,11.8563,
120,12,11.823,
122,12,11.4765,
124,12,10.8491,
126,12,9.97592,
128,12,8.90102,
130,12,7.67956,
132,12,6.36952,
134,12,5.01084,
136,12,3.60447,
138,12,2.12185,
140,12,0.577496,
142,12,-0.820869,
144,12,-1.58605,
146,12,-1.40224,
148,12,-0.67187,
150,12,-0.0263962,
152,12,0.14563,
154,12,-0.380303,
156,12,-1.82737,
158,12,-4.4202,
160,12,-6.82372,
162,12,-3.98929,
164,12,0.44637,
166,12,3.84963,
168,12,6.36604,
170,12,8.24923,
172,12,9.65865,
174,12,10.6923,
176,12,11.4128,
178,12,11.8609,
180,12,12.0636,
-180,14,8.75065,
-178,14,8.30046,
-176,14,7.61759,
-174,14,6.71559,
-172,14,5.6072,
-170,14,4.30482,
-168,14,2.81926,
-166,14,1.1587,
-164,14,-0.662184,
-162,14,-2.56869,
-160,14,-4.25244,
-158,14,-4.9634,
-156,14,-4.13061,
-154,14,-2.30934,
-152,14,-0.281902,
-150,14,1.61962,
-148,14,3.31671,
-146,14,4.79987,
-144,14,6.06689,
-142,14,7.1108,
-140,14,7.92248,
-138,14,8.49633,
-136,14,8.83647,
-134,14,8.96361,
-132,14,8.92258,
-130,14,8.78704,
-128,14,8.6508,
-126,14,8.59428,
-124,14,8.63754,
-122,14,8.72139,
-120,14,8.73702,
-118,14,8.57111,
-116,14,8.13198,
-114,14,7.35907,
-112,14,6.24316,
-110,14,4.90586,
-108,14,3.78546,
-106,14,3.62852,
-104,14,4.62267,
-102,14,6.09681,
-100,14,7.47883,
-98,14,8.5639,
-96,14,9.3168,
-94,14,9.74778,
-92,14,9.86829,
-90,14,9.67496,
-88,14,9.13948,
-86,14,8.194,
-84,14,6.69976,
-82,14,4.36546,
-80,14,0.489531,
-78,14,-6.53096,
-76,14,-4.03318,
-74,14,2.73802,
-72,14,6.73117,
-70,14,9.37638,
-68,14,11.2131,
-66,14,12.4728,
-64,14,13.2697,
-62,14,13.665,
-60,14,13.6928,
-58,14,13.373,
-56,14,12.7188,
-54,14,11.743,
-52,14,10.4643,
-50,14,8.91629,
-48,14,7.16136,
-46,14,5.31547,
-44,14,3.59995,
-42,14,2.39776,
-40,14,2.10772,
-38,14,2.69694,
-36,14,3.6804,
-34,14,4.59614,
-32,14,5.18573,
-30,14,5.314,
-28,14,4.87644,
-26,14,3.72808,
-24,14,1.58352,
-22,14,-2.24744,
-20,14,-9.12219,
-18,14,-6.18615,
-16,14,0.159722,
-14,14,3.88245,
-12,14,6.29583,
-10,14,7.92798,
-8,14,9.0188,
-6,14,9.69493,
-4,14,10.0302,
-2,14,10.0708,
0,14,9.84733,
2,14,9.38244,
4,14,8.69533,
6,14,7.80588,
8,14,6.73735,
10,14,5.51639,
12,14,4.16702,
14,14,2.69475,
16,14,1.05986,
18,14,-0.857529,
20,14,-3.30247,
22,14,-6.68055,
24,14,-10.6547,
26,14,-9.09615,
28,14,-4.24612,
30,14,-0.50461,
32,14,2.28011,
34,14,4.41533,
36,14,6.06871,
38,14,7.32938,
40,14,8.2475,
42,14,8.85596,
44,14,9.1844,
46,14,9.27097,
48,14,9.17341,
50,14,8.97605,
52,14,8.78115,
54,14,8.67267,
56,14,8.66685,
58,14,8.69608,
60,14,8.64424,
62,14,8.39426,
64,14,7.85324,
66,14,6.96176,
68,14,5.71982,
70,14,4.28794,
72,14,3.20121,
74,14,3.23968,
76,14,4.38902,
78,14,5.87585,
80,14,7.19063,
82,14,8.18136,
84,14,8.83398,
86,14,9.16535,
88,14,9.18761,
90,14,8.89483,
92,14,8.25293,
94,14,7.18373,
96,14,5.53216,
98,14,2.99528,
100,14,-0.925309,
102,14,-4.30711,
104,14,0.018144,
106,14,4.65449,
108,14,7.87618,
110,14,10.1635,
112,14,11.8013,
114,14,12.936,
116,14,13.6459,
118,14,13.9741,
120,14,13.9441,
122,14,13.5681,
124,14,12.8528,
126,14,11.8046,
128,14,10.4363,
130,14,8.77578,
132,14,6.87842,
134,14,4.84219,
136,14,2.83339,
138,14,1.14828,
140,14,0.253135,
142,14,0.455022,
144,14,1.41604,
146,14,2.50991,
148,14,3.32589,
150,14,3.66811,
152,14,3.41843,
154,14,2.43424,
156,14,0.431863,
158,14,-3.34024,
160,14,-11.9366,
162,14,-10.1256,
164,14,-1.85397,
166,14,2.29503,
168,14,4.89087,
170,14,6.62651,
172,14,7.78531,
174,14,8.51021,
176,14,8.88251,
178,14,8.95195,
180,14,8.75065,
-180,16,6.48172,
-178,16,5.60629,
-176,16,4.26834,
-174,16,2.41108,
-172,16,0.0748912,
-170,16,-2.12848,
-168,16,-2.5039,
-166,16,-0.88961,
-164,16,0.993827,
-162,16,2.42894,
-160,16,3.3631,
-158,16,3.87581,
-156,16,4.05253,
-154,16,3.96049,
-152,16,3.64141,
-150,16,3.11534,
-148,16,2.4107,
-146,16,1.64044,
-144,16,1.10338,
-142,16,1.20288,
-140,16,2.00072,
-138,16,3.09283,
-136,16,4.06813,
-134,16,4.74054,
-132,16,5.10303,
-130,16,5.26983,
-128,16,5.43554,
-126,16,5.78012,
-124,16,6.33331,
-122,16,6.95661,
-120,16,7.46611,
-118,16,7.73127,
-116,16,7.69032,
-114,16,7.33221,
-112,16,6.67994,
-110,16,5.7791,
-108,16,4.68284,
-106,16,3.42532,
-104,16,1.98855,
-102,16,0.286921,
-100,16,-1.79435,
-98,16,-4.1995,
-96,16,-6.02169,
-94,16,-5.59634,
-92,16,-3.70833,
-90,16,-1.94841,
-88,16,-0.720382,
-86,16,0.0378418,
-84,16,0.494672,
-82,16,0.862522,
-80,16,1.37233,
-78,16,2.21024,
-76,16,3.43537,
-74,16,4.95903,
-72,16,6.60982,
-70,16,8.21502,
-68,16,9.64171,
-66,16,10.8007,
-64,16,11.6349,
-62,16,12.1071,
-60,16,12.1899,
-58,16,11.8597,
-56,16,11.094,
-54,16,9.872,
-52,16,8.18109,
-50,16,6.03748,
-48,16,3.53572,
-46,16,0.947338,
-44,16,-1.16983,
-42,16,-2.1091,
-40,16,-1.643,
-38,16,-0.339471,
-36,16,1.06226,
-34,16,2.11928,
-32,16,2.63606,
-30,16,2.51752,
-28,16,1.67013,
-26,16,-0.0841413,
-24,16,-3.17147,
-22,16,-8.65804,
-20,16,-11.8574,
-18,16,-4.82818,
-16,16,-0.318885,
-14,16,2.58882,
-12,16,4.60245,
-10,16,6.01482,
-8,16,6.96025,
-6,16,7.50275,
-4,16,7.66935,
-2,16,7.46263,
0,16,6.86307,
2,16,5.8242,
4,16,4.26008,
6,16,2.02284,
8,16,-1.10367,
10,16,-4.99242,
12,16,-6.40326,
14,16,-3.58851,
16,16,-0.908068,
18,16,0.8134,
20,16,1.79261,
22,16,2.24373,
24,16,2.33444,
26,16,2.20279,
28,16,1.95428,
30,16,1.65653,
32,16,1.36751,
34,16,1.20234,
36,16,1.35783,
38,16,1.97092,
40,16,2.92946,
42,16,3.95159,
44,16,4.80455,
46,16,5.38829,
48,16,5.72042,
50,16,5.90963,
52,16,6.11447,
54,16,6.4548,
56,16,6.92092,
58,16,7.3853,
60,16,7.69694,
62,16,7.74732,
64,16,7.48033,
66,16,6.87935,
68,16,5.95377,
70,16,4.72657,
72,16,3.21478,
74,16,1.39281,
76,16,-0.86482,
78,16,-3.85714,
80,16,-8.04088,
82,16,-11.5854,
84,16,-8.23784,
86,16,-4.35293,
88,16,-1.85011,
90,16,-0.331725,
92,16,0.502995,
94,16,0.863761,
96,16,0.945092,
98,16,0.96993,
100,16,1.19066,
102,16,1.8256,
104,16,2.95482,
106,16,4.4766,
108,16,6.18039,
110,16,7.8549,
112,16,9.3438,
114,16,10.548,
116,16,11.4078,
118,16,11.8852,
120,16,11.9513,
122,16,11.5779,
124,16,10.7324,
126,16,9.37448,
128,16,7.45497,
130,16,4.92376,
132,16,1.765,
134,16,-1.8812,
136,16,-5.41771,
138,16,-7.56469,
140,16,-7.27939,
142,16,-5.24006,
144,16,-2.93903,
146,16,-1.16421,
148,16,-0.129113,
150,16,0.127456,
152,16,-0.431434,
154,16,-1.92775,
156,16,-4.68727,
158,16,-9.33688,
160,16,-11.7577,
162,16,-6.02315,
164,16,-1.62176,
166,16,1.35931,
168,16,3.48346,
170,16,5.01518,
172,16,6.08073,
174,16,6.74232,
176,16,7.02836,
178,16,6.94544,
180,16,6.48172,
-180,18,8.99511,
-178,18,8.62437,
-176,18,8.03006,
-174,18,7.18677,
-172,18,6.04773,
-170,18,4.55644,
-168,18,2.68562,
-166,18,0.577828,
-164,18,-1.09531,
-162,18,-1.23792,
-160,18,5.52082e-05,
-158,18,1.56218,
-156,18,2.9598,
-154,18,4.11189,
-152,18,5.00796,
-150,18,5.60342,
-148,18,5.81631,
-146,18,5.5442,
-144,18,4.67036,
-142,18,3.05702,
-140,18,0.550816,
-138,18,-2.84612,
-136,18,-5.98081,
-134,18,-6.58805,
-132,18,-6.52723,
-130,18,-8.44908,
-128,18,-15.2049,
-126,18,-12.946,
-124,18,-4.6382,
-122,18,-0.461443,
-120,18,1.90501,
-118,18,3.17184,
-116,18,3.66192,
-114,18,3.57552,
-112,18,3.07473,
-110,18,2.31575,
-108,18,1.46724,
-106,18,0.753969,
-104,18,0.521585,
-102,18,1.10752,
-100,18,2.44165,
-98,18,4.0723,
-96,18,5.60311,
-94,18,6.8374,
-92,18,7.70108,
-90,18,8.16851,
-88,18,8.22647,
-86,18,7.85947,
-84,18,7.04476,
-82,18,5.75284,
-80,18,3.95483,
-78,18,1.64464,
-76,18,-1.09492,
-74,18,-3.84137,
-72,18,-5.09013,
-70,18,-3.30074,
-68,18,-0.133146,
-66,18,2.78883,
-64,18,5.05447,
-62,18,6.61325,
-60,18,7.47594,
-58,18,7.6485,
-56,18,7.11446,
-54,18,5.82472,
-52,18,3.68104,
-50,18,0.493702,
-48,18,-4.16394,
-46,18,-11.6304,
-44,18,-18.7591,
-42,18,-10.127,
-40,18,-5.54969,
-38,18,-2.79595,
-36,18,-1.25274,
-34,18,-0.788581,
-32,18,-1.41303,
-30,18,-3.2453,
-28,18,-6.51593,
-26,18,-10.8292,
-24,18,-10.9707,
-22,18,-7.27673,
-20,18,-3.9277,
-18,18,-0.898703,
-16,18,1.86619,
-14,18,4.22754,
-12,18,6.10392,
-10,18,7.4971,
-8,18,8.4501,
-6,18,9.0195,
-4,18,9.26346,
-2,18,9.23577,
0,18,8.98071,
2,18,8.52678,
4,18,7.88055,
6,18,7.02315,
8,18,5.91167,
10,18,4.4871,
12,18,2.69551,
14,18,0.555017,
16,18,-1.62997,
18,18,-2.92385,
20,18,-2.47427,
22,18,-0.900033,
24,18,0.923201,
26,18,2.64356,
28,18,4.11146,
30,18,5.21116,
32,18,5.84336,
34,18,5.92383,
36,18,5.37079,
38,18,4.08598,
40,18,1.93173,
42,18,-1.29198,
44,18,-5.81843,
46,18,-11.4912,
48,18,-17.0867,
50,18,-21.9586,
52,18,-12.2855,
54,18,-5.47164,
56,18,-1.32037,
58,18,1.28177,
60,18,2.81017,
62,18,3.51315,
64,18,3.54375,
66,18,3.01166,
68,18,2.00761,
70,18,0.628192,
72,18,-0.929875,
74,18,-2.06492,
76,18,-1.70418,
78,18,0.179852,
80,18,2.45106,
82,18,4.43612,
84,18,5.96313,
86,18,7.01946,
88,18,7.62233,
90,18,7.78431,
92,18,7.50471,
94,18,6.76785,
96,18,5.545,
98,18,3.80396,
100,18,1.5391,
102,18,-1.15594,
104,18,-4.00543,
106,18,-6.65952,
108,18,-8.36245,
110,18,-6.43141,
112,18,-2.13018,
114,18,1.61119,
116,18,4.34387,
118,18,6.17024,
120,18,7.19612,
122,18,7.47975,
124,18,7.03602,
126,18,5.84029,
128,18,3.8248,
130,18,0.86174,
132,18,-3.2953,
134,18,-9.25144,
136,18,-17.6735,
138,18,-13.5785,
140,18,-8.03682,
142,18,-4.78171,
144,18,-2.9946,
146,18,-2.4439,
148,18,-3.10987,
150,18,-5.13658,
152,18,-8.88176,
154,18,-14.266,
156,18,-14.592,
158,18,-10.7854,
160,18,-7.29183,
162,18,-3.59441,
164,18,-0.0765016,
166,18,2.84827,
168,18,5.10799,
170,18,6.76959,
172,18,7.92483,
174,18,8.65908,
176,18,9.04541,
178,18,9.14308,
180,18,8.99511,
-180,20,0.309459,
-178,20,0.0747414,
-176,20,0.427601,
-174,20,1.18441,
-172,20,1.9422,
-170,20,2.35945,
-168,20,2.21498,
-166,20,1.33689,
-164,20,-0.494009,
-162,20,-3.69505,
-160,20,-8.96045,
-158,20,-10.2824,
-156,20,-4.2506,
-154,20,0.0665411,
-152,20,3.11969,
-150,20,5.35933,
-148,20,6.93019,
-146,20,7.87239,
-144,20,8.20285,
-142,20,7.9544,
-140,20,7.21998,
-138,20,6.21701,
-136,20,5.28994,
-134,20,4.6579,
-132,20,4.11328,
-130,20,3.19793,
-128,20,1.53167,
-126,20,-0.949302,
-124,20,-2.97681,
-122,20,-2.04767,
-120,20,0.130089,
-118,20,1.68275,
-116,20,2.44728,
-114,20,2.61696,
-112,20,2.41863,
-110,20,2.07709,
-108,20,1.79415,
-106,20,1.71126,
-104,20,1.88393,
-102,20,2.30045,
-100,20,2.92917,
-98,20,3.74223,
-96,20,4.69592,
-94,20,5.70677,
-92,20,6.66316,
-90,20,7.4587,
-88,20,8.01399,
-86,20,8.27838,
-84,20,8.22257,
-82,20,7.83175,
-80,20,7.10365,
-78,20,6.05047,
-76,20,4.69499,
-74,20,3.03473,
-72,20,0.938824,
-70,20,-2.03696,
-68,20,-6.72695,
-66,20,-8.21003,
-64,20,-2.19118,
-62,20,1.96147,
-60,20,4.43401,
-58,20,5.74122,
-56,20,6.12197,
-54,20,5.69092,
-52,20,4.49185,
-50,20,2.4757,
-48,20,-0.637842,
-46,20,-5.65173,
-44,20,-9.32125,
-42,20,-3.24262,
-40,20,0.991658,
-38,20,3.27444,
-36,20,4.1728,
-34,20,3.86138,
-32,20,2.28987,
-30,20,-0.847084,
-28,20,-6.46035,
-26,20,-17.7491,
-24,20,-16.1472,
-22,20,-14.4038,
-20,20,-17.4733,
-18,20,-9.54517,
-16,20,-3.42071,
-14,20,0.101005,
-12,20,2.11224,
-10,20,3.11269,
-8,20,3.39659,
-6,20,3.1933,
-4,20,2.7158,
-2,20,2.16484,
0,20,1.73073,
2,20,1.6173,
4,20,1.98916,
6,20,2.78717,
8,20,3.70693,
10,20,4.42058,
12,20,4.71319,
14,20,4.46789,
16,20,3.61669,
18,20,2.10979,
20,20,-0.0616408,
22,20,-2.51973,
24,20,-3.18509,
26,20,-0.597545,
28,20,2.65272,
30,20,5.28622,
32,20,7.16602,
34,20,8.32622,
36,20,8.80902,
38,20,8.66092,
40,20,7.96144,
42,20,6.872,
44,20,5.66193,
46,20,4.5735,
48,20,3.53989,
50,20,2.16838,
52,20,0.0172265,
54,20,-3.00853,
56,20,-4.9617,
58,20,-3.22681,
60,20,-0.931572,
62,20,0.433335,
64,20,0.983718,
66,20,1.03202,
68,20,0.916619,
70,20,0.95395,
72,20,1.32435,
74,20,1.9952,
76,20,2.80351,
78,20,3.60026,
80,20,4.32262,
82,20,4.98909,
84,20,5.65086,
86,20,6.329,
88,20,6.98143,
90,20,7.52352,
92,20,7.8716,
94,20,7.97013,
96,20,7.79761,
98,20,7.36317,
100,20,6.70123,
102,20,5.85997,
104,20,4.86884,
106,20,3.67466,
108,20,2.0551,
110,20,-0.518209,
112,20,-5.43162,
114,20,-15.9277,
116,20,-4.86113,
118,20,0.873911,
120,20,3.89502,
122,20,5.49003,
124,20,6.07785,
126,20,5.83189,
128,20,4.8077,
130,20,2.92754,
132,20,-0.197789,
134,20,-6.08041,
136,20,-17.1235,
138,20,-4.39144,
140,20,0.638993,
142,20,3.05244,
144,20,3.91699,
146,20,3.47795,
148,20,1.64579,
150,20,-2.08667,
152,20,-9.61395,
154,20,-17.0383,
156,20,-8.74808,
158,20,-7.25272,
160,20,-9.37447,
162,20,-12.2505,
164,20,-6.8842,
166,20,-2.25398,
168,20,0.401805,
170,20,1.78611,
172,20,2.29669,
174,20,2.18709,
176,20,1.66501,
178,20,0.947841,
180,20,0.309459,
-180,22,4.25373,
-178,22,3.32632,
-176,22,1.21055,
-174,22,-2.01153,
-172,22,-4.11846,
-170,22,-2.35196,
-168,22,-0.392378,
-166,22,0.155742,
-164,22,-0.88813,
-162,22,-3.93398,
-160,22,-10.3918,
-158,22,-13.3144,
-156,22,-6.59571,
-154,22,-3.14967,
-152,22,-0.526979,
-150,22,2.24474,
-148,22,4.83598,
-146,22,6.77431,
-144,22,7.87578,
-142,22,8.10468,
-140,22,7.4762,
-138,22,6.08214,
-136,22,4.26764,
-134,22,2.80969,
-132,22,2.17725,
-130,22,1.65562,
-128,22,0.32175,
-126,22,-2.4308,
-124,22,-6.91281,
-122,22,-9.15104,
-120,22,-5.69337,
-118,22,-3.00955,
-116,22,-1.43534,
-114,22,-0.344493,
-112,22,0.63355,
-110,22,1.5854,
-108,22,2.42353,
-106,22,3.02539,
-104,22,3.33416,
-102,22,3.46733,
-100,22,3.83764,
-98,22,4.94728,
-96,22,6.72476,
-94,22,8.60939,
-92,22,10.1885,
-90,22,11.3071,
-88,22,11.9382,
-86,22,12.1001,
-84,22,11.8271,
-82,22,11.1576,
-80,22,10.1255,
-78,22,8.74487,
-76,22,6.98841,
-74,22,4.76649,
-72,22,1.9025,
-70,22,-1.91939,
-68,22,-6.90168,
-66,22,-7.95349,
-64,22,-3.06628,
-62,22,0.842856,
-60,22,3.49589,
-58,22,5.17968,
-56,22,6.05381,
-54,22,6.21248,
-52,22,5.69015,
-50,22,4.40513,
-48,22,2.05222,
-46,22,-1.81468,
-44,22,-3.61088,
-42,22,1.01717,
-40,22,4.59326,
-38,22,6.4046,
-36,22,6.75443,
-34,22,5.66188,
-32,22,2.75349,
-30,22,-3.45685,
-28,22,-11.3097,
-26,22,-1.91107,
-24,22,1.93108,
-22,22,3.61164,
-20,22,4.27101,
-18,22,4.33047,
-16,22,3.81986,
-14,22,2.44398,
-12,22,-0.515948,
-10,22,-7.37863,
-8,22,-11.3789,
-6,22,-1.3466,
-4,22,2.79092,
-2,22,4.75988,
0,22,5.37631,
2,22,4.89722,
4,22,3.45938,
6,22,1.56532,
8,22,0.920505,
10,22,2.30326,
12,22,3.86036,
14,22,4.56031,
16,22,4.18901,
18,22,2.6314,
20,22,-0.373685,
22,22,-5.54228,
24,22,-14.9524,
26,22,-10.7554,
28,22,-3.62413,
30,22,1.16209,
32,22,4.61959,
34,22,6.94827,
36,22,8.25548,
38,22,8.62007,
40,22,8.10972,
42,22,6.84225,
44,22,5.13734,
46,22,3.64107,
48,22,2.78814,
50,22,2.09379,
52,22,0.818213,
54,22,-1.44295,
56,22,-4.73334,
58,22,-8.25178,
60,22,-9.84839,
62,22,-9.07855,
64,22,-6.84452,
66,22,-3.88234,
68,22,-1.05399,
70,22,1.26788,
72,22,3.01109,
74,22,4.16387,
76,22,4.73353,
78,22,4.8176,
80,22,4.77804,
82,22,5.32238,
84,22,6.81295,
86,22,8.70403,
88,22,10.3715,
90,22,11.5558,
92,22,12.203,
94,22,12.3267,
96,22,11.9587,
98,22,11.138,
100,22,9.90958,
102,22,8.32274,
104,22,6.42017,
106,22,4.21637,
108,22,1.66189,
110,22,-1.44135,
112,22,-5.67131,
114,22,-11.2125,
116,22,-7.57542,
118,22,-1.88006,
120,22,1.71319,
122,22,3.93519,
124,22,5.15185,
126,22,5.52158,
128,22,5.06352,
130,22,3.60572,
132,22,0.57195,
134,22,-5.48139,
136,22,-5.01992,
138,22,1.78703,
140,22,5.35927,
142,22,7.01231,
144,22,7.20511,
146,22,5.94243,
148,22,2.75651,
150,22,-4.47812,
152,22,-12.3406,
154,22,-0.908413,
156,22,2.74969,
158,22,4.19228,
160,22,4.48811,
162,22,4.03876,
164,22,2.92837,
166,22,0.912269,
168,22,-2.75159,
170,22,-9.08591,
172,22,-6.00483,
174,22,-0.339777,
176,22,2.66576,
178,22,4.06381,
180,22,4.25373,
-180,24,5.06105,
-178,24,4.0472,
-176,24,1.95479,
-174,24,-1.9007,
-172,24,-9.67551,
-170,24,-9.98926,
-168,24,-3.26678,
-166,24,-0.621873,
-164,24,0.0102755,
-162,24,-0.452342,
-160,24,-0.73741,
-158,24,0.170258,
-156,24,1.2591,
-154,24,1.24588,
-152,24,-0.539984,
-150,24,-3.17021,
-148,24,-0.0785683,
-146,24,4.39186,
-144,24,7.03223,
-142,24,8.08117,
-140,24,7.69799,
-138,24,5.73931,
-136,24,1.45163,
-134,24,-9.17499,
-132,24,-5.9869,
-130,24,0.935763,
-128,24,3.69427,
-126,24,4.92821,
-124,24,5.33127,
-122,24,5.1038,
-120,24,4.2339,
-118,24,2.61412,
-116,24,0.051383,
-114,24,-3.86328,
-112,24,-9.5457,
-110,24,-9.29065,
-108,24,-4.11291,
-106,24,-0.852258,
-104,24,1.06509,
-102,24,2.23487,
-100,24,3.23336,
-98,24,4.56645,
-96,24,6.27521,
-94,24,7.98912,
-92,24,9.37362,
-90,24,10.2692,
-88,24,10.6202,
-86,24,10.4133,
-84,24,9.66293,
-82,24,8.43351,
-80,24,6.88915,
-78,24,5.29486,
-76,24,3.79794,
-74,24,2.11163,
-72,24,-0.476708,
-70,24,-5.19419,
-68,24,-13.6759,
-66,24,-7.61616,
-64,24,-2.4528,
-62,24,0.389919,
-60,24,2.37929,
-58,24,3.9752,
-56,24,5.20909,
-54,24,5.99563,
-52,24,6.23466,
-50,24,5.77276,
-48,24,4.3742,
-46,24,2.02527,
-44,24,1.00723,
-42,24,3.76605,
-40,24,6.53546,
-38,24,7.86968,
-36,24,7.67644,
-34,24,5.72765,
-32,24,0.980474,
-30,24,-15.3752,
-28,24,-2.5635,
-26,24,3.20586,
-24,24,5.56375,
-22,24,6.56504,
-20,24,6.87748,
-18,24,6.72939,
-16,24,6.07459,
-14,24,4.73031,
-12,24,2.54566,
-10,24,-0.0267943,
-8,24,-0.517532,
-6,24,1.65774,
-4,24,3.81426,
-2,24,5.14331,
0,24,5.63046,
2,24,5.26187,
4,24,3.87881,
6,24,1.08152,
8,24,-3.69103,
10,24,-5.40561,
12,24,-0.807269,
14,24,1.91066,
16,24,2.68086,
18,24,1.8562,
20,24,-0.199835,
22,24,-1.76128,
24,24,-0.903976,
26,24,-0.0765534,
28,24,-1.23983,
30,24,-4.55255,
32,24,-2.01331,
34,24,3.33214,
36,24,6.3896,
38,24,7.61191,
40,24,7.25336,
42,24,5.17441,
44,24,0.538177,
46,24,-8.75619,
48,24,-2.57823,
50,24,2.42246,
52,24,4.6551,
54,24,5.58358,
56,24,5.69344,
58,24,5.11834,
60,24,3.83802,
62,24,1.77509,
64,24,-1.19442,
66,24,-5.25869,
68,24,-8.73634,
70,24,-5.49427,
72,24,-1.27451,
74,24,1.46372,
76,24,2.98202,
78,24,3.615,
80,24,3.84522,
82,24,4.43041,
84,24,5.82374,
86,24,7.58741,
88,24,9.11943,
90,24,10.1437,
92,24,10.5845,
94,24,10.4288,
96,24,9.67748,
98,24,8.34693,
100,24,6.50476,
102,24,4.32831,
104,24,2.07425,
106,24,-0.239263,
108,24,-3.17285,
110,24,-7.60041,
112,24,-10.2487,
114,24,-5.90073,
116,24,-2.42605,
118,24,-0.151942,
120,24,1.67835,
122,24,3.33237,
124,24,4.6902,
126,24,5.54252,
128,24,5.70119,
130,24,4.93759,
132,24,2.92206,
134,24,-0.0905748,
136,24,0.729228,
138,24,4.81912,
140,24,7.5824,
142,24,8.75335,
144,24,8.43465,
146,24,6.43022,
148,24,1.80123,
150,24,-9.56312,
152,24,-1.70482,
154,24,3.71678,
156,24,5.94133,
158,24,6.73572,
160,24,6.7145,
162,24,6.13318,
164,24,5.02924,
166,24,3.35022,
168,24,1.32981,
170,24,0.31576,
172,24,1.49355,
174,24,3.34386,
176,24,4.66825,
178,24,5.24469,
180,24,5.06105,
-180,26,-5.38882,
-178,26,-5.4629,
-176,26,-7.44141,
-174,26,-13.5618,
-172,26,-7.13769,
-170,26,0.0268912,
-168,26,4.04847,
-166,26,6.34717,
-164,26,7.42718,
-162,26,7.51756,
-160,26,6.77779,
-158,26,5.40623,
-156,26,3.61891,
-154,26,1.2186,
-152,26,-3.53838,
-150,26,-20.7846,
-148,26,-0.329914,
-146,26,5.78256,
-144,26,8.90081,
-142,26,10.2908,
-140,26,10.2744,
-138,26,8.83654,
-136,26,5.61251,
-134,26,-0.586276,
-132,26,-5.52287,
-130,26,1.21125,
-128,26,4.63983,
-126,26,6.22935,
-124,26,6.74887,
-122,26,6.43224,
-120,26,5.35149,
-118,26,3.60643,
-116,26,1.46142,
-114,26,-0.694085,
-112,26,-2.79053,
-110,26,-5.27442,
-108,26,-8.06024,
-106,26,-8.22689,
-104,26,-5.38812,
-102,26,-2.80342,
-100,26,-1.12625,
-98,26,-0.290276,
-96,26,-0.251611,
-94,26,-1.01872,
-92,26,-2.60788,
-90,26,-4.9861,
-88,26,-8.02788,
-86,26,-11.547,
-84,26,-13.4581,
-82,26,-9.37021,
-80,26,-4.79643,
-78,26,-1.83277,
-76,26,-0.436952,
-74,26,-0.665539,
-72,26,-2.95476,
-70,26,-7.71954,
-68,26,-5.56555,
-66,26,-0.133856,
-64,26,2.85419,
-62,26,4.30168,
-60,26,4.89516,
-58,26,5.20775,
-56,26,5.63065,
-54,26,6.15453,
-52,26,6.45976,
-50,26,6.13666,
-48,26,4.70151,
-46,26,1.56935,
-44,26,-1.39406,
-42,26,2.34515,
-40,26,5.84438,
-38,26,7.18549,
-36,26,6.51511,
-34,26,3.38012,
-32,26,-5.17032,
-30,26,-6.60734,
-28,26,1.70996,
-26,26,4.24839,
-24,26,4.5351,
-22,26,3.43457,
-20,26,1.4898,
-18,26,-0.729771,
-16,26,-2.95493,
-14,26,-5.5418,
-12,26,-8.44337,
-10,26,-9.42672,
-8,26,-8.51594,
-6,26,-8.56091,
-4,26,-9.69453,
-2,26,-8.56107,
0,26,-5.31721,
2,26,-3.33635,
4,26,-3.55401,
6,26,-7.41031,
8,26,-18.6144,
10,26,-2.95494,
12,26,2.98281,
14,26,6.12771,
16,26,7.68709,
18,26,8.04347,
20,26,7.37338,
22,26,5.88082,
24,26,3.99592,
26,26,2.10655,
28,26,-0.670913,
30,26,-8.4985,
32,26,-5.06054,
34,26,3.69817,
36,26,7.67354,
38,26,9.42817,
40,26,9.5252,
42,26,7.99162,
44,26,4.36882,
46,26,-2.69551,
48,26,-2.83673,
50,26,2.94001,
52,26,5.6653,
54,26,6.8197,
56,26,6.95379,
58,26,6.25512,
60,26,4.89975,
62,26,3.35645,
64,26,2.34353,
66,26,1.88956,
68,26,1.25696,
70,26,0.0140155,
72,26,-1.52362,
74,26,-2.27445,
76,26,-1.73683,
78,26,-0.752945,
80,26,0.0406072,
82,26,0.4749,
84,26,0.486262,
86,26,0.0119544,
88,26,-0.982618,
90,26,-2.45693,
92,26,-4.22985,
94,26,-5.89755,
96,26,-6.89286,
98,26,-6.89276,
100,26,-6.17344,
102,26,-5.43038,
104,26,-5.45587,
106,26,-7.19737,
108,26,-12.3057,
110,26,-10.436,
112,26,-2.89235,
114,26,1.30852,
116,26,3.67547,
118,26,4.90627,
120,26,5.46318,
122,26,5.77012,
124,26,6.11406,
126,26,6.45529,
128,26,6.47259,
130,26,5.72097,
132,26,3.60082,
134,26,-0.625166,
136,26,-1.57637,
138,26,3.78491,
140,26,6.95058,
142,26,8.00363,
144,26,7.17616,
146,26,4.0696,
148,26,-3.08278,
150,26,-3.88236,
152,26,2.53352,
154,26,4.92193,
156,26,5.23323,
158,26,4.1425,
160,26,1.96869,
162,26,-1.04777,
164,26,-4.66919,
166,26,-8.229,
168,26,-8.8768,
170,26,-6.62618,
172,26,-4.87886,
174,26,-4.37966,
176,26,-4.85063,
178,26,-5.45009,
180,26,-5.38882,
-180,28,-7.56185,
-178,28,-10.4155,
-176,28,-15.7343,
-174,28,-13.0637,
-172,28,-4.13953,
-170,28,1.27864,
-168,28,4.80246,
-166,28,7.02009,
-164,28,8.16194,
-162,28,8.30821,
-160,28,7.44676,
-158,28,5.47937,
-156,28,2.17801,
-154,28,-3.11177,
-152,28,-13.8962,
-150,28,-6.62729,
-148,28,1.37079,
-146,28,5.99299,
-144,28,8.77352,
-142,28,10.0858,
-140,28,10.0107,
-138,28,8.42301,
-136,28,4.82579,
-134,28,-2.6846,
-132,28,-9.94248,
-130,28,-0.778589,
-128,28,2.15577,
-126,28,2.99414,
-124,28,2.54824,
-122,28,0.774393,
-120,28,-2.75863,
-118,28,-7.34269,
-116,28,-6.03775,
-114,28,-3.18296,
-112,28,-2.16076,
-110,28,-2.43281,
-108,28,-3.33465,
-106,28,-4.27272,
-104,28,-5.01875,
-102,28,-6.08705,
-100,28,-9.04557,
-98,28,-20.0478,
-96,28,-7.7971,
-94,28,-0.0971658,
-92,28,4.18411,
-90,28,6.75029,
-88,28,8.10098,
-86,28,8.42483,
-84,28,7.77164,
-82,28,6.08588,
-80,28,3.17838,
-78,28,-1.33271,
-76,28,-7.12024,
-74,28,-7.22089,
-72,28,-4.08807,
-70,28,-1.6159,
-68,28,0.779108,
-66,28,2.89184,
-64,28,4.26399,
-62,28,4.72423,
-60,28,4.38472,
-58,28,3.69896,
-56,28,3.42289,
-54,28,3.8604,
-52,28,4.44379,
-50,28,4.43162,
-48,28,3.09345,
-46,28,-0.860189,
-44,28,-8.21016,
-42,28,-0.334847,
-40,28,4.14656,
-38,28,5.34122,
-36,28,3.88316,
-34,28,-1.043,
-32,28,-4.93129,
-30,28,1.6073,
-28,28,4.39599,
-26,28,4.42866,
-24,28,1.88797,
-22,28,-5.03951,
-20,28,-8.47778,
-18,28,0.0100564,
-16,28,3.06471,
-14,28,3.79019,
-12,28,2.96459,
-10,28,1.00035,
-8,28,-1.21362,
-6,28,-2.13136,
-4,28,-2.03423,
-2,28,-2.44122,
0,28,-4.00776,
2,28,-7.04014,
4,28,-12.3936,
6,28,-14.7612,
8,28,-5.93289,
10,28,-0.0537964,
12,28,3.92044,
14,28,6.58285,
16,28,8.15558,
18,28,8.71025,
20,28,8.22205,
22,28,6.58443,
24,28,3.65288,
26,28,-0.456191,
28,28,-4.53176,
30,28,-6.55082,
32,28,-1.99312,
34,28,3.80271,
36,28,7.49065,
38,28,9.31098,
40,28,9.47421,
42,28,7.91066,
44,28,4.0517,
46,28,-4.86916,
48,28,-8.10541,
50,28,0.232424,
52,28,2.82319,
54,28,3.46057,
56,28,2.73326,
58,28,0.508121,
60,28,-2.9016,
62,28,-2.86377,
64,28,0.242957,
66,28,2.06928,
68,28,2.48677,
70,28,1.92858,
72,28,0.823207,
74,28,-0.438439,
76,28,-1.65946,
78,28,-3.17931,
80,28,-6.35691,
82,28,-15.3244,
84,28,-5.92666,
86,28,1.44798,
88,28,5.51063,
90,28,7.85647,
92,28,8.96964,
94,28,9.02649,
96,28,8.05883,
98,28,5.97407,
100,28,2.46789,
102,28,-3.41658,
104,28,-16.0898,
106,28,-9.11431,
108,28,-3.61997,
110,28,-0.707026,
112,28,1.43471,
114,28,3.09057,
116,28,4.16573,
118,28,4.58673,
120,28,4.44915,
122,28,4.09416,
124,28,4.00224,
126,28,4.30704,
128,28,4.57189,
130,28,4.14616,
132,28,2.24016,
134,28,-2.67753,
136,28,-6.68146,
138,28,1.05528,
140,28,4.56028,
142,28,5.16744,
144,28,3.00532,
146,28,-4.35342,
148,28,-7.36152,
150,28,2.07189,
152,28,4.93154,
154,28,5.07966,
156,28,2.91896,
158,28,-2.64675,
160,28,-11.4149,
162,28,-2.03124,
164,28,1.65106,
166,28,2.62853,
168,28,1.98244,
170,28,0.260493,
172,28,-1.7677,
174,28,-3.19383,
176,28,-4.17293,
178,28,-5.53078,
180,28,-7.56185,
-180,30,-4.65246,
-178,30,-0.976502,
-176,30,-0.821622,
-174,30,-3.15064,
-172,30,-6.01281,
-170,30,-4.07328,
-168,30,-0.947323,
-166,30,1.16481,
-164,30,2.50075,
-162,30,3.09961,
-160,30,2.78287,
-158,30,1.31494,
-156,30,-1.56149,
-154,30,-5.73383,
-152,30,-8.44558,
-150,30,-7.77506,
-148,30,-5.0289,
-146,30,-0.475529,
-144,30,3.08558,
-142,30,4.77388,
-140,30,4.41184,
-138,30,1.6323,
-136,30,-1.98966,
-134,30,1.61608,
-132,30,5.10022,
-130,30,6.40257,
-128,30,6.10433,
-126,30,4.51041,
-124,30,1.56836,
-122,30,-2.79471,
-120,30,-3.61231,
-118,30,0.33351,
-116,30,2.82489,
-114,30,3.74623,
-112,30,3.5585,
-110,30,2.53172,
-108,30,0.629512,
-106,30,-2.58459,
-104,30,-6.97796,
-102,30,-5.83408,
-100,30,-1.89786,
-98,30,0.442657,
-96,30,2.0792,
-94,30,4.13331,
-92,30,6.60452,
-90,30,8.7332,
-88,30,10.0566,
-86,30,10.4009,
-84,30,9.63767,
-82,30,7.51375,
-80,30,3.33664,
-78,30,-5.92536,
-76,30,-8.86281,
-74,30,-0.56485,
-72,30,1.68392,
-70,30,1.73347,
-68,30,0.524776,
-66,30,-1.06494,
-64,30,-1.96876,
-62,30,-2.16732,
-60,30,-2.00157,
-58,30,-0.783039,
-56,30,1.31227,
-54,30,3.21402,
-52,30,4.55056,
-50,30,5.31596,
-48,30,5.40681,
-46,30,4.75408,
-44,30,3.96337,
-42,30,4.30629,
-40,30,5.24864,
-38,30,5.2199,
-36,30,3.60848,
-34,30,1.60539,
-32,30,2.89795,
-30,30,5.15533,
-28,30,5.7867,
-26,30,4.29178,
-24,30,-0.345904,
-22,30,-6.35203,
-20,30,1.51449,
-18,30,5.6135,
-16,30,7.25796,
-14,30,7.48557,
-12,30,6.87604,
-10,30,5.84853,
-8,30,4.42444,
-6,30,2.01908,
-4,30,-2.62985,
-2,30,-11.1613,
0,30,-6.07213,
2,30,-2.21329,
4,30,-1.60788,
6,30,-2.93279,
8,30,-4.96035,
10,30,-5.40214,
12,30,-3.54235,
14,30,-0.840265,
16,30,1.65283,
18,30,3.36416,
20,30,4.00462,
22,30,3.37444,
24,30,1.31413,
26,30,-1.57513,
28,30,-2.34326,
30,30,-1.81958,
32,30,-3.30453,
34,30,-4.03595,
36,30,0.626854,
38,30,3.69281,
40,30,4.12827,
42,30,2.06893,
44,30,-0.457783,
46,30,2.26448,
48,30,5.08222,
50,30,5.94501,
52,30,5.22352,
54,30,3.21668,
56,30,-0.120817,
58,30,-4.2758,
60,30,-2.55153,
62,30,1.52548,
64,30,3.81124,
66,30,4.6946,
68,30,4.65223,
70,30,3.92598,
72,30,2.45053,
74,30,0.00695796,
76,30,-2.87421,
78,30,-3.43003,
80,30,-2.13022,
82,30,-1.34872,
84,30,0.112615,
86,30,3.46012,
88,30,6.86978,
90,30,9.28738,
92,30,10.5926,
94,30,10.7944,
96,30,9.81669,
98,30,7.38211,
100,30,2.64233,
102,30,-8.4959,
104,30,-5.69686,
106,30,0.272606,
108,30,1.77992,
110,30,1.31364,
112,30,-0.339461,
114,30,-2.37278,
116,30,-3.59114,
118,30,-3.56358,
120,30,-2.75702,
122,30,-1.28724,
124,30,0.542097,
126,30,2.22393,
128,30,3.51393,
130,30,4.28699,
132,30,4.39176,
134,30,3.88434,
136,30,3.48405,
138,30,3.94394,
140,30,4.39094,
142,30,3.4888,
144,30,0.472003,
146,30,-1.65957,
148,30,2.37691,
150,30,5.30012,
152,30,6.03183,
154,30,4.66873,
156,30,0.527976,
158,30,-6.22041,
160,30,-0.0632779,
162,30,4.16262,
164,30,5.7908,
166,30,6.06415,
168,30,5.8249,
170,30,5.53284,
172,30,4.84185,
174,30,2.8927,
176,30,-1.59208,
178,30,-10.2188,
180,30,-4.65246,
-180,32,6.95106,
-178,32,8.36814,
-176,32,7.45394,
-174,32,3.93868,
-172,32,-4.83089,
-170,32,-8.98476,
-168,32,-1.38502,
-166,32,-0.822935,
-164,32,-4.17323,
-162,32,-12.7981,
-160,32,-8.77991,
-158,32,-3.72187,
-156,32,-1.60497,
-154,32,-0.625913,
-152,32,-0.140422,
-150,32,-0.172635,
-148,32,-1.27889,
-146,32,-3.96869,
-144,32,-6.405,
-142,32,-6.1472,
-140,32,-9.85616,
-138,32,-10.6352,
-136,32,1.26118,
-134,32,6.26256,
-132,32,8.58862,
-130,32,9.2265,
-128,32,8.62248,
-126,32,6.99757,
-124,32,4.3327,
-122,32,0.691083,
-120,32,-1.15761,
-118,32,0.960721,
-116,32,2.91835,
-114,32,3.98334,
-112,32,4.62566,
-110,32,4.89136,
-108,32,4.3191,
-106,32,2.14007,
-104,32,-3.56065,
-102,32,-12.236,
-100,32,-0.0967592,
-98,32,4.18589,
-96,32,5.72222,
-94,32,5.49003,
-92,32,4.08769,
-90,32,3.25958,
-88,32,4.58878,
-86,32,6.08839,
-84,32,6.28126,
-82,32,4.64578,
-80,32,0.22823,
-78,32,-9.44094,
-76,32,-2.72608,
-74,32,1.70048,
-72,32,2.75095,
-70,32,1.66047,
-68,32,-1.41037,
-66,32,-5.6745,
-64,32,-4.47825,
-62,32,-0.724257,
-60,32,1.7384,
-58,32,3.33181,
-56,32,4.40135,
-54,32,5.0417,
-52,32,5.44209,
-50,32,5.89869,
-48,32,6.32424,
-46,32,6.27212,
-44,32,5.56744,
-42,32,4.60372,
-40,32,3.7917,
-38,32,2.64666,
-36,32,0.645867,
-34,32,-0.324173,
-32,32,1.70983,
-30,32,3.51325,
-28,32,3.55647,
-26,32,1.19092,
-24,32,-4.92983,
-22,32,-2.80246,
-20,32,2.8221,
-18,32,4.80306,
-16,32,4.44686,
-14,32,3.01672,
-12,32,3.11049,
-10,32,4.25617,
-8,32,3.73202,
-6,32,-0.519045,
-4,32,-14.2846,
-2,32,1.37813,
0,32,5.98931,
2,32,7.25568,
4,32,6.21251,
6,32,2.60691,
8,32,-5.73237,
10,32,-8.24406,
12,32,-2.1661,
14,32,-1.47251,
16,32,-4.21272,
18,32,-11.9173,
20,32,-8.60411,
22,32,-2.34213,
24,32,0.39426,
26,32,1.72905,
28,32,2.77039,
30,32,3.53171,
32,32,3.15147,
34,32,0.69952,
36,32,-4.8707,
38,32,-11.1553,
40,32,-11.9297,
42,32,-5.14303,
44,32,2.77318,
46,32,7.02015,
48,32,8.90589,
50,32,9.08624,
52,32,7.95255,
54,32,5.78707,
56,32,2.71954,
58,32,-0.721737,
60,32,-1.26523,
62,32,0.91176,
64,32,2.65759,
66,32,3.984,
68,32,5.16856,
70,32,5.80293,
72,32,5.32593,
74,32,3.1733,
76,32,-1.84437,
78,32,-8.61883,
80,32,-0.902033,
82,32,3.10643,
84,32,4.53553,
86,32,4.36458,
88,32,3.45143,
90,32,3.53497,
92,32,5.08682,
94,32,6.36917,
96,32,6.37413,
98,32,4.59322,
100,32,-0.0437811,
102,32,-9.37089,
104,32,-1.87,
106,32,2.15479,
108,32,2.87799,
110,32,1.29686,
112,32,-2.54419,
114,32,-6.23379,
116,32,-3.04401,
118,32,0.180726,
120,32,2.00887,
122,32,3.01944,
124,32,3.53856,
126,32,3.75338,
128,32,3.96772,
130,32,4.48308,
132,32,5.10586,
134,32,5.3779,
136,32,5.14127,
138,32,4.48682,
140,32,3.27838,
142,32,0.965581,
144,32,-2.26196,
146,32,-1.47314,
148,32,1.87276,
150,32,3.62282,
152,32,3.45546,
154,32,0.947158,
156,32,-4.67937,
158,32,-2.23113,
160,32,2.57546,
162,32,3.93505,
164,32,2.66059,
166,32,0.693669,
168,32,2.8232,
170,32,5.23287,
172,32,5.19492,
174,32,1.66478,
176,32,-7.44867,
178,32,2.1896,
180,32,6.95106,
-180,34,9.33801,
-178,34,10.4464,
-176,34,9.53788,
-174,34,6.32557,
-172,34,-1.28285,
-170,34,-10.8001,
-168,34,0.297063,
-166,34,2.68955,
-164,34,3.03667,
-162,34,2.93446,
-160,34,2.52351,
-158,34,1.53247,
-156,34,0.971751,
-154,34,1.86876,
-152,34,2.78178,
-150,34,2.59148,
-148,34,0.992561,
-146,34,-1.98079,
-144,34,-3.12848,
-142,34,-0.664653,
-140,34,0.224136,
-138,34,-0.958085,
-136,34,0.506477,
-134,34,4.45463,
-132,34,6.80719,
-130,34,7.53276,
-128,34,7.17419,
-126,34,6.05979,
-124,34,4.03724,
-122,34,0.626284,
-120,34,-4.2626,
-118,34,-8.39676,
-116,34,-8.36996,
-114,34,-3.67697,
-112,34,0.673382,
-110,34,3.09089,
-108,34,3.70823,
-106,34,2.39958,
-104,34,-2.0717,
-102,34,-16.1227,
-100,34,-1.06539,
-98,34,4.20315,
-96,34,6.23588,
-94,34,6.21866,
-92,34,4.13779,
-90,34,-1.1989,
-88,34,-11.4126,
-86,34,-1.44309,
-84,34,2.20472,
-82,34,2.57939,
-80,34,0.417838,
-78,34,-3.96678,
-76,34,-3.56001,
-74,34,0.205358,
-72,34,1.90765,
-70,34,2.19139,
-68,34,2.14519,
-66,34,2.57267,
-64,34,3.30419,
-62,34,3.83924,
-60,34,3.97897,
-58,34,3.75811,
-56,34,3.27868,
-54,34,2.61208,
-52,34,2.18156,
-50,34,2.93647,
-48,34,4.39303,
-46,34,5.09094,
-44,34,4.31377,
-42,34,1.71028,
-40,34,-3.34089,
-38,34,-12.5777,
-36,34,-17.3567,
-34,34,-19.9609,
-32,34,-10.894,
-30,34,-3.35342,
-28,34,-0.90127,
-26,34,-2.823,
-24,34,-10.2198,
-22,34,-0.883144,
-20,34,3.83778,
-18,34,4.63193,
-16,34,1.89498,
-14,34,-6.34235,
-12,34,-1.87472,
-10,34,2.46479,
-8,34,1.94204,
-6,34,-4.75905,
-4,34,-2.56576,
-2,34,5.4919,
0,34,8.67769,
2,34,9.42741,
4,34,8.17802,
6,34,4.5535,
8,34,-3.55986,
10,34,-6.51377,
12,34,0.461634,
14,34,2.82941,
16,34,3.56148,
18,34,3.21724,
20,34,1.73041,
22,34,0.352931,
24,34,1.72364,
26,34,3.67936,
28,34,4.50319,
30,34,4.37037,
32,34,3.43933,
34,34,1.30686,
36,34,-1.75453,
38,34,-2.61385,
40,34,-3.45332,
42,34,-7.94922,
44,34,-0.524224,
46,34,5.03358,
48,34,7.2529,
50,34,7.42543,
52,34,6.33671,
54,34,4.61747,
56,34,2.34859,
58,34,-0.850971,
60,34,-4.8371,
62,34,-10.2289,
64,34,-10.3514,
66,34,-1.33504,
68,34,3.16607,
70,34,5.10258,
72,34,5.1672,
74,34,3.3972,
76,34,-1.14553,
78,34,-12.9408,
80,34,-2.25895,
82,34,3.18719,
84,34,5.35881,
86,34,5.55593,
88,34,3.85498,
90,34,-0.615555,
92,34,-9.94651,
94,34,-2.60108,
96,34,1.79914,
98,34,2.78176,
100,34,1.35292,
102,34,-1.65923,
104,34,-1.20259,
106,34,1.79448,
108,34,3.0926,
110,34,2.6471,
112,34,1.47602,
114,34,1.62214,
116,34,3.11476,
118,34,4.30602,
120,34,4.72117,
122,34,4.47052,
124,34,3.71754,
126,34,2.58765,
128,34,1.50943,
130,34,1.59397,
132,34,2.85297,
134,34,3.83629,
136,34,3.72468,
138,34,2.16686,
140,34,-1.4386,
142,34,-8.94543,
144,34,-16.7423,
146,34,-11.9273,
148,34,-9.86058,
150,34,-4.34279,
152,34,-1.83946,
154,34,-3.72874,
156,34,-7.53082,
158,34,0.364766,
160,34,4.29204,
162,34,4.66845,
164,34,1.40869,
166,34,-5.60962,
168,34,0.966793,
170,34,4.48079,
172,34,3.94505,
174,34,-2.12535,
176,34,-4.94562,
178,34,5.58137,
180,34,9.33801,
-180,36,6.40518,
-178,36,7.83006,
-176,36,7.7611,
-174,36,6.10901,
-172,36,2.31236,
-170,36,-6.01796,
-168,36,-9.65942,
-166,36,-0.732084,
-164,36,2.98198,
-162,36,4.61398,
-160,36,4.21106,
-158,36,1.06348,
-156,36,-3.04019,
-154,36,1.71376,
-152,36,4.82466,
-150,36,5.03966,
-148,36,2.48302,
-146,36,-5.19371,
-144,36,-5.8191,
-142,36,2.17186,
-140,36,4.45735,
-138,36,3.63088,
-136,36,0.23305,
-134,36,-1.96336,
-132,36,0.196071,
-130,36,1.79174,
-128,36,2.83938,
-126,36,3.29688,
-124,36,2.34418,
-122,36,-0.417275,
-120,36,-4.32475,
-118,36,-6.35534,
-116,36,-4.22998,
-114,36,-0.907746,
-112,36,1.08953,
-110,36,1.35674,
-108,36,-0.0191457,
-106,36,-3.25367,
-104,36,-10.1426,
-102,36,-9.16012,
-100,36,-1.31811,
-98,36,2.5608,
-96,36,4.42476,
-94,36,4.90757,
-92,36,4.2933,
-90,36,2.86768,
-88,36,1.38701,
-86,36,1.09853,
-84,36,1.73171,
-82,36,1.81022,
-80,36,0.369558,
-78,36,-3.45534,
-76,36,-8.22137,
-74,36,-3.73277,
-72,36,-0.130774,
-70,36,1.48635,
-68,36,2.2829,
-66,36,2.82411,
-64,36,2.99867,
-62,36,2.52296,
-60,36,1.27586,
-58,36,-0.76545,
-56,36,-3.55625,
-54,36,-6.93813,
-52,36,-8.09021,
-50,36,-2.94364,
-48,36,1.31599,
-46,36,3.24906,
-44,36,2.96237,
-42,36,0.308167,
-40,36,-3.31769,
-38,36,-1.09173,
-36,36,1.07337,
-34,36,0.269411,
-32,36,-0.633235,
-30,36,3.08585,
-28,36,5.65021,
-26,36,5.41053,
-24,36,2.22949,
-22,36,-0.589682,
-20,36,2.77835,
-18,36,4.63321,
-16,36,4.41556,
-14,36,3.73852,
-12,36,3.9949,
-10,36,4.17828,
-8,36,2.99018,
-6,36,0.227967,
-4,36,-0.659262,
-2,36,2.70762,
0,36,5.3754,
2,36,6.46474,
4,36,6.09262,
6,36,4.21407,
8,36,0.452212,
10,36,-6.92843,
12,36,-11.889,
14,36,-1.43294,
16,36,3.03935,
18,36,4.67109,
20,36,3.65428,
22,36,-0.486923,
24,36,-1.04918,
26,36,3.68229,
28,36,5.38398,
30,36,4.45798,
32,36,0.898144,
34,36,-7.23819,
36,36,-3.61998,
38,36,2.37234,
40,36,3.92907,
42,36,1.92597,
44,36,-4.37903,
46,36,-2.99588,
48,36,0.922541,
50,36,1.68893,
52,36,2.03038,
54,36,2.5577,
56,36,1.84863,
58,36,-0.487398,
60,36,-3.0663,
62,36,-3.46659,
64,36,-0.812293,
66,36,2.4467,
68,36,4.2362,
70,36,4.22306,
72,36,2.40608,
74,36,-1.50819,
76,36,-9.61399,
78,36,-11.7634,
80,36,-2.6226,
82,36,1.53136,
84,36,3.79817,
86,36,4.92154,
88,36,5.15044,
90,36,4.55123,
92,36,3.27742,
94,36,2.08987,
96,36,2.04512,
98,36,2.39544,
100,36,1.60259,
102,36,-1.19091,
104,36,-3.88586,
106,36,-0.729003,
108,36,1.87595,
110,36,2.30562,
112,36,1.4244,
114,36,1.21955,
116,36,2.49159,
118,36,3.53193,
120,36,3.5402,
122,36,2.52563,
124,36,0.666333,
126,36,-1.90748,
128,36,-5.11462,
130,36,-6.14374,
132,36,-2.62971,
134,36,0.0632815,
136,36,0.497977,
138,36,-2.04122,
140,36,-10.2894,
142,36,-6.28459,
144,36,-1.78184,
146,36,-2.81767,
148,36,-3.32358,
150,36,2.59648,
152,36,5.5975,
154,36,5.55438,
156,36,2.98962,
158,36,1.16683,
160,36,3.31146,
162,36,4.41047,
164,36,3.79131,
166,36,3.26479,
168,36,4.08159,
170,36,4.55903,
172,36,3.43299,
174,36,0.481697,
176,36,-0.611465,
178,36,3.31747,
180,36,6.40518,
-180,38,-0.148044,
-178,38,0.153312,
-176,38,2.04731,
-174,38,3.78262,
-172,38,4.1443,
-170,38,2.74161,
-168,38,-0.833546,
-166,38,-5.19343,
-164,38,-1.62865,
-162,38,1.7224,
-160,38,1.9,
-158,38,-2.54327,
-156,38,-6.54611,
-154,38,3.32239,
-152,38,6.86204,
-150,38,7.30079,
-148,38,5.11286,
-146,38,-1.17414,
-144,38,-8.68272,
-142,38,1.84934,
-140,38,4.68071,
-138,38,3.93497,
-136,38,-0.357278,
-134,38,-10.3078,
-132,38,-14.8368,
-130,38,-9.22521,
-128,38,-2.96864,
-126,38,-0.202656,
-124,38,-0.579602,
-122,38,-3.02251,
-120,38,-5.90991,
-118,38,-7.66524,
-116,38,-3.30605,
-114,38,0.872497,
-112,38,2.35697,
-110,38,1.39113,
-108,38,-2.0546,
-106,38,-7.20736,
-104,38,-6.02409,
-102,38,-2.56733,
-100,38,-0.522892,
-98,38,0.691304,
-96,38,1.41543,
-94,38,1.70687,
-92,38,1.47932,
-90,38,0.663111,
-88,38,-0.5487,
-86,38,-1.43877,
-84,38,-1.47295,
-82,38,-1.51225,
-80,38,-2.95259,
-78,38,-7.84657,
-76,38,-19.6275,
-74,38,-5.36431,
-72,38,-1.07226,
-70,38,0.0684128,
-68,38,-0.500624,
-66,38,-1.41342,
-64,38,-1.67436,
-62,38,-2.21482,
-60,38,-4.27,
-58,38,-8.88204,
-56,38,-15.2754,
-54,38,-11.5866,
-52,38,-11.1882,
-50,38,-14.9958,
-48,38,-6.92433,
-46,38,-2.3459,
-44,38,-1.65027,
-42,38,-3.27634,
-40,38,-0.762315,
-38,38,3.35613,
-36,38,4.73075,
-34,38,3.13708,
-32,38,1.41817,
-30,38,5.28438,
-28,38,7.89054,
-26,38,7.73329,
-24,38,4.71106,
-22,38,-2.00187,
-20,38,-3.62701,
-18,38,0.823363,
-16,38,2.53087,
-14,38,2.90956,
-12,38,2.56357,
-10,38,1.76693,
-8,38,0.811292,
-6,38,-0.108275,
-4,38,-0.973045,
-2,38,-2.08913,
0,38,-3.85908,
2,38,-4.15039,
4,38,-0.922918,
6,38,1.80265,
8,38,2.78553,
10,38,1.97011,
12,38,-1.11343,
14,38,-6.91378,
16,38,-3.04173,
18,38,1.11004,
20,38,1.00319,
22,38,-5.46274,
24,38,-3.31063,
26,38,4.51042,
28,38,6.8914,
30,38,6.25829,
32,38,2.7113,
34,38,-6.75917,
36,38,-4.12021,
38,38,3.05594,
40,38,5.04207,
42,38,3.60555,
44,38,-2.22804,
46,38,-15.8024,
48,38,-8.59051,
50,38,-6.01296,
52,38,-0.710847,
54,38,1.76594,
56,38,1.00772,
58,38,-2.36722,
60,38,-6.15499,
62,38,-4.62831,
64,38,0.344874,
66,38,3.64747,
68,38,4.63724,
70,38,3.39489,
72,38,-0.166587,
74,38,-5.34176,
76,38,-5.53485,
78,38,-3.05744,
80,38,-1.57284,
82,38,-0.391432,
84,38,0.957627,
86,38,2.31811,
88,38,3.25403,
90,38,3.42133,
92,38,2.67543,
94,38,1.20354,
96,38,-0.159088,
98,38,-0.769279,
100,38,-1.93471,
102,38,-6.30643,
104,38,-23.9575,
106,38,-4.30193,
108,38,0.123709,
110,38,0.764588,
112,38,-1.43077,
114,38,-4.45186,
116,38,-1.94124,
118,38,0.622287,
120,38,1.00666,
122,38,-0.38875,
124,38,-2.83223,
126,38,-4.51266,
128,38,-5.10655,
130,38,-7.34622,
132,38,-11.191,
134,38,-7.4697,
136,38,-5.74733,
138,38,-12.0406,
140,38,-8.38227,
142,38,0.420456,
144,38,2.6113,
146,38,0.700388,
148,38,-0.196721,
150,38,5.19278,
152,38,7.8962,
154,38,7.75645,
156,38,5.05876,
158,38,0.0663275,
160,38,-2.66831,
162,38,-0.817629,
164,38,0.592146,
166,38,1.32606,
168,38,1.40205,
170,38,0.998025,
172,38,0.606732,
174,38,0.495873,
176,38,0.525703,
178,38,0.348574,
180,38,-0.148044,
-180,40,2.23666,
-178,40,-0.370305,
-176,40,-9.40351,
-174,40,-1.81727,
-172,40,3.16887,
-170,40,4.18614,
-168,40,2.30632,
-166,40,-3.85256,
-164,40,-13.9987,
-162,40,-0.549274,
-160,40,3.13182,
-158,40,3.69143,
-156,40,2.93363,
-154,40,3.9738,
-152,40,5.94038,
-150,40,6.32965,
-148,40,4.58398,
-146,40,0.0797774,
-144,40,-8.05447,
-142,40,-2.38327,
-140,40,0.590993,
-138,40,-1.70617,
-136,40,-12.5116,
-134,40,-3.40694,
-132,40,-0.557875,
-130,40,-3.08253,
-128,40,-8.77802,
-126,40,-6.68938,
-124,40,-2.67598,
-122,40,0.559227,
-120,40,1.49074,
-118,40,-0.979872,
-116,40,-9.00301,
-114,40,-6.47167,
-112,40,-1.79822,
-110,40,-0.604497,
-108,40,-0.1545,
-106,40,0.374369,
-104,40,0.42197,
-102,40,-0.299957,
-100,40,-1.36594,
-98,40,-2.00624,
-96,40,-2.23614,
-94,40,-2.91361,
-92,40,-4.65146,
-90,40,-7.19815,
-88,40,-8.07067,
-86,40,-6.39796,
-84,40,-5.1782,
-82,40,-5.52961,
-80,40,-7.47414,
-78,40,-7.38171,
-76,40,-2.66473,
-74,40,1.14882,
-72,40,3.11669,
-70,40,3.2492,
-68,40,1.2662,
-66,40,-3.71115,
-64,40,-10.2195,
-62,40,-6.45949,
-60,40,-5.46709,
-58,40,-8.05854,
-56,40,-9.35857,
-54,40,-5.06606,
-52,40,-2.66852,
-50,40,-2.61838,
-48,40,-3.3727,
-46,40,-3.13663,
-44,40,-4.44073,
-42,40,-12.9423,
-40,40,-2.44752,
-38,40,3.60997,
-36,40,5.00941,
-34,40,2.26393,
-32,40,-3.75735,
-30,40,3.09471,
-28,40,6.33515,
-26,40,5.94598,
-24,40,2.46838,
-22,40,-4.66644,
-20,40,-7.22562,
-18,40,-3.70178,
-16,40,-3.6872,
-14,40,-5.49043,
-12,40,-3.56883,
-10,40,-0.970057,
-8,40,-1.60066,
-6,40,-7.16364,
-4,40,-5.29241,
-2,40,0.72132,
0,40,2.08068,
2,40,-0.624658,
4,40,-14.6588,
6,40,-3.37437,
8,40,2.37042,
10,40,3.71518,
12,40,2.45987,
14,40,-1.96343,
16,40,-12.7934,
18,40,-1.98569,
20,40,2.26015,
22,40,2.71578,
24,40,2.00501,
26,40,3.73903,
28,40,5.50225,
30,40,5.08848,
32,40,2.33365,
34,40,-2.95705,
36,40,-8.99032,
38,40,-2.17302,
40,40,0.574901,
42,40,-1.99626,
44,40,-13.3733,
46,40,-3.31917,
48,40,-1.87105,
50,40,-8.47325,
52,40,-8.56005,
54,40,-3.5502,
56,40,-4.29372,
58,40,-3.54755,
60,40,-2.4287,
62,40,-5.81445,
64,40,-7.3405,
66,40,-1.15728,
68,40,0.811704,
70,40,0.58159,
72,40,0.531374,
74,40,1.248,
76,40,1.29242,
78,40,0.115758,
80,40,-1.8903,
82,40,-3.50519,
84,40,-3.76973,
86,40,-3.43776,
88,40,-3.28558,
90,40,-3.47502,
92,40,-4.02632,
94,40,-4.87742,
96,40,-5.53495,
98,40,-5.35347,
100,40,-4.69338,
102,40,-3.76766,
104,40,-1.78271,
106,40,0.689225,
108,40,2.20548,
110,40,1.94719,
112,40,-1.01701,
114,40,-10.7984,
116,40,-8.03148,
118,40,-1.30787,
120,40,0.196112,
122,40,-0.559546,
124,40,-1.67205,
126,40,-0.947692,
128,40,0.500221,
130,40,0.992069,
132,40,0.547994,
134,40,0.111995,
136,40,-0.654157,
138,40,-3.61129,
140,40,-2.69727,
142,40,2.47681,
144,40,3.83833,
146,40,0.541831,
148,40,-4.86686,
150,40,3.31381,
152,40,6.15236,
154,40,5.44615,
156,40,1.74427,
158,40,-5.71189,
160,40,-13.5155,
162,40,-7.99369,
164,40,-7.66988,
166,40,-14.0755,
168,40,-8.34906,
170,40,-2.63456,
172,40,-1.92787,
174,40,-4.535,
176,40,-3.028,
178,40,1.14179,
180,40,2.23666,
-180,42,0.16349,
-178,42,-0.0512817,
-176,42,-4.27599,
-174,42,-7.0265,
-172,42,-1.07671,
-170,42,0.703476,
-168,42,-1.48745,
-166,42,-9.88973,
-164,42,-3.99306,
-162,42,2.6622,
-160,42,5.86951,
-158,42,7.01306,
-156,42,6.23989,
-154,42,3.81072,
-152,42,1.62562,
-150,42,1.76245,
-148,42,2.34911,
-146,42,2.12668,
-144,42,0.461356,
-142,42,-2.19257,
-140,42,-4.91139,
-138,42,-15.6912,
-136,42,-2.47198,
-134,42,3.45323,
-132,42,4.70391,
-130,42,2.99985,
-128,42,-0.471994,
-126,42,-2.56942,
-124,42,0.897258,
-122,42,4.55162,
-120,42,5.73895,
-118,42,4.3383,
-116,42,0.00213913,
-114,42,-8.23886,
-112,42,-4.7757,
-110,42,0.419575,
-108,42,2.70748,
-106,42,3.02535,
-104,42,1.56151,
-102,42,-1.63627,
-100,42,-5.20965,
-98,42,-5.61748,
-96,42,-5.60366,
-94,42,-7.32054,
-92,42,-7.62647,
-90,42,-4.74603,
-88,42,-2.58174,
-86,42,-1.78017,
-84,42,-2.087,
-82,42,-3.16452,
-80,42,-3.58167,
-78,42,-1.5021,
-76,42,1.42057,
-74,42,3.68641,
-72,42,4.95507,
-70,42,4.95518,
-68,42,3.12539,
-66,42,-2.04627,
-64,42,-19.3149,
-62,42,-4.35656,
-60,42,-1.1717,
-58,42,-1.76674,
-56,42,-3.50912,
-54,42,-2.36681,
-52,42,0.387991,
-50,42,2.35214,
-48,42,3.60731,
-46,42,4.26339,
-44,42,3.64668,
-42,42,0.716603,
-40,42,-1.61871,
-38,42,2.30732,
-36,42,3.50627,
-34,42,-0.427621,
-32,42,-12.2184,
-30,42,1.16224,
-28,42,3.85519,
-26,42,3.05028,
-24,42,1.65693,
-22,42,2.09437,
-20,42,2.65457,
-18,42,1.63331,
-16,42,-2.82473,
-14,42,-11.9944,
-12,42,-0.48748,
-10,42,3.16355,
-8,42,3.10252,
-6,42,-0.33143,
-4,42,-6.47528,
-2,42,-1.83429,
0,42,1.33708,
2,42,1.07429,
4,42,-2.13689,
6,42,-4.33482,
8,42,-1.17299,
10,42,-0.0388701,
12,42,-1.51308,
14,42,-3.58328,
16,42,-1.99414,
18,42,1.95782,
20,42,5.08706,
22,42,6.24284,
24,42,5.09381,
26,42,1.86233,
28,42,-0.676672,
30,42,-0.108056,
32,42,1.19291,
34,42,1.74755,
36,42,-0.314568,
38,42,-6.34056,
40,42,-11.1364,
42,42,-11.9622,
44,42,-0.963932,
46,42,3.6685,
48,42,3.94336,
50,42,0.518508,
52,42,-6.02364,
54,42,-17.1436,
56,42,-4.76317,
58,42,2.18122,
60,42,4.10258,
62,42,2.58909,
64,42,-2.59939,
66,42,-17.1633,
68,42,-6.37733,
70,42,0.202377,
72,42,3.1718,
74,42,3.87175,
76,42,2.61872,
78,42,-0.517968,
80,42,-5.14038,
82,42,-8.35026,
84,42,-8.03933,
86,42,-6.18301,
88,42,-4.05067,
90,42,-2.86867,
92,42,-2.78185,
94,42,-3.24672,
96,42,-3.45936,
98,42,-2.68159,
100,42,-0.975143,
102,42,0.823522,
104,42,2.22769,
106,42,3.13852,
108,42,3.38528,
110,42,2.53279,
112,42,-0.307041,
114,42,-7.6799,
116,42,-7.27701,
118,42,-0.513139,
120,42,1.54676,
122,42,1.28915,
124,42,0.195207,
126,42,0.242191,
128,42,1.63529,
130,42,2.95584,
132,42,3.76617,
134,42,4.17911,
136,42,3.7463,
138,42,1.58754,
140,42,-0.157657,
142,42,2.49018,
144,42,3.14765,
146,42,-1.50449,
148,42,-9.66822,
150,42,1.37107,
152,42,3.22895,
154,42,1.53943,
156,42,-0.439066,
158,42,0.147593,
160,42,0.850354,
162,42,0.431116,
164,42,-2.05365,
166,42,-4.74391,
168,42,-0.357479,
170,42,2.44135,
172,42,2.09542,
174,42,-2.02993,
176,42,-17.1972,
178,42,-4.00857,
180,42,0.16349,
-180,44,-2.50202,
-178,44,-2.28918,
-176,44,-1.25903,
-174,44,-1.02262,
-172,44,-1.39633,
-170,44,-2.16921,
-168,44,-5.22756,
-166,44,-10.2256,
-164,44,-2.18235,
-162,44,2.85111,
-160,44,5.81198,
-158,44,7.40348,
-156,44,7.32715,
-154,44,5.0703,
-152,44,-0.197658,
-150,44,-5.91518,
-148,44,-1.0391,
-146,44,1.1359,
-144,44,-0.33494,
-142,44,-5.78605,
-140,44,-12.5549,
-138,44,-10.9667,
-136,44,-0.25444,
-134,44,4.32335,
-132,44,5.21652,
-130,44,3.86058,
-128,44,1.90662,
-126,44,0.147019,
-124,44,1.54595,
-122,44,4.95347,
-120,44,6.27012,
-118,44,5.24115,
-116,44,2.11972,
-114,44,-2.02973,
-112,44,-0.870553,
-110,44,2.55084,
-108,44,3.96654,
-106,44,3.24547,
-104,44,0.0778165,
-102,44,-6.653,
-100,44,-7.44974,
-98,44,-3.21691,
-96,44,-2.55703,
-94,44,-3.03795,
-92,44,-1.62726,
-90,44,0.420512,
-88,44,1.28311,
-86,44,0.901524,
-84,44,-0.224882,
-82,44,-1.49716,
-80,44,-2.08183,
-78,44,-0.825617,
-76,44,1.24627,
-74,44,2.67363,
-72,44,3.3018,
-70,44,3.23377,
-68,44,1.98817,
-66,44,-1.53075,
-64,44,-5.17139,
-62,44,-0.879767,
-60,44,1.4154,
-58,44,0.757218,
-56,44,-2.18266,
-54,44,-4.99343,
-52,44,-2.79046,
-50,44,0.763446,
-48,44,3.47823,
-46,44,5.05461,
-44,44,5.03088,
-42,44,2.82358,
-40,44,-0.3966,
-38,44,0.813995,
-36,44,1.08974,
-34,44,-2.53066,
-32,44,-0.100615,
-30,44,3.97886,
-28,44,4.97522,
-26,44,5.09002,
-24,44,5.87737,
-22,44,6.4891,
-20,44,6.08962,
-18,44,4.04972,
-16,44,-1.45514,
-14,44,-12.2629,
-12,44,-0.624588,
-10,44,2.85559,
-8,44,3.73055,
-6,44,3.5424,
-4,44,2.87804,
-2,44,1.78322,
0,44,0.427615,
2,44,-0.262947,
4,44,-0.167123,
6,44,-0.447371,
8,44,-1.48446,
10,44,-3.85055,
12,44,-11.4556,
14,44,-10.268,
16,44,-1.90573,
18,44,1.87176,
20,44,4.89754,
22,44,6.83919,
24,44,6.72991,
26,44,3.89026,
28,44,-3.42603,
30,44,-10.6375,
32,44,-1.10024,
34,44,1.2732,
36,44,-0.787816,
38,44,-9.94964,
40,44,-8.92578,
42,44,-4.09531,
44,44,1.39645,
46,44,4.83068,
48,44,4.91296,
50,44,2.47497,
52,44,-0.190411,
54,44,-3.49849,
56,44,-1.45597,
58,44,4.07285,
60,44,5.88454,
62,44,4.90829,
64,44,1.69572,
66,44,-3.47836,
68,44,-2.36657,
70,44,2.51295,
72,44,4.57478,
74,44,4.20239,
76,44,1.41374,
78,44,-4.44186,
80,44,-8.922,
82,44,-5.21851,
84,44,-2.84656,
86,44,-0.300135,
88,44,1.95274,
90,44,2.94556,
92,44,2.55815,
94,44,1.10584,
96,44,-0.610965,
98,44,-1.36613,
100,44,-0.714869,
102,44,0.539999,
104,44,1.55006,
106,44,1.90098,
108,44,1.37903,
110,44,-0.183794,
112,44,-2.80807,
114,44,-5.10776,
116,44,-2.7422,
118,44,0.707837,
120,44,2.17167,
122,44,1.48886,
124,44,-0.979882,
126,44,-3.57421,
128,44,-2.92838,
130,44,-0.192463,
132,44,2.25458,
134,44,3.76504,
136,44,3.77442,
138,44,1.54595,
140,44,-1.08298,
142,44,0.990215,
144,44,0.935551,
146,44,-4.06372,
148,44,-0.689741,
150,44,3.55513,
152,44,4.23652,
154,44,4.31983,
156,44,5.26649,
158,44,5.69847,
160,44,5.01491,
162,44,2.87976,
164,44,-2.0167,
166,44,-5.57257,
168,44,-0.0423539,
170,44,2.27205,
172,44,2.40013,
174,44,1.49861,
176,44,0.235853,
178,44,-1.22485,
180,44,-2.50202,
-180,46,4.66117,
-178,46,0.940358,
-176,46,-2.29066,
-174,46,0.540609,
-172,46,1.89257,
-170,46,1.87207,
-168,46,1.03423,
-166,46,-1.74655,
-164,46,-4.8822,
-162,46,-1.16425,
-160,46,2.69234,
-158,46,5.35289,
-156,46,6.5078,
-154,46,5.6706,
-152,46,2.53806,
-150,46,-3.09888,
-148,46,-7.09762,
-146,46,-6.13054,
-144,46,-12.1941,
-142,46,-9.12502,
-140,46,-2.27633,
-138,46,-2.68408,
-136,46,-2.40254,
-134,46,1.6076,
-132,46,2.71666,
-130,46,2.63178,
-128,46,2.85491,
-126,46,1.17372,
-124,46,-0.762929,
-122,46,2.48575,
-120,46,4.23543,
-118,46,3.4755,
-116,46,0.634483,
-114,46,-3.73933,
-112,46,-2.10865,
-110,46,1.615,
-108,46,2.7322,
-106,46,1.3471,
-104,46,-3.49846,
-102,46,-22.0161,
-100,46,-4.81446,
-98,46,-0.506182,
-96,46,0.181714,
-94,46,-1.11122,
-92,46,-1.66598,
-90,46,0.714445,
-88,46,2.53224,
-86,46,2.42592,
-84,46,0.569012,
-82,46,-2.17341,
-80,46,-4.86437,
-78,46,-5.40772,
-76,46,-2.19096,
-74,46,-0.458001,
-72,46,-1.4552,
-70,46,-3.0964,
-68,46,-1.3182,
-66,46,0.104902,
-64,46,0.122913,
-62,46,0.676789,
-60,46,1.27388,
-58,46,0.0255942,
-56,46,-3.31025,
-54,46,-6.67443,
-52,46,-10.6248,
-50,46,-13.1483,
-48,46,-3.14234,
-46,46,1.18391,
-44,46,2.13081,
-42,46,0.248921,
-40,46,-1.47832,
-38,46,0.177074,
-36,46,-0.764848,
-34,46,-1.98792,
-32,46,2.93847,
-30,46,5.32259,
-28,46,5.57916,
-26,46,6.01024,
-24,46,6.98557,
-22,46,7.3734,
-20,46,6.63216,
-18,46,4.10934,
-16,46,-1.22002,
-14,46,-7.3327,
-12,46,-5.72314,
-10,46,-3.99131,
-8,46,-0.782916,
-6,46,3.1149,
-4,46,6.02765,
-2,46,7.10934,
0,46,5.80455,
2,46,1.44729,
4,46,-2.33977,
6,46,0.932276,
8,46,2.16088,
10,46,1.61622,
12,46,-0.258824,
14,46,-4.9366,
16,46,-8.80326,
18,46,-3.26745,
20,46,1.36568,
22,46,4.91612,
24,46,6.28671,
26,46,5.08032,
28,46,1.09562,
30,46,-6.29097,
32,46,-10.6127,
34,46,-7.06355,
36,46,-10.6361,
38,46,-4.72961,
40,46,0.135371,
42,46,-0.270668,
44,46,-0.252375,
46,46,2.73677,
48,46,3.00175,
50,46,2.10576,
52,46,2.31299,
54,46,0.205908,
56,46,-1.63051,
58,46,3.02849,
60,46,4.89196,
62,46,4.1982,
64,46,1.74155,
66,46,-2.51801,
68,46,-1.99484,
70,46,2.34717,
72,46,3.9204,
74,46,2.86431,
76,46,-1.32739,
78,46,-13.8787,
80,46,-7.38403,
82,46,-2.28115,
84,46,-1.06656,
86,46,-0.310454,
88,46,1.58355,
90,46,3.45056,
92,46,4.08067,
94,46,3.06372,
96,46,0.367235,
98,46,-3.10364,
100,46,-5.11658,
102,46,-5.25387,
104,46,-3.45344,
106,46,-1.80963,
108,46,-2.56794,
110,46,-7.39831,
112,46,-7.65472,
114,46,-1.51437,
116,46,0.8388,
118,46,1.47477,
120,46,1.2402,
122,46,-0.492016,
124,46,-4.17098,
126,46,-7.07944,
128,46,-9.1493,
130,46,-11.6373,
132,46,-4.43909,
134,46,-0.384319,
136,46,0.0999326,
138,46,-3.56727,
140,46,-5.26805,
142,46,-0.423543,
144,46,-1.09671,
146,46,-3.03049,
148,46,2.41872,
150,46,4.67216,
152,46,4.65784,
154,46,5.25589,
156,46,6.39267,
158,46,6.68098,
160,46,5.81158,
162,46,3.07887,
164,46,-3.33061,
166,46,-13.0288,
168,46,-7.03035,
170,46,-5.02503,
172,46,-2.51492,
174,46,0.867425,
176,46,3.9661,
178,46,5.49424,
180,46,4.66117,
-180,48,6.4656,
-178,48,1.61191,
-176,48,-8.7701,
-174,48,-0.319263,
-172,48,1.40888,
-170,48,1.5283,
-168,48,2.43011,
-166,48,1.20465,
-164,48,-5.69926,
-162,48,-12.8201,
-160,48,-2.5475,
-158,48,1.39349,
-156,48,4.19164,
-154,48,5.20768,
-152,48,4.42867,
-150,48,2.30313,
-148,48,-0.866855,
-146,48,-4.08264,
-144,48,-3.54917,
-142,48,0.671725,
-140,48,2.89262,
-138,48,1.30323,
-136,48,-4.65841,
-134,48,-3.45436,
-132,48,-0.15611,
-130,48,2.68922,
-128,48,4.21753,
-126,48,2.32886,
-124,48,-3.23048,
-122,48,-1.48679,
-120,48,1.32087,
-118,48,1.52274,
-116,48,-0.428493,
-114,48,-6.49077,
-112,48,-10.5217,
-110,48,-3.30101,
-108,48,-1.33221,
-106,48,-2.00615,
-104,48,-5.27412,
-102,48,-10.6122,
-100,48,-5.27366,
-98,48,-0.691625,
-96,48,0.881738,
-94,48,-0.698456,
-92,48,-8.66857,
-90,48,-4.61537,
-88,48,1.87902,
-86,48,3.13899,
-84,48,0.894815,
-82,48,-4.89431,
-80,48,-12.9494,
-78,48,-16.4361,
-76,48,-3.95703,
-74,48,0.116617,
-72,48,-0.946421,
-70,48,-12.2049,
-68,48,-3.96131,
-66,48,2.03386,
-64,48,3.03233,
-62,48,1.79309,
-60,48,-0.0550167,
-58,48,-1.82139,
-56,48,-1.3714,
-54,48,1.00437,
-52,48,1.41028,
-50,48,-1.51392,
-48,48,-11.2309,
-46,48,-10.3252,
-44,48,-5.82887,
-42,48,-5.40047,
-40,48,-1.01356,
-38,48,1.19713,
-36,48,-0.966417,
-34,48,-1.3755,
-32,48,3.25218,
-30,48,4.40872,
-28,48,3.52104,
-26,48,3.62938,
-24,48,4.77405,
-22,48,5.42082,
-20,48,4.62116,
-18,48,1.93187,
-16,48,0.229198,
-14,48,0.590507,
-12,48,-1.29072,
-10,48,-6.1585,
-8,48,-23.2244,
-6,48,-0.676778,
-4,48,6.101,
-2,48,8.49941,
0,48,7.46352,
2,48,1.64754,
4,48,-9.42992,
6,48,1.44181,
8,48,2.64179,
10,48,1.79233,
12,48,1.91265,
14,48,0.27729,
16,48,-6.71074,
18,48,-12.4325,
20,48,-5.39936,
22,48,0.135186,
24,48,3.78307,
26,48,4.6418,
28,48,3.56629,
30,48,1.62267,
32,48,-1.18056,
34,48,-4.03249,
36,48,-2.50244,
38,48,1.77418,
40,48,3.79772,
42,48,1.96644,
44,48,-3.13451,
46,48,-1.00626,
48,48,0.543281,
50,48,2.37598,
52,48,3.97539,
54,48,2.13083,
56,48,-1.78305,
58,48,0.710981,
60,48,2.39716,
62,48,2.335,
64,48,0.977279,
66,48,-3.54517,
68,48,-7.18739,
70,48,-1.13543,
72,48,1.06833,
74,48,0.564716,
76,48,-2.36888,
78,48,-8.28441,
80,48,-7.43303,
82,48,-2.89631,
84,48,-1.95568,
86,48,-5.22276,
88,48,-8.82885,
90,48,-0.0782618,
92,48,3.55102,
94,48,3.71268,
96,48,0.571964,
98,48,-7.34026,
100,48,-14.1233,
102,48,-14.6199,
104,48,-7.40112,
106,48,-1.55184,
108,48,-0.852918,
110,48,-6.43571,
112,48,-8.0612,
114,48,1.13895,
116,48,3.56442,
118,48,2.9593,
120,48,0.622979,
122,48,-2.20709,
124,48,-2.34076,
126,48,0.244008,
128,48,0.788434,
130,48,-1.8969,
132,48,-7.33412,
134,48,-6.84953,
136,48,-7.25583,
138,48,-19.292,
140,48,-2.90684,
142,48,0.989393,
144,48,-0.610301,
146,48,-1.20795,
148,48,2.98253,
150,48,3.6802,
152,48,2.18548,
154,48,2.34318,
156,48,3.61398,
158,48,4.35357,
160,48,3.7324,
162,48,0.910435,
164,48,-1.15532,
166,48,-0.466463,
168,48,-2.53376,
170,48,-7.91914,
172,48,-13.5385,
174,48,-3.19798,
176,48,4.1282,
178,48,7.02295,
180,48,6.4656,
-180,50,4.45112,
-178,50,-2.5187,
-176,50,-8.91039,
-174,50,-0.434438,
-172,50,-2.54946,
-170,50,-5.11446,
-168,50,1.50727,
-166,50,2.09795,
-164,50,-3.13451,
-162,50,-2.75111,
-160,50,1.59154,
-158,50,1.91687,
-156,50,2.53172,
-154,50,4.23027,
-152,50,4.74156,
-150,50,3.77879,
-148,50,1.47292,
-146,50,-1.1411,
-144,50,-0.835261,
-142,50,1.93359,
-140,50,3.31419,
-138,50,0.987239,
-136,50,-9.70822,
-134,50,-5.18092,
-132,50,0.414235,
-130,50,3.63872,
-128,50,4.74372,
-126,50,2.3696,
-124,50,-3.79495,
-122,50,-3.42469,
-120,50,-0.259693,
-118,50,1.19309,
-116,50,0.496296,
-114,50,-3.52647,
-112,50,-13.2576,
-110,50,-12.058,
-108,50,-5.35629,
-106,50,-2.62046,
-104,50,-2.51355,
-102,50,-4.58783,
-100,50,-7.47085,
-98,50,-3.83537,
-96,50,0.629584,
-94,50,2.1079,
-92,50,0.353248,
-90,50,-2.73076,
-88,50,0.773648,
-86,50,2.76476,
-84,50,0.491358,
-82,50,-9.49908,
-80,50,-6.89855,
-78,50,-2.90107,
-76,50,-1.12494,
-74,50,1.76937,
-72,50,1.74348,
-70,50,-4.33371,
-68,50,-4.24973,
-66,50,3.07914,
-64,50,4.59243,
-62,50,2.93693,
-60,50,-0.696544,
-58,50,-2.95926,
-56,50,-0.0970115,
-54,50,3.09822,
-52,50,3.99104,
-50,50,2.20135,
-48,50,-2.87982,
-46,50,-12.9691,
-44,50,-15.5862,
-42,50,-4.91036,
-40,50,1.01946,
-38,50,2.3764,
-36,50,-0.715714,
-34,50,-1.80505,
-32,50,1.92477,
-30,50,1.43937,
-28,50,-2.02783,
-26,50,-3.01974,
-24,50,0.0898433,
-22,50,2.30752,
-20,50,0.66428,
-18,50,-4.37354,
-16,50,0.642732,
-14,50,2.74581,
-12,50,1.58033,
-10,50,0.0232344,
-8,50,-4.43299,
-6,50,-8.32636,
-4,50,3.84505,
-2,50,6.97449,
0,50,5.68703,
2,50,-2.15468,
4,50,-4.28243,
6,50,2.27391,
8,50,0.467513,
10,50,-4.24881,
12,50,1.50931,
14,50,2.39852,
16,50,-1.4917,
18,50,-1.23491,
20,50,1.24359,
22,50,0.714959,
24,50,1.81025,
26,50,3.77312,
28,50,4.27764,
30,50,3.65669,
32,50,1.84336,
34,50,-0.472062,
36,50,-0.239735,
38,50,2.45413,
40,50,3.77172,
42,50,1.10741,
44,50,-9.37299,
46,50,-3.03913,
48,50,0.234179,
50,50,2.97987,
52,50,4.45234,
54,50,2.60604,
56,50,-0.713303,
58,50,-0.662646,
60,50,-0.33017,
62,50,1.01313,
64,50,1.29429,
66,50,-1.9319,
68,50,-12.2647,
70,50,-11.2043,
72,50,-3.93405,
74,50,-1.19105,
76,50,-0.688488,
78,50,-2.24369,
80,50,-6.26103,
82,50,-7.38545,
84,50,-2.37321,
86,50,-0.415137,
88,50,-1.06691,
90,50,-0.382377,
92,50,2.51427,
94,50,3.25325,
96,50,0.169005,
98,50,-12.7988,
100,50,-5.86081,
102,50,-2.24888,
104,50,-2.00199,
106,50,0.309144,
108,50,1.07675,
110,50,-3.08573,
112,50,-6.88079,
114,50,2.38113,
116,50,5.10261,
118,50,4.30597,
120,50,0.908184,
122,50,-2.5992,
124,50,-0.911352,
126,50,2.05088,
128,50,2.70335,
130,50,0.341765,
132,50,-5.44461,
134,50,-10.6727,
136,50,-11.9678,
138,50,-5.74147,
140,50,0.943005,
142,50,2.79196,
144,50,0.412241,
146,50,-0.973759,
148,50,1.72332,
150,50,0.444925,
152,50,-4.74777,
154,50,-6.72735,
156,50,-2.60915,
158,50,1.03151,
160,50,0.152654,
162,50,-6.35837,
164,50,-0.878877,
166,50,2.16459,
168,50,1.35998,
170,50,-0.497667,
172,50,-4.51867,
174,50,-10.2025,
176,50,1.96459,
178,50,5.40623,
180,50,4.45112,
-180,52,-1.75978,
-178,52,-23.8599,
-176,52,-2.42369,
-174,52,1.06417,
-172,52,-1.61859,
-170,52,-5.90342,
-168,52,0.746668,
-166,52,1.3913,
-164,52,-3.02584,
-162,52,1.40663,
-160,52,4.97321,
-158,52,4.36611,
-156,52,1.67997,
-154,52,1.6552,
-152,52,2.63799,
-150,52,1.98402,
-148,52,-0.377115,
-146,52,-2.88021,
-144,52,-2.54024,
-142,52,-0.288397,
-140,52,0.896868,
-138,52,-2.19547,
-136,52,-9.32871,
-134,52,-1.05846,
-132,52,2.0711,
-130,52,3.92397,
-128,52,4.15404,
-126,52,1.50526,
-124,52,-1.7978,
-122,52,-2.03458,
-120,52,-1.4713,
-118,52,0.237231,
-116,52,0.0116476,
-114,52,-2.92494,
-112,52,-6.40627,
-110,52,-5.59235,
-108,52,-2.28764,
-106,52,-0.807702,
-104,52,-1.25261,
-102,52,-2.45348,
-100,52,-5.78934,
-98,52,-10.9679,
-96,52,0.250625,
-94,52,4.72814,
-92,52,5.59253,
-90,52,3.76986,
-88,52,1.33542,
-86,52,1.29567,
-84,52,-0.892065,
-82,52,-15.0694,
-80,52,-2.71085,
-78,52,0.907023,
-76,52,-0.00031994,
-74,52,0.501812,
-72,52,1.2308,
-70,52,-3.20325,
-68,52,-4.63431,
-66,52,2.93535,
-64,52,4.67607,
-62,52,2.83361,
-60,52,-1.71412,
-58,52,-3.65812,
-56,52,-0.598,
-54,52,2.26057,
-52,52,3.05982,
-50,52,1.00454,
-48,52,-4.90354,
-46,52,-15.3879,
-44,52,-16.1,
-42,52,-4.5548,
-40,52,1.35104,
-38,52,2.3164,
-36,52,-1.20862,
-34,52,-2.42834,
-32,52,-0.348461,
-30,52,-3.51408,
-28,52,-8.02482,
-26,52,-5.45642,
-24,52,0.409323,
-22,52,3.24125,
-20,52,0.576966,
-18,52,-17.767,
-16,52,-0.46497,
-14,52,1.71637,
-12,52,0.116049,
-10,52,-0.65341,
-8,52,-3.30099,
-6,52,-15.9941,
-4,52,-0.647804,
-2,52,2.54229,
0,52,0.0963266,
2,52,-10.4255,
4,52,-0.0290971,
6,52,2.87781,
8,52,-0.418879,
10,52,-9.63002,
12,52,1.06213,
14,52,2.32238,
16,52,-1.02691,
18,52,2.1396,
20,52,5.11145,
22,52,4.18208,
24,52,1.44641,
26,52,1.47127,
28,52,2.25735,
30,52,1.88885,
32,52,0.216253,
34,52,-1.732,
36,52,-1.85043,
38,52,-0.0116406,
40,52,1.17224,
42,52,-2.48821,
44,52,-14.0974,
46,52,-1.32317,
48,52,0.974438,
50,52,2.94845,
52,52,3.90347,
54,52,2.33551,
56,52,1.01675,
58,52,-0.188638,
60,52,-2.99003,
62,52,-0.169506,
64,52,1.3017,
66,52,-0.624049,
68,52,-4.91058,
70,52,-8.71243,
72,52,-5.06912,
74,52,-1.53217,
76,52,0.015581,
78,52,-0.0294905,
80,52,-3.12496,
82,52,-19.0825,
84,52,-0.821453,
86,52,4.34926,
88,52,5.50456,
90,52,4.12138,
92,52,2.07054,
94,52,1.4791,
96,52,-1.02364,
98,52,-14.3503,
100,52,-3.28877,
102,52,0.69085,
104,52,-0.0956092,
106,52,-0.650066,
108,52,0.0802629,
110,52,-3.27954,
112,52,-7.92984,
114,52,1.90129,
116,52,4.94318,
118,52,4.12215,
120,52,0.159412,
122,52,-2.85631,
124,52,-0.693763,
126,52,1.47315,
128,52,1.63132,
130,52,-1.65308,
132,52,-10.8336,
134,52,-15.3865,
136,52,-17.679,
138,52,-4.56277,
140,52,1.73762,
142,52,3.02956,
144,52,0.255017,
146,52,-1.53803,
148,52,-0.715959,
150,52,-5.75907,
152,52,-10.9881,
154,52,-8.04632,
156,52,-1.71282,
158,52,2.56074,
160,52,1.19153,
162,52,-9.93593,
164,52,-2.85816,
166,52,0.799101,
168,52,0.224089,
170,52,-1.16143,
172,52,-4.95693,
174,52,-14.1196,
176,52,-1.97888,
178,52,0.845702,
180,52,-1.75978,
-180,54,-10.9628,
-178,54,-7.04885,
-176,54,-1.25742,
-174,54,1.69049,
-172,54,2.1427,
-170,54,1.05183,
-168,54,0.583293,
-166,54,-1.18688,
-164,54,-6.37704,
-162,54,1.811,
-160,54,5.34226,
-158,54,4.34224,
-156,54,-1.04306,
-154,54,-5.59982,
-152,54,-2.63555,
-150,54,-2.54017,
-148,54,-3.4508,
-146,54,-2.2766,
-144,54,-1.42487,
-142,54,-1.76503,
-140,54,-1.69976,
-138,54,-3.5308,
-136,54,-2.33871,
-134,54,1.46209,
-132,54,2.76745,
-130,54,3.41514,
-128,54,2.95122,
-126,54,1.24714,
-124,54,1.1369,
-122,54,-0.156699,
-120,54,-3.55974,
-118,54,-2.47174,
-116,54,-2.63742,
-114,54,-5.55491,
-112,54,-6.2781,
-110,54,-2.9356,
-108,54,-0.264472,
-106,54,-0.330893,
-104,54,-2.29496,
-102,54,-2.44507,
-100,54,-3.81405,
-98,54,-22.8943,
-96,54,-0.425818,
-94,54,5.3359,
-92,54,6.87102,
-90,54,5.50635,
-88,54,1.70666,
-86,54,-1.35719,
-84,54,-3.4297,
-82,54,-16.9111,
-80,54,-1.8143,
-78,54,2.06582,
-76,54,0.170167,
-74,54,-4.74595,
-72,54,-2.51371,
-70,54,-4.83403,
-68,54,-5.78283,
-66,54,1.48038,
-64,54,3.10828,
-62,54,0.823781,
-60,54,-3.29664,
-58,54,-1.43638,
-56,54,0.571432,
-54,54,1.40684,
-52,54,0.985038,
-50,54,-2.72249,
-48,54,-16.7437,
-46,54,-10.617,
-44,54,-12.5402,
-42,54,-8.46517,
-40,54,-0.166301,
-38,54,0.939498,
-36,54,-2.19425,
-34,54,-1.95562,
-32,54,-2.54905,
-30,54,-8.04102,
-28,54,-2.46539,
-26,54,-0.587478,
-24,54,2.77175,
-22,54,4.92953,
-20,54,2.80728,
-18,54,-3.43647,
-16,54,-1.68976,
-14,54,-1.80921,
-12,54,-7.11188,
-10,54,-6.34703,
-8,54,-5.81068,
-6,54,-9.8065,
-4,54,-7.33635,
-2,54,-6.39183,
0,54,-14.617,
2,54,-6.77327,
4,54,0.250014,
6,54,2.46152,
8,54,1.68785,
10,54,-0.185868,
12,54,0.757979,
14,54,0.0981474,
16,54,-4.26549,
18,54,2.22015,
20,54,5.59975,
22,54,4.48119,
24,54,-0.883863,
26,54,-5.44294,
28,54,-3.46331,
30,54,-3.08408,
32,54,-2.8277,
34,54,-1.29833,
36,54,-0.776156,
38,54,-1.58362,
40,54,-1.55665,
42,54,-4.40474,
44,54,-4.5227,
46,54,0.0997541,
48,54,0.957568,
50,54,2.18863,
52,54,2.75306,
54,54,2.05082,
56,54,2.48289,
58,54,0.599115,
60,54,-6.33134,
62,54,-1.97169,
64,54,0.238854,
66,54,-0.968175,
68,54,-2.43038,
70,54,-2.44816,
72,54,-1.66997,
74,54,-1.50627,
76,54,-0.977212,
78,54,0.0825691,
80,54,-1.78841,
82,54,-15.8794,
84,54,-0.0375462,
86,54,5.54699,
88,54,6.88967,
90,54,5.27403,
92,54,0.928175,
94,54,-2.27707,
96,54,-2.90699,
98,54,-10.2601,
100,54,-3.76288,
102,54,1.03404,
104,54,0.126865,
106,54,-4.38827,
108,54,-4.08165,
110,54,-5.2159,
112,54,-11.2191,
114,54,-0.969456,
116,54,2.70849,
118,54,2.08551,
120,54,-1.35564,
122,54,-0.807305,
124,54,1.15456,
126,54,1.56004,
128,54,0.469705,
130,54,-3.92084,
132,54,-7.82497,
134,54,-5.2709,
136,54,-10.4705,
138,54,-8.21356,
140,54,0.331716,
142,54,1.64684,
144,54,-1.0055,
146,54,-1.43484,
148,54,-2.78427,
150,54,-11.335,
152,54,-2.51435,
154,54,-1.55666,
156,54,0.842532,
158,54,3.9156,
160,54,2.91767,
162,54,-1.73768,
164,54,-3.5109,
166,54,-3.80851,
168,54,-6.90411,
170,54,-9.42931,
172,54,-12.5722,
174,54,-10.2706,
176,54,-6.64247,
178,54,-7.18233,
180,54,-10.9628,
-180,56,-7.32733,
-178,56,-5.18641,
-176,56,-3.58916,
-174,56,0.424951,
-172,56,2.90481,
-170,56,2.47219,
-168,56,-0.711438,
-166,56,-6.67519,
-164,56,-15.91,
-162,56,-0.464387,
-160,56,3.31055,
-158,56,2.14381,
-156,56,-4.62408,
-154,56,-9.21954,
-152,56,-4.95384,
-150,56,-4.25736,
-148,56,-2.17653,
-146,56,0.579036,
-144,56,1.21081,
-142,56,-0.566631,
-140,56,-2.15034,
-138,56,-2.46492,
-136,56,-0.449703,
-134,56,1.71467,
-132,56,2.01724,
-130,56,1.98293,
-128,56,1.28373,
-126,56,1.43622,
-124,56,2.62371,
-122,56,0.36934,
-120,56,-7.06613,
-118,56,-6.0154,
-116,56,-6.11852,
-114,56,-10.3555,
-112,56,-8.68513,
-110,56,-2.73149,
-108,56,-0.153914,
-106,56,-1.62738,
-104,56,-5.90354,
-102,56,-3.75292,
-100,56,-4.001,
-98,56,-20.7812,
-96,56,-2.08489,
-94,56,3.67858,
-92,56,5.1577,
-90,56,3.84401,
-88,56,-0.319669,
-86,56,-6.06425,
-84,56,-7.52527,
-82,56,-14.292,
-80,56,-2.72646,
-78,56,1.95479,
-76,56,0.965013,
-74,56,-8.12766,
-72,56,-9.90898,
-70,56,-7.01017,
-68,56,-6.45492,
-66,56,-0.684804,
-64,56,0.104843,
-62,56,-3.13243,
-60,56,-3.19472,
-58,56,1.06166,
-56,56,2.54797,
-54,56,2.25157,
-52,56,0.679967,
-50,56,-3.85568,
-48,56,-7.84877,
-46,56,-3.51843,
-44,56,-5.45999,
-42,56,-14.6308,
-40,56,-2.45578,
-38,56,-0.869824,
-36,56,-2.01039,
-34,56,-0.349055,
-32,56,-3.51882,
-30,56,-8.81009,
-28,56,-0.3628,
-26,56,0.178135,
-24,56,2.59622,
-22,56,4.623,
-20,56,2.98909,
-18,56,-0.653996,
-16,56,-2.08827,
-14,56,-5.84262,
-12,56,-11.2855,
-10,56,-3.61767,
-8,56,-1.9098,
-6,56,-4.48362,
-4,56,-12.1885,
-2,56,-26.9132,
0,56,-11.7636,
2,56,-6.38123,
4,56,-2.76774,
6,56,0.566759,
8,56,2.30543,
10,56,1.62154,
12,56,-0.909127,
14,56,-4.90948,
16,56,-16.7737,
18,56,-0.431633,
20,56,3.50871,
22,56,2.13054,
24,56,-5.88549,
26,56,-9.42545,
28,56,-4.63122,
30,56,-4.15435,
32,56,-1.87548,
34,56,0.977371,
36,56,1.52014,
38,56,-0.537395,
40,56,-2.15607,
42,56,-3.27865,
44,56,-2.43906,
46,56,-0.349627,
48,56,-0.436933,
50,56,0.749521,
52,56,1.10378,
54,56,1.47221,
56,56,2.8679,
58,56,0.32201,
60,56,-12.0838,
62,56,-3.46513,
64,56,-1.35128,
66,56,-2.45711,
68,56,-2.02426,
70,56,-0.382745,
72,56,-0.00199423,
74,56,-2.18764,
76,56,-3.58413,
78,56,-1.14728,
80,56,-2.5404,
82,56,-16.6985,
84,56,-1.09306,
86,56,4.03107,
88,56,4.9956,
90,56,2.98779,
92,56,-2.95851,
94,56,-10.4818,
96,56,-5.00743,
98,56,-6.925,
100,56,-5.23158,
102,56,0.190944,
104,56,0.260922,
106,56,-6.03429,
108,56,-13.9537,
110,56,-7.05954,
112,56,-10.0098,
114,56,-7.37769,
116,56,-2.30247,
118,56,-1.5239,
120,56,-1.79355,
122,56,1.15438,
124,56,2.76561,
126,56,2.44821,
128,56,0.77021,
130,56,-2.97731,
132,56,-3.03584,
134,56,-1.22328,
136,56,-4.60817,
138,56,-13.0305,
140,56,-2.13844,
142,56,-0.585945,
144,56,-1.6029,
146,56,0.075004,
148,56,-2.7995,
150,56,-10.2873,
152,56,-0.63277,
154,56,-0.768285,
156,56,0.190964,
158,56,2.93145,
160,56,2.44303,
162,56,0.246812,
164,56,-2.25903,
166,56,-7.31594,
168,56,-10.7831,
170,56,-5.73993,
172,56,-3.9197,
174,56,-5.24223,
176,56,-10.2253,
178,56,-13.0373,
180,56,-7.32733,
-180,58,-10.3439,
-178,58,-10.6263,
-176,58,-10.7347,
-174,58,-3.45383,
-172,58,0.855933,
-170,58,0.774662,
-168,58,-4.51686,
-166,58,-11.3958,
-164,58,-7.09111,
-162,58,-4.69589,
-160,58,-1.17829,
-158,58,-1.02824,
-156,58,-2.08721,
-154,58,-1.0734,
-152,58,-1.41182,
-150,58,-2.50039,
-148,58,-1.2399,
-146,58,1.24073,
-144,58,1.73976,
-142,58,-0.700477,
-140,58,-3.48342,
-138,58,-3.43605,
-136,58,-1.51078,
-134,58,-0.0540447,
-132,58,-0.290767,
-130,58,-0.512822,
-128,58,-1.24878,
-126,58,0.839559,
-124,58,2.39703,
-122,58,-1.05989,
-120,58,-13.561,
-118,58,-6.1473,
-116,58,-6.34544,
-114,58,-11.2621,
-112,58,-11.3022,
-110,58,-3.26266,
-108,58,-1.14041,
-106,58,-4.75214,
-104,58,-13.3402,
-102,58,-5.16281,
-100,58,-6.1208,
-98,58,-20.0915,
-96,58,-5.21539,
-94,58,-1.1469,
-92,58,-0.856047,
-90,58,-2.88275,
-88,58,-7.43118,
-86,58,-17.8867,
-84,58,-13.853,
-82,58,-11.7617,
-80,58,-4.56365,
-78,58,1.01882,
-76,58,1.77822,
-74,58,-2.49559,
-72,58,-8.78492,
-70,58,-7.11648,
-68,58,-5.11569,
-66,58,-1.55845,
-64,58,-2.86163,
-62,58,-8.19224,
-60,58,-2.38136,
-58,58,1.7491,
-56,58,3.0411,
-54,58,2.72467,
-52,58,1.20785,
-50,58,-2.59816,
-48,58,-4.47683,
-46,58,-1.54468,
-44,58,-3.20199,
-42,58,-11.4063,
-40,58,-3.64144,
-38,58,-1.87646,
-36,58,-0.874958,
-34,58,1.14961,
-32,58,-3.04358,
-30,58,-10.2446,
-28,58,-0.896265,
-26,58,-2.10216,
-24,58,-0.187747,
-22,58,2.25256,
-20,58,1.27404,
-18,58,-0.644051,
-16,58,-2.8094,
-14,58,-6.13538,
-12,58,-2.56074,
-10,58,1.39972,
-8,58,1.87192,
-6,58,-1.58352,
-4,58,-11.9977,
-2,58,-16.2916,
0,58,-13.8398,
2,58,-14.769,
4,58,-11.4747,
6,58,-3.53683,
8,58,0.363328,
10,58,-0.0626385,
12,58,-5.36387,
14,58,-8.47316,
16,58,-7.20509,
18,58,-5.41112,
20,58,-1.42861,
22,58,-2.19099,
24,58,-4.38201,
26,58,-1.25722,
28,58,-0.596692,
30,58,-1.92753,
32,58,-1.34985,
34,58,1.24063,
36,58,1.74542,
38,58,-0.932655,
40,58,-3.52209,
42,58,-3.94297,
44,58,-3.56185,
46,58,-2.80515,
48,58,-3.03207,
50,58,-0.866847,
52,58,-1.05019,
54,58,0.0599028,
56,58,1.98414,
58,58,-1.57863,
60,58,-19.3536,
62,58,-3.15332,
64,58,-2.47478,
66,58,-4.30289,
68,58,-2.47723,
70,58,0.137852,
72,58,0.171759,
74,58,-4.19934,
76,58,-7.88717,
78,58,-2.95469,
80,58,-4.93118,
82,58,-26.0343,
84,58,-3.98772,
86,58,-0.700606,
88,58,-1.43546,
90,58,-4.56537,
92,58,-9.93856,
94,58,-12.7317,
96,58,-6.78025,
98,58,-5.59912,
100,58,-5.5428,
102,58,-1.08585,
104,58,0.396786,
106,58,-3.11943,
108,58,-13.3832,
110,58,-7.1144,
112,58,-5.15599,
114,58,-7.75995,
116,58,-12.4888,
118,58,-5.41884,
120,58,-1.79575,
122,58,1.24937,
124,58,2.71891,
126,58,2.52261,
128,58,1.11736,
130,58,-2.28639,
132,58,-2.35852,
134,58,-0.43537,
136,58,-2.92981,
138,58,-9.80691,
140,58,-3.76856,
142,58,-2.22824,
144,58,-0.712293,
146,58,1.73146,
148,58,-1.49259,
150,58,-13.2577,
152,58,-1.97727,
154,58,-3.30745,
156,58,-3.51329,
158,58,-0.284714,
160,58,0.50775,
162,58,0.30835,
164,58,-2.01516,
166,58,-5.19395,
168,58,-2.0994,
170,58,0.919787,
172,58,1.08026,
174,58,-2.54176,
176,58,-13.4973,
178,58,-13.0495,
180,58,-10.3439,
-180,60,-10.3193,
-178,60,-17.2731,
-176,60,-16.8677,
-174,60,-12.5453,
-172,60,-4.941,
-170,60,-4.48135,
-168,60,-12.7006,
-166,60,-4.92867,
-164,60,-1.74587,
-162,60,-5.35151,
-160,60,-9.04824,
-158,60,-2.80155,
-156,60,0.225894,
-154,60,0.972339,
-152,60,-0.593117,
-150,60,-2.5207,
-148,60,-2.50225,
-146,60,-0.295918,
-144,60,0.297392,
-142,60,-3.13549,
-140,60,-7.6247,
-138,60,-6.66897,
-136,60,-4.83673,
-134,60,-3.64451,
-132,60,-3.63213,
-130,60,-3.40293,
-128,60,-5.08136,
-126,60,-0.992252,
-124,60,0.57846,
-122,60,-5.12454,
-120,60,-10.6535,
-118,60,-3.71479,
-116,60,-4.95138,
-114,60,-9.84552,
-112,60,-11.6791,
-110,60,-3.47878,
-108,60,-2.50743,
-106,60,-9.84654,
-104,60,-10.6613,
-102,60,-5.23226,
-100,60,-9.78634,
-98,60,-12.7004,
-96,60,-9.08412,
-94,60,-17.4378,
-92,60,-13.7003,
-90,60,-10.3047,
-88,60,-11.4845,
-86,60,-11.7112,
-84,60,-13.8291,
-82,60,-10.3679,
-80,60,-6.14404,
-78,60,-0.788981,
-76,60,1.41779,
-74,60,-0.711327,
-72,60,-5.29116,
-70,60,-5.07351,
-68,60,-3.28574,
-66,60,-1.12198,
-64,60,-4.05658,
-62,60,-10.9342,
-60,60,-1.91652,
-58,60,1.10108,
-56,60,2.07349,
-54,60,2.11547,
-52,60,1.183,
-50,60,-2.2007,
-48,60,-4.98712,
-46,60,-2.07683,
-44,60,-3.48719,
-42,60,-9.36365,
-40,60,-3.46523,
-38,60,-2.41215,
-36,60,-0.633085,
-34,60,1.66092,
-32,60,-2.45781,
-30,60,-12.474,
-28,60,-3.06052,
-26,60,-7.90329,
-24,60,-6.97754,
-22,60,-2.60849,
-20,60,-1.64228,
-18,60,-1.87147,
-16,60,-4.75834,
-14,60,-6.28383,
-12,60,-0.450138,
-10,60,3.12284,
-8,60,3.17665,
-6,60,-0.81112,
-4,60,-12.6787,
-2,60,-13.5165,
0,60,-11.2712,
2,60,-11.1963,
4,60,-14.1896,
6,60,-12.7419,
8,60,-5.29746,
10,60,-5.63238,
12,60,-11.4784,
14,60,-3.07147,
16,60,-1.08189,
18,60,-5.40324,
20,60,-11.769,
22,60,-5.45479,
24,60,-1.51423,
26,60,0.652937,
28,60,0.123724,
30,60,-2.30062,
32,60,-3.69674,
34,60,-0.839868,
36,60,-0.0797484,
38,60,-3.90049,
40,60,-7.39899,
42,60,-6.54995,
44,60,-7.18102,
46,60,-7.37274,
48,60,-5.13927,
50,60,-1.68405,
52,60,-3.36356,
54,60,-2.38468,
56,60,-0.11269,
58,60,-5.6711,
60,60,-9.56557,
62,60,-2.03504,
64,60,-2.94685,
66,60,-5.8902,
68,60,-3.1994,
70,60,-0.0516164,
72,60,-0.56178,
74,60,-7.93764,
76,60,-10.5779,
78,60,-4.30301,
80,60,-7.96705,
82,60,-10.5523,
84,60,-6.32448,
86,60,-8.37071,
88,60,-6.55741,
90,60,-3.37247,
92,60,-3.18664,
94,60,-4.9989,
96,60,-7.25331,
98,60,-5.98205,
100,60,-4.90796,
102,60,-2.4983,
104,60,-0.293441,
106,60,-1.95329,
108,60,-7.73844,
110,60,-5.72238,
112,60,-2.6038,
114,60,-3.28801,
116,60,-13.099,
118,60,-7.63808,
120,60,-2.25654,
122,60,-0.23471,
124,60,1.20445,
126,60,1.77122,
128,60,1.2759,
130,60,-1.92714,
132,60,-3.8203,
134,60,-1.64362,
136,60,-3.62497,
138,60,-8.4389,
140,60,-4.36136,
142,60,-3.47371,
144,60,-0.469104,
146,60,2.33822,
148,60,-0.616972,
150,60,-18.2129,
152,60,-6.1518,
154,60,-9.77065,
156,60,-12.501,
158,60,-5.9774,
160,60,-1.17319,
162,60,0.0120294,
164,60,-2.85852,
166,60,-4.94347,
168,60,-0.0329655,
170,60,3.00204,
172,60,2.71702,
174,60,-1.97982,
176,60,-19.4892,
178,60,-9.10796,
180,60,-10.3193,
-180,62,-3.24191,
-178,62,-5.85183,
-176,62,-8.63723,
-174,62,-9.94537,
-172,62,-14.2067,
-170,62,-23.1097,
-168,62,-9.28235,
-166,62,-1.71724,
-164,62,0.231948,
-162,62,-3.10172,
-160,62,-18.7524,
-158,62,-3.72435,
-156,62,0.325917,
-154,62,0.471675,
-152,62,-1.94923,
-150,62,-3.26886,
-148,62,-4.56368,
-146,62,-3.84687,
-144,62,-2.82515,
-142,62,-8.38069,
-140,62,-12.1463,
-138,62,-8.26846,
-136,62,-8.64899,
-134,62,-7.66666,
-132,62,-5.34935,
-130,62,-4.48865,
-128,62,-9.82182,
-126,62,-4.11571,
-124,62,-2.92491,
-122,62,-13.6209,
-120,62,-4.5184,
-118,62,-2.06317,
-116,62,-4.72165,
-114,62,-10.636,
-112,62,-10.033,
-110,62,-3.02315,
-108,62,-3.6134,
-106,62,-13.3474,
-104,62,-5.17776,
-102,62,-4.26587,
-100,62,-14.3346,
-98,62,-9.1839,
-96,62,-9.01704,
-94,62,-4.72939,
-92,62,0.921951,
-90,62,1.39186,
-88,62,-1.79245,
-86,62,-5.14523,
-84,62,-8.47643,
-82,62,-10.0359,
-80,62,-6.49712,
-78,62,-3.71764,
-76,62,-0.788757,
-74,62,-1.7648,
-72,62,-4.37458,
-70,62,-2.61247,
-68,62,-1.99379,
-66,62,-1.28343,
-64,62,-5.15751,
-62,62,-9.18435,
-60,62,-0.902675,
-58,62,0.443981,
-56,62,0.422492,
-54,62,0.879661,
-52,62,0.820437,
-50,62,-2.08312,
-48,62,-7.08805,
-46,62,-4.06798,
-44,62,-5.19243,
-42,62,-8.3945,
-40,62,-2.74743,
-38,62,-3.1263,
-36,62,-2.0782,
-34,62,0.858537,
-32,62,-2.97388,
-30,62,-13.7478,
-28,62,-5.56829,
-26,62,-9.25853,
-24,62,-13.1722,
-22,62,-12.7585,
-20,62,-4.45649,
-18,62,-3.75028,
-16,62,-8.17574,
-14,62,-8.61914,
-12,62,-0.765491,
-10,62,2.91423,
-8,62,2.65642,
-6,62,-1.85648,
-4,62,-15.0305,
-2,62,-7.244,
0,62,-3.5723,
2,62,-3.77152,
4,62,-6.7381,
6,62,-12.4844,
8,62,-14.787,
10,62,-12.7814,
12,62,-5.53267,
14,62,-0.14211,
16,62,0.97371,
18,62,-2.77479,
20,62,-19.942,
22,62,-6.12987,
24,62,-1.46503,
26,62,-0.203317,
28,62,-1.43148,
30,62,-4.07808,
32,62,-9.05268,
34,62,-5.60551,
36,62,-3.85319,
38,62,-10.9127,
40,62,-10.1508,
42,62,-7.8005,
44,62,-11.8595,
46,62,-12.1846,
48,62,-4.8792,
50,62,-1.72066,
52,62,-5.29387,
54,62,-5.91727,
56,62,-3.41233,
58,62,-14.1726,
60,62,-5.22344,
62,62,-1.5327,
64,62,-3.66553,
66,62,-7.50933,
68,62,-4.01824,
70,62,-0.564694,
72,62,-1.71353,
74,62,-11.1398,
76,62,-6.49105,
78,62,-4.40811,
80,62,-9.97189,
82,62,-5.95949,
84,62,-4.11175,
86,62,-1.75268,
88,62,2.20966,
90,62,2.9879,
92,62,0.893898,
94,62,-2.11053,
96,62,-5.42544,
98,62,-7.27701,
100,62,-4.80868,
102,62,-4.01217,
104,62,-2.42205,
106,62,-2.91169,
108,62,-5.77551,
110,62,-3.84731,
112,62,-1.71258,
114,62,-2.09075,
116,62,-9.84813,
118,62,-7.72785,
120,62,-2.01483,
122,62,-1.81746,
124,62,-1.01737,
126,62,0.765265,
128,62,1.5044,
130,62,-1.02588,
132,62,-5.42307,
134,62,-4.08683,
136,62,-5.96865,
138,62,-9.23105,
140,62,-4.90316,
142,62,-5.71639,
144,62,-2.12221,
146,62,1.50791,
148,62,-1.02879,
150,62,-14.0676,
152,62,-11.6196,
154,62,-8.1417,
156,62,-8.9886,
158,62,-12.3361,
160,62,-1.80727,
162,62,-0.500298,
164,62,-4.10548,
166,62,-6.74315,
168,62,-0.432483,
170,62,2.91741,
172,62,2.41044,
174,62,-3.04907,
176,62,-23.1525,
178,62,-4.67869,
180,62,-3.24191,
-180,64,-0.487307,
-178,64,-3.06201,
-176,64,-6.95546,
-174,64,-4.31232,
-172,64,-5.03029,
-170,64,-7.84789,
-168,64,-4.39091,
-166,64,-0.846174,
-164,64,0.232691,
-162,64,-2.4428,
-160,64,-14.4652,
-158,64,-6.16566,
-156,64,-1.31083,
-154,64,-1.7366,
-152,64,-4.62657,
-150,64,-2.74838,
-148,64,-4.26733,
-146,64,-9.28404,
-144,64,-7.51461,
-142,64,-18.4824,
-140,64,-7.92162,
-138,64,-5.70249,
-136,64,-8.32957,
-134,64,-8.16444,
-132,64,-4.54048,
-130,64,-3.9369,
-128,64,-12.073,
-126,64,-8.55068,
-124,64,-8.75467,
-122,64,-9.33811,
-120,64,-1.38678,
-118,64,-1.50976,
-116,64,-6.04427,
-114,64,-14.6194,
-112,64,-7.85249,
-110,64,-2.20856,
-108,64,-4.07375,
-106,64,-10.4809,
-104,64,-2.69252,
-102,64,-3.3865,
-100,64,-17.8997,
-98,64,-8.66278,
-96,64,-6.64336,
-94,64,0.433262,
-92,64,4.60969,
-90,64,4.63424,
-88,64,1.30378,
-86,64,-2.36371,
-84,64,-5.31443,
-82,64,-10.4708,
-80,64,-6.10186,
-78,64,-6.95401,
-76,64,-6.08254,
-74,64,-5.74484,
-72,64,-4.25306,
-70,64,-0.498815,
-68,64,-0.895139,
-66,64,-2.43114,
-64,64,-7.66634,
-62,64,-6.49792,
-60,64,0.459286,
-58,64,0.617083,
-56,64,-1.0494,
-54,64,-0.668752,
-52,64,0.182221,
-50,64,-2.02246,
-48,64,-8.85085,
-46,64,-6.5151,
-44,64,-7.14442,
-42,64,-7.0618,
-40,64,-1.7288,
-38,64,-3.29299,
-36,64,-5.71925,
-34,64,-1.4373,
-32,64,-5.05095,
-30,64,-16.544,
-28,64,-6.93847,
-26,64,-3.72958,
-24,64,-4.40361,
-22,64,-12.4909,
-20,64,-6.21867,
-18,64,-6.56017,
-16,64,-12.3426,
-14,64,-13.4151,
-12,64,-2.32178,
-10,64,1.41686,
-8,64,0.637893,
-6,64,-4.54435,
-4,64,-18.3887,
-2,64,-4.44673,
0,64,-0.768945,
2,64,-1.68185,
4,64,-5.44237,
6,64,-5.76322,
8,64,-5.06977,
10,64,-4.69576,
12,64,-1.92122,
14,64,0.579987,
16,64,0.831449,
18,64,-2.59867,
20,64,-13.7054,
22,64,-8.42772,
24,64,-3.79204,
26,64,-3.18288,
28,64,-4.28807,
30,64,-4.15162,
32,64,-8.84523,
34,64,-15.0765,
36,64,-9.83285,
38,64,-19.9743,
40,64,-5.94987,
42,64,-5.49078,
44,64,-10.5408,
46,64,-10.3428,
48,64,-3.96699,
50,64,-1.86417,
52,64,-6.8456,
54,64,-10.5727,
56,64,-7.96191,
58,64,-14.8657,
60,64,-3.20588,
62,64,-2.02696,
64,64,-5.5145,
66,64,-10.3508,
68,64,-5.03801,
70,64,-1.21136,
72,64,-2.7924,
74,64,-8.20106,
76,64,-3.07457,
78,64,-3.64071,
80,64,-10.8788,
82,64,-4.3678,
84,64,-1.64535,
86,64,2.09925,
88,64,5.16941,
90,64,5.15465,
92,64,2.21661,
94,64,-0.904994,
96,64,-2.8605,
98,64,-7.49254,
100,64,-5.6885,
102,64,-5.25061,
104,64,-6.33035,
106,64,-5.76963,
108,64,-4.71722,
110,64,-1.87675,
112,64,-1.33179,
114,64,-2.72318,
116,64,-11.0201,
118,64,-6.32532,
120,64,-0.786275,
122,64,-1.74735,
124,64,-2.98697,
126,64,-0.467912,
128,64,1.40886,
130,64,-0.258353,
132,64,-5.51137,
134,64,-6.75296,
136,64,-9.25337,
138,64,-10.1637,
140,64,-4.85269,
142,64,-7.88999,
144,64,-6.61791,
146,64,-0.865313,
148,64,-2.83637,
150,64,-12.3406,
152,64,-10.5822,
154,64,-2.99429,
156,64,-3.29469,
158,64,-9.84362,
160,64,-2.8396,
162,64,-2.04846,
164,64,-5.7525,
166,64,-9.06563,
168,64,-2.09925,
170,64,1.37046,
172,64,0.649437,
174,64,-4.86038,
176,64,-13.8159,
178,64,-2.71011,
180,64,-0.487307,
-180,66,-0.240509,
-178,66,-3.27994,
-176,66,-8.16706,
-174,66,-2.45938,
-172,66,-1.71522,
-170,66,-3.36502,
-168,66,-2.78713,
-166,66,-1.68357,
-164,66,-1.36488,
-162,66,-3.01325,
-160,66,-10.4975,
-158,66,-11.991,
-156,66,-4.32387,
-154,66,-5.28427,
-152,66,-7.28611,
-150,66,-1.43989,
-148,66,-2.4648,
-146,66,-13.167,
-144,66,-13.5064,
-142,66,-17.1417,
-140,66,-4.96718,
-138,66,-3.87918,
-136,66,-6.96255,
-134,66,-7.30146,
-132,66,-4.01165,
-130,66,-3.84517,
-128,66,-12.0115,
-126,66,-14.2326,
-124,66,-16.5288,
-122,66,-4.0117,
-120,66,0.178486,
-118,66,-1.8413,
-116,66,-9.28144,
-114,66,-23.3141,
-112,66,-5.88612,
-110,66,-1.43639,
-108,66,-3.90354,
-106,66,-7.88578,
-104,66,-1.7398,
-102,66,-3.04586,
-100,66,-17.2503,
-98,66,-10.6363,
-96,66,-5.16576,
-94,66,2.20164,
-92,66,5.6349,
-90,66,5.40123,
-88,66,2.17249,
-86,66,-1.05927,
-84,66,-3.53609,
-82,66,-11.2773,
-80,66,-5.75681,
-78,66,-6.1759,
-76,66,-16.3596,
-74,66,-14.9082,
-72,66,-3.79,
-70,66,1.07702,
-68,66,0.33655,
-66,66,-3.77819,
-64,66,-11.7375,
-62,66,-5.05512,
-60,66,1.20924,
-58,66,0.840559,
-56,66,-2.39385,
-54,66,-2.93875,
-52,66,-1.12043,
-50,66,-2.48039,
-48,66,-9.713,
-46,66,-8.17104,
-44,66,-8.15102,
-42,66,-5.9207,
-40,66,-0.773212,
-38,66,-2.34603,
-36,66,-12.2115,
-34,66,-5.46282,
-32,66,-7.89677,
-30,66,-17.7984,
-28,66,-7.93066,
-26,66,-1.27103,
-24,66,-1.32753,
-22,66,-6.67057,
-20,66,-7.73263,
-18,66,-10.0822,
-16,66,-10.8214,
-14,66,-18.4339,
-12,66,-4.15037,
-10,66,-0.89825,
-8,66,-2.82922,
-6,66,-8.14239,
-4,66,-16.0873,
-2,66,-4.20655,
0,66,-0.554878,
2,66,-2.16908,
4,66,-6.98151,
6,66,-3.5452,
8,66,-1.50043,
10,66,-1.38873,
12,66,-0.817836,
14,66,-0.403672,
16,66,-1.22631,
18,66,-4.52762,
20,66,-13.3168,
22,66,-15.2086,
24,66,-8.83739,
26,66,-8.68772,
28,66,-6.5624,
30,66,-2.43374,
32,66,-4.53288,
34,66,-14.7922,
36,66,-16.9658,
38,66,-10.2961,
40,66,-3.0085,
42,66,-3.49598,
44,66,-7.84309,
46,66,-7.92021,
48,66,-3.70443,
50,66,-2.59363,
52,66,-8.59873,
54,66,-15.5717,
56,66,-12.4387,
58,66,-7.63007,
60,66,-2.2732,
62,66,-3.47173,
64,66,-9.3872,
66,66,-16.8276,
68,66,-6.21549,
70,66,-1.85498,
72,66,-3.36719,
74,66,-4.96202,
76,66,-1.1703,
78,66,-2.83574,
80,66,-11.548,
82,66,-4.44475,
84,66,-0.459411,
86,66,3.46122,
88,66,5.80852,
90,66,5.27193,
92,66,1.96511,
94,66,-0.405377,
96,66,-0.925585,
98,66,-5.82902,
100,66,-7.52229,
102,66,-5.5143,
104,66,-9.45647,
106,66,-9.56814,
108,66,-3.75397,
110,66,-0.0815531,
112,66,-0.447422,
114,66,-3.78597,
116,66,-14.0809,
118,66,-5.16838,
120,66,0.149846,
122,66,-1.03552,
124,66,-4.59842,
126,66,-2.5516,
128,66,0.556669,
130,66,-0.232169,
132,66,-5.20577,
134,66,-8.58043,
136,66,-12.0783,
138,66,-10.0756,
140,66,-4.03764,
142,66,-6.35548,
144,66,-17.9041,
146,66,-4.52572,
148,66,-4.88016,
150,66,-10.6428,
152,66,-9.53869,
154,66,-1.03151,
156,66,-1.26748,
158,66,-7.72046,
160,66,-5.40659,
162,66,-5.59753,
164,66,-8.37789,
166,66,-10.4862,
168,66,-3.98591,
170,66,-1.28439,
172,66,-2.33269,
174,66,-5.53029,
176,66,-9.04079,
178,66,-2.69054,
180,66,-0.240509,
-180,68,-1.88169,
-178,68,-5.77483,
-176,68,-11.3971,
-174,68,-2.43903,
-172,68,-0.95069,
-170,68,-2.14308,
-168,68,-3.05659,
-166,68,-4.24461,
-164,68,-4.44457,
-162,68,-3.66221,
-160,68,-6.94535,
-158,68,-26.0104,
-156,68,-7.7774,
-154,68,-9.10628,
-152,68,-8.44743,
-150,68,-0.561644,
-148,68,-1.27915,
-146,68,-11.9369,
-144,68,-18.2227,
-142,68,-13.5806,
-140,68,-3.96537,
-138,68,-3.42668,
-136,68,-6.9787,
-134,68,-7.61301,
-132,68,-4.54948,
-130,68,-4.84133,
-128,68,-13.5385,
-126,68,-20.3563,
-124,68,-12.9576,
-122,68,-1.60343,
-120,68,0.808627,
-118,68,-2.81856,
-116,68,-16.0035,
-114,68,-14.2998,
-112,68,-4.29164,
-110,68,-0.873126,
-108,68,-3.34879,
-106,68,-6.04955,
-104,68,-1.64669,
-102,68,-3.28024,
-100,68,-14.3794,
-98,68,-15.0381,
-96,68,-4.40708,
-94,68,2.44855,
-92,68,5.21858,
-90,68,4.76953,
-88,68,1.87877,
-86,68,-0.548265,
-84,68,-2.65925,
-82,68,-11.9853,
-80,68,-5.74641,
-78,68,-3.2225,
-76,68,-6.2116,
-74,68,-9.8325,
-72,68,-2.96638,
-70,68,2.08385,
-68,68,1.49617,
-66,68,-4.16928,
-64,68,-16.0773,
-62,68,-5.21915,
-60,68,0.988199,
-58,68,0.354082,
-56,68,-4.30948,
-54,68,-7.0273,
-52,68,-3.47034,
-50,68,-3.62859,
-48,68,-10.3711,
-46,68,-8.30737,
-44,68,-7.98893,
-42,68,-5.44786,
-40,68,-0.208159,
-38,68,-1.1442,
-36,68,-12.0231,
-34,68,-10.3955,
-32,68,-7.30294,
-30,68,-10.6609,
-28,68,-10.0237,
-26,68,-0.680235,
-24,68,-0.522783,
-22,68,-5.14136,
-20,68,-9.37581,
-18,68,-8.47251,
-16,68,-6.16616,
-14,68,-15.6081,
-12,68,-5.54752,
-10,68,-3.45974,
-8,68,-7.93115,
-6,68,-9.29569,
-4,68,-11.4648,
-2,68,-5.98609,
0,68,-2.3682,
2,68,-4.82733,
4,68,-11.194,
6,68,-3.25008,
8,68,-0.47275,
10,68,-0.461899,
12,68,-1.36324,
14,68,-3.16633,
16,68,-5.7683,
18,68,-7.3345,
20,68,-9.66337,
22,68,-17.0846,
24,68,-16.8087,
26,68,-19.0095,
28,68,-6.80124,
30,68,-1.14967,
32,68,-2.45643,
34,68,-10.0166,
36,68,-17.314,
38,68,-7.55263,
40,68,-1.77383,
42,68,-2.73168,
44,68,-6.84547,
46,68,-7.06278,
48,68,-4.22376,
50,68,-4.06717,
52,68,-11.2778,
54,68,-17.8255,
56,68,-12.3867,
58,68,-4.4754,
60,68,-1.87939,
62,68,-5.61546,
64,68,-18.1697,
66,68,-22.1003,
68,68,-6.94035,
70,68,-2.32764,
72,68,-3.32735,
74,68,-2.97422,
76,68,-0.255021,
78,68,-2.41157,
80,68,-11.6625,
82,68,-5.54673,
84,68,-0.27426,
86,68,3.46464,
88,68,5.09302,
90,68,4.07658,
92,68,0.814229,
94,68,-0.203996,
96,68,0.165896,
98,68,-4.04119,
100,68,-10.159,
102,68,-4.94807,
104,68,-6.36434,
106,68,-9.00076,
108,68,-2.87539,
110,68,1.28895,
112,68,0.859866,
114,68,-3.89801,
116,68,-16.1391,
118,68,-5.16874,
120,68,0.229505,
122,68,-0.892267,
124,68,-6.26757,
126,68,-6.39998,
128,68,-1.16608,
130,68,-0.949751,
132,68,-5.55326,
134,68,-9.5377,
136,68,-12.6447,
138,68,-9.85322,
140,68,-3.35101,
142,68,-3.98375,
144,68,-12.3732,
146,68,-6.85696,
148,68,-4.27901,
150,68,-7.08016,
152,68,-11.2382,
154,68,-0.916851,
156,68,-1.13069,
158,68,-7.71097,
160,68,-10.3805,
162,68,-11.8003,
164,68,-10.4734,
166,68,-12.1219,
168,68,-5.32619,
170,68,-4.6772,
172,68,-6.14875,
174,68,-4.61696,
176,68,-6.34905,
178,68,-4.16352,
180,68,-1.88169,
-180,70,-5.25199,
-178,70,-10.199,
-176,70,-13.6294,
-174,70,-3.64424,
-172,70,-1.58492,
-170,70,-2.48271,
-168,70,-4.82038,
-166,70,-9.36794,
-164,70,-8.05719,
-162,70,-3.55067,
-160,70,-4.56053,
-158,70,-12.5072,
-156,70,-8.74126,
-154,70,-9.99678,
-152,70,-8.75537,
-150,70,-0.340212,
-148,70,-0.908945,
-146,70,-11.2703,
-144,70,-17.421,
-142,70,-13.5664,
-140,70,-4.11377,
-138,70,-3.95215,
-136,70,-8.25241,
-134,70,-9.08169,
-132,70,-5.99781,
-130,70,-6.99295,
-128,70,-18.8538,
-126,70,-23.1149,
-124,70,-9.95241,
-122,70,-0.599148,
-120,70,0.814168,
-118,70,-4.2074,
-116,70,-24.965,
-114,70,-8.97758,
-112,70,-3.08324,
-110,70,-0.524695,
-108,70,-2.65826,
-106,70,-4.47855,
-104,70,-1.937,
-102,70,-3.9412,
-100,70,-12.0814,
-98,70,-15.7217,
-96,70,-3.9187,
-94,70,1.77582,
-92,70,3.83444,
-90,70,3.25936,
-88,70,1.03571,
-86,70,-0.53671,
-84,70,-2.44597,
-82,70,-12.2182,
-80,70,-6.09779,
-78,70,-1.20698,
-76,70,-1.57964,
-74,70,-4.23302,
-72,70,-2.30725,
-70,70,2.53778,
-68,70,2.27165,
-66,70,-3.77921,
-64,70,-16.9021,
-62,70,-7.11941,
-60,70,-0.211612,
-58,70,-1.01992,
-56,70,-6.93758,
-54,70,-16.3091,
-52,70,-6.96197,
-50,70,-5.10985,
-48,70,-10.4745,
-46,70,-7.37956,
-44,70,-7.13466,
-42,70,-5.51293,
-40,70,-0.0874664,
-38,70,-0.34308,
-36,70,-7.33809,
-34,70,-9.96842,
-32,70,-4.41771,
-30,70,-6.16618,
-28,70,-13.9835,
-26,70,-1.2902,
-24,70,-1.0552,
-22,70,-5.51416,
-20,70,-10.1419,
-18,70,-4.27013,
-16,70,-2.81995,
-14,70,-11.9384,
-12,70,-6.77019,
-10,70,-5.71457,
-8,70,-14.5639,
-6,70,-7.77193,
-4,70,-8.51925,
-2,70,-9.32295,
0,70,-6.26336,
2,70,-9.66947,
4,70,-17.1164,
6,70,-4.17981,
8,70,-0.805279,
10,70,-0.905653,
12,70,-3.33004,
14,70,-8.59395,
16,70,-15.0855,
18,70,-7.35889,
20,70,-6.10715,
22,70,-9.4689,
24,70,-12.1918,
26,70,-16.2116,
28,70,-6.55553,
30,70,-0.681835,
32,70,-1.78917,
34,70,-8.8599,
36,70,-16.8061,
38,70,-7.2828,
40,70,-1.65507,
42,70,-2.97769,
44,70,-7.06573,
46,70,-7.22371,
48,70,-5.42371,
50,70,-6.43975,
52,70,-16.0523,
54,70,-18.0344,
56,70,-10.8244,
58,70,-2.96137,
60,70,-1.81163,
62,70,-7.9343,
64,70,-20.6715,
66,70,-12.1874,
68,70,-6.56681,
70,70,-2.51297,
72,70,-2.94541,
74,70,-1.80977,
76,70,0.0439752,
78,70,-2.40489,
80,70,-10.997,
82,70,-7.06039,
84,70,-0.785064,
86,70,2.58483,
88,70,3.50308,
90,70,2.11922,
92,70,-0.466748,
94,70,-0.201675,
96,70,0.519602,
98,70,-2.92346,
100,70,-13.1159,
102,70,-4.32495,
104,70,-3.25007,
106,70,-5.77015,
108,70,-2.28838,
110,70,2.10904,
112,70,1.94495,
114,70,-3.2187,
116,70,-16.2705,
118,70,-6.50067,
120,70,-0.524683,
122,70,-1.42143,
124,70,-7.40272,
126,70,-14.3597,
128,70,-3.60096,
130,70,-2.16278,
132,70,-6.60051,
134,70,-9.8997,
136,70,-10.9998,
138,70,-9.83598,
140,70,-3.21986,
142,70,-2.70961,
144,70,-7.00073,
146,70,-5.53487,
148,70,-2.20681,
150,70,-4.0749,
152,70,-15.4764,
154,70,-2.08222,
156,70,-2.37706,
158,70,-9.48814,
160,70,-17.6815,
162,70,-9.36574,
164,70,-7.76087,
166,70,-15.6675,
168,70,-6.46731,
170,70,-8.1983,
172,70,-9.39868,
174,70,-3.72941,
176,70,-4.90487,
178,70,-6.50792,
180,70,-5.25199,
-180,72,-9.00127,
-178,72,-10.8769,
-176,72,-11.0936,
-174,72,-5.83027,
-172,72,-3.16917,
-170,72,-3.86993,
-168,72,-8.23446,
-166,72,-20.5357,
-164,72,-8.15352,
-162,72,-3.04357,
-160,72,-3.32113,
-158,72,-8.03786,
-156,72,-7.22273,
-154,72,-8.5629,
-152,72,-9.35849,
-150,72,-0.63186,
-148,72,-1.12673,
-146,72,-12.058,
-144,72,-14.4588,
-142,72,-14.8432,
-140,72,-4.90305,
-138,72,-5.073,
-136,72,-10.2238,
-134,72,-10.9797,
-132,72,-7.937,
-130,72,-10.2627,
-128,72,-33.7536,
-126,72,-19.07,
-124,72,-9.21932,
-122,72,-0.447809,
-120,72,0.361643,
-118,72,-5.8058,
-116,72,-14.7048,
-114,72,-6.33327,
-112,72,-2.2748,
-110,72,-0.365679,
-108,72,-2.01063,
-106,72,-3.10112,
-104,72,-2.20203,
-102,72,-4.72727,
-100,72,-10.6875,
-98,72,-11.2214,
-96,72,-3.5303,
-94,72,0.48787,
-92,72,1.79972,
-90,72,1.40268,
-88,72,0.142909,
-86,72,-0.888838,
-84,72,-2.74547,
-82,72,-11.9243,
-80,72,-6.76508,
-78,72,-0.188929,
-76,72,0.559342,
-74,72,-1.69965,
-72,72,-2.09915,
-70,72,2.47602,
-68,72,2.54085,
-66,72,-3.5353,
-64,72,-14.5932,
-62,72,-11.3865,
-60,72,-2.34922,
-58,72,-3.24357,
-56,72,-8.65485,
-54,72,-14.9467,
-52,72,-10.0639,
-50,72,-6.15757,
-48,72,-9.69476,
-46,72,-6.25901,
-44,72,-6.0954,
-42,72,-5.77296,
-40,72,-0.294563,
-38,72,0.0054651,
-36,72,-4.94935,
-34,72,-7.21186,
-32,72,-2.41836,
-30,72,-3.68882,
-28,72,-19.4786,
-26,72,-2.77236,
-24,72,-2.5228,
-22,72,-7.12013,
-20,72,-9.63043,
-18,72,-1.49188,
-16,72,-0.648586,
-14,72,-9.17053,
-12,72,-8.47776,
-10,72,-7.63703,
-8,72,-17.464,
-6,72,-6.73703,
-4,72,-6.87763,
-2,72,-10.8428,
0,72,-10.5625,
2,72,-10.986,
4,72,-13.2687,
6,72,-6.0641,
8,72,-2.03582,
10,72,-2.34088,
12,72,-6.88742,
14,72,-16.2532,
16,72,-10.8676,
18,72,-5.23866,
20,72,-4.10104,
22,72,-6.16655,
24,72,-8.01454,
26,72,-11.4558,
28,72,-6.86603,
30,72,-0.811092,
32,72,-1.93772,
34,72,-9.33901,
36,72,-17.0087,
38,72,-8.47515,
40,72,-2.2827,
42,72,-3.94854,
44,72,-7.77322,
46,72,-7.74599,
48,72,-7.08729,
50,72,-10.0016,
52,72,-23.0157,
54,72,-17.7679,
56,72,-10.354,
58,72,-2.37842,
60,72,-2.03675,
62,72,-9.7916,
64,72,-12.1388,
66,72,-8.1747,
68,72,-5.54637,
70,72,-2.48361,
72,72,-2.56943,
74,72,-1.17778,
76,72,-0.0170372,
78,72,-2.66441,
80,72,-10.0283,
82,72,-8.32783,
84,72,-1.7812,
86,72,1.0904,
88,72,1.52769,
90,72,0.316815,
92,72,-1.09867,
94,72,-0.437467,
96,72,0.279146,
98,72,-2.46877,
100,72,-15.0227,
102,72,-4.02676,
104,72,-1.44991,
106,72,-3.54785,
108,72,-2.12333,
110,72,2.36657,
112,72,2.51054,
114,72,-2.67748,
116,72,-15.8543,
118,72,-9.25563,
120,72,-1.96019,
122,72,-2.40641,
124,72,-7.07202,
126,72,-19.035,
128,72,-6.18039,
130,72,-3.55721,
132,72,-8.12378,
134,72,-9.60803,
136,72,-8.77776,
138,72,-9.44941,
140,72,-3.52445,
142,72,-2.31965,
144,72,-5.05437,
146,72,-4.03617,
148,72,-0.773084,
150,72,-2.27625,
152,72,-18.3639,
154,72,-4.27603,
156,72,-4.88346,
158,72,-13.4896,
160,72,-13.6024,
162,72,-4.42224,
164,72,-4.32936,
166,72,-18.1862,
168,72,-8.13526,
170,72,-11.2856,
172,72,-10.4828,
174,72,-3.55214,
176,72,-4.33356,
178,72,-7.98997,
180,72,-9.00127,
-180,74,-8.07212,
-178,74,-7.09058,
-176,74,-8.48893,
-174,74,-8.88811,
-172,74,-5.45894,
-170,74,-6.10806,
-168,74,-14.4457,
-166,74,-13.0735,
-164,74,-5.81276,
-162,74,-2.7757,
-160,74,-2.94327,
-158,74,-6.03059,
-156,74,-5.81185,
-154,74,-7.42051,
-152,74,-10.541,
-150,74,-1.2519,
-148,74,-1.71806,
-146,74,-13.9306,
-144,74,-11.6369,
-142,74,-14.7999,
-140,74,-5.87848,
-138,74,-6.34519,
-136,74,-11.5565,
-134,74,-11.8196,
-132,74,-9.55049,
-130,74,-13.6987,
-128,74,-16.2346,
-126,74,-14.4818,
-124,74,-9.79711,
-122,74,-0.886978,
-120,74,-0.453321,
-118,74,-7.49694,
-116,74,-10.9773,
-114,74,-5.03025,
-112,74,-1.86128,
-110,74,-0.390416,
-108,74,-1.51689,
-106,74,-1.99485,
-104,74,-2.21075,
-102,74,-5.25846,
-100,74,-9.98167,
-98,74,-8.46934,
-96,74,-3.29653,
-94,74,-1.21285,
-92,74,-0.512088,
-90,74,-0.106546,
-88,74,-0.517105,
-86,74,-1.53759,
-84,74,-3.43488,
-82,74,-11.313,
-80,74,-7.66895,
-78,74,0.10899,
-76,74,1.50445,
-74,74,-0.552519,
-72,74,-2.38772,
-70,74,1.94869,
-68,74,2.32388,
-66,74,-3.80526,
-64,74,-11.7117,
-62,74,-20.917,
-60,74,-5.44472,
-58,74,-6.23404,
-56,74,-7.606,
-54,74,-7.53143,
-52,74,-9.27109,
-50,74,-6.32875,
-48,74,-8.73189,
-46,74,-5.45016,
-44,74,-5.24493,
-42,74,-5.96705,
-40,74,-0.670331,
-38,74,0.0485191,
-36,74,-3.74661,
-34,74,-5.65581,
-32,74,-1.41318,
-30,74,-2.4205,
-28,74,-18.8933,
-26,74,-4.90531,
-24,74,-4.53752,
-22,74,-9.33904,
-20,74,-8.88837,
-18,74,0.0961371,
-16,74,0.677941,
-14,74,-7.0587,
-12,74,-10.8918,
-10,74,-9.59037,
-8,74,-15.9669,
-6,74,-6.66457,
-4,74,-6.11456,
-2,74,-8.20554,
0,74,-7.95849,
2,74,-6.78981,
4,74,-9.30194,
6,74,-8.79786,
8,74,-3.91122,
10,74,-4.60243,
12,74,-12.5142,
14,74,-9.44099,
16,74,-5.48681,
18,74,-3.7967,
20,74,-3.22946,
22,74,-4.57009,
24,74,-6.04985,
26,74,-9.67942,
28,74,-7.75496,
30,74,-1.29763,
32,74,-2.56862,
34,74,-10.6441,
36,74,-14.8261,
38,74,-10.6609,
40,74,-3.35973,
42,74,-5.27784,
44,74,-8.0056,
46,74,-7.93143,
48,74,-8.72975,
50,74,-14.9662,
52,74,-16.1971,
54,74,-15.6312,
56,74,-10.8203,
58,74,-2.40221,
60,74,-2.56137,
62,74,-11.1478,
64,74,-9.14127,
66,74,-6.25127,
68,74,-4.63155,
70,74,-2.43729,
72,74,-2.4081,
74,74,-0.92751,
76,74,-0.270215,
78,74,-2.9766,
80,74,-9.06916,
82,74,-9.07527,
84,74,-3.13309,
86,74,-0.812319,
88,74,-0.14812,
90,74,-0.316939,
92,74,-1.06169,
94,74,-0.951637,
96,74,-0.418003,
98,74,-2.52704,
100,74,-14.9144,
102,74,-4.06291,
104,74,-0.504231,
106,74,-2.28855,
108,74,-2.41448,
110,74,2.10904,
112,74,2.5511,
114,74,-2.60579,
116,74,-14.4041,
118,74,-13.5056,
120,74,-3.92311,
122,74,-3.64053,
124,74,-6.04585,
126,74,-10.147,
128,74,-7.83883,
130,74,-4.86459,
132,74,-9.91144,
134,74,-8.92249,
136,74,-6.96944,
138,74,-8.52301,
140,74,-3.97424,
142,74,-2.40153,
144,74,-4.38265,
146,74,-3.41746,
148,74,-0.177565,
150,74,-1.45764,
152,74,-15.2315,
154,74,-7.37226,
156,74,-8.62663,
158,74,-21.1644,
160,74,-9.72549,
162,74,-1.85055,
164,74,-2.10879,
166,74,-13.2221,
168,74,-10.5445,
170,74,-14.2031,
172,74,-10.6993,
174,74,-4.08502,
176,74,-4.40338,
178,74,-7.28815,
180,74,-8.07212,
-180,76,-5.40432,
-178,76,-4.61694,
-176,76,-7.03558,
-174,76,-12.7108,
-172,76,-8.26565,
-170,76,-9.15727,
-168,76,-27.3525,
-166,76,-7.76719,
-164,76,-4.13783,
-162,76,-2.95749,
-160,76,-3.16967,
-158,76,-5.08805,
-156,76,-5.0267,
-154,76,-6.94057,
-152,76,-12.2319,
-150,76,-2.04427,
-148,76,-2.52271,
-146,76,-16.4194,
-144,76,-9.44326,
-142,76,-12.6784,
-140,76,-6.59163,
-138,76,-7.24898,
-136,76,-11.0279,
-134,76,-11.0496,
-132,76,-10.0301,
-130,76,-13.928,
-128,76,-11.1231,
-126,76,-11.2099,
-124,76,-11.1721,
-122,76,-1.75404,
-120,76,-1.56408,
-118,76,-9.2764,
-116,76,-9.41971,
-114,76,-4.53808,
-112,76,-1.80041,
-110,76,-0.602829,
-108,76,-1.22913,
-106,76,-1.19857,
-104,76,-1.99563,
-102,76,-5.33365,
-100,76,-9.71798,
-98,76,-7.176,
-96,76,-3.30927,
-94,76,-3.16259,
-92,76,-2.57323,
-90,76,-0.842255,
-88,76,-0.98605,
-86,76,-2.43574,
-84,76,-4.39241,
-82,76,-10.6082,
-80,76,-8.69836,
-78,76,-0.096159,
-76,76,1.75211,
-74,76,-0.192593,
-72,76,-3.12555,
-70,76,1.01502,
-68,76,1.69926,
-66,76,-4.56637,
-64,76,-9.22528,
-62,76,-17.5414,
-60,76,-9.64458,
-58,76,-9.86128,
-56,76,-5.80793,
-54,76,-4.36746,
-52,76,-7.1326,
-50,76,-6.01985,
-48,76,-8.13861,
-46,76,-5.08525,
-44,76,-4.74622,
-42,76,-6.05887,
-40,76,-1.09078,
-38,76,-0.0665923,
-36,76,-3.09856,
-34,76,-4.95125,
-32,76,-1.09507,
-30,76,-1.93546,
-28,76,-15.6865,
-26,76,-7.42614,
-24,76,-6.33427,
-22,76,-10.5854,
-20,76,-8.55043,
-18,76,0.884267,
-16,76,1.38762,
-14,76,-5.54122,
-12,76,-13.0807,
-10,76,-11.5188,
-8,76,-15.2758,
-6,76,-7.30025,
-4,76,-5.95065,
-2,76,-5.81938,
0,76,-4.64768,
2,76,-4.10279,
4,76,-7.32835,
6,76,-12.3692,
8,76,-6.24497,
10,76,-7.59368,
12,76,-15.4804,
14,76,-5.23333,
16,76,-3.13085,
18,76,-3.30406,
20,76,-3.10031,
22,76,-3.81465,
24,76,-5.13523,
26,76,-9.1157,
28,76,-9.00651,
30,76,-1.95949,
32,76,-3.47209,
34,76,-12.0563,
36,76,-11.6162,
38,76,-12.9329,
40,76,-4.56459,
42,76,-6.42978,
44,76,-7.29929,
46,76,-7.51279,
48,76,-9.65433,
50,76,-17.43,
52,76,-11.189,
54,76,-12.6765,
56,76,-11.6906,
58,76,-2.817,
60,76,-3.35441,
62,76,-12.59,
64,76,-7.97902,
66,76,-5.4158,
68,76,-4.09484,
70,76,-2.53054,
72,76,-2.53386,
74,76,-0.972691,
76,76,-0.624024,
78,76,-3.17945,
80,76,-8.14387,
82,76,-9.5595,
84,76,-4.78041,
86,76,-2.90841,
88,76,-1.00173,
90,76,-0.0399368,
92,76,-0.919597,
94,76,-1.73394,
96,76,-1.4363,
98,76,-2.95074,
100,76,-14.0045,
102,76,-4.31134,
104,76,-0.0828511,
106,76,-1.67331,
108,76,-3.14098,
110,76,1.40847,
112,76,2.15817,
114,76,-2.9548,
116,76,-12.1948,
118,76,-16.9283,
120,76,-6.28482,
122,76,-5.0101,
124,76,-5.30257,
126,76,-6.84534,
128,76,-8.15786,
130,76,-5.9485,
132,76,-11.8406,
134,76,-8.29104,
136,76,-5.78695,
138,76,-7.55668,
140,76,-4.34929,
142,76,-2.63611,
144,76,-4.18895,
146,76,-3.41607,
148,76,-0.207839,
150,76,-1.35339,
152,76,-13.015,
154,76,-11.1922,
156,76,-12.4062,
158,76,-18.236,
160,76,-8.02349,
162,76,-0.590777,
164,76,-0.854526,
166,76,-9.30166,
168,76,-12.7965,
170,76,-17.3793,
172,76,-11.3234,
174,76,-5.18842,
176,76,-4.93908,
178,76,-6.01023,
180,76,-5.40432,
-180,78,-3.79946,
-178,78,-3.3784,
-176,78,-6.41602,
-174,78,-16.8119,
-172,78,-11.3631,
-170,78,-13.1206,
-168,78,-16.4397,
-166,78,-5.33477,
-164,78,-3.29548,
-162,78,-3.55137,
-160,78,-3.79507,
-158,78,-4.71524,
-156,78,-4.73809,
-154,78,-6.96374,
-152,78,-14.2785,
-150,78,-2.89419,
-148,78,-3.42676,
-146,78,-18.4916,
-144,78,-7.89128,
-142,78,-10.4457,
-140,78,-6.80271,
-138,78,-7.49983,
-136,78,-9.62994,
-134,78,-9.88061,
-132,78,-9.64719,
-130,78,-11.8498,
-128,78,-8.48463,
-126,78,-9.01536,
-124,78,-12.8067,
-122,78,-2.91777,
-120,78,-2.90581,
-118,78,-11.2128,
-116,78,-8.90824,
-114,78,-4.56164,
-112,78,-2.01997,
-110,78,-0.993893,
-108,78,-1.15182,
-106,78,-0.69402,
-104,78,-1.71884,
-102,78,-5.08436,
-100,78,-9.70061,
-98,78,-6.80265,
-96,78,-3.59906,
-94,78,-5.21011,
-92,78,-3.92979,
-90,78,-1.07352,
-88,78,-1.45028,
-86,78,-3.53047,
-84,78,-5.48415,
-82,78,-9.94777,
-80,78,-9.7188,
-78,78,-0.640285,
-76,78,1.56603,
-74,78,-0.323654,
-72,78,-4.23303,
-70,78,-0.25664,
-68,78,0.765315,
-66,78,-5.67623,
-64,78,-7.38636,
-62,78,-11.1925,
-60,78,-15.188,
-58,78,-13.7899,
-56,78,-4.56767,
-54,78,-2.77765,
-52,78,-5.71085,
-50,78,-5.7149,
-48,78,-7.99416,
-46,78,-5.12415,
-44,78,-4.60468,
-42,78,-6.14815,
-40,78,-1.49626,
-38,78,-0.250517,
-36,78,-2.71881,
-34,78,-4.68207,
-32,78,-1.21816,
-30,78,-1.97112,
-28,78,-14.1473,
-26,78,-9.83552,
-24,78,-6.90262,
-22,78,-9.64047,
-20,78,-8.67353,
-18,78,1.13052,
-16,78,1.64612,
-14,78,-4.54907,
-12,78,-12.8445,
-10,78,-12.4918,
-8,78,-14.9374,
-6,78,-8.34648,
-4,78,-6.18899,
-2,78,-4.50774,
0,78,-2.8576,
2,78,-2.74994,
4,78,-6.44959,
6,78,-16.7839,
8,78,-8.84468,
10,78,-11.0657,
12,78,-11.1107,
14,78,-3.1852,
16,78,-2.12407,
18,78,-3.52481,
20,78,-3.43472,
22,78,-3.51779,
24,78,-4.78578,
26,78,-9.15253,
28,78,-10.3795,
30,78,-2.67654,
32,78,-4.50549,
34,78,-12.7788,
36,78,-9.12311,
38,78,-13.4334,
40,78,-5.5591,
42,78,-6.91663,
44,78,-6.18081,
46,78,-6.82204,
48,78,-9.67404,
50,78,-14.1439,
52,78,-8.41579,
54,78,-10.2928,
56,78,-12.3156,
58,78,-3.44447,
60,78,-4.32881,
62,78,-14.641,
64,78,-7.75694,
66,78,-5.23495,
68,78,-3.92024,
70,78,-2.81862,
72,78,-2.93937,
74,78,-1.24856,
76,78,-1.04076,
78,78,-3.23852,
80,78,-7.25256,
82,78,-10.0353,
84,78,-6.7146,
86,78,-4.93631,
88,78,-1.22983,
90,78,0.283141,
92,78,-1.02832,
94,78,-2.72333,
96,78,-2.63102,
98,78,-3.61034,
100,78,-13.2801,
102,78,-4.63679,
104,78,0.0154064,
106,78,-1.48695,
108,78,-4.25082,
110,78,0.34778,
112,78,1.44379,
114,78,-3.57899,
116,78,-10.21,
118,78,-14.7483,
120,78,-8.94574,
122,78,-6.47812,
124,78,-5.06757,
126,78,-5.36921,
128,78,-7.91427,
130,78,-6.79707,
132,78,-13.8579,
134,78,-7.93597,
136,78,-5.16382,
138,78,-6.92725,
140,78,-4.61266,
142,78,-2.8607,
144,78,-4.10265,
146,78,-3.71322,
148,78,-0.65105,
150,78,-1.7511,
152,78,-12.3187,
154,78,-14.8761,
156,78,-12.0042,
158,78,-12.5607,
160,78,-7.43246,
162,78,-0.0997525,
164,78,-0.261493,
166,78,-6.98889,
168,78,-12.7451,
170,78,-18.9805,
172,78,-12.4387,
174,78,-6.70025,
176,78,-5.78963,
178,78,-5.22367,
180,78,-3.79946,
-180,80,-3.10607,
-178,80,-2.91329,
-176,80,-6.34109,
-174,80,-19.5346,
-172,80,-14.3886,
-170,80,-18.3121,
-168,80,-11.87,
-166,80,-4.13603,
-164,80,-3.01754,
-162,80,-4.44279,
-160,80,-4.65458,
-158,80,-4.67978,
-156,80,-4.7888,
-154,80,-7.32487,
-152,80,-16.4825,
-150,80,-3.72817,
-148,80,-4.35164,
-146,80,-18.8433,
-144,80,-6.87152,
-142,80,-8.82514,
-140,80,-6.62705,
-138,80,-7.28711,
-136,80,-8.43768,
-134,80,-9.03975,
-132,80,-9.13814,
-130,80,-10.182,
-128,80,-7.01027,
-126,80,-7.5972,
-124,80,-13.9414,
-122,80,-4.24831,
-120,80,-4.39783,
-118,80,-13.3783,
-116,80,-8.98563,
-114,80,-4.90031,
-112,80,-2.43326,
-110,80,-1.53206,
-108,80,-1.25642,
-106,80,-0.433375,
-104,80,-1.50643,
-102,80,-4.76266,
-100,80,-9.80288,
-98,80,-7.02299,
-96,80,-4.13122,
-94,80,-7.20523,
-92,80,-4.62283,
-90,80,-1.24507,
-88,80,-2.03024,
-86,80,-4.75285,
-84,80,-6.56675,
-82,80,-9.40068,
-80,80,-10.604,
-78,80,-1.38929,
-76,80,1.11755,
-74,80,-0.761984,
-72,80,-5.60727,
-70,80,-1.78412,
-68,80,-0.371441,
-66,80,-6.95807,
-64,80,-6.14754,
-62,80,-8.30531,
-60,80,-20.2353,
-58,80,-17.1578,
-56,80,-3.92084,
-54,80,-2.00104,
-52,80,-4.98286,
-50,80,-5.57686,
-48,80,-8.18722,
-46,80,-5.46812,
-44,80,-4.75155,
-42,80,-6.31704,
-40,80,-1.87691,
-38,80,-0.469112,
-36,80,-2.4985,
-34,80,-4.61774,
-32,80,-1.60495,
-30,80,-2.34344,
-28,80,-13.7525,
-26,80,-11.3741,
-24,80,-6.31891,
-22,80,-7.95624,
-20,80,-9.14214,
-18,80,1.01287,
-16,80,1.58238,
-14,80,-3.98684,
-12,80,-10.9665,
-10,80,-11.91,
-8,80,-14.2536,
-6,80,-9.51041,
-4,80,-6.68084,
-2,80,-3.97475,
0,80,-2.05768,
2,80,-2.2018,
4,80,-6.20471,
6,80,-21.5707,
8,80,-11.4518,
10,80,-13.9671,
12,80,-8.18308,
14,80,-2.20521,
16,80,-1.85975,
18,80,-4.24062,
20,80,-4.02571,
22,80,-3.48184,
24,80,-4.7618,
26,80,-9.50366,
28,80,-11.6663,
30,80,-3.38181,
32,80,-5.56888,
34,80,-12.5799,
36,80,-7.44208,
38,80,-12.1456,
40,80,-6.13767,
42,80,-6.76598,
44,80,-5.20072,
46,80,-6.22749,
48,80,-9.29811,
50,80,-11.4671,
52,80,-6.79369,
54,80,-8.66185,
56,80,-12.3032,
58,80,-4.13361,
60,80,-5.3533,
62,80,-17.6111,
64,80,-8.07095,
66,80,-5.45562,
68,80,-4.01033,
70,80,-3.28061,
72,80,-3.57478,
74,80,-1.6936,
76,80,-1.50656,
78,80,-3.21954,
80,80,-6.4505,
82,80,-10.4881,
84,80,-8.9513,
86,80,-6.61956,
88,80,-1.31736,
90,80,0.29814,
92,80,-1.4523,
94,80,-3.8204,
96,80,-3.84563,
98,80,-4.3917,
100,80,-12.9218,
102,80,-4.94391,
104,80,-0.0824189,
106,80,-1.58333,
108,80,-5.66472,
110,80,-0.979877,
112,80,0.520665,
114,80,-4.32832,
116,80,-8.7833,
118,80,-12.0328,
120,80,-11.8206,
122,80,-8.01999,
124,80,-5.26162,
126,80,-4.77675,
128,80,-7.71023,
130,80,-7.45004,
132,80,-15.8962,
134,80,-7.87385,
136,80,-4.97254,
138,80,-6.7084,
140,80,-4.84532,
142,80,-3.05579,
144,80,-4.01967,
146,80,-4.09219,
148,80,-1.33495,
150,80,-2.47962,
152,80,-12.6113,
154,80,-16.3146,
156,80,-9.57564,
158,80,-9.68667,
160,80,-7.46046,
162,80,-0.0834383,
164,80,-0.113156,
166,80,-5.65137,
168,80,-11.0143,
170,80,-17.1075,
172,80,-13.7075,
174,80,-8.43464,
176,80,-6.81501,
178,80,-5.00393,
180,80,-3.10607,
-180,82,-3.00583,
-178,82,-2.93178,
-176,82,-6.61433,
-174,82,-19.8936,
-172,82,-16.8298,
-170,82,-25.1178,
-168,82,-9.79442,
-166,82,-3.60721,
-164,82,-3.08814,
-162,82,-5.4971,
-160,82,-5.61645,
-158,82,-4.85839,
-156,82,-5.06066,
-154,82,-7.89562,
-152,82,-18.5817,
-150,82,-4.50729,
-148,82,-5.24464,
-146,82,-17.9638,
-144,82,-6.26916,
-142,82,-7.78014,
-140,82,-6.32565,
-138,82,-6.95763,
-136,82,-7.67758,
-134,82,-8.61184,
-132,82,-8.8321,
-130,82,-9.21855,
-128,82,-6.22297,
-126,82,-6.73892,
-124,82,-14.109,
-122,82,-5.60767,
-120,82,-5.93441,
-118,82,-15.7959,
-116,82,-9.39455,
-114,82,-5.40515,
-112,82,-2.95375,
-110,82,-2.16601,
-108,82,-1.49548,
-106,82,-0.360383,
-104,82,-1.4081,
-102,82,-4.52918,
-100,82,-9.96489,
-98,82,-7.606,
-96,82,-4.82614,
-94,82,-8.99971,
-92,82,-5.0132,
-90,82,-1.55024,
-88,82,-2.73868,
-86,82,-6.01596,
-84,82,-7.51428,
-82,82,-8.99785,
-80,82,-11.2819,
-78,82,-2.22612,
-76,82,0.532744,
-74,82,-1.37324,
-72,82,-7.11256,
-70,82,-3.46159,
-68,82,-1.5977,
-66,82,-8.22859,
-64,82,-5.38445,
-62,82,-6.81981,
-60,82,-18.9086,
-58,82,-18.9809,
-56,82,-3.69403,
-54,82,-1.69493,
-52,82,-4.71022,
-50,82,-5.59338,
-48,82,-8.56951,
-46,82,-6.00359,
-44,82,-5.09318,
-42,82,-6.57997,
-40,82,-2.24142,
-38,82,-0.716904,
-36,82,-2.40748,
-34,82,-4.6594,
-32,82,-2.12862,
-30,82,-2.91287,
-28,82,-14.0255,
-26,82,-11.7542,
-24,82,-5.47172,
-22,82,-6.61806,
-20,82,-9.8183,
-18,82,0.663708,
-16,82,1.30096,
-14,82,-3.75802,
-12,82,-9.31097,
-10,82,-10.6999,
-8,82,-13.3065,
-6,82,-10.5375,
-4,82,-7.31096,
-2,82,-3.95372,
0,82,-1.86545,
2,82,-2.14646,
4,82,-6.33616,
6,82,-24.2043,
8,82,-13.7217,
10,82,-14.647,
12,82,-6.62824,
14,82,-1.83864,
16,82,-2.03602,
18,82,-5.2747,
20,82,-4.71814,
22,82,-3.5999,
24,82,-4.92754,
26,82,-10.0038,
28,82,-12.7456,
30,82,-4.04635,
32,82,-6.59319,
34,82,-11.961,
36,82,-6.3778,
38,82,-10.7128,
40,82,-6.34921,
42,82,-6.37518,
44,82,-4.53341,
46,82,-5.86923,
48,82,-8.96894,
50,82,-9.94021,
52,82,-5.86592,
54,82,-7.6405,
56,82,-11.847,
58,82,-4.77513,
60,82,-6.28761,
62,82,-21.6221,
64,82,-8.67229,
66,82,-5.9041,
68,82,-4.26374,
70,82,-3.85636,
72,82,-4.36544,
74,82,-2.24503,
76,82,-2.00904,
78,82,-3.20534,
80,82,-5.80183,
82,82,-10.7699,
84,82,-11.4939,
86,82,-7.79823,
88,82,-1.50932,
90,82,0.00292957,
92,82,-2.12411,
94,82,-4.9049,
96,82,-4.93177,
98,82,-5.19603,
100,82,-12.8704,
102,82,-5.19321,
104,82,-0.292246,
106,82,-1.85346,
108,82,-7.2663,
110,82,-2.46499,
112,82,-0.501013,
114,82,-5.07829,
116,82,-7.876,
118,82,-10.4167,
120,82,-14.7855,
122,82,-9.56814,
124,82,-5.74834,
126,82,-4.67046,
128,82,-7.68184,
130,82,-7.95572,
132,82,-17.7994,
134,82,-8.0374,
136,82,-5.08513,
138,82,-6.83496,
140,82,-5.12548,
142,82,-3.26474,
144,82,-3.9723,
146,82,-4.45389,
148,82,-2.12544,
150,82,-3.39399,
152,82,-13.5247,
154,82,-15.66,
156,82,-7.87246,
158,82,-8.15839,
160,82,-7.83954,
162,82,-0.355218,
164,82,-0.253927,
166,82,-4.9269,
168,82,-9.44179,
170,82,-14.7782,
172,82,-14.7053,
174,82,-10.1683,
176,82,-7.88524,
178,82,-5.20975,
180,82,-3.00583,
-180,84,-3.27426,
-178,84,-3.24758,
-176,84,-7.09949,
-174,84,-19.5252,
-172,84,-18.3333,
-170,84,-28.7937,
-168,84,-8.82035,
-166,84,-3.47736,
-164,84,-3.3563,
-162,84,-6.57585,
-160,84,-6.58116,
-158,84,-5.18128,
-156,84,-5.46988,
-154,84,-8.57614,
-152,84,-20.2859,
-150,84,-5.21645,
-148,84,-6.07137,
-146,84,-17.0243,
-144,84,-5.99189,
-142,84,-7.17779,
-140,84,-6.08017,
-138,84,-6.71927,
-136,84,-7.29699,
-134,84,-8.50998,
-132,84,-8.76652,
-130,84,-8.7716,
-128,84,-5.8808,
-126,84,-6.28952,
-124,84,-13.6904,
-122,84,-6.8607,
-120,84,-7.38848,
-118,84,-18.3946,
-116,84,-9.96048,
-114,84,-5.96649,
-112,84,-3.50709,
-110,84,-2.83276,
-108,84,-1.81448,
-106,84,-0.421432,
-104,84,-1.42392,
-102,84,-4.43749,
-100,84,-10.1727,
-98,84,-8.35534,
-96,84,-5.57697,
-94,84,-10.4681,
-92,84,-5.35227,
-90,84,-1.98925,
-88,84,-3.51658,
-86,84,-7.21985,
-84,84,-8.25929,
-82,84,-8.751,
-80,84,-11.7556,
-78,84,-3.04626,
-76,84,-0.0896722,
-74,84,-2.04776,
-72,84,-8.57383,
-70,84,-5.14691,
-68,84,-2.79355,
-66,84,-9.32807,
-64,84,-4.97612,
-62,84,-6.07739,
-60,84,-16.609,
-58,84,-19.5749,
-56,84,-3.73174,
-54,84,-1.66752,
-52,84,-4.71185,
-50,84,-5.71263,
-48,84,-9.01084,
-46,84,-6.61874,
-44,84,-5.53435,
-42,84,-6.90584,
-40,84,-2.59678,
-38,84,-0.994297,
-36,84,-2.43712,
-34,84,-4.77978,
-32,84,-2.70141,
-30,84,-3.56991,
-28,84,-14.6504,
-26,84,-11.5276,
-24,84,-4.83326,
-22,84,-5.77687,
-20,84,-10.5795,
-18,84,0.186277,
-16,84,0.88774,
-14,84,-3.77933,
-12,84,-8.25937,
-10,84,-9.68411,
-8,84,-12.4556,
-6,84,-11.292,
-4,84,-7.99169,
-2,84,-4.25457,
0,84,-2.04454,
2,84,-2.38789,
4,84,-6.68121,
6,84,-23.6875,
8,84,-15.3488,
10,84,-13.8287,
12,84,-5.86237,
14,84,-1.8467,
16,84,-2.46902,
18,84,-6.47149,
20,84,-5.40549,
22,84,-3.81418,
24,84,-5.20015,
26,84,-10.5427,
28,84,-13.6062,
30,84,-4.6625,
32,84,-7.53296,
34,84,-11.3831,
36,84,-5.76261,
38,84,-9.72535,
40,84,-6.38762,
42,84,-6.04197,
44,84,-4.16885,
46,84,-5.74588,
48,84,-8.8279,
50,84,-9.14296,
52,84,-5.39314,
54,84,-7.07383,
56,84,-11.3316,
58,84,-5.31498,
60,84,-7.03651,
62,84,-25.4156,
64,84,-9.38308,
66,84,-6.45273,
68,84,-4.60024,
70,84,-4.47336,
72,84,-5.22047,
74,84,-2.84094,
76,84,-2.52861,
78,84,-3.24756,
80,84,-5.34323,
82,84,-10.8152,
84,84,-14.2769,
86,84,-8.52468,
88,84,-1.83511,
90,84,-0.49775,
92,84,-2.92931,
94,84,-5.86417,
96,84,-5.79232,
98,84,-5.94532,
100,84,-13.0308,
102,84,-5.38659,
104,84,-0.555669,
106,84,-2.21043,
108,84,-8.88852,
110,84,-3.97402,
112,84,-1.51423,
114,84,-5.74406,
116,84,-7.37918,
118,84,-9.58824,
120,84,-17.5664,
122,84,-10.9964,
124,84,-6.39602,
126,84,-4.83622,
128,84,-7.80108,
130,84,-8.36667,
132,84,-19.3506,
134,84,-8.34102,
136,84,-5.38816,
138,84,-7.20398,
140,84,-5.48213,
142,84,-3.5255,
144,84,-4.01205,
146,84,-4.78597,
148,84,-2.92247,
150,84,-4.36714,
152,84,-14.7789,
154,84,-14.8271,
156,84,-6.94306,
158,84,-7.40681,
160,84,-8.39871,
162,84,-0.783889,
164,84,-0.567901,
166,84,-4.60418,
168,84,-8.43752,
170,84,-13.2337,
172,84,-15.2305,
174,84,-11.668,
176,84,-8.88973,
178,84,-5.68962,
180,84,-3.27426,
-180,86,-3.75637,
-178,86,-3.73518,
-176,86,-7.70037,
-174,86,-19.3985,
-172,86,-19.0279,
-170,86,-26.19,
-168,86,-8.46878,
-166,86,-3.59339,
-164,86,-3.71921,
-162,86,-7.5481,
-160,86,-7.48158,
-158,86,-5.60774,
-156,86,-5.95884,
-154,86,-9.28845,
-152,86,-21.4285,
-150,86,-5.854,
-148,86,-6.81036,
-146,86,-16.4313,
-144,86,-5.97234,
-142,86,-6.91077,
-140,86,-5.96672,
-138,86,-6.64306,
-136,86,-7.20962,
-134,86,-8.63349,
-132,86,-8.8942,
-130,86,-8.6768,
-128,86,-5.8413,
-126,86,-6.14406,
-124,86,-13.2535,
-122,86,-7.90303,
-120,86,-8.63413,
-118,86,-20.9444,
-116,86,-10.5548,
-114,86,-6.51048,
-112,86,-4.03875,
-110,86,-3.46736,
-108,86,-2.16144,
-106,86,-0.571333,
-104,86,-1.53382,
-102,86,-4.48519,
-100,86,-10.4312,
-98,86,-9.08768,
-96,86,-6.26715,
-94,86,-11.546,
-92,86,-5.7158,
-90,86,-2.48836,
-88,86,-4.27012,
-86,86,-8.26272,
-84,86,-8.81043,
-82,86,-8.66302,
-80,86,-12.0769,
-78,86,-3.75956,
-76,86,-0.672214,
-74,86,-2.69219,
-72,86,-9.7985,
-70,86,-6.6556,
-68,86,-3.83716,
-66,86,-10.1562,
-64,86,-4.82527,
-62,86,-5.77954,
-60,86,-15.4051,
-58,86,-19.7814,
-56,86,-3.91927,
-54,86,-1.8011,
-52,86,-4.86622,
-50,86,-5.89272,
-48,86,-9.42118,
-46,86,-7.21273,
-44,86,-5.9906,
-42,86,-7.24969,
-40,86,-2.94359,
-38,86,-1.29838,
-36,86,-2.5786,
-34,86,-4.97818,
-32,86,-3.26609,
-30,86,-4.22959,
-28,86,-15.3912,
-26,86,-11.2497,
-24,86,-4.49957,
-22,86,-5.36065,
-20,86,-11.33,
-18,86,-0.33859,
-16,86,0.411815,
-14,86,-3.98578,
-12,86,-7.74236,
-10,86,-9.07593,
-8,86,-11.8862,
-6,86,-11.7889,
-4,86,-8.65934,
-2,86,-4.73943,
0,86,-2.43875,
2,86,-2.79444,
4,86,-7.13082,
6,86,-22.8292,
8,86,-16.2892,
10,86,-12.9777,
12,86,-5.57889,
14,86,-2.08514,
16,86,-3.03418,
18,86,-7.68219,
20,86,-6.0294,
22,86,-4.09411,
24,86,-5.52825,
26,86,-11.0418,
28,86,-14.3129,
30,86,-5.23104,
32,86,-8.35984,
34,86,-11.0172,
36,86,-5.47894,
38,86,-9.19407,
40,86,-6.42071,
42,86,-5.87825,
44,86,-4.05167,
46,86,-5.80963,
48,86,-8.86865,
50,86,-8.80789,
52,86,-5.23211,
54,86,-6.84231,
56,86,-10.9662,
58,86,-5.74825,
60,86,-7.58633,
62,86,-25.3068,
64,86,-10.0752,
66,86,-7.00788,
68,86,-4.96687,
70,86,-5.06444,
72,86,-6.04067,
74,86,-3.42548,
76,86,-3.03959,
78,86,-3.36444,
80,86,-5.08375,
82,86,-10.7201,
84,86,-17.0657,
86,86,-8.97467,
88,86,-2.23899,
90,86,-1.07907,
92,86,-3.73896,
94,86,-6.62672,
96,86,-6.41271,
98,86,-6.58857,
100,86,-13.3128,
102,86,-5.54111,
104,86,-0.830824,
106,86,-2.58456,
108,86,-10.3206,
110,86,-5.34828,
112,86,-2.41849,
114,86,-6.28292,
116,86,-7.19763,
118,86,-9.28063,
120,86,-19.6626,
122,86,-12.1532,
124,86,-7.09098,
126,86,-5.147,
128,86,-8.02022,
130,86,-8.73722,
132,86,-20.4409,
134,86,-8.70801,
136,86,-5.78734,
138,86,-7.71193,
140,86,-5.90749,
142,86,-3.85066,
144,86,-4.16344,
146,86,-5.11158,
148,86,-3.65566,
150,86,-5.28801,
152,86,-16.1214,
154,86,-14.3927,
156,86,-6.56272,
158,86,-7.16807,
160,86,-9.01709,
162,86,-1.2736,
164,86,-0.968595,
166,86,-4.55226,
168,86,-7.93332,
170,86,-12.4167,
172,86,-15.4452,
174,86,-12.7846,
176,86,-9.75112,
178,86,-6.31306,
180,86,-3.75637,
-180,88,-4.34527,
-178,88,-4.31079,
-176,88,-8.35106,
-174,88,-19.6096,
-172,88,-19.2598,
-170,88,-24.8859,
-168,88,-8.5221,
-166,88,-3.86521,
-164,88,-4.11136,
-162,88,-8.30682,
-160,88,-8.27801,
-158,88,-6.11458,
-156,88,-6.48997,
-154,88,-9.97407,
-152,88,-22.084,
-150,88,-6.42459,
-148,88,-7.44934,
-146,88,-16.2145,
-144,88,-6.16545,
-142,88,-6.90563,
-140,88,-6.00308,
-138,88,-6.7373,
-136,88,-7.34752,
-134,88,-8.90322,
-132,88,-9.16394,
-130,88,-8.82898,
-128,88,-6.01795,
-126,88,-6.23298,
-124,88,-13.0666,
-122,88,-8.683,
-120,88,-9.57849,
-118,88,-23.0043,
-116,88,-11.0848,
-114,88,-6.9952,
-112,88,-4.51544,
-110,88,-4.0127,
-108,88,-2.49477,
-106,88,-0.776721,
-104,88,-1.71525,
-102,88,-4.65153,
-100,88,-10.7432,
-98,88,-9.6414,
-96,88,-6.79367,
-94,88,-12.248,
-92,88,-6.09769,
-90,88,-2.96369,
-88,88,-4.89986,
-86,88,-9.05485,
-84,88,-9.22347,
-82,88,-8.73436,
-80,88,-12.3008,
-78,88,-4.29607,
-76,88,-1.15782,
-74,88,-3.23067,
-72,88,-10.6348,
-70,88,-7.77952,
-68,88,-4.61792,
-66,88,-10.6847,
-64,88,-4.86161,
-62,88,-5.76848,
-60,88,-14.9534,
-58,88,-19.913,
-56,88,-4.17972,
-54,88,-2.02357,
-52,88,-5.09655,
-50,88,-6.10999,
-48,88,-9.75349,
-46,88,-7.70509,
-44,88,-6.39696,
-42,88,-7.57329,
-40,88,-3.279,
-38,88,-1.62313,
-36,88,-2.82073,
-34,88,-5.25784,
-32,88,-3.78831,
-30,88,-4.8299,
-28,88,-16.0693,
-26,88,-11.1462,
-24,88,-4.45388,
-22,88,-5.29015,
-20,88,-12.003,
-18,88,-0.850987,
-16,88,-0.0749727,
-14,88,-4.33182,
-12,88,-7.66627,
-10,88,-8.87031,
-8,88,-11.6263,
-6,88,-12.1164,
-4,88,-9.26967,
-2,88,-5.30969,
0,88,-2.94367,
2,88,-3.27789,
4,88,-7.61276,
6,88,-22.5092,
8,88,-16.7505,
10,88,-12.4865,
12,88,-5.61047,
14,88,-2.46249,
16,88,-3.64485,
18,88,-8.7628,
20,88,-6.57126,
22,88,-4.42457,
24,88,-5.88131,
26,88,-11.4468,
28,88,-14.9474,
30,88,-5.75401,
32,88,-9.05581,
34,88,-10.8904,
36,88,-5.44957,
38,88,-9.03958,
40,88,-6.53991,
42,88,-5.90318,
44,88,-4.12992,
46,88,-6.01056,
48,88,-9.04827,
50,88,-8.78342,
52,88,-5.29396,
54,88,-6.86257,
56,88,-10.8042,
58,88,-6.09577,
60,88,-7.98699,
62,88,-23.6676,
64,88,-10.6674,
66,88,-7.50512,
68,88,-5.33447,
70,88,-5.57807,
72,88,-6.73102,
74,88,-3.95435,
76,88,-3.51544,
78,88,-3.55549,
80,88,-5.01809,
82,88,-10.644,
84,88,-19.3418,
86,88,-9.30438,
88,88,-2.64956,
90,88,-1.62631,
92,88,-4.43033,
94,88,-7.17667,
96,88,-6.84257,
98,88,-7.1019,
100,88,-13.6384,
102,88,-5.67084,
104,88,-1.08852,
106,88,-2.92385,
108,88,-11.3636,
110,88,-6.42067,
112,88,-3.12804,
114,88,-6.68469,
116,88,-7.26493,
118,88,-9.34295,
120,88,-20.6426,
122,88,-12.9287,
124,88,-7.74245,
126,88,-5.52762,
128,88,-8.30661,
130,88,-9.11335,
132,88,-21.1844,
134,88,-9.08253,
136,88,-6.21128,
138,88,-8.26917,
140,88,-6.37961,
142,88,-4.23481,
144,88,-4.42675,
146,88,-5.45319,
148,88,-4.27872,
150,88,-6.06524,
152,88,-17.3195,
154,88,-14.358,
156,88,-6.58074,
158,88,-7.30645,
160,88,-9.60601,
162,88,-1.75681,
164,88,-1.39501,
166,88,-4.68952,
168,88,-7.82309,
170,88,-12.1676,
172,88,-15.6351,
174,88,-13.527,
176,88,-10.4328,
178,88,-6.97489,
180,88,-4.34527,
-180,90,-4.97192,
-178,90,-4.92308,
-176,90,-9.01121,
-174,90,-20.0909,
-172,90,-19.2553,
-170,90,-25.1701,
-168,90,-8.87683,
-166,90,-4.24511,
-164,90,-4.49786,
-162,90,-8.78671,
-160,90,-8.94614,
-158,90,-6.69053,
-156,90,-7.04124,
-154,90,-10.5944,
-152,90,-22.4634,
-150,90,-6.93536,
-148,90,-7.98262,
-146,90,-16.3287,
-144,90,-6.54562,
-142,90,-7.11602,
-140,90,-6.18446,
-138,90,-6.99162,
-136,90,-7.66826,
-134,90,-9.26956,
-132,90,-9.54403,
-130,90,-9.17241,
-128,90,-6.36412,
-126,90,-6.5169,
-124,90,-13.2013,
-122,90,-9.19138,
-120,90,-10.1739,
-118,90,-24.0536,
-116,90,-11.4948,
-114,90,-7.40304,
-112,90,-4.92075,
-110,90,-4.42837,
-108,90,-2.78918,
-106,90,-1.01819,
-104,90,-1.95217,
-102,90,-4.916,
-100,90,-11.0973,
-98,90,-9.90886,
-96,90,-7.09253,
-94,90,-12.6332,
-92,90,-6.47828,
-90,90,-3.35361,
-88,90,-5.32785,
-86,90,-9.52911,
-84,90,-9.55271,
-82,90,-8.96751,
-80,90,-12.4555,
-78,90,-4.61301,
-76,90,-1.51104,
-74,90,-3.61135,
-72,90,-11.0177,
-70,90,-8.34374,
-68,90,-5.05747,
-66,90,-10.9316,
-64,90,-5.04142,
-62,90,-5.96238,
-60,90,-14.993,
-58,90,-19.9826,
-56,90,-4.47031,
-54,90,-2.29628,
-52,90,-5.3609,
-50,90,-6.35383,
-48,90,-9.9919,
-46,90,-8.04567,
-44,90,-6.71458,
-42,90,-7.85442,
-40,90,-3.6,
-38,90,-1.96241,
-36,90,-3.15351,
-34,90,-5.61967,
-32,90,-4.24999,
-30,90,-5.33225,
-28,90,-16.5741,
-26,90,-11.273,
-24,90,-4.6678,
-22,90,-5.51488,
-20,90,-12.5563,
-18,90,-1.31305,
-16,90,-0.539629,
-14,90,-4.79113,
-12,90,-7.9797,
-10,90,-9.03103,
-8,90,-11.6418,
-6,90,-12.3372,
-4,90,-9.79223,
-2,90,-5.90335,
0,90,-3.49655,
2,90,-3.78505,
4,90,-8.08395,
6,90,-22.6921,
8,90,-16.968,
10,90,-12.3458,
12,90,-5.86537,
14,90,-2.92408,
16,90,-4.24435,
18,90,-9.58688,
20,90,-7.03552,
22,90,-4.80012,
24,90,-6.24337,
26,90,-11.7262,
28,90,-15.5704,
30,90,-6.23158,
32,90,-9.60687,
34,90,-10.9931,
36,90,-5.62942,
38,90,-9.20061,
40,90,-6.78318,
42,90,-6.10961,
44,90,-4.36944,
46,90,-6.31454,
48,90,-9.33076,
50,90,-8.98996,
52,90,-5.52776,
54,90,-7.08356,
56,90,-10.8364,
58,90,-6.38082,
60,90,-8.29984,
62,90,-23.0337,
64,90,-11.1206,
66,90,-7.90628,
68,90,-5.6897,
70,90,-5.98166,
72,90,-7.21808,
74,90,-4.39838,
76,90,-3.93429,
78,90,-3.81471,
80,90,-5.13796,
82,90,-10.7014,
84,90,-20.43,
86,90,-9.59774,
88,90,-3.01079,
90,90,-2.05447,
92,90,-4.91008,
94,90,-7.53398,
96,90,-7.14335,
98,90,-7.47951,
100,90,-13.9439,
102,90,-5.7814,
104,90,-1.31152,
106,90,-3.19681,
108,90,-11.9061,
110,90,-7.05399,
112,90,-3.58409,
114,90,-6.9556,
116,90,-7.54319,
118,90,-9.70239,
120,90,-20.5944,
122,90,-13.2952,
124,90,-8.28695,
126,90,-5.9382,
128,90,-8.64378,
130,90,-9.52398,
132,90,-21.794,
134,90,-9.43588,
136,90,-6.61584,
138,90,-8.80917,
140,90,-6.87665,
142,90,-4.66595,
144,90,-4.79214,
146,90,-5.8205,
148,90,-4.76369,
150,90,-6.63442,
152,90,-18.1933,
154,90,-14.6593,
156,90,-6.91623,
158,90,-7.75643,
160,90,-10.1043,
162,90,-2.19297,
164,90,-1.81069,
166,90,-4.96908,
168,90,-8.03317,
170,90,-12.3818,
172,90,-15.9985,
174,90,-14.0113,
176,90,-10.9332,
178,90,-7.59929,
180,90,-4.97192,
-180,92,-5.60032,
-178,92,-5.54766,
-176,92,-9.6636,
-174,92,-20.8084,
-172,92,-19.1,
-170,92,-26.8784,
-168,92,-9.49949,
-166,92,-4.71942,
-164,92,-4.86996,
-162,92,-8.97362,
-160,92,-9.46317,
-158,92,-7.33331,
-156,92,-7.60335,
-154,92,-11.1324,
-152,92,-22.7419,
-150,92,-7.39367,
-148,92,-8.40917,
-146,92,-16.7268,
-144,92,-7.10423,
-142,92,-7.51553,
-140,92,-6.49977,
-138,92,-7.39429,
-136,92,-8.15401,
-134,92,-9.71492,
-132,92,-10.0281,
-130,92,-9.69288,
-128,92,-6.8672,
-126,92,-6.98459,
-124,92,-13.6609,
-122,92,-9.42688,
-120,92,-10.3999,
-118,92,-23.8677,
-116,92,-11.7695,
-114,92,-7.73179,
-112,92,-5.24862,
-110,92,-4.69732,
-108,92,-3.03903,
-106,92,-1.29146,
-104,92,-2.2392,
-102,92,-5.26575,
-100,92,-11.4618,
-98,92,-9.8691,
-96,92,-7.15535,
-94,92,-12.747,
-92,92,-6.85413,
-90,92,-3.63618,
-88,92,-5.52095,
-86,92,-9.64773,
-84,92,-9.81767,
-82,92,-9.37076,
-80,92,-12.5335,
-78,92,-4.69944,
-76,92,-1.7193,
-74,92,-3.81392,
-72,92,-10.954,
-70,92,-8.28091,
-68,92,-5.13018,
-66,92,-10.924,
-64,92,-5.34638,
-62,92,-6.33289,
-60,92,-15.4099,
-58,92,-19.9667,
-56,92,-4.78045,
-54,92,-2.60884,
-52,92,-5.64711,
-50,92,-6.62105,
-48,92,-10.1377,
-46,92,-8.22229,
-44,92,-6.93452,
-42,92,-8.08896,
-40,92,-3.90496,
-38,92,-2.31211,
-36,92,-3.57099,
-34,92,-6.0619,
-32,92,-4.64461,
-30,92,-5.72221,
-28,92,-16.8789,
-26,92,-11.6365,
-24,92,-5.12891,
-22,92,-6.01577,
-20,92,-12.9641,
-18,92,-1.7107,
-16,92,-0.969628,
-14,92,-5.35582,
-12,92,-8.6819,
-10,92,-9.53968,
-8,92,-11.8785,
-6,92,-12.4496,
-4,92,-10.2053,
-2,92,-6.49674,
0,92,-4.07365,
2,92,-4.29419,
4,92,-8.52635,
6,92,-23.2943,
8,92,-17.0905,
10,92,-12.4997,
12,92,-6.302,
14,92,-3.44581,
16,92,-4.8032,
18,92,-10.0706,
20,92,-7.43219,
22,92,-5.22232,
24,92,-6.60934,
26,92,-11.8709,
28,92,-16.2075,
30,92,-6.66066,
32,92,-9.99847,
34,92,-11.3219,
36,92,-6.00117,
38,92,-9.64902,
40,92,-7.16147,
42,92,-6.49184,
44,92,-4.75801,
46,92,-6.71028,
48,92,-9.70063,
50,92,-9.39963,
52,92,-5.91364,
54,92,-7.48389,
56,92,-11.0396,
58,92,-6.61626,
60,92,-8.55677,
62,92,-23.6135,
64,92,-11.4277,
66,92,-8.19741,
68,92,-6.02758,
70,92,-6.26041,
72,92,-7.46648,
74,92,-4.74402,
76,92,-4.28314,
78,92,-4.13849,
80,92,-5.43845,
82,92,-10.9329,
84,92,-20.0292,
86,92,-9.87536,
88,92,-3.29667,
90,92,-2.32535,
92,92,-5.13671,
94,92,-7.71843,
96,92,-7.34535,
98,92,-7.72061,
100,92,-14.1826,
102,92,-5.87257,
104,92,-1.49534,
106,92,-3.39486,
108,92,-11.9394,
110,92,-7.18594,
112,92,-3.76626,
114,92,-7.1053,
116,92,-8.02023,
118,92,-10.344,
120,92,-19.8412,
122,92,-13.2784,
124,92,-8.69241,
126,92,-6.36537,
128,92,-9.02602,
130,92,-9.97747,
132,92,-22.4064,
134,92,-9.76951,
136,92,-6.98789,
138,92,-9.29684,
140,92,-7.3822,
142,92,-5.1325,
144,92,-5.2494,
146,92,-6.21095,
148,92,-5.09732,
150,92,-6.96586,
152,92,-18.6463,
154,92,-15.2505,
156,92,-7.53922,
158,92,-8.50203,
160,92,-10.4811,
162,92,-2.56903,
164,92,-2.20377,
166,92,-5.37184,
168,92,-8.52651,
170,92,-13.0115,
172,92,-16.6382,
174,92,-14.3495,
176,92,-11.2719,
178,92,-8.14509,
180,92,-5.60032,
-180,94,-6.22515,
-178,94,-6.1837,
-176,94,-10.3124,
-174,94,-21.8012,
-172,94,-18.8108,
-170,94,-30.0813,
-168,94,-10.4162,
-166,94,-5.30575,
-164,94,-5.24178,
-162,94,-8.9014,
-160,94,-9.80087,
-158,94,-8.04796,
-156,94,-8.17955,
-154,94,-11.5961,
-152,94,-22.9871,
-150,94,-7.80474,
-148,94,-8.73082,
-146,94,-17.3605,
-144,94,-7.84731,
-142,94,-8.09107,
-140,94,-6.93682,
-138,94,-7.93663,
-136,94,-8.80997,
-134,94,-10.2552,
-132,94,-10.6371,
-130,94,-10.4155,
-128,94,-7.54763,
-126,94,-7.65237,
-124,94,-14.4104,
-122,94,-9.37587,
-120,94,-10.2493,
-118,94,-22.7033,
-116,94,-11.9336,
-114,94,-7.98829,
-112,94,-5.4993,
-110,94,-4.82855,
-108,94,-3.25853,
-106,94,-1.60754,
-104,94,-2.58305,
-102,94,-5.69715,
-100,94,-11.7843,
-98,94,-9.59185,
-96,94,-7.02968,
-94,94,-12.5948,
-92,94,-7.24501,
-90,94,-3.83393,
-88,94,-5.50066,
-86,94,-9.41206,
-84,94,-9.99303,
-82,94,-9.96186,
-80,94,-12.4957,
-78,94,-4.57681,
-76,94,-1.79335,
-74,94,-3.85299,
-72,94,-10.4924,
-70,94,-7.66779,
-68,94,-4.87061,
-66,94,-10.6815,
-64,94,-5.78173,
-62,94,-6.89816,
-60,94,-16.1837,
-58,94,-19.8756,
-56,94,-5.13123,
-54,94,-2.97781,
-52,94,-5.97178,
-50,94,-6.91508,
-48,94,-10.2056,
-46,94,-8.26297,
-44,94,-7.07792,
-42,94,-8.28959,
-40,94,-4.1933,
-38,94,-2.66999,
-36,94,-4.07087,
-34,94,-6.57951,
-32,94,-4.97534,
-30,94,-6.00987,
-28,94,-17.0401,
-26,94,-12.2335,
-24,94,-5.84711,
-22,94,-6.80395,
-20,94,-13.2141,
-18,94,-2.0544,
-16,94,-1.37353,
-14,94,-6.03462,
-12,94,-9.83127,
-10,94,-10.4054,
-8,94,-12.2682,
-6,94,-12.4014,
-4,94,-10.4942,
-2,94,-7.10566,
0,94,-4.68957,
2,94,-4.81331,
4,94,-8.94407,
6,94,-24.2476,
8,94,-17.1916,
10,94,-12.918,
12,94,-6.91963,
14,94,-4.0323,
16,94,-5.3186,
18,94,-10.198,
20,94,-7.76581,
22,94,-5.69876,
24,94,-6.98371,
26,94,-11.8955,
28,94,-16.8376,
30,94,-7.03354,
32,94,-10.214,
34,94,-11.8929,
36,94,-6.57406,
38,94,-10.3888,
40,94,-7.66989,
42,94,-7.05423,
44,94,-5.30654,
46,94,-7.21109,
48,94,-10.164,
50,94,-10.0291,
52,94,-6.46021,
54,94,-8.07075,
56,94,-11.3896,
58,94,-6.80144,
60,94,-8.74622,
62,94,-25.1867,
64,94,-11.6044,
66,94,-8.38845,
68,94,-6.34837,
70,94,-6.41648,
72,94,-7.48607,
74,94,-4.99143,
76,94,-4.55986,
78,94,-4.52838,
80,94,-5.92007,
82,94,-11.3123,
84,94,-18.4902,
86,94,-10.1092,
88,94,-3.51659,
90,94,-2.45607,
92,94,-5.13064,
94,94,-7.72769,
96,94,-7.43174,
98,94,-7.82115,
100,94,-14.3268,
102,94,-5.94323,
104,94,-1.64911,
106,94,-3.53287,
108,94,-11.5209,
110,94,-6.85423,
112,94,-3.69721,
114,94,-7.14228,
116,94,-8.7067,
118,94,-11.3058,
120,94,-18.5615,
122,94,-12.9152,
124,94,-8.96039,
126,94,-6.81812,
128,94,-9.45454,
130,94,-10.4605,
132,94,-23.0211,
134,94,-10.1159,
136,94,-7.34706,
138,94,-9.73539,
140,94,-7.88567,
142,94,-5.62504,
144,94,-5.79065,
146,94,-6.61206,
148,94,-5.28109,
150,94,-7.06896,
152,94,-18.6728,
154,94,-16.0881,
156,94,-8.45964,
158,94,-9.57188,
160,94,-10.7417,
162,94,-2.89981,
164,94,-2.5868,
166,94,-5.90351,
168,94,-9.29898,
170,94,-14.0527,
172,94,-17.6103,
174,94,-14.5944,
176,94,-11.4777,
178,94,-8.60962,
180,94,-6.22515,
-180,96,-6.8717,
-178,96,-6.85269,
-176,96,-10.9826,
-174,96,-23.2018,
-172,96,-18.3834,
-170,96,-31.4499,
-168,96,-11.7231,
-166,96,-6.0545,
-164,96,-5.64839,
-162,96,-8.64009,
-160,96,-9.93408,
-158,96,-8.84562,
-156,96,-8.7886,
-154,96,-12.023,
-152,96,-23.142,
-150,96,-8.16779,
-148,96,-8.95081,
-146,96,-18.1518,
-144,96,-8.79268,
-142,96,-8.83574,
-140,96,-7.48251,
-138,96,-8.61124,
-136,96,-9.66415,
-134,96,-10.9412,
-132,96,-11.4225,
-130,96,-11.4091,
-128,96,-8.462,
-126,96,-8.56472,
-124,96,-15.321,
-122,96,-9.03081,
-120,96,-9.74906,
-118,96,-21.0534,
-116,96,-12.0471,
-114,96,-8.18771,
-112,96,-5.68066,
-110,96,-4.85523,
-108,96,-3.47892,
-106,96,-1.99222,
-104,96,-3.0021,
-102,96,-6.21354,
-100,96,-12.0039,
-98,96,-9.20887,
-96,96,-6.8062,
-94,96,-12.1659,
-92,96,-7.68574,
-90,96,-4.00647,
-88,96,-5.33401,
-86,96,-8.87321,
-84,96,-10.0194,
-82,96,-10.7725,
-80,96,-12.2875,
-78,96,-4.29511,
-76,96,-1.76643,
-74,96,-3.7751,
-72,96,-9.7287,
-70,96,-6.68813,
-68,96,-4.36263,
-66,96,-10.2259,
-64,96,-6.373,
-62,96,-7.72442,
-60,96,-17.3105,
-58,96,-19.7023,
-56,96,-5.57615,
-54,96,-3.44865,
-52,96,-6.38309,
-50,96,-7.25127,
-48,96,-10.2333,
-46,96,-8.23181,
-44,96,-7.19275,
-42,96,-8.48254,
-40,96,-4.46357,
-38,96,-3.03314,
-36,96,-4.65071,
-34,96,-7.16167,
-32,96,-5.25628,
-30,96,-6.22925,
-28,96,-17.178,
-26,96,-13.0431,
-24,96,-6.85349,
-22,96,-7.91962,
-20,96,-13.3167,
-18,96,-2.37843,
-16,96,-1.77998,
-14,96,-6.84905,
-12,96,-11.5715,
-10,96,-11.6618,
-8,96,-12.7219,
-6,96,-12.1383,
-4,96,-10.6548,
-2,96,-7.78319,
0,96,-5.39703,
2,96,-5.37951,
4,96,-9.36091,
6,96,-25.2582,
8,96,-17.2899,
10,96,-13.6028,
12,96,-7.75814,
14,96,-4.71778,
16,96,-5.81544,
18,96,-10.0303,
20,96,-8.03389,
22,96,-6.24309,
24,96,-7.38197,
26,96,-11.8384,
28,96,-17.3716,
30,96,-7.33638,
32,96,-10.2378,
34,96,-12.7439,
36,96,-7.38526,
38,96,-11.4499,
40,96,-8.2835,
42,96,-7.80964,
44,96,-6.0494,
46,96,-7.85212,
48,96,-10.7401,
50,96,-10.9406,
52,96,-7.20478,
54,96,-8.87952,
56,96,-11.8541,
58,96,-6.92526,
60,96,-8.82252,
62,96,-26.2828,
64,96,-11.6903,
66,96,-8.51479,
68,96,-6.66084,
70,96,-6.47129,
72,96,-7.32578,
74,96,-5.1521,
76,96,-4.7729,
78,96,-4.98969,
80,96,-6.58742,
82,96,-11.7619,
84,96,-16.4564,
86,96,-10.2288,
88,96,-3.71245,
90,96,-2.51411,
92,96,-4.96618,
94,96,-7.54347,
96,96,-7.34801,
98,96,-7.7762,
100,96,-14.3661,
102,96,-5.99623,
104,96,-1.79594,
106,96,-3.64746,
108,96,-10.7637,
110,96,-6.18432,
112,96,-3.43744,
114,96,-7.07831,
116,96,-9.63229,
118,96,-12.6858,
120,96,-16.8812,
122,96,-12.2561,
124,96,-9.12539,
126,96,-7.32798,
128,96,-9.93644,
130,96,-10.9378,
132,96,-23.4969,
134,96,-10.5379,
136,96,-7.74467,
138,96,-10.1679,
140,96,-8.37998,
142,96,-6.13344,
144,96,-6.40653,
146,96,-7.00298,
148,96,-5.33441,
150,96,-6.99076,
152,96,-18.363,
154,96,-17.0698,
156,96,-9.71869,
158,96,-11.0455,
160,96,-10.9324,
162,96,-3.22732,
164,96,-2.99625,
166,96,-6.59478,
168,96,-10.3758,
170,96,-15.5257,
172,96,-18.9483,
174,96,-14.7446,
176,96,-11.5843,
178,96,-9.02818,
180,96,-6.8717,
-180,98,-7.59826,
-178,98,-7.60009,
-176,98,-11.7208,
-174,98,-25.2882,
-172,98,-17.818,
-170,98,-26.4832,
-168,98,-13.6288,
-166,98,-7.05671,
-164,98,-6.14521,
-162,98,-8.28148,
-160,98,-9.86469,
-158,98,-9.74276,
-156,98,-9.47038,
-154,98,-12.4846,
-152,98,-23.0113,
-150,98,-8.47109,
-148,98,-9.07269,
-146,98,-18.943,
-144,98,-9.96567,
-142,98,-9.7401,
-140,98,-8.12201,
-138,98,-9.40693,
-136,98,-10.7692,
-134,98,-11.8624,
-132,98,-12.4709,
-130,98,-12.8005,
-128,98,-9.71251,
-126,98,-9.79532,
-124,98,-16.0374,
-122,98,-8.43062,
-120,98,-8.98669,
-118,98,-19.3287,
-116,98,-12.1984,
-114,98,-8.35889,
-112,98,-5.81398,
-110,98,-4.82825,
-108,98,-3.74328,
-106,98,-2.485,
-104,98,-3.52451,
-102,98,-6.81934,
-100,98,-12.0853,
-98,98,-8.87777,
-96,98,-6.6011,
-94,98,-11.4798,
-92,98,-8.19875,
-90,98,-4.23319,
-88,98,-5.11112,
-86,98,-8.12878,
-84,98,-9.8378,
-82,98,-11.8537,
-80,98,-11.8703,
-78,98,-3.92618,
-76,98,-1.6926,
-74,98,-3.65117,
-72,98,-8.80837,
-70,98,-5.5535,
-68,98,-3.71782,
-66,98,-9.60466,
-64,98,-7.15991,
-62,98,-8.93741,
-60,98,-18.5089,
-58,98,-19.2684,
-56,98,-6.20386,
-54,98,-4.1018,
-52,98,-6.96758,
-50,98,-7.66586,
-48,98,-10.2955,
-46,98,-8.22114,
-44,98,-7.34834,
-42,98,-8.70084,
-40,98,-4.7101,
-38,98,-3.39414,
-36,98,-5.30131,
-34,98,-7.79025,
-32,98,-5.5168,
-30,98,-6.43668,
-28,98,-17.4554,
-26,98,-13.9662,
-24,98,-8.18697,
-22,98,-9.42693,
-20,98,-13.3188,
-18,98,-2.73876,
-16,98,-2.23518,
-14,98,-7.82427,
-12,98,-14.2046,
-10,98,-13.3468,
-8,98,-13.1339,
-6,98,-11.6637,
-4,98,-10.7012,
-2,98,-8.61314,
0,98,-6.28697,
2,98,-6.05933,
4,98,-9.81784,
6,98,-25.2149,
8,98,-17.3287,
10,98,-14.5731,
12,98,-8.90686,
14,98,-5.5703,
16,98,-6.3492,
18,98,-9.68999,
20,98,-8.23527,
22,98,-6.8758,
24,98,-7.83436,
26,98,-11.7609,
28,98,-17.641,
30,98,-7.54908,
32,98,-10.0623,
34,98,-13.9234,
36,98,-8.50449,
38,98,-12.863,
40,98,-8.93834,
42,98,-8.76532,
44,98,-7.04284,
46,98,-8.67983,
48,98,-11.4374,
50,98,-12.2513,
52,98,-8.21608,
54,98,-9.97318,
56,98,-12.3688,
58,98,-6.9753,
60,98,-8.73842,
62,98,-24.2764,
64,98,-11.7575,
66,98,-8.64001,
68,98,-6.99109,
70,98,-6.46834,
72,98,-7.05852,
74,98,-5.24734,
76,98,-4.93908,
78,98,-5.52593,
80,98,-7.44487,
82,98,-12.1833,
84,98,-14.4212,
86,98,-10.1301,
88,98,-3.94781,
90,98,-2.60146,
92,98,-4.75051,
94,98,-7.16136,
96,98,-7.0384,
98,98,-7.59229,
100,98,-14.3018,
102,98,-6.04237,
104,98,-1.97253,
106,98,-3.79392,
108,98,-9.83438,
110,98,-5.34602,
112,98,-3.07343,
114,98,-6.93883,
116,98,-10.8379,
118,98,-14.6627,
120,98,-14.9898,
122,98,-11.3885,
124,98,-9.25168,
126,98,-7.95415,
128,98,-10.4851,
130,98,-11.3536,
132,98,-23.5684,
134,98,-11.1287,
136,98,-8.26037,
138,98,-10.6698,
140,98,-8.856,
142,98,-6.64068,
144,98,-7.07733,
146,98,-7.3596,
148,98,-5.29963,
150,98,-6.8093,
152,98,-17.8966,
154,98,-17.8996,
156,98,-11.3633,
158,98,-13.0731,
160,98,-11.1423,
162,98,-3.6201,
164,98,-3.49242,
166,98,-7.50509,
168,98,-11.8042,
170,98,-17.4044,
172,98,-20.6419,
174,98,-14.7777,
176,98,-11.6314,
178,98,-9.4698,
180,98,-7.59826,
-180,100,-8.50236,
-178,100,-8.5003,
-176,100,-12.6005,
-174,100,-28.6236,
-172,100,-17.1323,
-170,100,-21.8086,
-168,100,-16.5849,
-166,100,-8.46524,
-164,100,-6.80794,
-162,100,-7.92592,
-160,100,-9.64602,
-158,100,-10.7619,
-156,100,-10.2929,
-154,100,-13.0906,
-152,100,-22.3238,
-150,100,-8.68835,
-148,100,-9.1003,
-146,100,-19.4671,
-144,100,-11.391,
-142,100,-10.7824,
-140,100,-8.84103,
-138,100,-10.3024,
-136,100,-12.2063,
-134,100,-13.1577,
-132,100,-13.9047,
-130,100,-14.7979,
-128,100,-11.4714,
-126,100,-11.4468,
-124,100,-16.0066,
-122,100,-7.67849,
-120,100,-8.0978,
-118,100,-17.7461,
-116,100,-12.5006,
-114,100,-8.55346,
-112,100,-5.9405,
-110,100,-4.80675,
-108,100,-4.09976,
-106,100,-3.13813,
-104,100,-4.18445,
-102,100,-7.51031,
-100,100,-12.0595,
-98,100,-8.76194,
-96,100,-6.54193,
-94,100,-10.6086,
-92,100,-8.7288,
-90,100,-4.5859,
-88,100,-4.92044,
-86,100,-7.30095,
-84,100,-9.43999,
-82,100,-13.2811,
-80,100,-11.2572,
-78,100,-3.5567,
-76,100,-1.64476,
-74,100,-3.5689,
-72,100,-7.89606,
-70,100,-4.44519,
-68,100,-3.05564,
-66,100,-8.90598,
-64,100,-8.18455,
-62,100,-10.7533,
-60,100,-18.4781,
-58,100,-18.1065,
-56,100,-7.14296,
-54,100,-5.06646,
-52,100,-7.86252,
-50,100,-8.22223,
-48,100,-10.5117,
-46,100,-8.344,
-44,100,-7.62842,
-42,100,-8.9705,
-40,100,-4.91942,
-38,100,-3.73874,
-36,100,-6.00186,
-34,100,-8.44809,
-32,100,-5.80771,
-30,100,-6.70804,
-28,100,-18.0606,
-26,100,-14.6898,
-24,100,-9.8358,
-22,100,-11.3803,
-20,100,-13.3063,
-18,100,-3.21042,
-16,100,-2.79912,
-14,100,-8.96912,
-12,100,-18.3994,
-10,100,-15.4192,
-8,100,-13.4222,
-6,100,-11.0664,
-4,100,-10.6714,
-2,100,-9.69621,
0,100,-7.49101,
2,100,-6.95155,
4,100,-10.3701,
6,100,-23.022,
8,100,-17.1249,
10,100,-15.7968,
12,100,-10.5299,
14,100,-6.70321,
16,100,-7.01161,
18,100,-9.33201,
20,100,-8.38701,
22,100,-7.62636,
24,100,-8.39126,
26,100,-11.7447,
28,100,-17.4697,
30,100,-7.65038,
32,100,-9.70038,
34,100,-15.4326,
36,100,-10.0434,
38,100,-14.5516,
40,100,-9.50507,
42,100,-9.8819,
44,100,-8.35565,
46,100,-9.72237,
48,100,-12.1953,
50,100,-14.1469,
52,100,-9.60093,
54,100,-11.438,
56,100,-12.8142,
58,100,-6.95381,
60,100,-8.49337,
62,100,-21.0473,
64,100,-11.9205,
66,100,-8.85834,
68,100,-7.39338,
70,100,-6.47132,
72,100,-6.76487,
74,100,-5.30797,
76,100,-5.08045,
78,100,-6.12931,
80,100,-8.48988,
82,100,-12.5216,
84,100,-12.6218,
86,100,-9.71251,
88,100,-4.28756,
90,100,-2.83508,
92,100,-4.60072,
94,100,-6.62245,
96,100,-6.49959,
98,100,-7.30182,
100,100,-14.1402,
102,100,-6.1035,
104,100,-2.22858,
106,100,-4.04343,
108,100,-8.91738,
110,100,-4.50812,
112,100,-2.70567,
114,100,-6.77419,
116,100,-12.3546,
118,100,-17.5022,
120,100,-13.0927,
122,100,-10.4337,
124,100,-9.42845,
126,100,-8.79537,
128,100,-11.1169,
130,100,-11.6415,
132,100,-22.9426,
134,100,-12.012,
136,100,-8.99761,
138,100,-11.3293,
140,100,-9.29329,
142,100,-7.11795,
144,100,-7.76619,
146,100,-7.67173,
148,100,-5.24625,
150,100,-6.62428,
152,100,-17.5001,
154,100,-17.9963,
156,100,-13.3256,
158,100,-15.908,
160,100,-11.5024,
162,100,-4.17477,
164,100,-4.1614,
166,100,-8.73182,
168,100,-13.6224,
170,100,-19.3526,
172,100,-22.5361,
174,100,-14.6925,
176,100,-11.668,
178,100,-10.0322,
180,100,-8.50236,
-180,102,-9.73537,
-178,102,-9.66739,
-176,102,-13.7352,
-174,102,-33.4829,
-172,102,-16.3627,
-170,102,-18.3572,
-168,102,-21.6851,
-166,102,-10.551,
-164,102,-7.72922,
-162,102,-7.67154,
-160,102,-9.38702,
-158,102,-11.9385,
-156,102,-11.3586,
-154,102,-13.9903,
-152,102,-20.9627,
-150,102,-8.78332,
-148,102,-9.04104,
-146,102,-19.4671,
-144,102,-13.0768,
-142,102,-11.9228,
-140,102,-9.63572,
-138,102,-11.2624,
-136,102,-14.0854,
-134,102,-15.0386,
-132,102,-15.8406,
-130,102,-17.6788,
-128,102,-14.0474,
-126,102,-13.6363,
-124,102,-15.0934,
-122,102,-6.91878,
-120,102,-7.22529,
-118,102,-16.3666,
-116,102,-13.098,
-114,102,-8.85567,
-112,102,-6.12394,
-110,102,-4.84851,
-108,102,-4.59369,
-106,102,-4.01641,
-104,102,-5.01518,
-102,102,-8.26125,
-100,102,-12.039,
-98,102,-9.03345,
-96,102,-6.76198,
-94,102,-9.65801,
-92,102,-9.02983,
-90,102,-5.0807,
-88,102,-4.82764,
-86,102,-6.51181,
-84,102,-8.89957,
-82,102,-15.1483,
-80,102,-10.5253,
-78,102,-3.28354,
-76,102,-1.71426,
-74,102,-3.62969,
-72,102,-7.14051,
-70,102,-3.49887,
-68,102,-2.49249,
-66,102,-8.25769,
-64,102,-9.46832,
-62,102,-13.5507,
-60,102,-16.0776,
-58,102,-15.9007,
-56,102,-8.56376,
-54,102,-6.55274,
-52,102,-9.27694,
-50,102,-9.00094,
-48,102,-11.0452,
-46,102,-8.72947,
-44,102,-8.12191,
-42,102,-9.28771,
-40,102,-5.07162,
-38,102,-4.05153,
-36,102,-6.72794,
-34,102,-9.14763,
-32,102,-6.20669,
-30,102,-7.13464,
-28,102,-19.1866,
-26,102,-14.6562,
-24,102,-11.536,
-22,102,-13.6535,
-20,102,-13.3832,
-18,102,-3.88514,
-16,102,-3.54108,
-14,102,-10.2393,
-12,102,-25.0319,
-10,102,-17.4952,
-8,102,-13.5973,
-6,102,-10.4943,
-4,102,-10.6259,
-2,102,-11.1099,
0,102,-9.18542,
2,102,-8.19571,
4,102,-11.0832,
6,102,-19.7842,
8,102,-16.3914,
10,102,-16.9526,
12,102,-12.9295,
14,102,-8.30405,
16,102,-7.9427,
18,102,-9.12159,
20,102,-8.54376,
22,102,-8.53768,
24,102,-9.12964,
26,102,-11.8902,
28,102,-16.8455,
30,102,-7.6319,
32,102,-9.19581,
34,102,-17.0175,
36,102,-12.1706,
38,102,-15.9951,
40,102,-9.79812,
42,102,-10.9838,
44,102,-10.0276,
46,102,-10.9111,
48,102,-12.7893,
50,102,-16.8467,
52,102,-11.5187,
54,102,-13.364,
56,102,-13.0382,
58,102,-6.89632,
60,102,-8.164,
62,102,-18.5271,
64,102,-12.3434,
66,102,-9.29744,
68,102,-7.95752,
70,102,-6.5555,
72,102,-6.52158,
74,102,-5.37473,
76,102,-5.22187,
78,102,-6.77036,
80,102,-9.70643,
82,102,-12.819,
84,102,-11.1303,
86,102,-8.94566,
88,102,-4.75884,
90,102,-3.32444,
92,102,-4.62482,
94,102,-6.01995,
96,102,-5.81208,
98,102,-6.96956,
100,102,-13.8863,
102,102,-6.21437,
104,102,-2.62686,
106,102,-4.48231,
108,102,-8.17474,
110,102,-3.81539,
112,102,-2.44114,
114,102,-6.66611,
116,102,-14.1449,
118,102,-21.0968,
120,102,-11.3489,
122,102,-9.51895,
124,102,-9.76377,
126,102,-10.0143,
128,102,-11.8296,
130,102,-11.743,
132,102,-21.5306,
134,102,-13.3407,
136,102,-10.0766,
138,102,-12.2099,
140,102,-9.65531,
142,102,-7.53406,
144,102,-8.43306,
146,102,-7.97641,
148,102,-5.27308,
150,102,-6.54879,
152,102,-17.3943,
154,102,-16.9725,
156,102,-14.9906,
158,102,-19.8033,
160,102,-12.1924,
162,102,-5.02382,
164,102,-5.12184,
166,102,-10.4309,
168,102,-15.7234,
170,102,-20.2702,
172,102,-24.1524,
174,102,-14.5415,
176,102,-11.7555,
178,102,-10.8401,
180,102,-9.73537,
-180,104,-11.538,
-178,104,-11.2774,
-176,104,-15.3067,
-174,104,-30.8369,
-172,104,-15.5548,
-170,104,-15.7668,
-168,104,-26.8124,
-166,104,-13.8683,
-164,104,-8.99402,
-162,104,-7.60314,
-160,104,-9.23452,
-158,104,-13.3472,
-156,104,-12.8048,
-154,104,-15.3634,
-152,104,-19.1232,
-150,104,-8.73112,
-148,104,-8.9145,
-146,104,-18.959,
-144,104,-14.9803,
-142,104,-13.1143,
-140,104,-10.5319,
-138,104,-12.2399,
-136,104,-16.4983,
-134,104,-17.8093,
-132,104,-18.0917,
-130,104,-21.0479,
-128,104,-18.1022,
-126,104,-16.4027,
-124,104,-13.8687,
-122,104,-6.30237,
-120,104,-6.49033,
-118,104,-15.1572,
-116,104,-14.1924,
-114,104,-9.39156,
-112,104,-6.44778,
-110,104,-5.0033,
-108,104,-5.25949,
-106,104,-5.19906,
-104,104,-6.03615,
-102,104,-9.01912,
-100,104,-12.1938,
-98,104,-9.89964,
-96,104,-7.40524,
-94,104,-8.73567,
-92,104,-8.66618,
-90,104,-5.59113,
-88,104,-4.85821,
-86,104,-5.87105,
-84,104,-8.35633,
-82,104,-17.4837,
-80,104,-9.794,
-78,104,-3.21333,
-76,104,-2.01447,
-74,104,-3.95327,
-72,104,-6.66312,
-70,104,-2.81405,
-68,104,-2.13928,
-66,104,-7.81297,
-64,104,-10.9745,
-62,104,-17.9201,
-60,104,-12.8046,
-58,104,-13.0962,
-56,104,-10.6263,
-54,104,-8.93826,
-52,104,-11.5056,
-50,104,-10.0411,
-48,104,-12.0976,
-46,104,-9.52071,
-44,104,-8.90635,
-42,104,-9.59531,
-40,104,-5.15495,
-38,104,-4.33548,
-36,104,-7.4866,
-34,104,-9.97674,
-32,104,-6.81927,
-30,104,-7.81552,
-28,104,-20.9164,
-26,104,-13.635,
-24,104,-12.4543,
-22,104,-15.395,
-20,104,-13.6202,
-18,104,-4.86799,
-16,104,-4.5344,
-14,104,-11.5026,
-12,104,-23.2923,
-10,104,-18.5665,
-8,104,-13.7857,
-6,104,-10.1084,
-4,104,-10.6384,
-2,104,-12.7657,
0,104,-11.566,
2,104,-9.99495,
4,104,-12.0245,
6,104,-16.7345,
8,104,-14.9965,
10,104,-17.0794,
12,104,-16.6765,
14,104,-10.7143,
16,104,-9.35951,
18,104,-9.23034,
20,104,-8.81071,
22,104,-9.67518,
24,104,-10.161,
26,104,-12.3197,
28,104,-15.9945,
30,104,-7.51999,
32,104,-8.62879,
34,104,-17.8116,
36,104,-15.1145,
38,104,-16.0807,
40,104,-9.69232,
42,104,-11.6836,
44,104,-11.9166,
46,104,-11.9334,
48,104,-12.8419,
50,104,-19.9814,
52,104,-14.2128,
54,104,-15.7692,
56,104,-12.9804,
58,104,-6.88273,
60,104,-7.88863,
62,104,-16.9397,
64,104,-13.2538,
66,104,-10.1248,
68,104,-8.80995,
70,104,-6.79482,
72,104,-6.39753,
74,104,-5.49976,
76,104,-5.3925,
78,104,-7.39755,
80,104,-11.0638,
82,104,-13.1748,
84,104,-9.94112,
86,104,-7.91442,
88,104,-5.27506,
90,104,-4.12679,
92,104,-4.90302,
94,104,-5.47791,
96,104,-5.1206,
98,104,-6.68822,
100,104,-13.5436,
102,104,-6.42298,
104,104,-3.24525,
106,104,-5.21514,
108,104,-7.73318,
110,104,-3.38831,
112,104,-2.39171,
114,104,-6.72694,
116,104,-15.984,
118,104,-21.9406,
120,104,-9.86799,
122,104,-8.75402,
124,104,-10.3743,
126,104,-11.8913,
128,104,-12.5337,
130,104,-11.6278,
132,104,-19.5937,
134,104,-15.2691,
136,104,-11.6141,
138,104,-13.2782,
140,104,-9.91286,
142,104,-7.89529,
144,104,-9.09346,
146,104,-8.39448,
148,104,-5.50903,
150,104,-6.70418,
152,104,-17.7705,
154,104,-15.2496,
156,104,-14.9876,
158,104,-22.9967,
160,104,-13.4682,
162,104,-6.35743,
164,104,-6.54198,
166,104,-12.8626,
168,104,-17.4504,
170,104,-19.36,
172,104,-24.8124,
174,104,-14.4374,
176,104,-11.9697,
178,104,-12.047,
180,104,-11.538,
-180,106,-14.3206,
-178,106,-13.6124,
-176,106,-17.6225,
-174,106,-24.7399,
-172,106,-14.7553,
-170,106,-13.8381,
-168,106,-19.6266,
-166,106,-19.6858,
-164,106,-10.5574,
-162,106,-7.77167,
-160,106,-9.35012,
-158,106,-15.1772,
-156,106,-14.7622,
-154,106,-17.3073,
-152,106,-17.1435,
-150,106,-8.55378,
-148,106,-8.76702,
-146,106,-18.2532,
-144,106,-16.9406,
-142,106,-14.3355,
-140,106,-11.6067,
-138,106,-13.183,
-136,106,-19.1574,
-134,106,-21.4966,
-132,106,-19.163,
-130,106,-20.7422,
-128,106,-25.5305,
-126,106,-19.3037,
-124,106,-12.959,
-122,106,-5.97219,
-120,106,-5.98908,
-118,106,-14.0501,
-116,106,-16.1148,
-114,106,-10.3443,
-112,106,-7.01174,
-110,106,-5.31309,
-108,106,-6.11502,
-106,106,-6.78543,
-104,106,-7.23058,
-102,106,-9.7201,
-100,106,-12.7193,
-98,106,-11.6677,
-96,106,-8.64218,
-94,106,-7.93725,
-92,106,-7.47223,
-90,106,-5.78067,
-88,106,-4.98771,
-86,106,-5.47773,
-84,106,-7.97835,
-82,106,-19.8113,
-80,106,-9.19158,
-78,106,-3.46752,
-76,106,-2.69241,
-74,106,-4.69417,
-72,106,-6.5647,
-70,106,-2.46823,
-68,106,-2.10402,
-66,106,-7.73692,
-64,106,-12.5809,
-62,106,-21.8922,
-60,106,-9.94998,
-58,106,-10.388,
-56,106,-13.0395,
-54,106,-13.0543,
-52,106,-14.6327,
-50,106,-11.1568,
-48,106,-13.877,
-46,106,-10.87,
-44,106,-10.013,
-42,106,-9.79633,
-40,106,-5.19557,
-38,106,-4.64026,
-36,106,-8.37308,
-34,106,-11.1321,
-32,106,-7.76974,
-30,106,-8.83911,
-28,106,-22.6681,
-26,106,-12.1679,
-24,106,-11.904,
-22,106,-15.2263,
-20,106,-13.9626,
-18,106,-6.26655,
-16,106,-5.85025,
-14,106,-12.6068,
-12,106,-18.2468,
-10,106,-18.0656,
-8,106,-14.1509,
-6,106,-10.0574,
-4,106,-10.7835,
-2,106,-14.05,
0,106,-14.5284,
2,106,-12.6711,
4,106,-13.2442,
6,106,-14.2361,
8,106,-13.1928,
10,106,-15.5215,
12,106,-21.6757,
14,106,-14.6911,
16,106,-11.632,
18,106,-9.85087,
20,106,-9.34745,
22,106,-11.1429,
24,106,-11.6422,
26,106,-13.1892,
28,106,-15.2535,
30,106,-7.3951,
32,106,-8.11342,
34,106,-17.0776,
36,106,-18.9442,
38,106,-14.7447,
40,106,-9.28349,
42,106,-11.6425,
44,106,-13.3665,
46,106,-12.2582,
48,106,-12.2119,
50,106,-20.2949,
52,106,-18.0674,
54,106,-18.3986,
56,106,-12.7982,
58,106,-7.03466,
60,106,-7.82638,
62,106,-16.1872,
64,106,-14.9821,
66,106,-11.5636,
68,106,-10.1087,
70,106,-7.24889,
72,106,-6.45691,
74,106,-5.75083,
76,106,-5.63444,
78,106,-7.96613,
80,106,-12.5194,
82,106,-13.5898,
84,106,-9.02447,
86,106,-6.79074,
88,106,-5.54767,
90,106,-5.12363,
92,106,-5.4544,
94,106,-5.12517,
96,106,-4.59111,
98,106,-6.56933,
100,106,-13.1214,
102,106,-6.7883,
104,106,-4.1825,
106,106,-6.37475,
108,106,-7.69067,
110,106,-3.33357,
112,106,-2.67752,
114,106,-7.0931,
116,106,-17.403,
118,106,-18.7483,
120,106,-8.7343,
122,106,-8.2274,
124,106,-11.3585,
126,106,-14.9544,
128,106,-12.9249,
130,106,-11.305,
132,106,-17.5644,
134,106,-17.7542,
136,106,-13.6424,
138,106,-14.308,
140,106,-10.1108,
142,106,-8.30693,
144,106,-9.9092,
146,106,-9.15156,
148,106,-6.11628,
150,106,-7.21793,
152,106,-18.7781,
154,106,-13.5148,
156,106,-13.3894,
158,106,-20.854,
160,106,-15.7322,
162,106,-8.47816,
164,106,-8.67726,
166,106,-16.4899,
168,106,-17.6092,
170,106,-17.6484,
172,106,-24.2682,
174,106,-14.5337,
176,106,-12.4036,
178,106,-13.8174,
180,106,-14.3206,
-180,108,-18.6717,
-178,108,-17.0978,
-176,108,-21.1596,
-174,108,-20.4804,
-172,108,-14.025,
-170,108,-12.5067,
-168,108,-14.883,
-166,108,-22.2984,
-164,108,-11.8341,
-162,108,-8.14878,
-160,108,-9.89045,
-158,108,-17.9318,
-156,108,-17.0123,
-154,108,-19.072,
-152,108,-15.2976,
-150,108,-8.34715,
-148,108,-8.68801,
-146,108,-17.7097,
-144,108,-18.5765,
-142,108,-15.6164,
-140,108,-13.0041,
-138,108,-14.0394,
-136,108,-20.3159,
-134,108,-22.7589,
-132,108,-17.6292,
-130,108,-17.2606,
-128,108,-28.6696,
-126,108,-20.8965,
-124,108,-12.766,
-122,108,-6.07339,
-120,108,-5.80516,
-118,108,-13.0072,
-116,108,-19.5133,
-114,108,-11.9995,
-112,108,-7.93601,
-110,108,-5.82359,
-108,108,-7.16521,
-106,108,-8.90907,
-104,108,-8.51721,
-102,108,-10.3427,
-100,108,-13.8227,
-98,108,-14.9158,
-96,108,-10.6955,
-94,108,-7.35239,
-92,108,-5.89327,
-90,108,-5.34202,
-88,108,-5.16117,
-86,108,-5.43168,
-84,108,-7.94269,
-82,108,-20.4682,
-80,108,-8.83827,
-78,108,-4.19507,
-76,108,-3.95752,
-74,108,-6.08198,
-72,108,-6.93494,
-70,108,-2.52746,
-68,108,-2.49635,
-66,108,-8.19327,
-64,108,-14.1296,
-62,108,-18.4699,
-60,108,-7.84297,
-58,108,-8.19295,
-56,108,-13.7364,
-54,108,-20.9143,
-52,108,-15.9634,
-50,108,-11.6817,
-48,108,-16.3652,
-46,108,-12.9093,
-44,108,-11.3656,
-42,108,-9.85467,
-40,108,-5.2846,
-38,108,-5.078,
-36,108,-9.61125,
-34,108,-12.8923,
-32,108,-9.16415,
-30,108,-10.2341,
-28,108,-22.683,
-26,108,-10.9318,
-24,108,-10.6562,
-22,108,-13.7873,
-20,108,-14.1204,
-18,108,-8.14523,
-16,108,-7.55296,
-14,108,-13.6415,
-12,108,-15.7802,
-10,108,-16.7092,
-8,108,-14.7224,
-6,108,-10.4765,
-4,108,-11.1291,
-2,108,-13.9693,
0,108,-16.153,
2,108,-16.7582,
4,108,-14.7273,
6,108,-12.3586,
8,108,-11.4078,
10,108,-13.2339,
12,108,-19.2628,
14,108,-22.1764,
16,108,-15.4883,
18,108,-11.2255,
20,108,-10.3719,
22,108,-13.1004,
24,108,-13.7703,
26,108,-14.7111,
28,108,-14.9584,
30,108,-7.39846,
32,108,-7.79304,
34,108,-15.6609,
36,108,-21.9823,
38,108,-13.2627,
40,108,-8.87154,
42,108,-11.0871,
44,108,-13.5141,
46,108,-11.7921,
48,108,-11.2973,
50,108,-17.5048,
52,108,-23.3697,
54,108,-20.6784,
56,108,-12.8211,
58,108,-7.50538,
60,108,-8.12905,
62,108,-16.0936,
64,108,-18.0232,
66,108,-13.9136,
68,108,-12.021,
70,108,-7.95126,
72,108,-6.76812,
74,108,-6.22099,
76,108,-6.01978,
78,108,-8.49557,
80,108,-13.9853,
82,108,-13.7872,
84,108,-8.36381,
86,108,-5.7702,
88,108,-5.21926,
90,108,-5.80608,
92,108,-6.17222,
94,108,-5.0826,
96,108,-4.38695,
98,108,-6.73815,
100,108,-12.6487,
102,108,-7.37454,
104,108,-5.56999,
106,108,-8.14372,
108,108,-8.12396,
110,108,-3.7568,
112,108,-3.43374,
114,108,-7.90841,
116,108,-18.0717,
118,108,-16.1099,
120,108,-8.03222,
122,108,-8.01815,
124,108,-12.712,
126,108,-19.9914,
128,108,-12.5326,
130,108,-10.8264,
132,108,-15.8078,
134,108,-19.7587,
136,108,-15.836,
138,108,-14.9408,
140,108,-10.4285,
142,108,-9.01212,
144,108,-11.262,
146,108,-10.5894,
148,108,-7.30058,
150,108,-8.22185,
152,108,-20.4806,
154,108,-12.1981,
156,108,-11.7009,
158,108,-17.912,
160,108,-19.5641,
162,108,-11.9307,
164,108,-11.9348,
166,108,-21.8045,
168,108,-16.3968,
170,108,-16.0158,
172,108,-22.433,
174,108,-14.9902,
176,108,-13.1672,
178,108,-16.1417,
180,108,-18.6717,
-180,110,-21.7061,
-178,110,-21.3954,
-176,110,-25.1281,
-174,110,-17.4706,
-172,110,-13.4778,
-170,110,-11.8068,
-168,110,-12.2139,
-166,110,-15.4256,
-164,110,-11.5771,
-162,110,-8.56133,
-160,110,-10.9714,
-158,110,-23.1638,
-156,110,-17.6886,
-154,110,-18.0295,
-152,110,-13.7434,
-150,110,-8.27602,
-148,110,-8.82199,
-146,110,-17.6117,
-144,110,-19.2731,
-142,110,-16.9665,
-140,110,-14.9579,
-138,110,-14.7739,
-136,110,-18.8746,
-134,110,-19.6633,
-132,110,-15.4636,
-130,110,-14.6532,
-128,110,-21.4729,
-126,110,-20.6413,
-124,110,-13.6277,
-122,110,-6.78449,
-120,110,-6.02797,
-118,110,-12.0664,
-116,110,-25.001,
-114,110,-14.8985,
-112,110,-9.38575,
-110,110,-6.60835,
-108,110,-8.42262,
-106,110,-11.7692,
-104,110,-9.75403,
-102,110,-10.9607,
-100,110,-15.72,
-98,110,-20.9159,
-96,110,-13.8474,
-94,110,-7.08027,
-92,110,-4.51201,
-90,110,-4.4824,
-88,110,-5.36912,
-86,110,-5.85313,
-84,110,-8.45007,
-82,110,-19.1039,
-80,110,-8.84996,
-78,110,-5.59942,
-76,110,-6.15518,
-74,110,-8.52979,
-72,110,-7.84731,
-70,110,-3.0525,
-68,110,-3.43179,
-66,110,-9.29144,
-64,110,-15.435,
-62,110,-15.4275,
-60,110,-6.56514,
-58,110,-6.71413,
-56,110,-11.822,
-54,110,-18.4469,
-52,110,-12.8904,
-50,110,-11.066,
-48,110,-18.3357,
-46,110,-15.6374,
-44,110,-12.7569,
-42,110,-9.92543,
-40,110,-5.57742,
-38,110,-5.80828,
-36,110,-11.5478,
-34,110,-15.3138,
-32,110,-10.9625,
-30,110,-11.853,
-28,110,-21.17,
-26,110,-10.3477,
-24,110,-9.72194,
-22,110,-12.5256,
-20,110,-13.7228,
-18,110,-10.3628,
-16,110,-9.70957,
-14,110,-15.1382,
-12,110,-14.7839,
-10,110,-14.9563,
-8,110,-15.1321,
-6,110,-11.4907,
-4,110,-11.7392,
-2,110,-12.8502,
0,110,-14.5891,
2,110,-22.118,
4,110,-16.3065,
6,110,-11.1393,
8,110,-9.98208,
10,110,-11.2252,
12,110,-14.4372,
14,110,-20.7367,
16,110,-21.4624,
18,110,-13.6562,
20,110,-12.178,
22,110,-15.6902,
24,110,-16.547,
26,110,-17.106,
28,110,-15.4767,
30,110,-7.7309,
32,110,-7.84162,
34,110,-14.66,
36,110,-21.5987,
38,110,-12.4732,
40,110,-8.80623,
42,110,-10.6239,
44,110,-12.815,
46,110,-11.1741,
48,110,-10.6562,
50,110,-15.1902,
52,110,-25.3305,
54,110,-22.8361,
56,110,-13.4174,
58,110,-8.47491,
60,110,-8.93701,
62,110,-16.3084,
64,110,-22.2255,
66,110,-17.3875,
68,110,-14.5753,
70,110,-8.89549,
72,110,-7.41514,
74,110,-7.049,
76,110,-6.67167,
78,110,-9.10248,
80,110,-15.1869,
82,110,-13.36,
84,110,-7.9892,
86,110,-5.03704,
88,110,-4.35114,
90,110,-5.531,
92,110,-6.77434,
94,110,-5.4637,
96,110,-4.67406,
98,110,-7.33549,
100,110,-12.1862,
102,110,-8.2403,
104,110,-7.5931,
106,110,-10.7925,
108,110,-9.08367,
110,110,-4.77525,
112,110,-4.81755,
114,110,-9.25895,
116,110,-18.0616,
118,110,-14.8212,
120,110,-7.86548,
122,110,-8.21847,
124,110,-14.1232,
126,110,-21.0112,
128,110,-11.3061,
130,110,-10.2945,
132,110,-14.5657,
134,110,-19.5578,
136,110,-17.1786,
138,110,-15.0928,
140,110,-11.1533,
142,110,-10.3955,
144,110,-13.8788,
146,110,-13.1631,
148,110,-9.3296,
150,110,-9.84296,
152,110,-22.7686,
154,110,-11.5554,
156,110,-10.6744,
158,110,-16.3471,
160,110,-22.9061,
162,110,-17.3536,
164,110,-16.5773,
166,110,-23.3889,
168,110,-15.0202,
170,110,-14.4797,
172,110,-19.3042,
174,110,-15.8868,
176,110,-14.3816,
178,110,-17.9407,
180,110,-21.7061,
-180,112,-17.5843,
-178,112,-20.8506,
-176,112,-22.9608,
-174,112,-15.4494,
-172,112,-13.331,
-170,112,-11.8795,
-168,112,-10.8969,
-166,112,-11.5724,
-164,112,-9.93117,
-162,112,-8.73495,
-160,112,-12.5642,
-158,112,-32.603,
-156,112,-15.2201,
-154,112,-14.7258,
-152,112,-12.514,
-150,112,-8.54069,
-148,112,-9.37446,
-146,112,-18.1461,
-144,112,-18.5591,
-142,112,-18.0729,
-140,112,-17.8991,
-138,112,-15.4565,
-136,112,-17.1255,
-134,112,-17.1778,
-132,112,-14.117,
-130,112,-13.3301,
-128,112,-18.4674,
-126,112,-19.2922,
-124,112,-15.9202,
-122,112,-8.37942,
-120,112,-6.77273,
-118,112,-11.3346,
-116,112,-22.5961,
-114,112,-20.4425,
-112,112,-11.6324,
-110,112,-7.7945,
-108,112,-9.93245,
-106,112,-15.7007,
-104,112,-10.8491,
-102,112,-11.7289,
-100,112,-18.5404,
-98,112,-24.104,
-96,112,-18.0442,
-94,112,-7.24683,
-92,112,-3.70568,
-90,112,-3.78724,
-88,112,-5.74745,
-86,112,-6.91671,
-84,112,-9.78068,
-82,112,-17.6304,
-80,112,-9.3607,
-78,112,-7.99757,
-76,112,-9.98487,
-74,112,-13.0251,
-72,112,-9.29578,
-70,112,-4.10174,
-68,112,-5.03412,
-66,112,-10.8287,
-64,112,-15.7388,
-62,112,-14.5102,
-60,112,-6.18232,
-58,112,-6.07548,
-56,112,-9.94436,
-54,112,-12.6003,
-52,112,-9.99209,
-50,112,-9.9941,
-48,112,-18.0524,
-46,112,-18.6609,
-44,112,-14.0655,
-42,112,-10.3572,
-40,112,-6.26617,
-38,112,-6.99494,
-36,112,-14.5191,
-34,112,-16.6568,
-32,112,-12.6679,
-30,112,-13.2335,
-28,112,-19.8634,
-26,112,-10.7065,
-24,112,-9.54538,
-22,112,-11.9667,
-20,112,-12.9034,
-18,112,-12.2653,
-16,112,-12.4362,
-14,112,-17.9354,
-12,112,-14.2068,
-10,112,-12.8874,
-8,112,-14.6574,
-6,112,-13.1988,
-4,112,-12.6914,
-2,112,-11.9305,
0,112,-12.7283,
2,112,-21.4343,
4,112,-17.6464,
6,112,-10.6528,
8,112,-9.15218,
10,112,-9.89628,
12,112,-11.5741,
14,112,-14.2267,
16,112,-18.599,
18,112,-17.0877,
20,112,-15.1553,
22,112,-18.2401,
24,112,-18.1436,
26,112,-19.5504,
28,112,-17.3339,
30,112,-8.6616,
32,112,-8.47636,
34,112,-14.5755,
36,112,-21.0658,
38,112,-12.7834,
40,112,-9.42296,
42,112,-10.7441,
44,112,-12.4028,
46,112,-11.0833,
48,112,-10.6905,
50,112,-13.9182,
52,112,-20.7983,
54,112,-26.36,
56,112,-14.9169,
58,112,-10.1484,
60,112,-10.3882,
62,112,-16.3279,
64,112,-21.1672,
66,112,-19.9731,
68,112,-16.8494,
70,112,-10.0012,
72,112,-8.50122,
74,112,-8.46145,
76,112,-7.78163,
78,112,-9.95151,
80,112,-15.6347,
82,112,-12.449,
84,112,-7.99821,
86,112,-4.76913,
88,112,-3.48378,
90,112,-4.58138,
92,112,-6.99276,
94,112,-6.37953,
96,112,-5.6477,
98,112,-8.51919,
100,112,-11.828,
102,112,-9.42122,
104,112,-10.5149,
106,112,-14.6509,
108,112,-10.5606,
110,112,-6.53217,
112,112,-6.99693,
114,112,-10.9132,
116,112,-17.2056,
118,112,-14.7749,
120,112,-8.36975,
122,112,-8.96097,
124,112,-14.899,
126,112,-15.4942,
128,112,-9.84171,
130,112,-9.87078,
132,112,-13.9988,
134,112,-18.4147,
136,112,-17.116,
138,112,-15.0312,
140,112,-12.5423,
142,112,-13.0128,
144,112,-19.5469,
146,112,-16.6819,
148,112,-12.4974,
150,112,-12.1671,
152,112,-25.4896,
154,112,-11.8387,
156,112,-10.5301,
158,112,-16.1715,
160,112,-19.1775,
162,112,-17.9697,
164,112,-18.0746,
166,112,-19.1243,
168,112,-13.8789,
170,112,-12.76,
172,112,-15.7141,
174,112,-16.9065,
176,112,-16.1353,
178,112,-17.2182,
180,112,-17.5843,
-180,114,-14.455,
-178,114,-17.7378,
-176,114,-19.363,
-174,114,-14.4413,
-172,114,-13.9476,
-170,114,-13.0425,
-168,114,-10.7593,
-166,114,-9.67029,
-164,114,-8.34402,
-162,114,-8.63888,
-160,114,-14.3604,
-158,114,-20.9841,
-156,114,-12.1088,
-154,114,-11.6266,
-152,114,-11.4874,
-150,114,-9.31355,
-148,114,-10.605,
-146,114,-19.0655,
-144,114,-16.6437,
-142,114,-17.95,
-140,114,-22.969,
-138,114,-16.3783,
-136,114,-16.4166,
-134,114,-16.2809,
-132,114,-13.9204,
-130,114,-13.1547,
-128,114,-17.0466,
-126,114,-16.6462,
-124,114,-18.538,
-122,114,-11.374,
-120,114,-8.20415,
-118,114,-10.9464,
-116,114,-16.9053,
-114,114,-26.458,
-112,114,-15.122,
-110,114,-9.55688,
-108,114,-11.7393,
-106,114,-21.3053,
-104,114,-11.9446,
-102,114,-12.7986,
-100,114,-21.5442,
-98,114,-18.2136,
-96,114,-20.3575,
-94,114,-8.01975,
-92,114,-3.71664,
-90,114,-3.76874,
-88,114,-6.60851,
-86,114,-8.92209,
-84,114,-12.4462,
-82,114,-16.9409,
-80,114,-10.5658,
-78,114,-11.9312,
-76,114,-16.9562,
-74,114,-23.125,
-72,114,-10.9592,
-70,114,-5.73102,
-68,114,-7.43162,
-66,114,-11.6775,
-64,114,-14.069,
-62,114,-15.2704,
-60,114,-6.75902,
-58,114,-6.3513,
-56,114,-9.14257,
-54,114,-10.116,
-52,114,-8.51321,
-50,114,-9.43544,
-48,114,-17.316,
-46,114,-20.8607,
-44,114,-15.5181,
-42,114,-11.6021,
-40,114,-7.54707,
-38,114,-8.72754,
-36,114,-17.5187,
-34,114,-14.642,
-32,114,-13.4062,
-30,114,-13.8399,
-28,114,-18.4609,
-26,114,-12.3184,
-24,114,-10.3063,
-22,114,-12.2564,
-20,114,-12.3544,
-18,114,-13.1259,
-16,114,-15.8618,
-14,114,-21.0019,
-12,114,-12.8425,
-10,114,-10.8346,
-8,114,-13.3211,
-6,114,-15.5544,
-4,114,-14.1121,
-2,114,-11.9297,
0,114,-12.1268,
2,114,-18.28,
4,114,-18.6076,
6,114,-11.0517,
8,114,-9.13448,
10,114,-9.43529,
12,114,-10.2132,
14,114,-11.1444,
16,114,-13.611,
18,114,-18.497,
20,114,-19.4472,
22,114,-17.8468,
24,114,-15.8803,
26,114,-17.8641,
28,114,-20.7976,
30,114,-10.5517,
32,114,-9.97107,
34,114,-15.5307,
36,114,-22.0655,
38,114,-14.6731,
40,114,-11.1085,
42,114,-11.7452,
44,114,-12.8695,
46,114,-11.9784,
48,114,-11.7043,
50,114,-13.3445,
52,114,-16.6318,
54,114,-25.2717,
56,114,-17.2801,
58,114,-12.6762,
60,114,-12.612,
62,114,-16.0259,
64,114,-17.116,
66,114,-17.6038,
68,114,-16.3774,
70,114,-11.0194,
72,114,-10.1039,
74,114,-10.8715,
76,114,-9.61491,
78,114,-11.1369,
80,114,-15.3399,
82,114,-11.772,
84,114,-8.55725,
86,114,-5.16777,
88,114,-3.17347,
90,114,-3.89048,
92,114,-6.99239,
94,114,-7.93362,
96,114,-7.57735,
98,114,-10.4212,
100,114,-11.6889,
102,114,-10.9077,
104,114,-14.5258,
106,114,-18.6715,
108,114,-12.4035,
110,114,-9.21974,
112,114,-10.0175,
114,114,-11.8604,
116,114,-15.4377,
118,114,-15.7347,
120,114,-9.70303,
122,114,-10.423,
124,114,-14.8057,
126,114,-12.1695,
128,114,-8.75864,
130,114,-9.76842,
132,114,-14.2274,
134,114,-18.0292,
136,114,-16.5891,
138,114,-14.8247,
140,114,-14.4021,
142,114,-17.4659,
144,114,-25.996,
146,114,-16.1121,
148,114,-16.3422,
150,114,-15.1238,
152,114,-27.9293,
154,114,-13.4414,
156,114,-11.3581,
158,114,-17.5347,
160,114,-15.9454,
162,114,-13.3111,
164,114,-14.4172,
166,114,-16.2866,
168,114,-12.7547,
170,114,-10.8281,
172,114,-12.5329,
174,114,-16.8765,
176,114,-18.2907,
178,114,-15.4632,
180,114,-14.455,
-180,116,-13.4777,
-178,116,-16.6438,
-176,116,-17.9403,
-174,116,-14.6473,
-172,116,-15.8177,
-170,116,-15.9711,
-168,116,-11.9094,
-166,116,-9.17998,
-164,116,-7.59048,
-162,116,-8.74122,
-160,116,-16.2548,
-158,116,-15.8895,
-156,116,-9.7913,
-154,116,-9.32792,
-152,116,-10.4569,
-150,116,-10.5607,
-148,116,-12.7119,
-146,116,-18.5761,
-144,116,-14.2303,
-142,116,-16.1185,
-140,116,-31.3006,
-138,116,-17.9745,
-136,116,-17.1096,
-134,116,-16.9004,
-132,116,-14.9648,
-130,116,-13.9432,
-128,116,-15.831,
-126,116,-13.4618,
-124,116,-15.6952,
-122,116,-16.846,
-120,116,-10.5817,
-118,116,-11.0498,
-116,116,-13.5681,
-114,116,-17.8641,
-112,116,-19.3387,
-110,116,-11.985,
-108,116,-13.6946,
-106,116,-28.8161,
-104,116,-13.4714,
-102,116,-14.1975,
-100,116,-21.8411,
-98,116,-15.7473,
-96,116,-19.075,
-94,116,-9.60183,
-92,116,-4.77745,
-90,116,-4.81733,
-88,116,-8.41236,
-86,116,-12.4753,
-84,116,-17.7177,
-82,116,-16.989,
-80,116,-12.7926,
-78,116,-17.4639,
-76,116,-17.3021,
-74,116,-18.4638,
-72,116,-11.9385,
-70,116,-7.98194,
-68,116,-10.7243,
-66,116,-10.8217,
-64,116,-11.6217,
-62,116,-16.5214,
-60,116,-8.23993,
-58,116,-7.4453,
-56,116,-9.24163,
-54,116,-9.34009,
-52,116,-8.29012,
-50,116,-9.78479,
-48,116,-17.2431,
-46,116,-19.5595,
-44,116,-16.8421,
-42,116,-14.1804,
-40,116,-9.57253,
-38,116,-10.8384,
-36,116,-16.4816,
-34,116,-12.1861,
-32,116,-13.3805,
-30,116,-13.6803,
-28,116,-15.7412,
-26,116,-15.3825,
-24,116,-12.097,
-22,116,-13.5425,
-20,116,-12.8262,
-18,116,-13.5056,
-16,116,-18.5618,
-14,116,-17.1325,
-12,116,-10.7775,
-10,116,-9.27009,
-8,116,-12.037,
-6,116,-17.9147,
-4,116,-16.2168,
-2,116,-13.2893,
0,116,-13.1862,
2,116,-17.4169,
4,116,-19.6797,
6,116,-12.6486,
8,116,-10.216,
10,116,-10.0488,
12,116,-10.1672,
14,116,-9.96467,
16,116,-11.1987,
18,116,-16.4662,
20,116,-22.0753,
22,116,-15.3368,
24,116,-12.9333,
26,116,-13.9693,
28,116,-19.6009,
30,116,-13.6952,
32,116,-12.525,
34,116,-16.594,
36,116,-20.8594,
38,116,-19.0027,
40,116,-14.4157,
42,116,-13.6745,
44,116,-14.3529,
46,116,-14.341,
48,116,-14.087,
50,116,-12.945,
52,116,-13.3637,
54,116,-18.6256,
56,116,-18.2785,
58,116,-15.4302,
60,116,-15.5309,
62,116,-15.8955,
64,116,-14.7537,
66,116,-14.5291,
68,116,-13.9066,
70,116,-11.4479,
72,116,-12.0121,
74,116,-15.1644,
76,116,-12.4477,
78,116,-12.5475,
80,116,-15.2071,
82,116,-12.0168,
84,116,-9.88975,
86,116,-6.50968,
88,116,-3.85341,
90,116,-4.12751,
92,116,-7.33618,
94,116,-10.1695,
96,116,-10.8379,
98,116,-12.8305,
100,116,-11.8858,
102,116,-12.6295,
104,116,-17.8491,
106,116,-17.5884,
108,116,-14.2451,
110,116,-13.1332,
112,116,-13.1564,
114,116,-11.4374,
116,116,-13.674,
118,116,-16.8859,
120,116,-11.9158,
122,116,-12.6436,
124,116,-14.3793,
126,116,-10.6736,
128,116,-8.41558,
130,116,-10.2238,
132,116,-15.2974,
134,116,-18.7087,
136,116,-16.3944,
138,116,-14.3617,
140,116,-15.2986,
142,116,-20.0108,
144,116,-16.6726,
146,116,-12.4806,
148,116,-17.1311,
150,116,-18.1853,
152,116,-23.9933,
154,116,-17.0665,
156,116,-12.9813,
158,116,-20.2784,
160,116,-14.9896,
162,116,-10.9086,
164,116,-11.8932,
166,116,-14.4939,
168,116,-11.4675,
170,116,-9.06735,
172,116,-10.1804,
174,116,-15.308,
176,116,-19.9351,
178,116,-14.6482,
180,116,-13.4777,
-180,118,-14.5426,
-178,118,-18.1745,
-176,118,-19.0282,
-174,118,-16.2019,
-172,118,-18.2293,
-170,118,-20.6541,
-168,118,-14.6768,
-166,118,-10.041,
-164,118,-7.9855,
-162,118,-9.7475,
-160,118,-19.7573,
-158,118,-13.6516,
-156,118,-8.5921,
-154,118,-7.99052,
-152,118,-9.47003,
-150,118,-11.6786,
-148,118,-15.0535,
-146,118,-15.7556,
-144,118,-11.993,
-142,118,-13.7304,
-140,118,-22.3966,
-138,118,-20.0149,
-136,118,-19.0161,
-134,118,-18.3084,
-132,118,-16.9058,
-130,118,-15.1823,
-128,118,-14.4253,
-126,118,-10.986,
-124,118,-11.6446,
-122,118,-20.9167,
-120,118,-14.4149,
-118,118,-11.8391,
-116,118,-11.7957,
-114,118,-13.3574,
-112,118,-17.8398,
-110,118,-14.5539,
-108,118,-15.2298,
-106,118,-29.9186,
-104,118,-16.1204,
-102,118,-15.6725,
-100,118,-19.8594,
-98,118,-15.8425,
-96,118,-18.2985,
-94,118,-12.0286,
-92,118,-7.15041,
-90,118,-7.33612,
-88,118,-11.7613,
-86,118,-18.8215,
-84,118,-25.2276,
-82,118,-17.0618,
-80,118,-16.4826,
-78,118,-16.8941,
-76,118,-11.8863,
-74,118,-12.9127,
-72,118,-11.8401,
-70,118,-10.825,
-68,118,-14.703,
-66,118,-9.50599,
-64,118,-9.88152,
-62,118,-16.0287,
-60,118,-10.109,
-58,118,-8.76745,
-56,118,-9.4984,
-54,118,-9.37818,
-52,118,-8.97265,
-50,118,-10.8467,
-48,118,-16.0317,
-46,118,-15.3442,
-44,118,-15.8006,
-42,118,-18.2229,
-40,118,-12.2631,
-38,118,-12.6236,
-36,118,-13.9985,
-34,118,-10.9008,
-32,118,-13.725,
-30,118,-13.1881,
-28,118,-12.6052,
-26,118,-17.7021,
-24,118,-14.6905,
-22,118,-15.8232,
-20,118,-15.1351,
-18,118,-14.2632,
-16,118,-16.548,
-14,118,-12.8821,
-12,118,-9.1809,
-10,118,-8.5542,
-8,118,-11.4557,
-6,118,-18.7262,
-4,118,-19.2719,
-2,118,-16.7067,
0,118,-16.5532,
2,118,-18.74,
4,118,-21.7238,
6,118,-16.153,
8,118,-12.8215,
10,118,-12.0348,
12,118,-11.5699,
14,118,-10.2925,
16,118,-10.6197,
18,118,-15.4082,
20,118,-20.7123,
22,118,-13.5784,
24,118,-11.1692,
26,118,-11.2299,
28,118,-14.3822,
30,118,-16.0858,
32,118,-14.9544,
34,118,-15.1303,
36,118,-16.0009,
38,118,-21.2142,
40,118,-18.8105,
42,118,-15.472,
44,118,-16.2372,
46,118,-18.9757,
48,118,-18.4826,
50,118,-12.3581,
52,118,-11.0169,
54,118,-14.4479,
56,118,-15.9982,
58,118,-15.6041,
60,118,-17.7027,
62,118,-16.3481,
64,118,-13.7179,
66,118,-12.3911,
68,118,-11.5624,
70,118,-10.947,
72,118,-13.0907,
74,118,-22.6616,
76,118,-15.9409,
78,118,-13.8797,
80,118,-16.2585,
82,118,-13.8121,
84,118,-12.2236,
86,118,-9.22295,
88,118,-6.00261,
90,118,-5.76459,
92,118,-8.61505,
94,118,-12.8692,
96,118,-15.225,
98,118,-14.2591,
100,118,-12.5272,
102,118,-14.4487,
104,118,-16.5752,
106,118,-14.9507,
108,118,-15.7445,
110,118,-18.8454,
112,118,-14.6288,
114,118,-10.9717,
116,118,-12.97,
118,118,-17.1212,
120,118,-14.3436,
122,118,-14.4798,
124,118,-13.6463,
126,118,-10.4428,
128,118,-8.97256,
130,118,-11.4015,
132,118,-16.7461,
134,118,-19.8822,
136,118,-17.0281,
138,118,-14.0751,
140,118,-14.6148,
142,118,-16.726,
144,118,-13.0788,
146,118,-10.4095,
148,118,-15.4579,
150,118,-19.9394,
152,118,-18.144,
154,118,-21.2659,
156,118,-13.8531,
158,118,-18.2083,
160,118,-15.7019,
162,118,-10.3023,
164,118,-10.6784,
166,118,-13.0569,
168,118,-10.3585,
170,118,-7.98421,
172,118,-8.88252,
174,118,-13.6536,
176,118,-19.7106,
178,118,-15.2561,
180,118,-14.5426,
-180,120,-17.6711,
-178,120,-22.9754,
-176,120,-22.0905,
-174,120,-16.9579,
-172,120,-15.4212,
-170,120,-16.8251,
-168,120,-18.4554,
-166,120,-12.5285,
-164,120,-9.87669,
-162,120,-12.3006,
-160,120,-22.0319,
-158,120,-12.5979,
-156,120,-8.72622,
-154,120,-7.92912,
-152,120,-9.07961,
-150,120,-12.0342,
-148,120,-15.4112,
-146,120,-13.138,
-144,120,-10.4506,
-142,120,-11.8821,
-140,120,-16.9546,
-138,120,-19.5694,
-136,120,-19.2732,
-134,120,-17.5392,
-132,120,-17.5172,
-130,120,-15.8693,
-128,120,-13.5677,
-126,120,-9.81984,
-124,120,-9.42602,
-122,120,-15.3977,
-120,120,-21.1695,
-118,120,-13.5896,
-116,120,-11.2213,
-114,120,-11.1931,
-112,120,-14.4015,
-110,120,-15.9262,
-108,120,-15.9389,
-106,120,-25.0043,
-104,120,-20.8862,
-102,120,-16.6847,
-100,120,-18.1715,
-98,120,-18.2129,
-96,120,-18.3429,
-94,120,-13.9289,
-92,120,-10.5788,
-90,120,-11.4322,
-88,120,-16.4667,
-86,120,-20.95,
-84,120,-17.6718,
-82,120,-16.3262,
-80,120,-19.8507,
-78,120,-13.2685,
-76,120,-10.0644,
-74,120,-11.6321,
-72,120,-11.7908,
-70,120,-14.0301,
-68,120,-17.2733,
-66,120,-8.82199,
-64,120,-9.2675,
-62,120,-14.8472,
-60,120,-11.4719,
-58,120,-9.55496,
-56,120,-9.49443,
-54,120,-9.76895,
-52,120,-10.1702,
-50,120,-11.9147,
-48,120,-13.5043,
-46,120,-11.9905,
-44,120,-13.1393,
-42,120,-19.5355,
-40,120,-14.7168,
-38,120,-13.2759,
-36,120,-12.7283,
-34,120,-10.765,
-32,120,-15.0768,
-30,120,-12.9818,
-28,120,-10.4593,
-26,120,-15.5726,
-24,120,-16.3168,
-22,120,-16.781,
-20,120,-19.9975,
-18,120,-14.9868,
-16,120,-13.5451,
-14,120,-10.9403,
-12,120,-8.83752,
-10,120,-8.94318,
-8,120,-11.7262,
-6,120,-17.7757,
-4,120,-22.6983,
-2,120,-23.0572,
0,120,-22.0764,
2,120,-21.0162,
4,120,-25.2556,
6,120,-22.8029,
8,120,-16.6611,
10,120,-15.3672,
12,120,-14.9785,
14,120,-12.1793,
16,120,-11.6254,
18,120,-16.2802,
20,120,-18.4128,
22,120,-12.81,
24,120,-10.8547,
26,120,-10.092,
28,120,-11.3371,
30,120,-13.9562,
32,120,-14.0546,
34,120,-12.4401,
36,120,-12.3817,
38,120,-15.5198,
40,120,-16.7324,
42,120,-14.7686,
44,120,-16.3922,
46,120,-22.0196,
48,120,-21.3893,
50,120,-11.622,
52,120,-9.59954,
54,120,-12.232,
56,120,-13.8213,
58,120,-13.6262,
60,120,-16.8472,
62,120,-17.1586,
64,120,-13.3626,
66,120,-10.9487,
68,120,-9.8717,
70,120,-9.99428,
72,120,-12.433,
74,120,-19.7198,
76,120,-17.3473,
78,120,-14.9743,
80,120,-19.1674,
82,120,-18.2465,
84,120,-15.3538,
86,120,-13.5643,
88,120,-10.2587,
90,120,-9.31911,
92,120,-11.357,
94,120,-15.258,
96,120,-16.0006,
98,120,-13.6065,
100,120,-13.7343,
102,120,-16.0584,
104,120,-14.5705,
106,120,-13.8092,
108,120,-17.1172,
110,120,-27.3376,
112,120,-15.1768,
114,120,-11.8745,
116,120,-14.1866,
118,120,-17.2713,
120,120,-15.3323,
122,120,-13.7216,
124,120,-12.2321,
126,120,-10.8048,
128,120,-10.2893,
130,120,-12.9797,
132,120,-16.539,
134,120,-19.5227,
136,120,-19.4666,
138,120,-14.8766,
140,120,-14.2479,
142,120,-15.0861,
144,120,-12.4603,
146,120,-10.0858,
148,120,-14.804,
150,120,-19.4934,
152,120,-14.3808,
154,120,-16.9798,
156,120,-12.0173,
158,120,-12.4423,
160,120,-14.9713,
162,120,-10.7278,
164,120,-10.1888,
166,120,-12.0105,
168,120,-10.1321,
170,120,-8.06736,
172,120,-8.89272,
174,120,-13.0011,
176,120,-18.2615,
178,120,-17.054,
180,120,-17.6711,
-180,122,-20.7474,
-178,122,-21.3521,
-176,122,-17.7801,
-174,122,-13.3164,
-172,122,-11.028,
-170,122,-11.8775,
-168,122,-16.7431,
-166,122,-16.9294,
-164,122,-14.1568,
-162,122,-15.3866,
-160,122,-13.2642,
-158,122,-10.6527,
-156,122,-10.2156,
-154,122,-9.82242,
-152,122,-10.1994,
-150,122,-12.7742,
-148,122,-15.0887,
-146,122,-12.1877,
-144,122,-10.0739,
-142,122,-11.1542,
-140,122,-14.4137,
-138,122,-16.9086,
-136,122,-16.3938,
-134,122,-14.6736,
-132,122,-15.5188,
-130,122,-15.5908,
-128,122,-14.0645,
-126,122,-10.3607,
-124,122,-9.02864,
-122,122,-12.6025,
-120,122,-26.1064,
-118,122,-16.3613,
-116,122,-11.717,
-114,122,-10.673,
-112,122,-13.1482,
-110,122,-16.7235,
-108,122,-16.0578,
-106,122,-19.1868,
-104,122,-22.985,
-102,122,-17.0949,
-100,122,-17.5081,
-98,122,-22.976,
-96,122,-17.581,
-94,122,-12.8023,
-92,122,-11.6558,
-90,122,-13.327,
-88,122,-16.3118,
-86,122,-15.8852,
-84,122,-14.0481,
-82,122,-15.4283,
-80,122,-17.2572,
-78,122,-11.6278,
-76,122,-10.74,
-74,122,-13.4044,
-72,122,-12.8449,
-70,122,-17.2701,
-68,122,-16.0748,
-66,122,-8.80133,
-64,122,-9.60899,
-62,122,-14.7492,
-60,122,-12.7352,
-58,122,-10.5608,
-56,122,-10.3192,
-54,122,-11.2267,
-52,122,-12.1711,
-50,122,-12.9144,
-48,122,-12.0797,
-46,122,-10.5245,
-44,122,-11.6428,
-42,122,-17.343,
-40,122,-15.4458,
-38,122,-12.9377,
-36,122,-12.334,
-34,122,-11.2293,
-32,122,-17.0183,
-30,122,-14.0333,
-28,122,-9.85615,
-26,122,-13.6296,
-24,122,-15.0367,
-22,122,-13.6863,
-20,122,-18.3392,
-18,122,-14.56,
-16,122,-12.1435,
-14,122,-11.2859,
-12,122,-10.3476,
-10,122,-10.5855,
-8,122,-12.4823,
-6,122,-16.449,
-4,122,-22.537,
-2,122,-21.097,
0,122,-18.5056,
2,122,-19.7362,
4,122,-26.1433,
6,122,-21.0872,
8,122,-16.0173,
10,122,-16.6176,
12,122,-22.0305,
14,122,-16.0196,
16,122,-14.1674,
18,122,-17.2471,
20,122,-14.2185,
22,122,-11.8247,
24,122,-11.9743,
26,122,-10.8106,
28,122,-10.5149,
30,122,-12.106,
32,122,-12.5286,
34,122,-11.0903,
36,122,-10.7764,
38,122,-12.4128,
40,122,-13.1483,
42,122,-12.9686,
44,122,-14.8534,
46,122,-16.5043,
48,122,-15.9395,
50,122,-10.7666,
52,122,-8.90436,
54,122,-11.3092,
56,122,-13.0472,
58,122,-12.3632,
60,122,-15.251,
62,122,-17.7348,
64,122,-13.2411,
66,122,-10.1078,
68,122,-8.97262,
70,122,-9.43307,
72,122,-11.6194,
74,122,-15.6662,
76,122,-16.4544,
78,122,-15.6289,
80,122,-20.5197,
82,122,-25.8606,
84,122,-17.0148,
86,122,-14.8815,
88,122,-13.6892,
90,122,-13.4744,
92,122,-15.4988,
94,122,-16.7376,
96,122,-13.8432,
98,122,-12.9763,
100,122,-15.7121,
102,122,-16.7997,
104,122,-13.6911,
106,122,-14.0376,
108,122,-18.8272,
110,122,-27.4155,
112,122,-16.8749,
114,122,-15.2462,
116,122,-18.3779,
118,122,-18.246,
120,122,-15.543,
122,122,-12.2121,
124,122,-10.6726,
126,122,-10.7976,
128,122,-11.4918,
130,122,-13.4681,
132,122,-14.1223,
134,122,-16.8261,
136,122,-25.6528,
138,122,-17.3483,
140,122,-14.726,
142,122,-14.9024,
144,122,-13.8917,
146,122,-11.2111,
148,122,-15.1868,
150,122,-18.8222,
152,122,-12.6529,
154,122,-13.3501,
156,122,-9.5903,
158,122,-8.51265,
160,122,-11.3405,
162,122,-11.1806,
164,122,-10.1594,
166,122,-11.8784,
168,122,-11.6692,
170,122,-9.9667,
172,122,-10.6314,
174,122,-13.7183,
176,122,-17.0422,
178,122,-18.721,
180,122,-20.7474,
-180,124,-21.7431,
-178,124,-16.6232,
-176,124,-12.4964,
-174,124,-9.71231,
-172,124,-8.62949,
-170,124,-9.7331,
-168,124,-12.8709,
-166,124,-16.9746,
-164,124,-25.6383,
-162,124,-13.5777,
-160,124,-8.1861,
-158,124,-7.72236,
-156,124,-11.309,
-154,124,-15.1249,
-152,124,-14.0397,
-150,124,-15.7341,
-148,124,-16.9096,
-146,124,-13.364,
-144,124,-11.3141,
-142,124,-11.9272,
-140,124,-13.9134,
-138,124,-15.4782,
-136,124,-14.2887,
-134,124,-12.6521,
-132,124,-13.5501,
-130,124,-14.6456,
-128,124,-15.8128,
-126,124,-13.3695,
-124,124,-10.5114,
-122,124,-11.9367,
-120,124,-17.9374,
-118,124,-17.8283,
-116,124,-13.1657,
-114,124,-11.7897,
-112,124,-14.3012,
-110,124,-18.5788,
-108,124,-15.1106,
-106,124,-14.6622,
-104,124,-17.4708,
-102,124,-17.5689,
-100,124,-18.4839,
-98,124,-26.956,
-96,124,-15.8421,
-94,124,-10.9109,
-92,124,-9.91094,
-90,124,-11.4695,
-88,124,-14.2181,
-86,124,-14.1695,
-84,124,-13.419,
-82,124,-15.7773,
-80,124,-14.8069,
-78,124,-11.4933,
-76,124,-13.523,
-74,124,-18.5637,
-72,124,-14.9005,
-70,124,-20.7235,
-68,124,-14.3442,
-66,124,-9.14462,
-64,124,-10.3069,
-62,124,-14.9394,
-60,124,-15.0288,
-58,124,-13.6688,
-56,124,-14.0809,
-54,124,-15.982,
-52,124,-15.7135,
-50,124,-14.1819,
-48,124,-12.5499,
-46,124,-11.1906,
-44,124,-12.1723,
-42,124,-16.9835,
-40,124,-14.7991,
-38,124,-11.9952,
-36,124,-11.7864,
-34,124,-11.1733,
-32,124,-16.2215,
-30,124,-18.1402,
-28,124,-11.1649,
-26,124,-13.5802,
-24,124,-13.2777,
-22,124,-10.7816,
-20,124,-13.4403,
-18,124,-13.9585,
-16,124,-12.5886,
-14,124,-14.5857,
-12,124,-14.8851,
-10,124,-12.9065,
-8,124,-12.872,
-6,124,-15.5519,
-4,124,-19.5133,
-2,124,-16.5457,
0,124,-14.977,
2,124,-17.644,
4,124,-22.7722,
6,124,-16.2852,
8,124,-13.1083,
10,124,-14.5711,
12,124,-24.9141,
14,124,-21.3163,
16,124,-18.0457,
18,124,-15.2781,
20,124,-10.3599,
22,124,-9.79599,
24,124,-13.3913,
26,124,-13.8708,
28,124,-11.7148,
30,124,-12.342,
32,124,-12.9281,
34,124,-11.8372,
36,124,-11.2529,
38,124,-11.7661,
40,124,-11.6945,
42,124,-12.203,
44,124,-14.1299,
46,124,-13.2148,
48,124,-12.0383,
50,124,-9.68627,
52,124,-8.43757,
54,124,-10.8324,
56,124,-13.3849,
58,124,-12.4599,
60,124,-14.9479,
62,124,-18.2857,
64,124,-13.3234,
66,124,-9.97346,
68,124,-9.02645,
70,124,-9.94074,
72,124,-12.3038,
74,124,-15.3095,
76,124,-15.8767,
78,124,-14.9119,
80,124,-16.4077,
82,124,-20.3862,
84,124,-16.0873,
86,124,-11.7366,
88,124,-10.2862,
90,124,-11.583,
92,124,-16.397,
94,124,-17.6726,
96,124,-13.5248,
98,124,-13.9884,
100,124,-18.6826,
102,124,-16.3401,
104,124,-13.578,
106,124,-14.9443,
108,124,-19.6375,
110,124,-22.0256,
112,124,-20.1397,
114,124,-21.6881,
116,124,-18.2597,
118,124,-16.3046,
120,124,-16.4829,
122,124,-11.9791,
124,124,-9.84829,
126,124,-10.2895,
128,124,-11.6072,
130,124,-12.5125,
132,124,-12.0456,
134,124,-14.3251,
136,124,-24.2417,
138,124,-19.2387,
140,124,-14.4368,
142,124,-13.8363,
144,124,-15.6396,
146,124,-13.2233,
148,124,-15.6806,
150,124,-20.1795,
152,124,-13.0173,
154,124,-12.3933,
156,124,-8.42903,
158,124,-6.54941,
160,124,-8.73974,
162,124,-11.4663,
164,124,-10.8217,
166,124,-12.8696,
168,124,-16.4401,
170,124,-14.8457,
172,124,-14.5394,
174,124,-15.7574,
176,124,-16.8123,
178,124,-19.636,
180,124,-21.7431,
-180,126,-27.8052,
-178,126,-15.9366,
-176,126,-10.0625,
-174,126,-7.97723,
-172,126,-8.3902,
-170,126,-10.1665,
-168,126,-10.6944,
-166,126,-12.0277,
-164,126,-20.7039,
-162,126,-11.1463,
-160,126,-5.98477,
-158,126,-5.78141,
-156,126,-9.64228,
-154,126,-16.3858,
-152,126,-15.9421,
-150,126,-15.8895,
-148,126,-15.8768,
-146,126,-14.4289,
-144,126,-13.3884,
-142,126,-13.6119,
-140,126,-14.6296,
-138,126,-15.7552,
-136,126,-13.9049,
-134,126,-12.052,
-132,126,-12.5631,
-130,126,-13.1015,
-128,126,-15.3862,
-126,126,-21.1015,
-124,126,-14.2553,
-122,126,-12.4531,
-120,126,-14.1713,
-118,126,-15.7462,
-116,126,-15.0196,
-114,126,-14.7378,
-112,126,-17.9574,
-110,126,-18.6932,
-108,126,-13.2172,
-106,126,-12.0513,
-104,126,-14.4251,
-102,126,-18.5365,
-100,126,-21.9744,
-98,126,-23.2449,
-96,126,-14.3077,
-94,126,-10.1886,
-92,126,-9.48305,
-90,126,-11.5752,
-88,126,-14.8554,
-86,126,-14.2209,
-84,126,-14.4882,
-82,126,-18.5487,
-80,126,-14.8493,
-78,126,-12.5687,
-76,126,-16.2136,
-74,126,-17.7,
-72,126,-15.501,
-70,126,-22.9759,
-68,126,-13.758,
-66,126,-9.88963,
-64,126,-10.9986,
-62,126,-14.0661,
-60,126,-16.4355,
-58,126,-19.9469,
-56,126,-24.9495,
-54,126,-19.1555,
-52,126,-13.8903,
-50,126,-12.631,
-48,126,-13.6244,
-46,126,-14.1745,
-44,126,-14.8922,
-42,126,-17.976,
-40,126,-13.7035,
-38,126,-10.8067,
-36,126,-10.6993,
-34,126,-10.1157,
-32,126,-12.5482,
-30,126,-26.4098,
-28,126,-15.2318,
-26,126,-15.5182,
-24,126,-13.0037,
-22,126,-9.80242,
-20,126,-11.7403,
-18,126,-15.1243,
-16,126,-14.7259,
-14,126,-20.5986,
-12,126,-21.0042,
-10,126,-13.5423,
-8,126,-12.8972,
-6,126,-15.3691,
-4,126,-16.3356,
-2,126,-14.3567,
0,126,-14.5253,
2,126,-18.4638,
4,126,-21.5767,
6,126,-15.2048,
8,126,-12.8722,
10,126,-14.4383,
12,126,-18.4239,
14,126,-18.5636,
16,126,-22.1271,
18,126,-13.7356,
20,126,-8.41066,
22,126,-8.20061,
24,126,-12.8659,
26,126,-17.2271,
28,126,-13.2376,
30,126,-12.9976,
32,126,-14.096,
34,126,-14.3264,
36,126,-13.6085,
38,126,-12.5838,
40,126,-11.5022,
42,126,-12.5944,
44,126,-15.5446,
46,126,-12.4443,
48,126,-10.2478,
50,126,-8.65151,
52,126,-7.7763,
54,126,-9.87214,
56,126,-13.5169,
58,126,-13.6643,
60,126,-16.2347,
62,126,-19.2343,
64,126,-13.704,
66,126,-10.6769,
68,126,-10.2736,
70,126,-12.2016,
72,126,-15.8157,
74,126,-17.1647,
76,126,-14.8784,
78,126,-13.2676,
80,126,-13.8149,
82,126,-17.0873,
84,126,-15.6412,
86,126,-10.5925,
88,126,-8.66663,
90,126,-9.74601,
92,126,-14.0094,
94,126,-17.2658,
96,126,-15.3968,
98,126,-17.5919,
100,126,-20.9913,
102,126,-15.4594,
104,126,-13.7762,
106,126,-15.1234,
108,126,-16.9503,
110,126,-18.1526,
112,126,-23.1042,
114,126,-18.26,
116,126,-12.1669,
118,126,-11.8892,
120,126,-15.9975,
122,126,-13.1623,
124,126,-10.0857,
126,126,-10.1415,
128,126,-11.5223,
130,126,-12.1363,
132,126,-11.5897,
134,126,-13.6377,
136,126,-19.865,
138,126,-17.9744,
140,126,-13.3995,
142,126,-12.1637,
144,126,-15.1848,
146,126,-15.1474,
148,126,-15.3806,
150,126,-23.1741,
152,126,-16.1753,
154,126,-14.5144,
156,126,-9.41622,
158,126,-6.66339,
160,126,-8.41655,
162,126,-13.1129,
164,126,-12.3547,
166,126,-13.2272,
168,126,-18.4163,
170,126,-17.4604,
172,126,-16.7766,
174,126,-18.3622,
176,126,-17.2378,
178,126,-18.4202,
180,126,-27.8052,
-180,128,-16.5097,
-178,128,-19.1726,
-176,128,-10.3302,
-174,128,-8.291,
-172,128,-10.6333,
-170,128,-13.9978,
-168,128,-9.85646,
-166,128,-9.24384,
-164,128,-14.3933,
-162,128,-11.1927,
-160,128,-6.20671,
-158,128,-5.81549,
-156,128,-8.31991,
-154,128,-10.5679,
-152,128,-10.6227,
-150,128,-10.6586,
-148,128,-10.6684,
-146,128,-11.1048,
-144,128,-11.9848,
-142,128,-12.8536,
-140,128,-14.1913,
-138,128,-16.2785,
-136,128,-14.5955,
-134,128,-12.5176,
-132,128,-12.4103,
-130,128,-11.6325,
-128,128,-12.3982,
-126,128,-20.0977,
-124,128,-20.687,
-122,128,-13.7813,
-120,128,-13.0826,
-118,128,-14.2682,
-116,128,-16.213,
-114,128,-18.7258,
-112,128,-20.4912,
-110,128,-15.9933,
-108,128,-12.1855,
-106,128,-11.5064,
-104,128,-13.8553,
-102,128,-18.9789,
-100,128,-22.1668,
-98,128,-17.9559,
-96,128,-13.0434,
-94,128,-10.6259,
-92,128,-11.2353,
-90,128,-15.408,
-88,128,-17.0213,
-86,128,-13.4443,
-84,128,-14.561,
-82,128,-22.3595,
-80,128,-17.6925,
-78,128,-14.8787,
-76,128,-15.1797,
-74,128,-13.5718,
-72,128,-14.7586,
-70,128,-21.5292,
-68,128,-14.1911,
-66,128,-11.4932,
-64,128,-12.3638,
-62,128,-13.4832,
-60,128,-14.851,
-58,128,-16.9917,
-56,128,-15.3631,
-54,128,-11.5883,
-52,128,-9.3278,
-50,128,-9.57749,
-48,128,-12.9509,
-46,128,-18.3035,
-44,128,-17.5204,
-42,128,-17.2878,
-40,128,-13.0126,
-38,128,-10.166,
-36,128,-10.022,
-34,128,-9.24746,
-32,128,-9.8148,
-30,128,-16.2144,
-28,128,-25.3677,
-26,128,-20.2476,
-24,128,-15.4606,
-22,128,-11.1829,
-20,128,-12.7864,
-18,128,-19.9125,
-16,128,-16.3611,
-14,128,-15.4245,
-12,128,-15.0247,
-10,128,-13.1457,
-8,128,-13.9656,
-6,128,-15.2394,
-4,128,-12.8333,
-2,128,-11.8958,
0,128,-14.2249,
2,128,-21.4961,
4,128,-24.0876,
6,128,-17.672,
8,128,-16.9495,
10,128,-18.105,
12,128,-14.942,
14,128,-13.8987,
16,128,-21.086,
18,128,-15.1308,
20,128,-8.83998,
22,128,-8.53492,
24,128,-12.36,
26,128,-14.0806,
28,128,-11.5266,
30,128,-11.128,
32,128,-12.1652,
34,128,-14.0492,
36,128,-14.5915,
38,128,-12.5967,
40,128,-11.0478,
42,128,-12.7357,
44,128,-19.6894,
46,128,-13.9498,
48,128,-10.1774,
50,128,-8.25067,
52,128,-7.21987,
54,128,-8.7257,
56,128,-12.586,
58,128,-15.0381,
60,128,-18.383,
62,128,-19.5362,
64,128,-14.2921,
66,128,-12.3143,
68,128,-13.0731,
70,128,-17.2289,
72,128,-22.7223,
74,128,-16.5415,
76,128,-13.3134,
78,128,-12.5102,
80,128,-13.6248,
82,128,-16.7332,
84,128,-16.5171,
86,128,-12.2028,
88,128,-10.2327,
90,128,-10.7127,
92,128,-12.8954,
94,128,-15.1835,
96,128,-17.9328,
98,128,-24.0133,
100,128,-19.1748,
102,128,-15.0082,
104,128,-14.2522,
106,128,-14.2517,
108,128,-13.678,
110,128,-15.0171,
112,128,-23.7307,
114,128,-14.7453,
116,128,-9.2377,
118,128,-9.08286,
120,128,-13.3425,
122,128,-14.6784,
124,128,-11.1861,
126,128,-10.8326,
128,128,-12.4163,
130,128,-13.615,
132,128,-13.4818,
134,128,-15.9968,
136,128,-21.6053,
138,128,-18.8907,
140,128,-14.0605,
142,128,-11.8815,
144,128,-14.5717,
146,128,-16.5548,
148,128,-14.1183,
150,128,-17.8212,
152,128,-20.9734,
154,128,-24.0229,
156,128,-14.4232,
158,128,-9.46324,
160,128,-10.8262,
162,128,-18.6828,
164,128,-13.4266,
166,128,-11.2002,
168,128,-12.2485,
170,128,-12.588,
172,128,-14.5328,
174,128,-20.9099,
176,128,-14.9282,
178,128,-12.451,
180,128,-16.5097,
-180,130,-9.9048,
-178,130,-19.0695,
-176,130,-14.2831,
-174,130,-10.8516,
-172,130,-15.0806,
-170,130,-19.3404,
-168,130,-9.83177,
-166,130,-8.76754,
-164,130,-13.3292,
-162,130,-14.27,
-160,130,-9.01706,
-158,130,-8.08484,
-156,130,-8.62147,
-154,130,-8.5439,
-152,130,-8.64806,
-150,130,-8.85152,
-148,130,-8.7515,
-146,130,-9.22718,
-144,130,-10.3216,
-142,130,-11.5554,
-140,130,-13.4969,
-138,130,-16.315,
-136,130,-14.968,
-134,130,-13.0254,
-132,130,-12.6219,
-130,130,-10.9963,
-128,130,-10.6423,
-126,130,-14.5544,
-124,130,-23.254,
-122,130,-16.4764,
-120,130,-14.5518,
-118,130,-15.2618,
-116,130,-17.5044,
-114,130,-21.1783,
-112,130,-19.7519,
-110,130,-15.444,
-108,130,-13.302,
-106,130,-13.4945,
-104,130,-15.8226,
-102,130,-18.1343,
-100,130,-16.7579,
-98,130,-13.9982,
-96,130,-11.7561,
-94,130,-11.3661,
-92,130,-14.4651,
-90,130,-26.2464,
-88,130,-15.5135,
-86,130,-11.6872,
-84,130,-12.7712,
-82,130,-18.3396,
-80,130,-22.327,
-78,130,-17.8967,
-76,130,-14.4593,
-74,130,-13.2295,
-72,130,-16.1753,
-70,130,-19.7083,
-68,130,-14.8257,
-66,130,-14.1886,
-64,130,-15.0349,
-62,130,-13.9664,
-60,130,-13.7999,
-58,130,-14.0003,
-56,130,-12.1637,
-54,130,-9.53428,
-52,130,-8.0899,
-50,130,-8.96412,
-48,130,-13.4151,
-46,130,-19.5939,
-44,130,-15.4604,
-42,130,-15.8645,
-40,130,-14.1042,
-38,130,-10.8984,
-36,130,-10.7784,
-34,130,-9.85224,
-32,130,-8.93057,
-30,130,-11.9324,
-28,130,-19.981,
-26,130,-21.5656,
-24,130,-20.4502,
-22,130,-14.642,
-20,130,-14.5772,
-18,130,-19.5166,
-16,130,-15.0564,
-14,130,-12.5385,
-12,130,-13.3065,
-10,130,-15.2643,
-8,130,-16.9055,
-6,130,-13.2713,
-4,130,-9.61599,
-2,130,-8.78259,
0,130,-10.7951,
2,130,-16.4524,
4,130,-28.6103,
6,130,-23.8486,
8,130,-26.8861,
10,130,-18.8619,
12,130,-12.4079,
14,130,-11.4318,
16,130,-16.8631,
18,130,-21.8752,
20,130,-12.3902,
22,130,-11.6874,
24,130,-12.9154,
26,130,-11.0124,
28,130,-9.59694,
30,130,-9.61677,
32,130,-10.523,
34,130,-12.4521,
36,130,-13.6766,
38,130,-12.0722,
40,130,-10.5538,
42,130,-12.0589,
44,130,-20.5951,
46,130,-16.9162,
48,130,-11.4936,
50,130,-8.98357,
52,130,-7.57491,
54,130,-8.62641,
56,130,-12.4148,
58,130,-16.1744,
60,130,-18.7045,
62,130,-17.7019,
64,130,-14.6116,
66,130,-14.581,
68,130,-17.401,
70,130,-20.4024,
72,130,-16.8029,
74,130,-13.7116,
76,130,-12.856,
78,130,-13.65,
80,130,-15.4973,
82,130,-17.0701,
84,130,-16.7571,
86,130,-15.6199,
88,130,-14.4378,
90,130,-13.0689,
92,130,-12.3055,
94,130,-13.3547,
96,130,-17.6487,
98,130,-23.8484,
100,130,-17.9014,
102,130,-15.6183,
104,130,-15.5169,
106,130,-13.857,
108,130,-11.8367,
110,130,-12.8684,
112,130,-22.5411,
114,130,-14.6428,
116,130,-8.63953,
118,130,-8.20095,
120,130,-11.8123,
122,130,-15.5554,
124,130,-12.9267,
126,130,-12.4819,
128,130,-14.6538,
130,130,-17.6563,
132,130,-19.1525,
134,130,-23.2964,
136,130,-21.3241,
138,130,-20.5176,
140,130,-18.0832,
142,130,-13.4714,
144,130,-15.0934,
146,130,-17.9955,
148,130,-12.8792,
150,130,-12.6451,
152,130,-13.7568,
154,130,-14.2872,
156,130,-15.4081,
158,130,-12.953,
160,130,-13.817,
162,130,-20.7398,
164,130,-12.9924,
166,130,-9.89718,
168,130,-10.34,
170,130,-11.8747,
172,130,-15.5814,
174,130,-19.6812,
176,130,-10.7747,
178,130,-8.00241,
180,130,-9.9048,
-180,132,-7.7027,
-178,132,-13.9122,
-176,132,-20.0022,
-174,132,-13.3216,
-172,132,-13.6124,
-170,132,-13.5063,
-168,132,-10.5982,
-166,132,-10.9087,
-164,132,-17.0384,
-162,132,-21.1949,
-160,132,-12.7883,
-158,132,-9.88728,
-156,132,-8.31999,
-154,132,-8.18771,
-152,132,-9.71186,
-150,132,-11.0899,
-148,132,-11.0779,
-146,132,-11.6007,
-144,132,-12.8215,
-142,132,-14.2664,
-140,132,-16.9005,
-138,132,-18.1619,
-136,132,-14.028,
-134,132,-12.0931,
-132,132,-12.0623,
-130,132,-11.0038,
-128,132,-10.4493,
-126,132,-13.0436,
-124,132,-19.475,
-122,132,-19.4457,
-120,132,-17.7873,
-118,132,-17.834,
-116,132,-18.1754,
-114,132,-19.8189,
-112,132,-19.3491,
-110,132,-16.5985,
-108,132,-15.9632,
-106,132,-18.2987,
-104,132,-22.1267,
-102,132,-18.5234,
-100,132,-14.5281,
-98,132,-12.123,
-96,132,-10.9842,
-94,132,-11.7114,
-92,132,-15.5456,
-90,132,-19.2723,
-88,132,-13.5416,
-86,132,-11.2501,
-84,132,-12.1784,
-82,132,-15.8415,
-80,132,-21.129,
-78,132,-18.8567,
-76,132,-15.2788,
-74,132,-15.2111,
-72,132,-17.0564,
-70,132,-15.0632,
-68,132,-13.9719,
-66,132,-16.6323,
-64,132,-17.1928,
-62,132,-13.9729,
-60,132,-13.3204,
-58,132,-14.0804,
-56,132,-13.8888,
-54,132,-11.854,
-52,132,-10.5353,
-50,132,-12.1177,
-48,132,-18.7844,
-46,132,-16.0032,
-44,132,-12.1524,
-42,132,-14.7989,
-40,132,-18.96,
-38,132,-12.8767,
-36,132,-12.8008,
-34,132,-12.8684,
-32,132,-9.99167,
-30,132,-10.5066,
-28,132,-13.7736,
-26,132,-14.1434,
-24,132,-13.8335,
-22,132,-12.6819,
-20,132,-11.4789,
-18,132,-12.4983,
-16,132,-13.7788,
-14,132,-14.0315,
-12,132,-16.5083,
-10,132,-20.6204,
-8,132,-15.3601,
-6,132,-10.3743,
-4,132,-7.61278,
-2,132,-6.85349,
0,132,-8.26744,
2,132,-12.6523,
4,132,-21.3287,
6,132,-17.3431,
8,132,-14.4025,
10,132,-13.0593,
12,132,-11.2391,
14,132,-11.2288,
16,132,-15.2496,
18,132,-24.9912,
20,132,-17.2173,
22,132,-13.1596,
24,132,-10.0651,
26,132,-8.53782,
28,132,-9.02804,
30,132,-10.5346,
32,132,-12.2523,
34,132,-14.9455,
36,132,-16.8187,
38,132,-14.6211,
40,132,-12.3679,
42,132,-13.0701,
44,132,-17.8676,
46,132,-16.3346,
48,132,-12.8585,
50,132,-11.0555,
52,132,-9.66071,
54,132,-10.7129,
56,132,-15.102,
58,132,-16.9747,
60,132,-15.0536,
62,132,-13.8143,
64,132,-13.1728,
66,132,-14.945,
68,132,-18.5268,
70,132,-15.8429,
72,132,-12.8502,
74,132,-12.3967,
76,132,-14.1159,
78,132,-17.2845,
80,132,-18.3987,
82,132,-16.2657,
84,132,-14.3956,
86,132,-13.3883,
88,132,-12.5899,
90,132,-11.596,
92,132,-11.1947,
94,132,-12.4571,
96,132,-16.5367,
98,132,-24.3351,
100,132,-20.4051,
102,132,-18.1995,
104,132,-18.9298,
106,132,-15.1823,
108,132,-11.6071,
110,132,-11.9399,
112,132,-20.0192,
114,132,-17.0166,
116,132,-9.68462,
118,132,-8.85454,
120,132,-12.0869,
122,132,-17.5192,
124,132,-16.439,
126,132,-16.0696,
128,132,-18.6561,
130,132,-21.4042,
132,132,-19.7714,
134,132,-15.9029,
136,132,-12.9841,
138,132,-14.1296,
140,132,-20.4848,
142,132,-15.5154,
144,132,-15.1359,
146,132,-19.386,
148,132,-12.6205,
150,132,-9.89253,
152,132,-8.87441,
154,132,-7.77179,
156,132,-7.69174,
158,132,-8.52614,
160,132,-10.3082,
162,132,-14.2064,
164,132,-13.9692,
166,132,-10.9482,
168,132,-11.1358,
170,132,-13.8461,
172,132,-17.3818,
174,132,-13.5505,
176,132,-8.35207,
178,132,-6.36462,
180,132,-7.7027,
-180,134,-8.85106,
-178,134,-11.2429,
-176,134,-11.8598,
-174,134,-10.8117,
-172,134,-11.0039,
-170,134,-12.003,
-168,134,-13.3267,
-166,134,-17.4707,
-164,134,-27.614,
-162,134,-14.8459,
-160,134,-9.88566,
-158,134,-7.43366,
-156,134,-6.77957,
-154,134,-8.34635,
-152,134,-12.8982,
-150,134,-19.7476,
-148,134,-20.2683,
-146,134,-20.4541,
-144,134,-19.2645,
-142,134,-18.3599,
-140,134,-18.7427,
-138,134,-15.1681,
-136,134,-11.3108,
-134,134,-9.93218,
-132,134,-10.3957,
-130,134,-10.8445,
-128,134,-11.1668,
-126,134,-13.341,
-124,134,-16.2427,
-122,134,-15.0932,
-120,134,-13.7735,
-118,134,-13.001,
-116,134,-12.4262,
-114,134,-12.9054,
-112,134,-13.924,
-110,134,-13.9082,
-108,134,-14.01,
-106,134,-16.4272,
-104,134,-24.684,
-102,134,-24.2958,
-100,134,-15.8839,
-98,134,-12.6709,
-96,134,-11.7086,
-94,134,-12.7133,
-92,134,-15.59,
-90,134,-16.6575,
-88,134,-14.0154,
-86,134,-12.7717,
-84,134,-13.6102,
-82,134,-16.2826,
-80,134,-19.2685,
-78,134,-17.7562,
-76,134,-15.3919,
-74,134,-13.7868,
-72,134,-11.5976,
-70,134,-10.2307,
-68,134,-11.3416,
-66,134,-15.3089,
-64,134,-15.7641,
-62,134,-12.9129,
-60,134,-12.5399,
-58,134,-14.3792,
-56,134,-18.4214,
-54,134,-19.156,
-52,134,-16.3362,
-50,134,-17.3444,
-48,134,-16.2131,
-46,134,-10.9588,
-44,134,-9.48333,
-42,134,-13.1795,
-40,134,-22.1317,
-38,134,-12.1876,
-36,134,-11.7594,
-34,134,-16.893,
-32,134,-12.947,
-30,134,-10.4243,
-28,134,-11.0088,
-26,134,-10.6202,
-24,134,-9.59604,
-22,134,-8.94555,
-20,134,-8.39144,
-18,134,-9.19572,
-16,134,-12.3906,
-14,134,-17.4126,
-12,134,-17.2683,
-10,134,-13.6219,
-8,134,-10.7709,
-6,134,-8.76458,
-4,134,-7.4951,
-2,134,-7.28729,
0,134,-8.83535,
2,134,-13.1651,
4,134,-17.3682,
6,134,-13.0885,
8,134,-11.311,
10,134,-11.7882,
12,134,-12.7325,
14,134,-14.1469,
16,134,-17.633,
18,134,-18.6024,
20,134,-13.0404,
22,134,-8.82389,
24,134,-6.68167,
26,134,-6.8271,
28,134,-9.41005,
30,134,-13.9961,
32,134,-18.3043,
34,134,-19.5654,
36,134,-17.949,
38,134,-17.5581,
40,134,-17.3927,
42,134,-17.424,
44,134,-16.2537,
46,134,-12.753,
48,134,-11.698,
50,134,-12.8505,
52,134,-13.7363,
54,134,-16.2242,
56,134,-21.3645,
58,134,-14.3705,
60,134,-11.1042,
62,134,-10.3191,
64,134,-10.6873,
66,134,-12.7761,
68,134,-15.9841,
70,134,-13.8668,
72,134,-11.4035,
74,134,-11.6528,
76,134,-14.846,
78,134,-21.6445,
80,134,-20.2015,
82,134,-15.0469,
84,134,-12.0186,
86,134,-10.2083,
88,134,-9.52843,
90,134,-9.83318,
92,134,-10.7694,
94,134,-12.2786,
96,134,-15.2139,
98,134,-20.8574,
100,134,-21.6155,
102,134,-19.9528,
104,134,-27.3048,
106,134,-18.7887,
108,134,-12.4516,
110,134,-11.8596,
112,134,-17.9051,
114,134,-21.1784,
116,134,-11.5981,
118,134,-10.2448,
120,134,-13.1013,
122,134,-20.7412,
124,134,-30.4177,
126,134,-25.4497,
128,134,-20.6217,
130,134,-16.7168,
132,134,-13.7365,
134,134,-10.8858,
136,134,-9.20748,
138,134,-10.4284,
140,134,-15.8189,
142,134,-14.6873,
144,134,-12.9322,
146,134,-17.378,
148,134,-13.8699,
150,134,-9.26558,
152,134,-7.31271,
154,134,-5.88465,
156,134,-5.31661,
158,134,-6.0718,
160,134,-8.18747,
162,134,-12.613,
164,134,-18.1716,
166,134,-12.8232,
168,134,-10.3244,
170,134,-10.4246,
172,134,-10.9952,
174,134,-10.1882,
176,134,-8.58578,
178,134,-7.84823,
180,134,-8.85106,
-180,136,-10.586,
-178,136,-9.11466,
-176,136,-8.75188,
-174,136,-9.60025,
-172,136,-11.3857,
-170,136,-13.5615,
-168,136,-16.7543,
-166,136,-21.3979,
-164,136,-15.1019,
-162,136,-9.64064,
-160,136,-6.73155,
-158,136,-5.71485,
-156,136,-6.74976,
-154,136,-10.7275,
-152,136,-21.4853,
-150,136,-21.266,
-148,136,-16.3847,
-146,136,-14.5137,
-144,136,-12.3737,
-142,136,-11.4427,
-140,136,-11.5681,
-138,136,-10.9479,
-136,136,-9.50047,
-134,136,-8.97657,
-132,136,-9.86595,
-130,136,-11.2948,
-128,136,-12.5631,
-126,136,-14.083,
-124,136,-13.3136,
-122,136,-10.6998,
-120,136,-9.1228,
-118,136,-8.44036,
-116,136,-8.36276,
-114,136,-9.21482,
-112,136,-10.9127,
-110,136,-11.9115,
-108,136,-11.6792,
-106,136,-12.309,
-104,136,-15.3845,
-102,136,-23.3749,
-100,136,-22.2105,
-98,136,-16.1728,
-96,136,-14.5562,
-94,136,-15.6205,
-92,136,-18.6118,
-90,136,-19.0786,
-88,136,-16.2446,
-86,136,-14.7615,
-84,136,-14.953,
-82,136,-16.1826,
-80,136,-16.8856,
-78,136,-15.9219,
-76,136,-13.71,
-74,136,-10.6569,
-72,136,-8.3023,
-70,136,-7.76884,
-68,136,-9.48516,
-66,136,-12.865,
-64,136,-13.3318,
-62,136,-11.7761,
-60,136,-11.7075,
-58,136,-12.9647,
-56,136,-14.5018,
-54,136,-13.9974,
-52,136,-12.6101,
-50,136,-12.2218,
-48,136,-11.0252,
-46,136,-8.89996,
-44,136,-8.7781,
-42,136,-12.8516,
-40,136,-15.4496,
-38,136,-9.16481,
-36,136,-8.58476,
-34,136,-14.2819,
-32,136,-18.4432,
-30,136,-11.0296,
-28,136,-9.93149,
-26,136,-9.8957,
-24,136,-9.0143,
-22,136,-8.26219,
-20,136,-7.84471,
-18,136,-8.35478,
-16,136,-10.6851,
-14,136,-13.4577,
-12,136,-11.8115,
-10,136,-9.68318,
-8,136,-9.04259,
-6,136,-9.32774,
-4,136,-10.0398,
-2,136,-11.4467,
0,136,-14.7174,
2,136,-19.7755,
4,136,-15.9509,
6,136,-12.7724,
8,136,-12.8633,
10,136,-15.3237,
12,136,-18.1064,
14,136,-20.1702,
16,136,-26.0903,
18,136,-19.0236,
20,136,-11.1865,
22,136,-7.28486,
24,136,-6.09191,
26,136,-7.57543,
28,136,-12.4614,
30,136,-21.4282,
32,136,-17.5069,
34,136,-13.2861,
36,136,-11.2969,
38,136,-11.5821,
40,136,-14.069,
42,136,-17.0775,
44,136,-14.3956,
46,136,-10.846,
48,136,-10.176,
50,136,-12.2666,
52,136,-15.5129,
54,136,-17.9744,
56,136,-16.5478,
58,136,-11.7572,
60,136,-9.3923,
62,136,-9.00076,
64,136,-9.75696,
66,136,-11.9697,
68,136,-15.6567,
70,136,-13.8811,
72,136,-10.7025,
74,136,-10.2723,
76,136,-12.6729,
78,136,-18.9524,
80,136,-20.7684,
82,136,-14.0672,
84,136,-10.8531,
86,136,-9.6355,
88,136,-10.0193,
90,136,-11.6594,
92,136,-13.1123,
94,136,-13.2659,
96,136,-13.8295,
98,136,-14.9066,
100,136,-14.4694,
102,136,-14.5973,
104,136,-18.2848,
106,136,-17.4661,
108,136,-12.0891,
110,136,-11.2596,
112,136,-15.8238,
114,136,-24.9374,
116,136,-13.3195,
118,136,-11.1514,
120,136,-12.718,
122,136,-16.16,
124,136,-17.5345,
126,136,-15.8446,
128,136,-13.9778,
130,136,-12.8032,
132,136,-11.5867,
134,136,-9.70475,
136,136,-8.5464,
138,136,-9.89363,
140,136,-14.1374,
142,136,-12.1171,
144,136,-10.1021,
146,136,-13.6891,
148,136,-19.2996,
150,136,-11.4386,
152,136,-8.83615,
154,136,-7.71151,
156,136,-6.96127,
158,136,-7.31399,
160,136,-9.17417,
162,136,-13.2091,
164,136,-18.4649,
166,136,-12.2135,
168,136,-8.33917,
170,136,-7.3497,
172,136,-8.2714,
174,136,-10.4522,
176,136,-12.6368,
178,136,-12.4769,
180,136,-10.586,
-180,138,-8.29668,
-178,138,-8.10099,
-176,138,-9.80733,
-174,138,-11.7436,
-172,138,-10.9115,
-170,138,-9.74883,
-168,138,-10.7014,
-166,138,-14.3048,
-164,138,-13.6428,
-162,138,-8.48573,
-160,138,-5.9145,
-158,138,-5.82691,
-156,138,-8.35627,
-154,138,-13.4253,
-152,138,-13.2924,
-150,138,-11.2512,
-148,138,-12.4964,
-146,138,-14.7238,
-144,138,-13.279,
-142,138,-11.9357,
-140,138,-12.1168,
-138,138,-12.3488,
-136,138,-11.8047,
-134,138,-11.7955,
-132,138,-12.9403,
-130,138,-13.6783,
-128,138,-12.9408,
-126,138,-11.9225,
-124,138,-10.3225,
-122,138,-8.52855,
-120,138,-7.48525,
-118,138,-7.29539,
-116,138,-7.88464,
-114,138,-9.61802,
-112,138,-12.9494,
-110,138,-15.0273,
-108,138,-12.4335,
-106,138,-10.8731,
-104,138,-11.5937,
-102,138,-14.5785,
-100,138,-18.2931,
-98,138,-17.1451,
-96,138,-15.5251,
-94,138,-16.5557,
-92,138,-21.6641,
-90,138,-31.4255,
-88,138,-19.9397,
-86,138,-16.235,
-84,138,-15.0464,
-82,138,-14.6016,
-80,138,-14.3158,
-78,138,-14.1832,
-76,138,-12.642,
-74,138,-9.68207,
-72,138,-7.76277,
-70,138,-7.83605,
-68,138,-10.0238,
-66,138,-12.76,
-64,138,-12.1108,
-62,138,-10.8598,
-60,138,-10.7505,
-58,138,-10.8745,
-56,138,-10.34,
-54,138,-9.44823,
-52,138,-9.23531,
-50,138,-10.1952,
-48,138,-11.1332,
-46,138,-10.6297,
-44,138,-11.3566,
-42,138,-16.264,
-40,138,-12.8542,
-38,138,-7.53357,
-36,138,-7.04059,
-34,138,-11.9181,
-32,138,-22.7166,
-30,138,-10.4528,
-28,138,-8.46566,
-26,138,-9.58726,
-24,138,-10.8863,
-22,138,-10.8362,
-20,138,-10.3495,
-18,138,-10.2274,
-16,138,-11.1768,
-14,138,-12.2721,
-12,138,-11.1893,
-10,138,-9.87159,
-8,138,-10.0751,
-6,138,-11.7377,
-4,138,-14.0278,
-2,138,-15.8787,
0,138,-16.7749,
2,138,-16.3067,
4,138,-15.7456,
6,138,-16.7827,
8,138,-18.2623,
10,138,-15.8404,
12,138,-13.4749,
14,138,-13.8157,
16,138,-18.7741,
18,138,-23.9794,
20,138,-12.4649,
22,138,-8.77703,
24,138,-8.75456,
26,138,-12.3031,
28,138,-16.452,
30,138,-12.7451,
32,138,-11.3262,
34,138,-11.4858,
36,138,-11.0718,
38,138,-11.0422,
40,138,-12.6249,
42,138,-15.9525,
44,138,-16.159,
46,138,-12.5784,
48,138,-11.6813,
50,138,-13.4239,
52,138,-14.3005,
54,138,-13.0413,
56,138,-12.35,
58,138,-11.355,
60,138,-10.4983,
62,138,-10.734,
64,138,-11.8063,
66,138,-13.9517,
68,138,-17.3923,
70,138,-14.4852,
72,138,-10.5411,
74,138,-9.51646,
76,138,-11.3394,
78,138,-17.0184,
80,138,-20.1178,
82,138,-13.4381,
84,138,-10.9081,
86,138,-11.1098,
88,138,-14.0286,
90,138,-20.7887,
92,138,-20.4083,
94,138,-16.2944,
96,138,-15.2019,
98,138,-13.7276,
100,138,-11.8153,
102,138,-11.713,
104,138,-13.6057,
106,138,-12.8438,
108,138,-9.9804,
110,138,-9.76828,
112,138,-13.6707,
114,138,-22.049,
116,138,-13.9199,
118,138,-11.0275,
120,138,-10.9702,
122,138,-11.2185,
124,138,-10.5085,
126,138,-9.69983,
128,138,-9.68102,
130,138,-10.7057,
132,138,-11.9969,
134,138,-11.6641,
136,138,-10.8574,
138,138,-12.1866,
140,138,-13.7944,
142,138,-9.84639,
144,138,-8.04555,
146,138,-10.7069,
148,138,-18.5806,
150,138,-11.8679,
152,138,-9.14431,
154,138,-10.1101,
156,138,-12.0405,
158,138,-12.5514,
160,138,-13.1362,
162,138,-15.527,
164,138,-19.786,
166,138,-14.7211,
168,138,-9.93533,
170,138,-8.45505,
172,138,-9.97438,
174,138,-15.9777,
176,138,-19.5757,
178,138,-11.1888,
180,138,-8.29668,
-180,140,-9.45024,
-178,140,-11.9867,
-176,140,-17.5402,
-174,140,-11.9206,
-172,140,-7.47339,
-170,140,-6.22818,
-168,140,-7.71048,
-166,140,-13.315,
-164,140,-20.4067,
-162,140,-10.4816,
-160,140,-7.69858,
-158,140,-8.29747,
-156,140,-10.2163,
-154,140,-8.51745,
-152,140,-6.11938,
-150,140,-6.00224,
-148,140,-8.55876,
-146,140,-14.8146,
-144,140,-25.6467,
-142,140,-19.0666,
-140,140,-17.5598,
-138,140,-18.8498,
-136,140,-20.6754,
-134,140,-21.2723,
-132,140,-17.8624,
-130,140,-13.0709,
-128,140,-10.0764,
-126,140,-8.76969,
-124,140,-8.43107,
-122,140,-8.45444,
-120,140,-8.8042,
-118,140,-9.71452,
-116,140,-11.3683,
-114,140,-14.4672,
-112,140,-21.8964,
-110,140,-22.1876,
-108,140,-14.2926,
-106,140,-11.5685,
-104,140,-11.258,
-102,140,-12.1815,
-100,140,-12.6514,
-98,140,-11.9224,
-96,140,-11.43,
-94,140,-12.1279,
-92,140,-14.1453,
-90,140,-16.9828,
-88,140,-19.5161,
-86,140,-20.709,
-84,140,-18.5059,
-82,140,-15.3937,
-80,140,-14.1979,
-78,140,-14.8822,
-76,140,-14.2379,
-74,140,-11.1709,
-72,140,-9.52955,
-70,140,-10.3838,
-68,140,-13.7393,
-66,140,-15.0217,
-64,140,-12.0109,
-62,140,-10.5458,
-60,140,-10.2965,
-58,140,-9.81505,
-56,140,-8.76411,
-54,140,-8.06336,
-52,140,-8.57411,
-50,140,-10.9628,
-48,140,-15.6509,
-46,140,-19.1196,
-44,140,-21.0078,
-42,140,-23.2662,
-40,140,-11.8323,
-38,140,-7.41545,
-36,140,-7.03265,
-34,140,-10.6734,
-32,140,-12.9479,
-30,140,-7.65676,
-28,140,-5.9682,
-26,140,-7.36414,
-24,140,-11.2462,
-22,140,-16.2699,
-20,140,-18.4334,
-18,140,-17.3013,
-16,140,-16.1507,
-14,140,-15.6795,
-12,140,-14.3179,
-10,140,-12.4612,
-8,140,-11.4439,
-6,140,-11.0274,
-4,140,-10.4196,
-2,140,-9.79628,
0,140,-10.042,
2,140,-12.0243,
4,140,-17.5798,
6,140,-25.8968,
8,140,-14.3405,
10,140,-10.3267,
12,140,-9.26587,
14,140,-10.5111,
16,140,-14.7164,
18,140,-19.9413,
20,140,-14.6184,
22,140,-12.821,
24,140,-15.0718,
26,140,-13.0264,
28,140,-7.75175,
30,140,-5.60926,
32,140,-6.16391,
34,140,-9.19238,
36,140,-14.073,
38,140,-15.2847,
40,140,-13.8885,
42,140,-15.2932,
44,140,-21.1794,
46,140,-23.2912,
48,140,-20.7701,
50,140,-18.7981,
52,140,-13.018,
54,140,-9.98743,
56,140,-9.56596,
58,140,-10.7192,
60,140,-12.4976,
62,140,-14.3402,
64,140,-14.7199,
66,140,-13.8097,
68,140,-13.6693,
70,140,-13.2946,
72,140,-11.7798,
74,140,-11.2501,
76,140,-13.2222,
78,140,-19.073,
80,140,-19.6472,
82,140,-14.346,
84,140,-12.8616,
86,140,-13.5399,
88,140,-13.9387,
90,140,-12.5855,
92,140,-12.0457,
94,140,-14.3088,
96,140,-21.5155,
98,140,-17.4937,
100,140,-12.8082,
102,140,-12.5563,
104,140,-14.0342,
106,140,-11.6063,
108,140,-8.96283,
110,140,-9.16691,
112,140,-13.0579,
114,140,-18.9947,
116,140,-13.2434,
118,140,-10.3134,
120,140,-9.35851,
122,140,-8.53042,
124,140,-7.5605,
126,140,-7.17818,
128,140,-7.9564,
130,140,-10.2536,
132,140,-14.2432,
134,140,-18.1769,
136,140,-18.1017,
138,140,-17.1285,
140,140,-12.8367,
142,140,-8.4495,
144,140,-6.84149,
146,140,-7.97401,
148,140,-8.92626,
150,140,-6.17482,
152,140,-4.55801,
154,140,-5.52254,
156,140,-9.31048,
158,140,-17.1471,
160,140,-23.9503,
162,140,-18.7006,
164,140,-17.6338,
166,140,-16.7006,
168,140,-14.0717,
170,140,-12.5274,
172,140,-13.5304,
174,140,-16.3531,
176,140,-13.7395,
178,140,-10.1743,
180,140,-9.45024,
-180,142,-22.7579,
-178,142,-15.2469,
-176,142,-9.61787,
-174,142,-6.6317,
-172,142,-5.54029,
-170,142,-6.28397,
-168,142,-9.40249,
-166,142,-16.147,
-164,142,-14.5579,
-162,142,-10.3485,
-160,142,-10.6185,
-158,142,-16.2524,
-156,142,-14.3502,
-154,142,-7.42162,
-152,142,-4.93565,
-150,142,-5.04594,
-148,142,-7.07792,
-146,142,-9.83053,
-144,142,-10.5471,
-142,142,-9.7303,
-140,142,-9.58352,
-138,142,-10.5286,
-136,142,-12.1202,
-134,142,-13.169,
-132,142,-12.5669,
-130,142,-10.6884,
-128,142,-8.95374,
-126,142,-8.26307,
-124,142,-8.77267,
-122,142,-10.2291,
-120,142,-12.1358,
-118,142,-13.7411,
-116,142,-14.017,
-114,142,-13.1372,
-112,142,-12.4328,
-110,142,-12.5645,
-108,142,-13.6275,
-106,142,-15.3101,
-104,142,-15.7769,
-102,142,-13.4985,
-100,142,-10.8867,
-98,142,-9.19864,
-96,142,-8.40531,
-94,142,-8.25302,
-92,142,-8.62663,
-90,142,-9.79626,
-88,142,-12.5481,
-86,142,-18.522,
-84,142,-20.9144,
-82,142,-15.3462,
-80,142,-14.4251,
-78,142,-18.1517,
-76,142,-23.2237,
-74,142,-15.4025,
-72,142,-12.8638,
-70,142,-13.9212,
-68,142,-15.536,
-66,142,-12.5754,
-64,142,-10.024,
-62,142,-9.43729,
-60,142,-9.99837,
-58,142,-10.2949,
-56,142,-9.72594,
-54,142,-9.38478,
-52,142,-10.3068,
-50,142,-13.1035,
-48,142,-17.6178,
-46,142,-19.1276,
-44,142,-18.6337,
-42,142,-17.5335,
-40,142,-12.2927,
-38,142,-8.83857,
-36,142,-8.35981,
-34,142,-10.3743,
-32,142,-9.85319,
-30,142,-6.36841,
-28,142,-5.086,
-26,142,-6.43541,
-24,142,-10.3283,
-22,142,-14.259,
-20,142,-13.3934,
-18,142,-12.6623,
-16,142,-12.8555,
-14,142,-12.9417,
-12,142,-12.5959,
-10,142,-11.6287,
-8,142,-10.2358,
-6,142,-9.02669,
-4,142,-8.39543,
-2,142,-8.58929,
0,142,-9.94742,
2,142,-12.9633,
4,142,-16.757,
6,142,-14.5824,
8,142,-11.171,
10,142,-9.6915,
12,142,-9.84341,
14,142,-11.2331,
16,142,-12.6024,
18,142,-12.0391,
20,142,-11.4872,
22,142,-13.9051,
24,142,-17.9638,
26,142,-9.70968,
28,142,-5.1425,
30,142,-3.61306,
32,142,-4.34381,
34,142,-7.24733,
36,142,-12.0878,
38,142,-13.286,
40,142,-10.9776,
42,142,-10.9637,
44,142,-13.3166,
46,142,-15.7516,
48,142,-15.5544,
50,142,-13.7349,
52,142,-10.5546,
54,142,-8.31238,
56,142,-7.84235,
58,142,-8.79433,
60,142,-10.3723,
62,142,-11.5959,
64,142,-11.4955,
66,142,-10.5229,
68,142,-10.3191,
70,142,-11.6836,
72,142,-14.5976,
74,142,-18.3917,
76,142,-23.0236,
78,142,-27.5014,
80,142,-22.4312,
82,142,-19.137,
84,142,-16.2938,
86,142,-12.181,
88,142,-8.88041,
90,142,-7.33749,
92,142,-7.75071,
94,142,-10.4271,
96,142,-14.7953,
98,142,-14.25,
100,142,-12.8135,
102,142,-15.6557,
104,142,-22.2013,
106,142,-13.3826,
108,142,-10.0222,
110,142,-10.7078,
112,142,-15.6375,
114,142,-18.3293,
116,142,-12.3385,
118,142,-9.85638,
120,142,-8.83418,
122,142,-7.93858,
124,142,-7.23035,
126,142,-7.4036,
128,142,-8.97658,
130,142,-12.0805,
132,142,-15.5621,
134,142,-17.6162,
136,142,-19.9748,
138,142,-18.6671,
140,142,-12.6315,
142,142,-8.6345,
144,142,-6.96016,
146,142,-6.909,
148,142,-6.23256,
150,142,-4.08439,
152,142,-2.89308,
154,142,-3.82003,
156,142,-7.5646,
158,142,-15.8858,
160,142,-14.72,
162,142,-9.95763,
164,142,-8.30589,
166,142,-7.85861,
168,142,-7.97604,
170,142,-8.48303,
172,142,-9.37714,
174,142,-10.8156,
176,142,-13.148,
178,142,-17.2695,
180,142,-22.7579,
-180,144,-5.39129,
-178,144,-3.48339,
-176,144,-2.94072,
-174,144,-3.66147,
-172,144,-5.84063,
-170,144,-10.2004,
-168,144,-16.969,
-166,144,-12.7477,
-164,144,-8.79407,
-162,144,-7.94385,
-160,144,-9.7847,
-158,144,-13.9815,
-156,144,-12.544,
-154,144,-8.78524,
-152,144,-7.70782,
-150,144,-8.77584,
-148,144,-10.6066,
-146,144,-10.3899,
-144,144,-8.80552,
-142,144,-7.97133,
-140,144,-8.31517,
-138,144,-9.52926,
-136,144,-10.1838,
-134,144,-9.24706,
-132,144,-8.17094,
-130,144,-7.75365,
-128,144,-7.81476,
-126,144,-8.24113,
-124,144,-9.18601,
-122,144,-10.5695,
-120,144,-11.8684,
-118,144,-12.7584,
-116,144,-13.1205,
-114,144,-12.3202,
-112,144,-10.8031,
-110,144,-9.91316,
-108,144,-10.4188,
-106,144,-12.9233,
-104,144,-18.2132,
-102,144,-17.2373,
-100,144,-11.4079,
-98,144,-8.0878,
-96,144,-6.31783,
-94,144,-5.65618,
-92,144,-6.09233,
-90,144,-7.96281,
-88,144,-12.1509,
-86,144,-18.9753,
-84,144,-14.8017,
-82,144,-11.4886,
-80,144,-11.7121,
-78,144,-15.0909,
-76,144,-17.8763,
-74,144,-14.325,
-72,144,-12.8306,
-70,144,-13.3296,
-68,144,-12.1958,
-66,144,-9.31086,
-64,144,-7.53483,
-62,144,-7.27069,
-60,144,-8.21702,
-58,144,-9.94436,
-56,144,-12.0681,
-54,144,-14.652,
-52,144,-17.3247,
-50,144,-16.1895,
-48,144,-13.2185,
-46,144,-11.9854,
-44,144,-12.9712,
-42,144,-16.1999,
-40,144,-17.1529,
-38,144,-13.8516,
-36,144,-12.9374,
-34,144,-14.2815,
-32,144,-12.3904,
-30,144,-8.83796,
-28,144,-7.799,
-26,144,-9.71684,
-24,144,-13.4197,
-22,144,-10.8728,
-20,144,-7.80645,
-18,144,-7.25428,
-16,144,-8.62649,
-14,144,-10.9115,
-12,144,-12.0842,
-10,144,-11.6388,
-8,144,-11.0303,
-6,144,-10.7358,
-4,144,-10.6783,
-2,144,-10.6797,
0,144,-10.4845,
2,144,-10.0659,
4,144,-9.84213,
6,144,-10.307,
8,144,-11.6248,
10,144,-13.1686,
12,144,-13.3844,
14,144,-12.0602,
16,144,-10.2677,
18,144,-8.79682,
20,144,-8.39674,
22,144,-9.56863,
24,144,-11.1993,
26,144,-9.31454,
28,144,-6.58088,
30,144,-5.62816,
32,144,-6.6957,
34,144,-10.0308,
36,144,-15.1138,
38,144,-13.7706,
40,144,-10.9642,
42,144,-10.4491,
44,144,-10.2843,
46,144,-8.67164,
48,144,-7.17477,
50,144,-6.77398,
52,144,-7.00654,
54,144,-7.303,
56,144,-7.86949,
58,144,-9.00558,
60,144,-10.4662,
62,144,-11.8975,
64,144,-12.5279,
66,144,-11.262,
68,144,-9.65993,
70,144,-9.23599,
72,144,-10.2549,
74,144,-12.654,
76,144,-16.717,
78,144,-24.8031,
80,144,-21.3751,
82,144,-13.5586,
84,144,-9.39603,
86,144,-7.07825,
88,144,-6.21386,
90,144,-6.85568,
92,144,-9.24534,
94,144,-12.5189,
96,144,-11.6007,
98,144,-9.4382,
100,144,-9.71803,
102,144,-13.2812,
104,144,-18.179,
106,144,-13.5948,
108,144,-11.6522,
110,144,-13.7961,
112,144,-20.0826,
114,144,-15.5099,
116,144,-11.1415,
118,144,-9.64582,
120,144,-9.31899,
122,144,-9.23476,
124,144,-9.5933,
126,144,-11.4332,
128,144,-16.1166,
130,144,-17.7721,
132,144,-12.7289,
134,144,-11.2076,
136,144,-12.9265,
138,144,-17.6111,
140,144,-17.0936,
142,144,-12.5219,
144,144,-10.4379,
146,144,-9.90639,
148,144,-8.75378,
150,144,-6.5435,
152,144,-5.46061,
154,144,-6.74572,
156,144,-11.4,
158,144,-13.6212,
160,144,-8.36116,
162,144,-6.24346,
164,144,-6.20432,
166,144,-6.77525,
168,144,-6.88798,
170,144,-7.10122,
172,144,-8.56014,
174,144,-11.984,
176,144,-13.8139,
178,144,-9.05202,
180,144,-5.39129,
-180,146,-1.54666,
-178,146,-0.393091,
-176,146,-0.890644,
-174,146,-3.12728,
-172,146,-7.90525,
-170,146,-18.5257,
-168,146,-14.0407,
-166,146,-9.39772,
-164,146,-8.64815,
-162,146,-9.97669,
-160,146,-11.3587,
-158,146,-9.98082,
-156,146,-8.15494,
-154,146,-7.82225,
-152,146,-9.14477,
-150,146,-11.3132,
-148,146,-11.7704,
-146,146,-10.4701,
-144,146,-9.67624,
-142,146,-10.078,
-140,146,-11.7055,
-138,146,-12.0714,
-136,146,-8.50983,
-134,146,-5.272,
-132,146,-3.59095,
-130,146,-3.2165,
-128,146,-3.80407,
-126,146,-5.04828,
-124,146,-6.73684,
-122,146,-8.73108,
-120,146,-11.0016,
-118,146,-14.1583,
-116,146,-19.4018,
-114,146,-16.3289,
-112,146,-10.4092,
-110,146,-7.44523,
-108,146,-6.62541,
-106,146,-7.86365,
-104,146,-12.0895,
-102,146,-21.6581,
-100,146,-12.2518,
-98,146,-7.17171,
-96,146,-5.12477,
-94,146,-4.97427,
-92,146,-6.65916,
-90,146,-10.9301,
-88,146,-18.0365,
-86,146,-12.7124,
-84,146,-8.97212,
-82,146,-8.46089,
-80,146,-10.5336,
-78,146,-14.0248,
-76,146,-12.5645,
-74,146,-9.85701,
-72,146,-9.42849,
-70,146,-10.8374,
-68,146,-11.6862,
-66,146,-9.74854,
-64,146,-7.76984,
-62,146,-6.95932,
-60,146,-7.22222,
-58,146,-8.43693,
-56,146,-10.7538,
-54,146,-14.3908,
-52,146,-15.7331,
-50,146,-12.0118,
-48,146,-9.4869,
-46,146,-8.98737,
-44,146,-10.3696,
-42,146,-13.6518,
-40,146,-18.5819,
-38,146,-22.4578,
-36,146,-23.6863,
-34,146,-19.959,
-32,146,-14.3524,
-30,146,-11.473,
-28,146,-11.6868,
-26,146,-16.6592,
-24,146,-19.8536,
-22,146,-10.3109,
-20,146,-6.96517,
-18,146,-6.72247,
-16,146,-9.35629,
-14,146,-16.9281,
-12,146,-19.825,
-10,146,-12.5458,
-8,146,-11.2691,
-6,146,-13.5063,
-4,146,-16.9822,
-2,146,-12.262,
0,146,-8.17372,
2,146,-6.50922,
4,146,-6.82448,
6,146,-9.21272,
8,146,-13.8738,
10,146,-14.8735,
12,146,-11.2528,
14,146,-9.75625,
16,146,-9.86928,
18,146,-10.0583,
20,146,-9.31086,
22,146,-8.41811,
24,146,-7.97491,
26,146,-7.82592,
28,146,-7.9064,
30,146,-8.61351,
32,146,-10.6061,
34,146,-14.8973,
36,146,-20.6837,
38,146,-16.2767,
40,146,-13.0405,
42,146,-10.9533,
44,146,-7.76881,
46,146,-4.73641,
48,146,-3.014,
50,146,-2.68668,
52,146,-3.56026,
54,146,-5.4225,
56,146,-8.21104,
58,146,-12.1235,
60,146,-17.1492,
62,146,-19.5358,
64,146,-14.9285,
66,146,-10.1111,
68,146,-7.01227,
70,146,-5.61741,
72,146,-5.86377,
74,146,-7.98565,
76,146,-13.2501,
78,146,-23.379,
80,146,-11.7961,
82,146,-6.90176,
84,146,-4.7068,
86,146,-4.21694,
88,146,-5.36738,
90,146,-8.71862,
92,146,-15.8413,
94,146,-14.6895,
96,146,-9.55741,
98,146,-8.27151,
100,146,-9.7148,
102,146,-13.1354,
104,146,-13.531,
106,146,-11.313,
108,146,-11.4245,
110,146,-14.6707,
112,146,-17.9799,
114,146,-13.5167,
116,146,-10.5357,
118,146,-9.48071,
120,146,-9.3726,
122,146,-9.7398,
124,146,-10.8741,
126,146,-13.4341,
128,146,-14.8782,
130,146,-11.0103,
132,146,-8.18319,
134,146,-7.75293,
136,146,-9.67822,
138,146,-13.9848,
140,146,-18.0756,
142,146,-17.559,
144,146,-17.5685,
146,146,-17.7485,
148,146,-15.0587,
150,146,-12.1634,
152,146,-11.434,
154,146,-14.0548,
156,146,-18.2152,
158,146,-11.1791,
160,146,-7.33456,
162,146,-6.82108,
164,146,-9.49122,
166,146,-16.119,
168,146,-13.4893,
170,146,-9.79016,
172,146,-10.7225,
174,146,-18.9099,
176,146,-12.1502,
178,146,-4.80552,
180,146,-1.54666,
-180,148,-3.10519,
-178,148,-1.84258,
-176,148,-2.49279,
-174,148,-5.19557,
-172,148,-11.1782,
-170,148,-26.1218,
-168,148,-15.0981,
-166,148,-13.0988,
-164,148,-16.8238,
-162,148,-24.5348,
-160,148,-13.066,
-158,148,-8.8703,
-156,148,-7.6378,
-154,148,-8.19172,
-152,148,-9.55745,
-150,148,-10.2609,
-148,148,-10.0849,
-146,148,-10.1148,
-144,148,-10.8052,
-142,148,-12.7582,
-140,148,-18.8962,
-138,148,-19.1067,
-136,148,-9.0828,
-134,148,-4.65896,
-132,148,-2.59127,
-130,148,-2.04192,
-128,148,-2.62419,
-126,148,-4.08654,
-124,148,-6.22166,
-122,148,-8.69841,
-120,148,-10.7045,
-118,148,-11.3947,
-116,148,-10.9358,
-114,148,-9.54982,
-112,148,-7.73217,
-110,148,-6.46423,
-108,148,-6.46671,
-106,148,-8.41232,
-104,148,-14.2476,
-102,148,-24.7414,
-100,148,-10.8487,
-98,148,-6.80684,
-96,148,-5.68224,
-94,148,-6.50204,
-92,148,-8.36911,
-90,148,-8.00419,
-88,148,-5.25085,
-86,148,-3.35787,
-84,148,-3.06099,
-82,148,-4.57674,
-80,148,-8.67798,
-78,148,-18.5764,
-76,148,-14.435,
-74,148,-9.23463,
-72,148,-8.05508,
-70,148,-9.11121,
-68,148,-11.6617,
-66,148,-13.6654,
-64,148,-12.6326,
-62,148,-10.845,
-60,148,-9.78131,
-58,148,-9.47925,
-56,148,-9.68099,
-54,148,-9.75058,
-52,148,-8.95191,
-50,148,-7.70229,
-48,148,-7.0224,
-46,148,-7.40001,
-44,148,-8.67171,
-42,148,-9.8479,
-40,148,-10.0969,
-38,148,-10.1889,
-36,148,-10.2806,
-34,148,-9.07978,
-32,148,-7.02196,
-30,148,-5.70297,
-28,148,-5.81858,
-26,148,-7.72263,
-24,148,-11.3804,
-22,148,-12.2409,
-20,148,-9.29421,
-18,148,-7.99359,
-16,148,-8.51788,
-14,148,-9.28915,
-12,148,-8.19004,
-10,148,-6.70507,
-8,148,-6.64913,
-6,148,-8.78226,
-4,148,-14.1407,
-2,148,-15.2454,
0,148,-9.65186,
2,148,-7.43682,
4,148,-7.81803,
6,148,-10.7445,
8,148,-15.5775,
10,148,-13.6086,
12,148,-10.6119,
14,148,-10.597,
16,148,-13.962,
18,148,-21.9011,
20,148,-14.9981,
22,148,-10.0889,
24,148,-8.04439,
26,148,-7.39289,
28,148,-7.48835,
30,148,-8.17164,
32,148,-9.75506,
34,148,-12.717,
36,148,-16.1656,
38,148,-16.3426,
40,148,-15.9176,
42,148,-14.0403,
44,148,-8.73944,
46,148,-4.68788,
48,148,-2.52693,
50,148,-1.93126,
52,148,-2.6582,
54,148,-4.57751,
56,148,-7.63596,
58,148,-11.2762,
60,148,-12.2073,
62,148,-9.97568,
64,148,-7.85343,
66,148,-6.25362,
68,148,-5.15476,
70,148,-4.88735,
72,148,-5.97245,
74,148,-9.33068,
76,148,-18.1086,
78,148,-14.4034,
80,148,-7.66074,
82,148,-4.89396,
84,148,-4.0564,
86,148,-4.4864,
88,148,-5.47405,
90,148,-5.66825,
92,148,-4.63367,
94,148,-3.71844,
96,148,-3.9171,
98,148,-5.77831,
100,148,-10.2888,
102,148,-21.8896,
104,148,-16.6952,
106,148,-11.9981,
108,148,-11.8857,
110,148,-14.8298,
112,148,-19.9686,
114,148,-18.6058,
116,148,-14.9756,
118,148,-12.7804,
120,148,-11.1314,
122,148,-9.77845,
124,148,-8.83054,
126,148,-8.1072,
128,148,-7.11936,
130,148,-5.95553,
132,148,-5.40946,
134,148,-6.11915,
136,148,-8.15041,
138,148,-9.94843,
140,148,-9.43055,
142,148,-8.74428,
144,148,-9.04619,
146,148,-9.11575,
148,148,-7.96582,
150,148,-6.87911,
152,148,-6.96598,
154,148,-8.70087,
156,148,-11.9555,
158,148,-12.3097,
160,148,-9.32011,
162,148,-7.95267,
164,148,-8.40552,
166,148,-9.08541,
168,148,-8.00554,
170,148,-6.91143,
172,148,-7.85404,
174,148,-12.5928,
176,148,-15.1196,
178,148,-6.87588,
180,148,-3.10519,
-180,150,-10.6795,
-178,150,-8.6114,
-176,150,-8.89753,
-174,150,-11.2112,
-172,150,-15.5762,
-170,150,-19.7808,
-168,150,-17.8635,
-166,150,-13.9073,
-164,150,-10.1013,
-162,150,-7.29717,
-160,150,-5.84685,
-158,150,-5.84284,
-156,150,-7.40199,
-154,150,-10.6771,
-152,150,-14.4886,
-150,150,-13.6169,
-148,150,-10.5239,
-146,150,-7.90937,
-144,150,-6.03982,
-142,150,-5.33658,
-140,150,-6.28969,
-138,150,-9.66616,
-136,150,-15.5513,
-134,150,-11.5632,
-132,150,-7.31972,
-130,150,-5.73149,
-128,150,-5.82733,
-126,150,-7.1486,
-124,150,-9.44737,
-122,150,-12.1595,
-120,150,-13.1195,
-118,150,-11.6515,
-116,150,-10.2913,
-114,150,-9.90463,
-112,150,-10.3427,
-110,150,-11.4275,
-108,150,-13.5802,
-106,150,-18.7402,
-104,150,-26.7613,
-102,150,-14.8844,
-100,150,-10.3476,
-98,150,-8.75571,
-96,150,-9.02592,
-94,150,-9.47755,
-92,150,-7.12011,
-90,150,-3.76427,
-88,150,-1.4664,
-86,150,-0.455993,
-84,150,-0.705494,
-82,150,-2.3091,
-80,150,-5.65188,
-78,150,-11.9355,
-76,150,-19.2571,
-74,150,-12.6692,
-72,150,-9.87065,
-70,150,-9.43834,
-68,150,-10.441,
-66,150,-12.5409,
-64,150,-15.4398,
-62,150,-17.5596,
-60,150,-16.104,
-58,150,-13.1354,
-56,150,-10.6053,
-54,150,-8.70892,
-52,150,-7.43351,
-50,150,-6.91005,
-48,150,-7.38158,
-46,150,-8.9565,
-44,150,-10.5698,
-42,150,-9.72663,
-40,150,-7.99508,
-38,150,-7.44365,
-36,150,-7.94749,
-34,150,-7.76594,
-32,150,-5.93199,
-30,150,-4.24831,
-28,150,-3.8169,
-26,150,-5.00105,
-24,150,-8.32892,
-22,150,-14.4064,
-20,150,-12.8673,
-18,150,-8.16923,
-16,150,-5.9647,
-14,150,-5.09731,
-12,150,-4.85414,
-10,150,-5.0042,
-8,150,-5.79309,
-6,150,-7.77375,
-4,150,-11.9292,
-2,150,-21.1533,
0,150,-19.3565,
2,150,-14.0978,
4,150,-13.2635,
6,150,-14.7162,
8,150,-15.613,
10,150,-13.4518,
12,150,-11.2987,
14,150,-10.1397,
16,150,-9.39571,
18,150,-8.59458,
20,150,-7.93514,
22,150,-7.80496,
24,150,-8.24088,
26,150,-8.88804,
28,150,-9.50235,
30,150,-10.5938,
32,150,-12.8686,
34,150,-14.1191,
36,150,-10.8947,
38,150,-8.32508,
40,150,-8.1082,
42,150,-10.8408,
44,150,-17.2848,
46,150,-12.2369,
48,150,-7.29983,
50,150,-5.41632,
52,150,-5.39774,
54,150,-6.7552,
56,150,-9.14802,
58,150,-11.5605,
60,150,-11.575,
62,150,-9.80521,
64,150,-8.46188,
66,150,-7.97996,
68,150,-8.23251,
70,150,-9.26453,
72,150,-11.6134,
74,150,-16.083,
76,150,-15.9754,
78,150,-10.6352,
80,150,-7.81872,
82,150,-7.13262,
84,150,-8.03411,
86,150,-8.76251,
88,150,-6.48183,
90,150,-3.4338,
92,150,-1.48729,
94,150,-0.805459,
96,150,-1.35201,
98,150,-3.19119,
100,150,-6.55261,
102,150,-11.7331,
104,150,-16.1652,
106,150,-14.6319,
108,150,-13.2551,
110,150,-13.1752,
112,150,-13.8284,
114,150,-15.045,
116,150,-17.0438,
118,150,-19.547,
120,150,-18.4628,
122,150,-14.0624,
124,150,-10.4977,
126,150,-8.03604,
128,150,-6.42461,
130,150,-5.68377,
132,150,-6.12347,
134,150,-8.2327,
136,150,-11.8052,
138,150,-11.1569,
140,150,-7.91277,
142,150,-6.71006,
144,150,-7.39496,
146,150,-8.48052,
148,150,-7.48902,
150,150,-5.70477,
152,150,-5.06904,
154,150,-6.10742,
156,150,-9.33376,
158,150,-15.0765,
160,150,-12.5842,
162,150,-7.83584,
164,150,-5.52687,
166,150,-4.65534,
168,150,-4.66105,
170,150,-5.3729,
172,150,-7.06335,
174,150,-10.6133,
176,150,-18.3935,
178,150,-16.7667,
180,150,-10.6795,
-180,152,-15.5336,
-178,152,-15.9438,
-176,152,-16.7457,
-174,152,-17.0228,
-172,152,-15.5655,
-170,152,-12.2723,
-168,152,-8.63587,
-166,152,-5.66549,
-164,152,-3.64771,
-162,152,-2.6416,
-160,152,-2.68773,
-158,152,-3.88472,
-156,152,-6.47751,
-154,152,-11.1675,
-152,152,-19.4544,
-150,152,-13.976,
-148,152,-7.57437,
-146,152,-3.75142,
-144,152,-1.45944,
-142,152,-0.447923,
-140,152,-0.69396,
-138,152,-2.33126,
-136,152,-5.78742,
-134,152,-12.4337,
-132,152,-19.4324,
-130,152,-11.9409,
-128,152,-8.79847,
-126,152,-7.72278,
-124,152,-7.79951,
-122,152,-8.62743,
-120,152,-9.58954,
-118,152,-9.75888,
-116,152,-9.18247,
-114,152,-8.81651,
-112,152,-9.17902,
-110,152,-10.2505,
-108,152,-11.6444,
-106,152,-12.7434,
-104,152,-13.1879,
-102,152,-13.2795,
-100,152,-13.7567,
-98,152,-15.6281,
-96,152,-20.1191,
-94,152,-17.9534,
-92,152,-11.0815,
-90,152,-7.00359,
-88,152,-4.71627,
-86,152,-3.71504,
-84,152,-3.79396,
-82,152,-4.89299,
-80,152,-7.06806,
-78,152,-10.5356,
-76,152,-15.6596,
-74,152,-19.7331,
-72,152,-16.5163,
-70,152,-13.4009,
-68,152,-11.5235,
-66,152,-10.4115,
-64,152,-9.83194,
-62,152,-9.61358,
-60,152,-9.42217,
-58,152,-8.84124,
-56,152,-7.87781,
-54,152,-7.01105,
-52,152,-6.73759,
-50,152,-7.51228,
-48,152,-10.1148,
-46,152,-17.2501,
-44,152,-19.3394,
-42,152,-9.93471,
-40,152,-6.55502,
-38,152,-5.85015,
-36,152,-7.35883,
-34,152,-10.8816,
-32,152,-11.2935,
-30,152,-7.44829,
-28,152,-5.28956,
-26,152,-5.10667,
-24,152,-6.85014,
-22,152,-11.0367,
-20,152,-17.0588,
-18,152,-13.201,
-16,152,-9.57182,
-14,152,-8.32043,
-12,152,-8.51175,
-10,152,-9.5199,
-8,152,-10.7916,
-6,152,-12.0673,
-4,152,-13.6167,
-2,152,-15.8758,
0,152,-18.841,
2,152,-21.0676,
4,152,-20.5074,
6,152,-17.9138,
8,152,-14.3164,
10,152,-10.6395,
12,152,-7.52917,
14,152,-5.20329,
16,152,-3.71024,
18,152,-3.06747,
20,152,-3.29618,
22,152,-4.41049,
24,152,-6.3666,
26,152,-9.00645,
28,152,-12.2533,
30,152,-15.7237,
32,152,-12.8451,
34,152,-7.32382,
36,152,-3.73541,
38,152,-1.86717,
40,152,-1.49331,
42,152,-2.62609,
44,152,-5.58622,
46,152,-11.3912,
48,152,-17.8301,
50,152,-11.9991,
52,152,-9.04604,
54,152,-8.25694,
56,152,-8.74372,
58,152,-10.1049,
60,152,-11.6686,
62,152,-12.1367,
64,152,-11.5181,
66,152,-11.1712,
68,152,-11.6731,
70,152,-12.822,
72,152,-13.8726,
74,152,-13.9126,
76,152,-12.8797,
78,152,-11.6443,
80,152,-11.1014,
82,152,-11.9212,
84,152,-14.687,
86,152,-16.6702,
88,152,-11.7786,
90,152,-7.62867,
92,152,-5.29711,
94,152,-4.29602,
96,152,-4.33162,
98,152,-5.22791,
100,152,-6.85873,
102,152,-9.10556,
104,152,-11.7187,
106,152,-13.7743,
108,152,-13.6832,
110,152,-11.9082,
112,152,-9.97648,
114,152,-8.51769,
116,152,-7.7594,
118,152,-7.79626,
120,152,-8.49693,
122,152,-9.19023,
124,152,-8.83117,
126,152,-7.57477,
128,152,-6.51747,
130,152,-6.40518,
132,152,-7.86156,
134,152,-12.1402,
136,152,-18.3215,
138,152,-10.5256,
140,152,-6.48918,
142,152,-5.48973,
144,152,-7.01257,
146,152,-11.7471,
148,152,-15.0678,
150,152,-8.97233,
152,152,-5.98275,
154,152,-5.40978,
156,152,-6.81097,
158,152,-10.6399,
160,152,-19.6801,
162,152,-18.035,
164,152,-11.6335,
166,152,-9.4984,
168,152,-9.45108,
170,152,-10.9483,
172,152,-13.7183,
174,152,-16.6536,
176,152,-17.0938,
178,152,-15.9972,
180,152,-15.5336,
-180,154,-14.4874,
-178,154,-13.21,
-176,154,-12.8394,
-174,154,-13.3692,
-172,154,-13.3328,
-170,154,-10.7238,
-168,154,-7.37205,
-166,154,-4.85368,
-164,154,-3.36862,
-162,154,-2.84596,
-160,154,-3.20465,
-158,154,-4.37684,
-156,154,-6.35903,
-154,154,-9.50724,
-152,154,-15.6834,
-150,154,-18.397,
-148,154,-8.7154,
-146,154,-3.91823,
-144,154,-1.32696,
-142,154,-0.21638,
-140,154,-0.37443,
-138,154,-1.80897,
-136,154,-4.68797,
-134,154,-8.86794,
-132,154,-10.1029,
-130,154,-6.94126,
-128,154,-4.46597,
-126,154,-3.09095,
-124,154,-2.49871,
-122,154,-2.45377,
-120,154,-2.73724,
-118,154,-3.12275,
-116,154,-3.49363,
-114,154,-3.95557,
-112,154,-4.74395,
-110,154,-6.04933,
-108,154,-7.91269,
-106,154,-10.0981,
-104,154,-11.8665,
-102,154,-12.2985,
-100,154,-11.5349,
-98,154,-10.4366,
-96,154,-9.57002,
-94,154,-9.1907,
-92,154,-9.40641,
-90,154,-10.2404,
-88,154,-11.6306,
-86,154,-13.3794,
-84,154,-15.1062,
-82,154,-16.3805,
-80,154,-17.0363,
-78,154,-17.2762,
-76,154,-17.6327,
-74,154,-18.9236,
-72,154,-21.9907,
-70,154,-22.577,
-68,154,-16.6945,
-66,154,-12.3525,
-64,154,-9.66043,
-62,154,-7.9746,
-60,154,-6.8274,
-58,154,-5.93119,
-56,154,-5.24971,
-54,154,-4.95406,
-52,154,-5.30631,
-50,154,-6.64218,
-48,154,-9.39188,
-46,154,-12.491,
-44,154,-9.69519,
-42,154,-5.67804,
-40,154,-3.45565,
-38,154,-2.90336,
-36,154,-4.0572,
-34,154,-7.57769,
-32,154,-17.1276,
-30,154,-15.4915,
-28,154,-7.86079,
-26,154,-5.22766,
-24,154,-4.6985,
-22,154,-5.61534,
-20,154,-7.74987,
-18,154,-10.9337,
-16,154,-14.6545,
-14,154,-17.531,
-12,154,-18.4596,
-10,154,-17.9677,
-8,154,-17.0111,
-6,154,-16.5212,
-4,154,-16.9913,
-2,154,-18.1888,
0,154,-18.6871,
2,154,-17.6805,
4,154,-16.6759,
6,154,-16.0224,
8,154,-13.9747,
10,154,-10.3486,
12,154,-7.00405,
14,154,-4.61886,
16,154,-3.21118,
18,154,-2.69767,
20,154,-2.99004,
22,154,-3.98632,
24,154,-5.58842,
26,154,-7.89422,
28,154,-11.7015,
30,154,-17.4161,
32,154,-11.1609,
34,154,-5.34598,
36,154,-2.09785,
38,154,-0.49796,
40,154,-0.228753,
42,154,-1.24171,
44,154,-3.68111,
46,154,-7.75024,
48,154,-11.0921,
50,154,-8.52898,
52,154,-5.72433,
54,154,-4.22758,
56,154,-3.66931,
58,154,-3.75302,
60,154,-4.24357,
62,154,-4.91801,
64,154,-5.66779,
66,154,-6.63261,
68,154,-8.12185,
70,154,-10.3503,
72,154,-12.7746,
74,154,-13.0849,
76,154,-11.1061,
78,154,-9.07702,
80,154,-7.60895,
82,154,-6.67173,
84,154,-6.23035,
86,154,-6.30283,
88,154,-6.91843,
90,154,-8.0789,
92,154,-9.72218,
94,154,-11.6814,
96,154,-13.6749,
98,154,-15.3539,
100,154,-16.3107,
102,154,-16.3617,
104,154,-16.1509,
106,154,-16.5691,
108,154,-17.3177,
110,154,-15.4958,
112,154,-11.6826,
114,154,-8.653,
116,154,-6.82276,
118,154,-5.96385,
120,154,-5.69568,
122,154,-5.50688,
124,154,-5.01212,
126,154,-4.31937,
128,154,-3.8482,
130,154,-3.95912,
132,154,-4.82703,
134,154,-6.12801,
136,154,-6.31581,
138,154,-4.68053,
140,154,-3.07451,
142,154,-2.62574,
144,154,-3.74926,
146,154,-7.11141,
148,154,-15.1648,
150,154,-14.6719,
152,154,-7.73327,
154,154,-5.03639,
156,154,-4.22819,
158,154,-4.54427,
160,154,-5.55074,
162,154,-6.86647,
164,154,-8.14779,
166,154,-9.22594,
168,154,-10.1837,
170,154,-11.2347,
172,154,-12.5732,
174,154,-14.2407,
176,154,-15.7514,
178,154,-15.8408,
180,154,-14.4874,
-180,156,-7.16674,
-178,156,-8.07806,
-176,156,-9.6285,
-174,156,-11.443,
-172,156,-11.895,
-170,156,-10.1722,
-168,156,-8.15272,
-166,156,-6.8821,
-164,156,-6.48807,
-162,156,-6.83366,
-160,156,-7.59367,
-158,156,-8.32667,
-156,156,-8.97252,
-154,156,-10.1466,
-152,156,-12.4106,
-150,156,-13.0814,
-148,156,-8.99807,
-146,156,-5.3287,
-144,156,-3.23498,
-142,156,-2.54241,
-140,156,-3.19901,
-138,156,-5.4305,
-136,156,-10.1201,
-134,156,-18.9907,
-132,156,-12.3757,
-130,156,-7.19501,
-128,156,-4.59087,
-126,156,-3.21058,
-124,156,-2.58195,
-122,156,-2.51215,
-120,156,-2.90192,
-118,156,-3.67108,
-116,156,-4.75052,
-114,156,-6.11517,
-112,156,-7.76682,
-110,156,-9.48348,
-108,156,-10.3378,
-106,156,-9.53787,
-104,156,-7.9883,
-102,156,-6.59903,
-100,156,-5.4653,
-98,156,-4.35174,
-96,156,-3.10035,
-94,156,-1.8052,
-92,156,-0.687424,
-90,156,0.0744522,
-88,156,0.38151,
-86,156,0.186254,
-84,156,-0.531214,
-82,156,-1.76478,
-80,156,-3.45926,
-78,156,-5.47526,
-76,156,-7.6219,
-74,156,-9.88871,
-72,156,-12.7432,
-70,156,-17.1957,
-68,156,-21.7482,
-66,156,-16.6026,
-64,156,-12.0166,
-62,156,-9.07758,
-60,156,-7.03066,
-58,156,-5.59002,
-56,156,-4.72098,
-54,156,-4.49675,
-52,156,-5.04829,
-50,156,-6.56906,
-48,156,-9.13649,
-46,156,-10.8015,
-44,156,-8.09008,
-42,156,-4.8125,
-40,156,-2.83019,
-38,156,-2.18267,
-36,156,-2.91212,
-34,156,-5.39773,
-32,156,-11.1353,
-30,156,-21.266,
-28,156,-9.66304,
-26,156,-5.26559,
-24,156,-3.39157,
-22,156,-2.86593,
-20,156,-3.23597,
-18,156,-4.23537,
-16,156,-5.65827,
-14,156,-7.34539,
-12,156,-9.21196,
-10,156,-11.2325,
-8,156,-13.2582,
-6,156,-14.5799,
-4,156,-14.2003,
-2,156,-12.6639,
0,156,-11.2435,
2,156,-10.5581,
4,156,-10.8659,
6,156,-12.3443,
8,156,-14.7173,
10,156,-15.0854,
12,156,-12.1358,
14,156,-9.46426,
16,156,-7.91608,
18,156,-7.27588,
20,156,-7.21638,
22,156,-7.44731,
24,156,-7.92806,
26,156,-8.97054,
28,156,-10.7985,
30,156,-11.4374,
32,156,-8.18732,
34,156,-4.65824,
36,156,-2.40159,
38,156,-1.41363,
40,156,-1.64422,
42,156,-3.21209,
44,156,-6.58884,
46,156,-13.241,
48,156,-16.0379,
50,156,-9.12589,
52,156,-5.79975,
54,156,-4.21507,
56,156,-3.62055,
58,156,-3.71992,
60,156,-4.38967,
62,156,-5.58378,
64,156,-7.31894,
66,156,-9.69791,
68,156,-12.6706,
70,156,-14.1381,
72,156,-11.5898,
74,156,-8.54911,
76,156,-6.49307,
78,156,-5.30704,
80,156,-4.64303,
82,156,-4.05138,
84,156,-3.16428,
86,156,-2.00238,
88,156,-0.885156,
90,156,-0.100254,
92,156,0.197397,
94,156,-0.0653218,
96,156,-0.927794,
98,156,-2.40805,
100,156,-4.47701,
102,156,-6.99675,
104,156,-9.72286,
106,156,-12.6546,
108,156,-16.5446,
110,156,-21.1235,
112,156,-17.6096,
114,156,-13.0901,
116,156,-10.4284,
118,156,-8.73348,
120,156,-7.30927,
122,156,-5.86748,
124,156,-4.54477,
126,156,-3.60002,
128,156,-3.21348,
130,156,-3.48031,
132,156,-4.37005,
134,156,-5.40349,
136,156,-5.33161,
138,156,-3.87319,
140,156,-2.39831,
142,156,-1.7857,
144,156,-2.36703,
146,156,-4.50132,
148,156,-9.20853,
150,156,-20.1682,
152,156,-11.8053,
154,156,-6.32821,
156,156,-3.78215,
158,156,-2.54084,
160,156,-2.04929,
162,156,-2.0814,
164,156,-2.56251,
166,156,-3.46672,
168,156,-4.70888,
170,156,-6.0159,
172,156,-6.9073,
174,156,-7.10616,
176,156,-6.91883,
178,156,-6.83546,
180,156,-7.16674,
-180,158,-8.09201,
-178,158,-9.18681,
-176,158,-10.6432,
-174,158,-10.8101,
-172,158,-9.09027,
-170,158,-7.19894,
-168,158,-6.05365,
-166,158,-5.80834,
-164,158,-6.45574,
-162,158,-7.91871,
-160,158,-9.81257,
-158,158,-10.9428,
-156,158,-10.2625,
-154,158,-8.57612,
-152,158,-6.69429,
-150,158,-4.84856,
-148,158,-3.23527,
-146,158,-2.07406,
-144,158,-1.52265,
-142,158,-1.67137,
-140,158,-2.56592,
-138,158,-4.19373,
-136,158,-6.36421,
-134,158,-8.4359,
-132,158,-9.50738,
-130,158,-9.6663,
-128,158,-9.65391,
-126,158,-9.73993,
-124,158,-9.91809,
-122,158,-10.3334,
-120,158,-11.3383,
-118,158,-13.3995,
-116,158,-17.0728,
-114,158,-20.245,
-112,158,-15.8735,
-110,158,-11.4359,
-108,158,-8.46783,
-106,158,-6.47309,
-104,158,-5.14624,
-102,158,-4.27016,
-100,158,-3.61011,
-98,158,-2.90407,
-96,158,-1.98773,
-94,158,-0.922435,
-92,158,0.0820591,
-90,158,0.833599,
-88,158,1.22209,
-86,158,1.20471,
-84,158,0.780641,
-82,158,-0.0239611,
-80,158,-1.1663,
-78,158,-2.60509,
-76,158,-4.33576,
-74,158,-6.43762,
-72,158,-9.12242,
-70,158,-12.7986,
-68,158,-17.7637,
-66,158,-18.3598,
-64,158,-13.3723,
-62,158,-9.58566,
-60,158,-7.01508,
-58,158,-5.35084,
-56,158,-4.47302,
-54,158,-4.36556,
-52,158,-5.10192,
-50,158,-6.90254,
-48,158,-10.293,
-46,158,-15.5527,
-44,158,-13.59,
-42,158,-8.54272,
-40,158,-5.73421,
-38,158,-4.57559,
-36,158,-4.83266,
-34,158,-6.68337,
-32,158,-11.0186,
-30,158,-19.6264,
-28,158,-12.7245,
-26,158,-7.4961,
-24,158,-5.08439,
-22,158,-4.17871,
-20,158,-4.31972,
-18,158,-5.31419,
-16,158,-7.1018,
-14,158,-9.76829,
-12,158,-13.733,
-10,158,-20.6353,
-8,158,-27.9804,
-6,158,-18.003,
-4,158,-13.6706,
-2,158,-11.4754,
0,158,-10.523,
2,158,-10.5221,
4,158,-11.3166,
6,158,-12.6195,
8,158,-13.6855,
10,158,-13.7105,
12,158,-13.1607,
14,158,-13.0429,
16,158,-13.8565,
18,158,-15.563,
20,158,-16.9668,
22,158,-16.1066,
24,158,-14.0052,
26,158,-11.785,
28,158,-9.25164,
30,158,-6.50428,
32,158,-4.04569,
34,158,-2.21493,
36,158,-1.13319,
38,158,-0.83212,
40,158,-1.32227,
42,158,-2.59923,
44,158,-4.57115,
46,158,-6.81068,
48,158,-8.32088,
50,158,-8.60837,
52,158,-8.52569,
54,158,-8.79668,
56,158,-9.60785,
58,158,-11.0155,
60,158,-13.246,
62,158,-16.9591,
64,158,-23.0016,
66,158,-20.2656,
68,158,-14.2829,
70,158,-10.5995,
72,158,-8.20867,
74,158,-6.6658,
76,158,-5.77521,
78,158,-5.38164,
80,158,-5.2167,
82,158,-4.82219,
84,158,-3.83183,
86,158,-2.41416,
88,158,-1.02986,
90,158,0.00957718,
92,158,0.585172,
94,158,0.678115,
96,158,0.314789,
98,158,-0.451444,
100,158,-1.54622,
102,158,-2.88695,
104,158,-4.41026,
106,158,-6.09768,
108,158,-7.97289,
110,158,-10.0927,
112,158,-12.5877,
114,158,-15.4821,
116,158,-16.5063,
118,158,-13.0351,
120,158,-9.22122,
122,158,-6.50617,
124,158,-4.80896,
126,158,-3.9916,
128,158,-3.99942,
130,158,-4.8647,
132,158,-6.64641,
134,158,-8.88274,
136,158,-8.99567,
138,158,-6.40108,
140,158,-4.03263,
142,158,-2.75723,
144,158,-2.62207,
146,158,-3.69086,
148,158,-6.25846,
150,158,-11.2694,
152,158,-19.522,
154,158,-12.8625,
156,158,-8.1493,
158,158,-5.82361,
160,158,-4.69619,
162,158,-4.34651,
164,158,-4.64246,
166,158,-5.5846,
168,158,-7.18519,
170,158,-9.1824,
172,158,-10.4272,
174,158,-9.83216,
176,158,-8.57742,
178,158,-7.88356,
180,158,-8.09201,
-180,160,-10.103,
-178,160,-9.27848,
-176,160,-8.12096,
-174,160,-6.90222,
-172,160,-5.90104,
-170,160,-5.29718,
-168,160,-5.18189,
-166,160,-5.58462,
-164,160,-6.45594,
-162,160,-7.55324,
-160,160,-8.23843,
-158,160,-7.75937,
-156,160,-6.26448,
-154,160,-4.49203,
-152,160,-2.887,
-150,160,-1.61121,
-148,160,-0.729149,
-146,160,-0.27758,
-144,160,-0.276345,
-142,160,-0.720525,
-140,160,-1.56321,
-138,160,-2.6958,
-136,160,-3.95933,
-134,160,-5.24147,
-132,160,-6.61146,
-130,160,-8.30199,
-128,160,-10.4478,
-126,160,-12.4228,
-124,160,-12.5002,
-122,160,-10.9973,
-120,160,-9.67853,
-118,160,-9.10933,
-116,160,-9.25278,
-114,160,-9.86737,
-112,160,-10.4856,
-110,160,-10.4927,
-108,160,-9.68427,
-106,160,-8.46178,
-104,160,-7.25261,
-102,160,-6.24329,
-100,160,-5.46611,
-98,160,-4.88932,
-96,160,-4.46186,
-94,160,-4.14027,
-92,160,-3.90688,
-90,160,-3.7739,
-88,160,-3.77292,
-86,160,-3.94007,
-84,160,-4.30802,
-82,160,-4.90724,
-80,160,-5.77216,
-78,160,-6.94734,
-76,160,-8.49456,
-74,160,-10.5149,
-72,160,-13.2179,
-70,160,-17.007,
-68,160,-20.6474,
-66,160,-16.9497,
-64,160,-12.0429,
-62,160,-8.62042,
-60,160,-6.32548,
-58,160,-4.90516,
-56,160,-4.23395,
-54,160,-4.25848,
-52,160,-4.9851,
-50,160,-6.50366,
-48,160,-9.06481,
-46,160,-13.2392,
-44,160,-18.5908,
-42,160,-15.5983,
-40,160,-11.3216,
-38,160,-9.11493,
-36,160,-8.42428,
-34,160,-9.04071,
-32,160,-10.9999,
-30,160,-14.2085,
-28,160,-16.1748,
-26,160,-14.1185,
-24,160,-12.1302,
-22,160,-11.6823,
-20,160,-12.9414,
-18,160,-16.3446,
-16,160,-20.5347,
-14,160,-15.9642,
-12,160,-11.3252,
-10,160,-8.54909,
-8,160,-6.92377,
-6,160,-6.05313,
-4,160,-5.70102,
-2,160,-5.68972,
0,160,-5.85374,
2,160,-6.03204,
4,160,-6.10615,
6,160,-6.06062,
8,160,-5.99415,
10,160,-6.0589,
12,160,-6.39127,
14,160,-7.07598,
16,160,-8.12292,
18,160,-9.41415,
20,160,-10.5855,
22,160,-10.9592,
24,160,-10.0214,
26,160,-8.10199,
28,160,-5.91429,
30,160,-3.93361,
32,160,-2.37956,
34,160,-1.33989,
36,160,-0.842184,
38,160,-0.881109,
40,160,-1.41887,
42,160,-2.36757,
44,160,-3.57202,
46,160,-4.85007,
48,160,-6.1389,
50,160,-7.62026,
52,160,-9.65501,
54,160,-12.6035,
56,160,-16.131,
58,160,-16.8193,
60,160,-14.4253,
62,160,-12.512,
64,160,-11.5377,
66,160,-11.1859,
68,160,-11.1085,
70,160,-11.0315,
72,160,-10.8234,
74,160,-10.4849,
76,160,-10.0651,
78,160,-9.59617,
80,160,-9.07499,
82,160,-8.47433,
84,160,-7.7764,
86,160,-7.01,
88,160,-6.25348,
90,160,-5.5995,
92,160,-5.11873,
94,160,-4.8466,
96,160,-4.78821,
98,160,-4.92859,
100,160,-5.24139,
102,160,-5.69661,
104,160,-6.27699,
106,160,-7.01473,
108,160,-8.04673,
110,160,-9.6838,
112,160,-12.5793,
114,160,-18.5411,
116,160,-23.2598,
118,160,-13.6813,
120,160,-9.03039,
122,160,-6.47381,
124,160,-5.15325,
126,160,-4.77145,
128,160,-5.24671,
130,160,-6.65878,
132,160,-9.29906,
134,160,-13.5073,
136,160,-14.9789,
138,160,-10.3674,
140,160,-6.89221,
142,160,-4.94555,
144,160,-4.1581,
146,160,-4.36613,
148,160,-5.54892,
150,160,-7.80928,
152,160,-11.4262,
154,160,-16.9594,
156,160,-22.961,
158,160,-20.5451,
160,160,-17.6208,
162,160,-15.7642,
164,160,-14.181,
166,160,-12.7819,
168,160,-11.7353,
170,160,-11.1018,
172,160,-10.8069,
174,160,-10.7108,
176,160,-10.6653,
178,160,-10.521,
180,160,-10.103,
-180,162,-1.90851,
-178,162,-2.27928,
-176,162,-2.8585,
-174,162,-3.64065,
-172,162,-4.62793,
-170,162,-5.81297,
-168,162,-7.13201,
-166,162,-8.36684,
-164,162,-9.06406,
-162,162,-8.80742,
-160,162,-7.74104,
-158,162,-6.36077,
-156,162,-5.01951,
-154,162,-3.87806,
-152,162,-3.01288,
-150,162,-2.47754,
-148,162,-2.32199,
-146,162,-2.59625,
-144,162,-3.35006,
-142,162,-4.62987,
-140,162,-6.46832,
-138,162,-8.85582,
-136,162,-11.685,
-134,162,-14.6591,
-132,162,-16.8793,
-130,162,-16.1705,
-128,162,-12.9227,
-126,162,-9.66105,
-124,162,-7.15238,
-122,162,-5.4218,
-120,162,-4.38888,
-118,162,-3.98093,
-116,162,-4.14702,
-114,162,-4.85805,
-112,162,-6.10807,
-110,162,-7.91864,
-108,162,-10.3287,
-106,162,-13.2277,
-104,162,-15.397,
-102,162,-14.4122,
-100,162,-11.7072,
-98,162,-9.25396,
-96,162,-7.372,
-94,162,-6.00617,
-92,162,-5.08749,
-90,162,-4.57331,
-88,162,-4.44492,
-86,162,-4.70258,
-84,162,-5.36171,
-82,162,-6.44777,
-80,162,-7.98325,
-78,162,-9.94462,
-76,162,-12.1194,
-74,162,-13.7776,
-72,162,-13.8089,
-70,162,-12.2545,
-68,162,-10.1073,
-66,162,-7.98471,
-64,162,-6.1468,
-62,162,-4.71618,
-60,162,-3.75306,
-58,162,-3.28426,
-56,162,-3.31936,
-54,162,-3.85903,
-52,162,-4.8983,
-50,162,-6.42756,
-48,162,-8.43113,
-46,162,-10.8595,
-44,162,-13.4405,
-42,162,-15.1105,
-40,162,-14.6529,
-38,162,-13.1148,
-36,162,-11.8571,
-34,162,-11.3009,
-32,162,-11.5191,
-30,162,-12.5227,
-28,162,-14.3218,
-26,162,-16.9172,
-24,162,-20.0751,
-22,162,-21.6663,
-20,162,-18.7106,
-18,162,-14.5769,
-16,162,-11.1074,
-14,162,-8.39465,
-12,162,-6.32992,
-10,162,-4.8065,
-8,162,-3.73127,
-6,162,-3.01981,
-4,162,-2.59277,
-2,162,-2.37672,
0,162,-2.31045,
2,162,-2.35476,
4,162,-2.49918,
6,162,-2.75918,
8,162,-3.16293,
10,162,-3.73263,
12,162,-4.46393,
14,162,-5.30469,
16,162,-6.13738,
18,162,-6.78544,
20,162,-7.07144,
22,162,-6.90756,
24,162,-6.33928,
26,162,-5.51511,
28,162,-4.62867,
30,162,-3.86707,
32,162,-3.38131,
34,162,-3.28226,
36,162,-3.65111,
38,162,-4.55103,
40,162,-6.03167,
42,162,-8.11932,
44,162,-10.789,
46,162,-13.9617,
48,162,-17.6931,
50,162,-21.9798,
52,162,-20.8266,
54,162,-15.3452,
56,162,-11.3589,
58,162,-8.74322,
60,162,-7.13528,
62,162,-6.3242,
64,162,-6.1813,
66,162,-6.61748,
68,162,-7.5613,
70,162,-8.9506,
72,162,-10.7374,
74,162,-12.884,
76,162,-15.1915,
78,162,-16.5276,
80,162,-15.2119,
82,162,-12.489,
84,162,-9.9719,
86,162,-8.02259,
88,162,-6.62849,
90,162,-5.73264,
92,162,-5.29025,
94,162,-5.27206,
96,162,-5.65726,
98,162,-6.42122,
100,162,-7.51712,
102,162,-8.85552,
104,162,-10.3035,
106,162,-11.7267,
108,162,-12.979,
110,162,-13.5966,
112,162,-12.7241,
114,162,-10.5392,
116,162,-8.17802,
118,162,-6.27216,
120,162,-4.9819,
122,162,-4.32009,
124,162,-4.27474,
126,162,-4.84633,
128,162,-6.0711,
130,162,-8.06662,
132,162,-11.1667,
134,162,-16.4756,
136,162,-31.7064,
138,162,-19.7428,
140,162,-13.4569,
142,162,-10.4632,
144,162,-8.96847,
146,162,-8.49625,
148,162,-8.86788,
150,162,-9.99441,
152,162,-11.7821,
154,162,-14.0325,
156,162,-16.3077,
158,162,-17.7262,
160,162,-16.9452,
162,162,-14.0866,
164,162,-10.8335,
166,162,-8.03556,
168,162,-5.83865,
170,162,-4.19758,
172,162,-3.03603,
174,162,-2.28222,
176,162,-1.87501,
178,162,-1.76388,
180,162,-1.90851,
-180,164,-3.43573,
-178,164,-4.36376,
-176,164,-5.7987,
-174,164,-7.86635,
-172,164,-10.7768,
-170,164,-14.7053,
-168,164,-17.8566,
-166,164,-15.8042,
-164,164,-12.6779,
-162,164,-10.5127,
-160,164,-9.12412,
-158,164,-8.25721,
-156,164,-7.74403,
-154,164,-7.48595,
-152,164,-7.43597,
-150,164,-7.57363,
-148,164,-7.86248,
-146,164,-8.19355,
-144,164,-8.35391,
-142,164,-8.1209,
-140,164,-7.47388,
-138,164,-6.623,
-136,164,-5.79647,
-134,164,-5.09529,
-132,164,-4.49131,
-130,164,-3.88472,
-128,164,-3.18876,
-126,164,-2.40416,
-124,164,-1.62119,
-122,164,-0.958411,
-120,164,-0.510018,
-118,164,-0.331482,
-116,164,-0.446464,
-114,164,-0.857032,
-112,164,-1.55124,
-110,164,-2.50904,
-108,164,-3.71002,
-106,164,-5.14657,
-104,164,-6.84363,
-102,164,-8.88135,
-100,164,-11.4069,
-98,164,-14.5569,
-96,164,-17.7034,
-94,164,-17.8141,
-92,164,-15.2451,
-90,164,-12.9141,
-88,164,-11.3186,
-86,164,-10.3143,
-84,164,-9.71652,
-82,164,-9.34398,
-80,164,-9.00919,
-78,164,-8.53095,
-76,164,-7.78026,
-74,164,-6.73074,
-72,164,-5.46301,
-70,164,-4.11572,
-68,164,-2.82885,
-66,164,-1.71377,
-64,164,-0.848953,
-62,164,-0.286981,
-60,164,-0.0633846,
-58,164,-0.20333,
-56,164,-0.725308,
-54,164,-1.64135,
-52,164,-2.95235,
-50,164,-4.63515,
-48,164,-6.61505,
-46,164,-8.71912,
-44,164,-10.6293,
-42,164,-11.9272,
-40,164,-12.3374,
-38,164,-11.983,
-36,164,-11.2804,
-34,164,-10.6384,
-32,164,-10.3254,
-30,164,-10.4961,
-28,164,-11.2436,
-26,164,-12.6082,
-24,164,-14.4253,
-22,164,-15.7432,
-20,164,-15.0057,
-18,164,-12.8633,
-16,164,-10.7698,
-14,164,-9.15477,
-12,164,-8.02446,
-10,164,-7.31748,
-8,164,-6.97725,
-6,164,-6.95783,
-4,164,-7.21686,
-2,164,-7.70564,
0,164,-8.35773,
2,164,-9.07826,
4,164,-9.74138,
6,164,-10.2117,
8,164,-10.3966,
10,164,-10.2949,
12,164,-9.98938,
14,164,-9.58923,
16,164,-9.17489,
18,164,-8.77381,
20,164,-8.36321,
22,164,-7.89705,
24,164,-7.35143,
26,164,-6.76016,
28,164,-6.20848,
30,164,-5.79354,
32,164,-5.58639,
34,164,-5.6094,
36,164,-5.82101,
38,164,-6.10603,
40,164,-6.29799,
42,164,-6.2665,
44,164,-6.01087,
46,164,-5.63369,
48,164,-5.22466,
50,164,-4.79346,
52,164,-4.29463,
54,164,-3.70312,
56,164,-3.06842,
58,164,-2.49827,
60,164,-2.10482,
62,164,-1.96953,
64,164,-2.13666,
66,164,-2.61832,
68,164,-3.39813,
70,164,-4.43161,
72,164,-5.64992,
74,164,-6.98228,
76,164,-8.40701,
78,164,-10.0112,
80,164,-12.0257,
82,164,-14.86,
84,164,-19.1704,
86,164,-23.5357,
88,164,-19.5384,
90,164,-15.1732,
92,164,-12.3882,
94,164,-10.5668,
96,164,-9.32907,
98,164,-8.4313,
100,164,-7.68732,
102,164,-6.94557,
104,164,-6.09771,
106,164,-5.09974,
108,164,-3.98081,
110,164,-2.82444,
112,164,-1.73338,
114,164,-0.801432,
116,164,-0.101821,
118,164,0.312356,
120,164,0.403296,
122,164,0.143795,
124,164,-0.485262,
126,164,-1.49404,
128,164,-2.87767,
130,164,-4.6013,
132,164,-6.5707,
134,164,-8.58546,
136,164,-10.2994,
138,164,-11.2941,
140,164,-11.372,
142,164,-10.7751,
144,164,-9.95466,
146,164,-9.26393,
148,164,-8.89715,
150,164,-8.94692,
152,164,-9.4604,
154,164,-10.4699,
156,164,-11.9794,
158,164,-13.787,
160,164,-14.8557,
162,164,-13.6596,
164,164,-11.0683,
166,164,-8.54416,
168,164,-6.49603,
170,164,-4.94184,
172,164,-3.8387,
174,164,-3.14966,
176,164,-2.85322,
178,164,-2.94427,
180,164,-3.43573,
-180,166,-2.091,
-178,166,-2.3963,
-176,166,-2.91137,
-174,166,-3.6165,
-172,166,-4.49667,
-170,166,-5.5476,
-168,166,-6.78717,
-166,166,-8.27358,
-164,166,-10.1348,
-162,166,-12.6292,
-160,166,-16.3042,
-158,166,-22.0589,
-156,166,-21.9844,
-154,166,-15.7182,
-152,166,-11.572,
-150,166,-8.69306,
-148,166,-6.55027,
-146,166,-4.90174,
-144,166,-3.62731,
-142,166,-2.66348,
-140,166,-1.97383,
-138,166,-1.53192,
-136,166,-1.30853,
-134,166,-1.26012,
-132,166,-1.31954,
-130,166,-1.39591,
-128,166,-1.39598,
-126,166,-1.26733,
-124,166,-1.03167,
-122,166,-0.772461,
-120,166,-0.590298,
-118,166,-0.566877,
-116,166,-0.75159,
-114,166,-1.15923,
-112,166,-1.76497,
-110,166,-2.49012,
-108,166,-3.1868,
-106,166,-3.65992,
-104,166,-3.76993,
-102,166,-3.54471,
-100,166,-3.14905,
-98,166,-2.75924,
-96,166,-2.49428,
-94,166,-2.41953,
-92,166,-2.57199,
-90,166,-2.98306,
-88,166,-3.69696,
-86,166,-4.79166,
-84,166,-6.41495,
-82,166,-8.87013,
-80,166,-12.8619,
-78,166,-19.3224,
-76,166,-15.7884,
-74,166,-9.64358,
-72,166,-5.80945,
-70,166,-3.19115,
-68,166,-1.32628,
-66,166,-0.00809086,
-64,166,0.867233,
-62,166,1.3554,
-60,166,1.48697,
-58,166,1.27849,
-56,166,0.738764,
-54,166,-0.126471,
-52,166,-1.3098,
-50,166,-2.79568,
-48,166,-4.55022,
-46,166,-6.50407,
-44,166,-8.52249,
-42,166,-10.3601,
-40,166,-11.6524,
-38,166,-12.1127,
-36,166,-11.8632,
-34,166,-11.3493,
-32,166,-10.984,
-30,166,-11.0357,
-28,166,-11.697,
-26,166,-13.1581,
-24,166,-15.534,
-22,166,-17.6504,
-20,166,-15.7364,
-18,166,-11.9591,
-16,166,-8.88551,
-14,166,-6.62161,
-12,166,-4.97677,
-10,166,-3.80603,
-8,166,-3.01234,
-6,166,-2.52853,
-4,166,-2.30518,
-2,166,-2.30361,
0,166,-2.49218,
2,166,-2.8453,
4,166,-3.34487,
6,166,-3.98429,
8,166,-4.77471,
10,166,-5.75348,
12,166,-6.99613,
14,166,-8.63893,
16,166,-10.9368,
18,166,-14.4534,
20,166,-20.9317,
22,166,-26.8884,
24,166,-16.8713,
26,166,-11.9873,
28,166,-8.96877,
30,166,-6.87287,
32,166,-5.33521,
34,166,-4.17343,
36,166,-3.28378,
38,166,-2.60584,
40,166,-2.10674,
42,166,-1.76997,
44,166,-1.58428,
46,166,-1.53231,
48,166,-1.58092,
50,166,-1.67729,
52,166,-1.75811,
54,166,-1.77545,
56,166,-1.72706,
58,166,-1.66555,
60,166,-1.67744,
62,166,-1.85233,
64,166,-2.26198,
66,166,-2.94825,
68,166,-3.90272,
70,166,-5.01235,
72,166,-5.96747,
74,166,-6.29798,
76,166,-5.80905,
78,166,-4.84252,
80,166,-3.83931,
82,166,-3.03748,
84,166,-2.51995,
86,166,-2.30588,
88,166,-2.39828,
90,166,-2.80443,
92,166,-3.54485,
94,166,-4.65462,
96,166,-6.16063,
98,166,-7.95086,
100,166,-9.30929,
102,166,-8.79376,
104,166,-6.58244,
106,166,-4.1206,
108,166,-2.00971,
110,166,-0.330607,
112,166,0.948274,
114,166,1.86597,
116,166,2.45159,
118,166,2.72463,
120,166,2.69826,
122,166,2.38287,
124,166,1.78996,
126,166,0.936928,
128,166,-0.146759,
130,166,-1.41206,
132,166,-2.78367,
134,166,-4.15829,
136,166,-5.41157,
138,166,-6.41232,
140,166,-7.04705,
142,166,-7.27063,
144,166,-7.16208,
146,166,-6.90971,
148,166,-6.72843,
150,166,-6.80029,
152,166,-7.27389,
154,166,-8.30006,
156,166,-10.0903,
158,166,-12.9967,
160,166,-17.1582,
162,166,-17.5144,
164,166,-12.7931,
166,166,-9.09175,
168,166,-6.53845,
170,166,-4.75111,
172,166,-3.50835,
174,166,-2.68476,
176,166,-2.20445,
178,166,-2.01811,
180,166,-2.091,
-180,168,0.62567,
-178,168,0.567818,
-176,168,0.315048,
-174,168,-0.126408,
-172,168,-0.751435,
-170,168,-1.55292,
-168,168,-2.51554,
-166,168,-3.60328,
-164,168,-4.73712,
-162,168,-5.76693,
-160,168,-6.47433,
-158,168,-6.67346,
-156,168,-6.36363,
-154,168,-5.72648,
-152,168,-4.97342,
-150,168,-4.24983,
-148,168,-3.63535,
-146,168,-3.1724,
-144,168,-2.88798,
-142,168,-2.80509,
-140,168,-2.94756,
-138,168,-3.34099,
-136,168,-4.00974,
-134,168,-4.96581,
-132,168,-6.17607,
-130,168,-7.48185,
-128,168,-8.48822,
-126,168,-8.70213,
-124,168,-8.11155,
-122,168,-7.22515,
-120,168,-6.49118,
-118,168,-6.12432,
-116,168,-6.2146,
-114,168,-6.81075,
-112,168,-7.93059,
-110,168,-9.44162,
-108,168,-10.6207,
-106,168,-10.0794,
-104,168,-7.97307,
-102,168,-5.66408,
-100,168,-3.73133,
-98,168,-2.24872,
-96,168,-1.17777,
-94,168,-0.474468,
-92,168,-0.109856,
-90,168,-0.0729736,
-88,168,-0.372307,
-86,168,-1.04008,
-84,168,-2.14279,
-82,168,-3.80463,
-80,168,-6.25763,
-78,168,-9.90582,
-76,168,-14.3459,
-74,168,-12.7738,
-72,168,-8.29059,
-70,168,-5.13707,
-68,168,-3.01939,
-66,168,-1.60256,
-64,168,-0.703892,
-62,168,-0.221121,
-60,168,-0.0928714,
-58,168,-0.27883,
-56,168,-0.748526,
-54,168,-1.47367,
-52,168,-2.42216,
-50,168,-3.5538,
-48,168,-4.82036,
-46,168,-6.17342,
-44,168,-7.58076,
-42,168,-9.04139,
-40,168,-10.5811,
-38,168,-12.2157,
-36,168,-13.8859,
-34,168,-15.4058,
-32,168,-16.5556,
-30,168,-17.3522,
-28,168,-18.0729,
-26,168,-18.7537,
-24,168,-18.4319,
-22,168,-16.0474,
-20,168,-12.7132,
-18,168,-9.60058,
-16,168,-6.98556,
-14,168,-4.84447,
-12,168,-3.10778,
-10,168,-1.71294,
-8,168,-0.610924,
-6,168,0.235574,
-4,168,0.854797,
-2,168,1.26799,
0,168,1.49084,
2,168,1.53452,
4,168,1.40645,
6,168,1.11097,
8,168,0.650407,
10,168,0.0266526,
12,168,-0.755516,
14,168,-1.68201,
16,168,-2.71719,
18,168,-3.78386,
20,168,-4.74248,
22,168,-5.40365,
24,168,-5.62028,
26,168,-5.40451,
28,168,-4.9147,
30,168,-4.33278,
32,168,-3.78638,
34,168,-3.34628,
36,168,-3.04918,
38,168,-2.91668,
40,168,-2.96573,
42,168,-3.21248,
44,168,-3.67108,
46,168,-4.3471,
48,168,-5.22191,
50,168,-6.22264,
52,168,-7.18292,
54,168,-7.85284,
56,168,-8.05862,
58,168,-7.89667,
60,168,-7.66135,
62,168,-7.63618,
64,168,-8.02467,
66,168,-8.98866,
68,168,-10.6778,
70,168,-13.0231,
72,168,-14.3488,
74,168,-12.0649,
76,168,-8.6805,
78,168,-5.91469,
80,168,-3.84495,
82,168,-2.33732,
84,168,-1.28707,
86,168,-0.629014,
88,168,-0.327676,
90,168,-0.37061,
92,168,-0.765862,
94,168,-1.54234,
96,168,-2.75002,
98,168,-4.44473,
100,168,-6.57752,
102,168,-8.48673,
104,168,-8.42062,
106,168,-6.35509,
108,168,-4.04768,
110,168,-2.1774,
112,168,-0.795465,
114,168,0.158571,
116,168,0.74453,
118,168,1.00801,
120,168,0.983717,
122,168,0.700702,
124,168,0.187173,
126,168,-0.525631,
128,168,-1.40147,
130,168,-2.40096,
132,168,-3.48931,
134,168,-4.6487,
136,168,-5.88839,
138,168,-7.24199,
140,168,-8.7442,
142,168,-10.3821,
144,168,-12.02,
146,168,-13.3608,
148,168,-14.1517,
150,168,-14.5471,
152,168,-15.0175,
154,168,-15.9592,
156,168,-17.3355,
158,168,-17.6601,
160,168,-15.0881,
162,168,-11.5231,
164,168,-8.4314,
166,168,-5.9649,
168,168,-4.02408,
170,168,-2.50915,
172,168,-1.34647,
174,168,-0.483807,
176,168,0.115993,
178,168,0.479499,
180,168,0.62567,
-180,170,-6.65096,
-178,170,-6.09968,
-176,170,-5.62547,
-174,170,-5.21467,
-172,170,-4.85227,
-170,170,-4.52689,
-168,170,-4.23373,
-166,170,-3.97523,
-164,170,-3.7599,
-162,170,-3.59993,
-160,170,-3.50874,
-158,170,-3.49925,
-156,170,-3.58305,
-154,170,-3.77068,
-152,170,-4.07297,
-150,170,-4.50332,
-148,170,-5.08116,
-146,170,-5.83684,
-144,170,-6.81845,
-142,170,-8.10191,
-140,170,-9.80419,
-138,170,-12.0832,
-136,170,-14.9419,
-134,170,-16.7995,
-132,170,-14.7066,
-130,170,-11.2738,
-128,170,-8.42029,
-126,170,-6.22583,
-124,170,-4.54962,
-122,170,-3.28356,
-120,170,-2.35798,
-118,170,-1.72863,
-116,170,-1.36739,
-114,170,-1.25662,
-112,170,-1.38549,
-110,170,-1.74735,
-108,170,-2.33671,
-106,170,-3.14481,
-104,170,-4.15117,
-102,170,-5.30836,
-100,170,-6.51814,
-98,170,-7.61284,
-96,170,-8.38916,
-94,170,-8.73003,
-92,170,-8.70012,
-90,170,-8.47119,
-88,170,-8.18376,
-86,170,-7.8906,
-84,170,-7.57113,
-82,170,-7.17112,
-80,170,-6.64893,
-78,170,-6.00973,
-76,170,-5.3073,
-74,170,-4.61813,
-72,170,-4.0141,
-70,170,-3.5496,
-68,170,-3.26106,
-66,170,-3.17118,
-64,170,-3.29291,
-62,170,-3.63111,
-60,170,-4.18104,
-58,170,-4.92237,
-56,170,-5.80776,
-54,170,-6.74827,
-52,170,-7.6096,
-50,170,-8.24969,
-48,170,-8.60211,
-46,170,-8.72658,
-44,170,-8.75661,
-42,170,-8.80752,
-40,170,-8.9252,
-38,170,-9.07483,
-36,170,-9.15118,
-34,170,-9.02152,
-32,170,-8.60774,
-30,170,-7.94575,
-28,170,-7.15331,
-26,170,-6.35152,
-24,170,-5.61986,
-22,170,-4.99343,
-20,170,-4.47579,
-18,170,-4.05162,
-16,170,-3.69638,
-14,170,-3.3838,
-12,170,-3.09203,
-10,170,-2.80827,
-8,170,-2.53048,
-6,170,-2.26606,
-4,170,-2.02811,
-2,170,-1.83122,
0,170,-1.68799,
2,170,-1.60688,
4,170,-1.59123,
6,170,-1.63916,
8,170,-1.7439,
10,170,-1.8946,
12,170,-2.07768,
14,170,-2.27876,
16,170,-2.48506,
18,170,-2.68788,
20,170,-2.8843,
22,170,-3.07771,
24,170,-3.27685,
26,170,-3.49425,
28,170,-3.74465,
30,170,-4.04436,
32,170,-4.4118,
34,170,-4.86927,
36,170,-5.44553,
38,170,-6.1791,
40,170,-7.12195,
42,170,-8.3428,
44,170,-9.92353,
46,170,-11.9118,
48,170,-14.0497,
50,170,-15.019,
52,170,-13.5442,
54,170,-11.0502,
56,170,-8.79061,
58,170,-7.00506,
60,170,-5.66082,
62,170,-4.69669,
64,170,-4.06377,
66,170,-3.72726,
68,170,-3.66234,
70,170,-3.8495,
72,170,-4.26938,
74,170,-4.89564,
76,170,-5.68425,
78,170,-6.55912,
80,170,-7.40098,
82,170,-8.06222,
84,170,-8.42895,
86,170,-8.49266,
88,170,-8.34482,
90,170,-8.09762,
92,170,-7.81913,
94,170,-7.51932,
96,170,-7.16877,
98,170,-6.73123,
100,170,-6.19583,
102,170,-5.59165,
104,170,-4.97789,
106,170,-4.42201,
108,170,-3.98322,
110,170,-3.70648,
112,170,-3.62357,
114,170,-3.75594,
116,170,-4.11611,
118,170,-4.7052,
120,170,-5.5037,
122,170,-6.45131,
124,170,-7.41693,
126,170,-8.18935,
128,170,-8.56365,
130,170,-8.51174,
132,170,-8.21568,
134,170,-7.90958,
136,170,-7.75765,
138,170,-7.8429,
140,170,-8.19156,
142,170,-8.78591,
144,170,-9.55574,
146,170,-10.3555,
148,170,-10.9654,
150,170,-11.1899,
152,170,-11.0172,
154,170,-10.6263,
156,170,-10.2276,
158,170,-9.95498,
160,170,-9.85762,
162,170,-9.91999,
164,170,-10.0736,
166,170,-10.2047,
168,170,-10.1808,
170,170,-9.90977,
172,170,-9.39351,
174,170,-8.71719,
176,170,-7.98741,
178,170,-7.28449,
180,170,-6.65096,
-180,172,3.332,
-178,172,3.35818,
-176,172,3.33441,
-174,172,3.25888,
-172,172,3.12841,
-170,172,2.93854,
-168,172,2.68352,
-166,172,2.3563,
-164,172,1.94837,
-162,172,1.44946,
-160,172,0.847004,
-158,172,0.125241,
-156,172,-0.736262,
-154,172,-1.7651,
-152,172,-3.00021,
-150,172,-4.49914,
-148,172,-6.35045,
-146,172,-8.69152,
-144,172,-11.6955,
-142,172,-15.1143,
-140,172,-15.9666,
-138,172,-12.8854,
-136,172,-9.62172,
-134,172,-7.03813,
-132,172,-4.99403,
-130,172,-3.33156,
-128,172,-1.9473,
-126,172,-0.775793,
-124,172,0.225437,
-122,172,1.08507,
-120,172,1.8234,
-118,172,2.45564,
-116,172,2.99402,
-114,172,3.44898,
-112,172,3.8301,
-110,172,4.14643,
-108,172,4.40681,
-106,172,4.61978,
-104,172,4.79347,
-102,172,4.93531,
-100,172,5.05163,
-98,172,5.14737,
-96,172,5.2257,
-94,172,5.28794,
-92,172,5.33348,
-90,172,5.35996,
-88,172,5.36351,
-86,172,5.33903,
-84,172,5.28052,
-82,172,5.18129,
-80,172,5.03414,
-78,172,4.83142,
-76,172,4.56514,
-74,172,4.22685,
-72,172,3.80765,
-70,172,3.2981,
-68,172,2.68815,
-66,172,1.96704,
-64,172,1.12338,
-62,172,0.145215,
-60,172,-0.979473,
-58,172,-2.26159,
-56,172,-3.70818,
-54,172,-5.31599,
-52,172,-7.05719,
-50,172,-8.84927,
-48,172,-10.5043,
-46,172,-11.6974,
-44,172,-12.0921,
-42,172,-11.6271,
-40,172,-10.5499,
-38,172,-9.15601,
-36,172,-7.64436,
-34,172,-6.12953,
-32,172,-4.67717,
-30,172,-3.32449,
-28,172,-2.09073,
-26,172,-0.983479,
-24,172,-0.00308905,
-22,172,0.854408,
-20,172,1.59534,
-18,172,2.22715,
-16,172,2.75769,
-14,172,3.19473,
-12,172,3.54568,
-10,172,3.81746,
-8,172,4.01635,
-6,172,4.14789,
-4,172,4.21686,
-2,172,4.22718,
0,172,4.18184,
2,172,4.08291,
4,172,3.93143,
6,172,3.72736,
8,172,3.46961,
10,172,3.15589,
12,172,2.78274,
14,172,2.34539,
16,172,1.83772,
18,172,1.25207,
20,172,0.57896,
22,172,-0.193248,
24,172,-1.07907,
26,172,-2.09693,
28,172,-3.27079,
30,172,-4.63266,
32,172,-6.22562,
34,172,-8.10499,
36,172,-10.3213,
38,172,-12.804,
40,172,-14.8685,
42,172,-14.8668,
44,172,-12.8349,
46,172,-10.4066,
48,172,-8.23139,
50,172,-6.36902,
52,172,-4.76757,
54,172,-3.37408,
56,172,-2.14957,
58,172,-1.0669,
60,172,-0.106889,
62,172,0.744722,
64,172,1.49929,
66,172,2.1665,
68,172,2.75511,
70,172,3.27324,
72,172,3.72854,
74,172,4.12809,
76,172,4.47828,
78,172,4.7846,
80,172,5.05144,
82,172,5.28195,
84,172,5.47792,
86,172,5.63979,
88,172,5.76668,
90,172,5.85653,
92,172,5.90627,
94,172,5.9119,
96,172,5.86866,
98,172,5.77115,
100,172,5.61332,
102,172,5.38853,
104,172,5.08954,
106,172,4.70842,
108,172,4.23657,
110,172,3.66464,
112,172,2.98255,
114,172,2.17959,
116,172,1.24478,
118,172,0.167743,
120,172,-1.05932,
122,172,-2.43747,
124,172,-3.95284,
126,172,-5.56191,
128,172,-7.17161,
130,172,-8.63046,
132,172,-9.77117,
134,172,-10.5131,
136,172,-10.9142,
138,172,-11.0821,
140,172,-11.0502,
142,172,-10.741,
144,172,-10.0449,
146,172,-8.95322,
148,172,-7.59521,
150,172,-6.14494,
152,172,-4.73336,
154,172,-3.43125,
156,172,-2.26695,
158,172,-1.24554,
160,172,-0.360936,
162,172,0.397584,
164,172,1.04224,
166,172,1.5852,
168,172,2.03787,
170,172,2.41048,
172,172,2.71195,
174,172,2.94973,
176,172,3.12971,
178,172,3.25623,
180,172,3.332,
-180,174,3.1531,
-178,174,3.19409,
-176,174,3.16405,
-174,174,3.06376,
-172,174,2.89331,
-170,174,2.65207,
-168,174,2.33874,
-166,174,1.95126,
-164,174,1.48681,
-162,174,0.941621,
-160,174,0.310859,
-158,174,-0.411723,
-156,174,-1.23422,
-154,174,-2.16732,
-152,174,-3.22538,
-150,174,-4.42823,
-148,174,-5.80382,
-146,174,-7.39208,
-144,174,-9.24911,
-142,174,-11.4436,
-140,174,-13.9968,
-138,174,-16.5274,
-136,174,-17.4137,
-134,174,-15.679,
-132,174,-13.108,
-130,174,-10.7578,
-128,174,-8.76132,
-126,174,-7.05937,
-124,174,-5.58523,
-122,174,-4.28929,
-120,174,-3.13717,
-118,174,-2.10515,
-116,174,-1.17658,
-114,174,-0.339463,
-112,174,0.415075,
-110,174,1.0938,
-108,174,1.70198,
-106,174,2.24381,
-104,174,2.72262,
-102,174,3.14105,
-100,174,3.50116,
-98,174,3.80448,
-96,174,4.05206,
-94,174,4.2445,
-92,174,4.38201,
-90,174,4.4644,
-88,174,4.49112,
-86,174,4.4613,
-84,174,4.37376,
-82,174,4.22706,
-80,174,4.01954,
-78,174,3.74938,
-76,174,3.41463,
-74,174,3.01335,
-72,174,2.5437,
-70,174,2.0041,
-68,174,1.39342,
-66,174,0.711257,
-64,174,-0.0418322,
-62,174,-0.864041,
-60,174,-1.75222,
-58,174,-2.70209,
-56,174,-3.70919,
-54,174,-4.77078,
-52,174,-5.88926,
-50,174,-7.07686,
-48,174,-8.3611,
-46,174,-9.7891,
-44,174,-11.4255,
-42,174,-13.3199,
-40,174,-15.3375,
-38,174,-16.6159,
-36,174,-15.7385,
-34,174,-13.2883,
-32,174,-10.677,
-30,174,-8.3728,
-28,174,-6.40947,
-26,174,-4.73774,
-24,174,-3.30666,
-22,174,-2.0759,
-20,174,-1.01502,
-18,174,-0.100981,
-16,174,0.683846,
-14,174,1.35321,
-12,174,1.91799,
-10,174,2.38686,
-8,174,2.76679,
-6,174,3.06341,
-4,174,3.2812,
-2,174,3.4237,
0,174,3.49361,
2,174,3.49288,
4,174,3.42282,
6,174,3.28407,
8,174,3.0767,
10,174,2.80018,
12,174,2.45343,
14,174,2.0348,
16,174,1.54203,
18,174,0.972251,
20,174,0.321887,
22,174,-0.413449,
24,174,-1.23915,
26,174,-2.16195,
28,174,-3.19041,
30,174,-4.33574,
32,174,-5.61296,
34,174,-7.04233,
36,174,-8.64997,
38,174,-10.4631,
40,174,-12.4807,
42,174,-14.5513,
44,174,-16.0472,
46,174,-15.9127,
48,174,-14.2168,
50,174,-12.0267,
52,174,-9.92026,
54,174,-8.02873,
56,174,-6.34857,
58,174,-4.85147,
60,174,-3.51059,
62,174,-2.30478,
64,174,-1.21793,
66,174,-0.23771,
68,174,0.645535,
70,174,1.43953,
72,174,2.15057,
74,174,2.78386,
76,174,3.34371,
78,174,3.83369,
80,174,4.25673,
82,174,4.6152,
84,174,4.91095,
86,174,5.14534,
88,174,5.3193,
90,174,5.43338,
92,174,5.48773,
94,174,5.48218,
96,174,5.41628,
98,174,5.28931,
100,174,5.10037,
102,174,4.84843,
104,174,4.53242,
106,174,4.15138,
108,174,3.70455,
110,174,3.19163,
112,174,2.61297,
114,174,1.96991,
116,174,1.26508,
118,174,0.502682,
120,174,-0.311415,
122,174,-1.16991,
124,174,-2.06503,
126,174,-2.99042,
128,174,-3.94415,
130,174,-4.93252,
132,174,-5.97408,
134,174,-7.10298,
136,174,-8.37071,
138,174,-9.8439,
140,174,-11.5849,
142,174,-13.5516,
144,174,-15.2141,
146,174,-15.1932,
148,174,-13.2098,
150,174,-10.675,
152,174,-8.35192,
154,174,-6.36827,
156,174,-4.6908,
158,174,-3.2674,
160,174,-2.05403,
162,174,-1.01694,
164,174,-0.130652,
166,174,0.624243,
168,174,1.26269,
170,174,1.79635,
172,174,2.23438,
174,174,2.58401,
176,174,2.85092,
178,174,3.0395,
180,174,3.1531,
-180,176,6.24538,
-178,176,6.30356,
-176,176,6.36626,
-174,176,6.43235,
-172,176,6.50072,
-170,176,6.57027,
-168,176,6.63988,
-166,176,6.70845,
-164,176,6.77487,
-162,176,6.83801,
-160,176,6.89674,
-158,176,6.94988,
-156,176,6.99626,
-154,176,7.03467,
-152,176,7.0639,
-150,176,7.08277,
-148,176,7.09011,
-146,176,7.0848,
-144,176,7.06579,
-142,176,7.03211,
-140,176,6.9829,
-138,176,6.91745,
-136,176,6.83519,
-134,176,6.73572,
-132,176,6.61888,
-130,176,6.4847,
-128,176,6.3335,
-126,176,6.16588,
-124,176,5.9828,
-122,176,5.78555,
-120,176,5.57586,
-118,176,5.35589,
-116,176,5.1283,
-114,176,4.89621,
-112,176,4.6633,
-110,176,4.43368,
-108,176,4.21189,
-106,176,4.00276,
-104,176,3.81124,
-102,176,3.64219,
-100,176,3.50008,
-98,176,3.38876,
-96,176,3.31116,
-94,176,3.26911,
-92,176,3.26322,
-90,176,3.29286,
-88,176,3.35631,
-86,176,3.45087,
-84,176,3.57315,
-82,176,3.71929,
-80,176,3.88516,
-78,176,4.06661,
-76,176,4.25953,
-74,176,4.46004,
-72,176,4.66447,
-70,176,4.86943,
-68,176,5.07183,
-66,176,5.26884,
-64,176,5.45796,
-62,176,5.63692,
-60,176,5.80376,
-58,176,5.95677,
-56,176,6.09451,
-54,176,6.21579,
-52,176,6.31969,
-50,176,6.40557,
-48,176,6.47304,
-46,176,6.52198,
-44,176,6.55255,
-42,176,6.56518,
-40,176,6.5606,
-38,176,6.53979,
-36,176,6.50402,
-34,176,6.45483,
-32,176,6.394,
-30,176,6.32353,
-28,176,6.24561,
-26,176,6.16257,
-24,176,6.07682,
-22,176,5.99077,
-20,176,5.90679,
-18,176,5.82708,
-16,176,5.75362,
-14,176,5.68811,
-12,176,5.63191,
-10,176,5.586,
-8,176,5.55099,
-6,176,5.52714,
-4,176,5.51435,
-2,176,5.51225,
0,176,5.52024,
2,176,5.53752,
4,176,5.56318,
6,176,5.59618,
8,176,5.63543,
10,176,5.67978,
12,176,5.72803,
14,176,5.77893,
16,176,5.83115,
18,176,5.88334,
20,176,5.93408,
22,176,5.98187,
24,176,6.02518,
26,176,6.06245,
28,176,6.09209,
30,176,6.11252,
32,176,6.12216,
34,176,6.11953,
36,176,6.10318,
38,176,6.0718,
40,176,6.02421,
42,176,5.95936,
44,176,5.87643,
46,176,5.77478,
48,176,5.65403,
50,176,5.51407,
52,176,5.35512,
54,176,5.17774,
56,176,4.98289,
58,176,4.77201,
60,176,4.54702,
62,176,4.3104,
64,176,4.06524,
66,176,3.81527,
68,176,3.56483,
70,176,3.31886,
72,176,3.08281,
74,176,2.86241,
76,176,2.6635,
78,176,2.49166,
80,176,2.35189,
82,176,2.24821,
84,176,2.18345,
86,176,2.15897,
88,176,2.17469,
90,176,2.22915,
92,176,2.31975,
94,176,2.44299,
96,176,2.59485,
98,176,2.77099,
100,176,2.967,
102,176,3.17858,
104,176,3.40162,
106,176,3.63222,
108,176,3.8668,
110,176,4.10202,
112,176,4.33482,
114,176,4.56241,
116,176,4.78226,
118,176,4.99211,
120,176,5.18998,
122,176,5.37413,
124,176,5.54313,
126,176,5.69584,
128,176,5.83137,
130,176,5.94918,
132,176,6.049,
134,176,6.13086,
136,176,6.19511,
138,176,6.24241,
140,176,6.2737,
142,176,6.29022,
144,176,6.29348,
146,176,6.28524,
148,176,6.2675,
150,176,6.24241,
152,176,6.21226,
154,176,6.17937,
156,176,6.14608,
158,176,6.1146,
160,176,6.08698,
162,176,6.06501,
164,176,6.05016,
166,176,6.04355,
168,176,6.0459,
170,176,6.05758,
172,176,6.07856,
174,176,6.10852,
176,176,6.14687,
178,176,6.1928,
180,176,6.24538,
-180,178,14.9949,
-178,178,14.9998,
-176,178,15.0046,
-174,178,15.0092,
-172,178,15.0136,
-170,178,15.0176,
-168,178,15.0214,
-166,178,15.0248,
-164,178,15.0278,
-162,178,15.0303,
-160,178,15.0322,
-158,178,15.0335,
-156,178,15.0341,
-154,178,15.034,
-152,178,15.0331,
-150,178,15.0314,
-148,178,15.0289,
-146,178,15.0254,
-144,178,15.0211,
-142,178,15.0159,
-140,178,15.0097,
-138,178,15.0027,
-136,178,14.9949,
-134,178,14.9862,
-132,178,14.9768,
-130,178,14.9666,
-128,178,14.9559,
-126,178,14.9447,
-124,178,14.933,
-122,178,14.921,
-120,178,14.9088,
-118,178,14.8965,
-116,178,14.8842,
-114,178,14.8721,
-112,178,14.8603,
-110,178,14.8489,
-108,178,14.838,
-106,178,14.8278,
-104,178,14.8184,
-102,178,14.8098,
-100,178,14.8021,
-98,178,14.7955,
-96,178,14.7899,
-94,178,14.7855,
-92,178,14.7822,
-90,178,14.7801,
-88,178,14.7792,
-86,178,14.7794,
-84,178,14.7807,
-82,178,14.783,
-80,178,14.7864,
-78,178,14.7906,
-76,178,14.7957,
-74,178,14.8015,
-72,178,14.8079,
-70,178,14.8148,
-68,178,14.822,
-66,178,14.8295,
-64,178,14.8371,
-62,178,14.8447,
-60,178,14.8522,
-58,178,14.8595,
-56,178,14.8664,
-54,178,14.8728,
-52,178,14.8787,
-50,178,14.8841,
-48,178,14.8887,
-46,178,14.8926,
-44,178,14.8958,
-42,178,14.8982,
-40,178,14.8998,
-38,178,14.9006,
-36,178,14.9006,
-34,178,14.8998,
-32,178,14.8983,
-30,178,14.8962,
-28,178,14.8934,
-26,178,14.89,
-24,178,14.8862,
-22,178,14.8819,
-20,178,14.8772,
-18,178,14.8723,
-16,178,14.8672,
-14,178,14.8619,
-12,178,14.8565,
-10,178,14.8511,
-8,178,14.8457,
-6,178,14.8404,
-4,178,14.8352,
-2,178,14.8302,
0,178,14.8253,
2,178,14.8205,
4,178,14.816,
6,178,14.8115,
8,178,14.8072,
10,178,14.803,
12,178,14.7989,
14,178,14.7947,
16,178,14.7906,
18,178,14.7863,
20,178,14.7819,
22,178,14.7773,
24,178,14.7724,
26,178,14.7673,
28,178,14.7617,
30,178,14.7558,
32,178,14.7494,
34,178,14.7425,
36,178,14.7351,
38,178,14.7271,
40,178,14.7187,
42,178,14.7097,
44,178,14.7002,
46,178,14.6902,
48,178,14.6798,
50,178,14.669,
52,178,14.6579,
54,178,14.6466,
56,178,14.6351,
58,178,14.6237,
60,178,14.6122,
62,178,14.601,
64,178,14.5901,
66,178,14.5796,
68,178,14.5696,
70,178,14.5604,
72,178,14.5519,
74,178,14.5443,
76,178,14.5378,
78,178,14.5324,
80,178,14.5282,
82,178,14.5252,
84,178,14.5236,
86,178,14.5234,
88,178,14.5247,
90,178,14.5273,
92,178,14.5314,
94,178,14.5369,
96,178,14.5438,
98,178,14.552,
100,178,14.5614,
102,178,14.5721,
104,178,14.5838,
106,178,14.5965,
108,178,14.61,
110,178,14.6243,
112,178,14.6392,
114,178,14.6546,
116,178,14.6704,
118,178,14.6864,
120,178,14.7025,
122,178,14.7186,
124,178,14.7346,
126,178,14.7503,
128,178,14.7658,
130,178,14.7808,
132,178,14.7954,
134,178,14.8095,
136,178,14.823,
138,178,14.8358,
140,178,14.8481,
142,178,14.8597,
144,178,14.8707,
146,178,14.881,
148,178,14.8907,
150,178,14.8998,
152,178,14.9084,
154,178,14.9165,
156,178,14.9241,
158,178,14.9313,
160,178,14.9382,
162,178,14.9447,
164,178,14.9509,
166,178,14.9569,
168,178,14.9628,
170,178,14.9684,
172,178,14.9739,
174,178,14.9793,
176,178,14.9846,
178,178,14.9898,
180,178,14.9949,
-180,180,17.2821,
-178,180,17.2821,
-176,180,17.2821,
-174,180,17.2821,
-172,180,17.2821,
-170,180,17.2821,
-168,180,17.2821,
-166,180,17.2821,
-164,180,17.2821,
-162,180,17.2821,
-160,180,17.2821,
-158,180,17.2821,
-156,180,17.2821,
-154,180,17.2821,
-152,180,17.2821,
-150,180,17.2821,
-148,180,17.2821,
-146,180,17.2821,
-144,180,17.2821,
-142,180,17.2821,
-140,180,17.2821,
-138,180,17.2821,
-136,180,17.2821,
-134,180,17.2821,
-132,180,17.2821,
-130,180,17.2821,
-128,180,17.2821,
-126,180,17.2821,
-124,180,17.2821,
-122,180,17.2821,
-120,180,17.2821,
-118,180,17.2821,
-116,180,17.2821,
-114,180,17.2821,
-112,180,17.2821,
-110,180,17.2821,
-108,180,17.2821,
-106,180,17.2821,
-104,180,17.2821,
-102,180,17.2821,
-100,180,17.2821,
-98,180,17.2821,
-96,180,17.2821,
-94,180,17.2821,
-92,180,17.2821,
-90,180,17.2821,
-88,180,17.2821,
-86,180,17.2821,
-84,180,17.2821,
-82,180,17.2821,
-80,180,17.2821,
-78,180,17.2821,
-76,180,17.2821,
-74,180,17.2821,
-72,180,17.2821,
-70,180,17.2821,
-68,180,17.2821,
-66,180,17.2821,
-64,180,17.2821,
-62,180,17.2821,
-60,180,17.2821,
-58,180,17.2821,
-56,180,17.2821,
-54,180,17.2821,
-52,180,17.2821,
-50,180,17.2821,
-48,180,17.2821,
-46,180,17.2821,
-44,180,17.2821,
-42,180,17.2821,
-40,180,17.2821,
-38,180,17.2821,
-36,180,17.2821,
-34,180,17.2821,
-32,180,17.2821,
-30,180,17.2821,
-28,180,17.2821,
-26,180,17.2821,
-24,180,17.2821,
-22,180,17.2821,
-20,180,17.2821,
-18,180,17.2821,
-16,180,17.2821,
-14,180,17.2821,
-12,180,17.2821,
-10,180,17.2821,
-8,180,17.2821,
-6,180,17.2821,
-4,180,17.2821,
-2,180,17.2821,
0,180,17.2821,
2,180,17.2821,
4,180,17.2821,
6,180,17.2821,
8,180,17.2821,
10,180,17.2821,
12,180,17.2821,
14,180,17.2821,
16,180,17.2821,
18,180,17.2821,
20,180,17.2821,
22,180,17.2821,
24,180,17.2821,
26,180,17.2821,
28,180,17.2821,
30,180,17.2821,
32,180,17.2821,
34,180,17.2821,
36,180,17.2821,
38,180,17.2821,
40,180,17.2821,
42,180,17.2821,
44,180,17.2821,
46,180,17.2821,
48,180,17.2821,
50,180,17.2821,
52,180,17.2821,
54,180,17.2821,
56,180,17.2821,
58,180,17.2821,
60,180,17.2821,
62,180,17.2821,
64,180,17.2821,
66,180,17.2821,
68,180,17.2821,
70,180,17.2821,
72,180,17.2821,
74,180,17.2821,
76,180,17.2821,
78,180,17.2821,
80,180,17.2821,
82,180,17.2821,
84,180,17.2821,
86,180,17.2821,
88,180,17.2821,
90,180,17.2821,
92,180,17.2821,
94,180,17.2821,
96,180,17.2821,
98,180,17.2821,
100,180,17.2821,
102,180,17.2821,
104,180,17.2821,
106,180,17.2821,
108,180,17.2821,
110,180,17.2821,
112,180,17.2821,
114,180,17.2821,
116,180,17.2821,
118,180,17.2821,
120,180,17.2821,
122,180,17.2821,
124,180,17.2821,
126,180,17.2821,
128,180,17.2821,
130,180,17.2821,
132,180,17.2821,
134,180,17.2821,
136,180,17.2821,
138,180,17.2821,
140,180,17.2821,
142,180,17.2821,
144,180,17.2821,
146,180,17.2821,
148,180,17.2821,
150,180,17.2821,
152,180,17.2821,
154,180,17.2821,
156,180,17.2821,
158,180,17.2821,
160,180,17.2821,
162,180,17.2821,
164,180,17.2821,
166,180,17.2821,
168,180,17.2821,
170,180,17.2821,
172,180,17.2821,
174,180,17.2821,
176,180,17.2821,
178,180,17.2821,
180,180,17.2821,
