center_frequency,feed_center,feed_h,feed_r1,freq_step,ground_thickness,lumpedport_D,lumpedport_r,num_of_freq_points,patch_length,patch_name,patch_width,signal_layer_thickness,start_frequency,stop_frequency,sub_high,sub_length,sub_width,sweep_type,unit,Directivity,Directivity_Phi,Directivity_Theta,Directivity_Total,Directivity_dB,Gain,Gain_Phi,Gain_Theta,Gain_Total,Gain_dB,Phi(deg),RealizedGain,RealizedGain_Phi,RealizedGain_Theta,RealizedGain_Total,RealizedGain_dB,Theta(deg),_极值列,_极值数值,_极值类型,rEPhi_Imag,rEPhi_Real,rETheta_Imag,rETheta_Real,rETotal,Freq [GHz],_最小值,_最小值所在列名,"dB(S(ground_T1,ground_T1)) []"
2.5,1.5419197771577353,1.575,0.5,0.01GHz,0.035,1.15,1.5,201.0,21.80362437553381,Patch,10.782274538423817,0.035,2.0,3.0,1.575,50.0,60.0,Interpolating,GHz,1.5519428457350957,0.0008405173114888917,1.5511023284236067,1.5519428457350957,1.9087572321152377,1.0992928490623592,0.0005953664289712982,1.098697482633388,1.0992928490623592,0.411134028781916,5.0,0.005276605675499324,2.8577588590622314e-06,0.005273747916640263,0.005276605675499324,-22.776453597462215,55.0,RealizedGain,0.005276605675499324,max,-0.0012647045463652091,-0.0003394379495082915,-0.039044786836037196,0.040494788772711905,0.05626755719354894,3.0,-0.0374834364961553,"dB(S(ground_T1,ground_T1)) []",-0.0374834364961553
