center_frequency,feed_center,feed_h,feed_r1,freq_step,ground_thickness,lumpedport_D,lumpedport_r,num_of_freq_points,patch_length,patch_name,patch_width,signal_layer_thickness,start_frequency,stop_frequency,sub_high,sub_length,sub_width,sweep_type,unit,Directivity,Directivity_Phi,Directivity_Theta,Directivity_Total,Directivity_dB,Gain,Gain_Phi,Gain_Theta,Gain_Total,Gain_dB,Phi(deg),RealizedGain,RealizedGain_Phi,RealizedGain_Theta,RealizedGain_Total,RealizedGain_dB,Theta(deg),_极值列,_极值数值,_极值类型,rEPhi_Imag,rEPhi_Real,rETheta_Imag,rETheta_Real,rETotal,Freq [GHz],_最小值,_最小值所在列名,"dB(S(ground_T1,ground_T1)) []"
2.5,8.434512585140014,1.575,0.5,0.01GHz,0.035,1.15,1.5,201.0,10.671859360924802,Patch,53.962675974170466,0.035,2.0,3.0,1.575,50.0,60.0,Interpolating,GHz,4.272498365711255e-07,8.500690057228668e-08,3.4224293599883886e-07,4.272498365711255e-07,-63.69318094730741,0.06103569093873222,0.012143842938898097,0.04889184799983413,0.06103569093873222,-12.144161347449977,95.0,4.272498365711255e-05,8.500690057228667e-06,3.422429359988389e-05,4.272498365711255e-05,-43.69318094730741,55.0,RealizedGain,4.272498365711255e-05,max,-0.002251712779707979,-0.0001741371676898014,0.0012228518785597053,0.004363449692507625,0.0050631604884116745,3.0,-0.00370387067716719,"dB(S(ground_T1,ground_T1)) []",-0.00370387067716719
