center_frequency,feed_center,feed_h,feed_r1,freq_step,ground_thickness,lumpedport_D,lumpedport_r,num_of_freq_points,patch_length,patch_name,patch_width,signal_layer_thickness,start_frequency,stop_frequency,sub_high,sub_length,sub_width,sweep_type,unit,Directivity,Directivity_Phi,Directivity_Theta,Directivity_Total,Directivity_dB,Gain,Gain_Phi,Gain_Theta,Gain_Total,Gain_dB,Phi(deg),RealizedGain,RealizedGain_Phi,RealizedGain_Theta,RealizedGain_Total,RealizedGain_dB,Theta(deg),_极值列,_极值数值,_极值类型,rEPhi_Imag,rEPhi_Real,rETheta_Imag,rETheta_Real,rETotal,Freq [GHz],_最小值,_最小值所在列名,"dB(S(ground_T1,ground_T1)) []"
2.5,2.3217565859122367,1.575,0.5,0.01GHz,0.035,1.15,1.5,201.0,16.440660894073705,Patch,15.807102234429639,0.035,2.0,3.0,1.575,50.0,60.0,Interpolating,GHz,1.579510803206892,0.005969799224933898,1.5735410039819577,1.579510803206892,1.9852260064768572,1.1688379943731002,0.004417651426451084,1.1644203429466489,1.1688379943731002,0.6775432037866196,-10.0,0.0058441899718655,2.2088257132255422e-05,0.005822101714733244,0.0058441899718655,-22.332756752853193,45.0,RealizedGain,0.0058441899718655,max,0.001278933353345718,0.003408459473816548,-0.029551660059751045,0.05118635281613714,0.059216522976379714,3.0,-0.0378664794347893,"dB(S(ground_T1,ground_T1)) []",-0.0378664794347893
