center_frequency,feed_center,feed_h,feed_r1,freq_step,ground_thickness,lumpedport_D,lumpedport_r,num_of_freq_points,patch_length,patch_name,patch_width,signal_layer_thickness,start_frequency,stop_frequency,sub_high,sub_length,sub_width,sweep_type,unit,Directivity,Directivity_Phi,Directivity_Theta,Directivity_Total,Directivity_dB,Gain,Gain_Phi,Gain_Theta,Gain_Total,Gain_dB,Phi(deg),RealizedGain,RealizedGain_Phi,RealizedGain_Theta,RealizedGain_Total,RealizedGain_dB,Theta(deg),_极值列,_极值数值,_极值类型,rEPhi_Imag,rEPhi_Real,rETheta_Imag,rETheta_Real,rETotal,Freq [GHz],_最小值,_最小值所在列名,"dB(S(ground_T1,ground_T1)) []"
2.5,5.532348343298354,1.575,0.5,0.01GHz,0.035,1.15,1.5,201.0,12.802306342678742,Patch,35.97226215228563,0.035,2.0,3.0,1.575,50.0,60.0,Interpolating,GHz,2.3968934401781197,0.0021445108420219657,2.3947489293360986,2.3968934401781197,3.7964872682826,2.071389392746523,0.0018532809745868838,2.069536111771937,2.071389392746523,3.1626174796386697,5.0,0.016778254081246835,1.501157589415376e-05,0.016763242505352688,0.016778254081246835,-17.752532331574834,20.0,RealizedGain,0.016778254081246835,max,-0.0019211654176220483,0.0023057062193832466,-0.024981522864359576,0.0971293260281024,0.10033538566740997,2.685,-0.0759804063745625,"dB(S(ground_T1,ground_T1)) []",-0.0759804063745625
