center_frequency,feed_center,feed_h,feed_r1,freq_step,ground_thickness,lumpedport_D,lumpedport_r,num_of_freq_points,patch_length,patch_name,patch_width,signal_layer_thickness,start_frequency,stop_frequency,sub_high,sub_length,sub_width,sweep_type,unit,Directivity,Directivity_Phi,Directivity_Theta,Directivity_Total,Directivity_dB,Gain,Gain_Phi,Gain_Theta,Gain_Total,Gain_dB,Phi(deg),RealizedGain,RealizedGain_Phi,RealizedGain_Theta,RealizedGain_Total,RealizedGain_dB,Theta(deg),_极值列,_极值数值,_极值类型,rEPhi_Imag,rEPhi_Real,rETheta_Imag,rETheta_Real,rETotal,Freq [GHz],_最小值,_最小值所在列名,"dB(S(ground_T1,ground_T1)) []"
2.5,3.6648772927537245,1.575,0.5,0.01GHz,0.035,1.15,1.5,201.0,11.420231293886891,Patch,24.305059921925068,0.035,2.0,3.0,1.575,50.0,60.0,Interpolating,GHz,1.892724604456188,0.048294704536165085,1.8444298999200233,1.892724604456188,2.7708742776948747,1.4756835899149943,0.03765349845192532,1.4380300914630688,1.4756835899149943,1.6899324780891745,-15.0,0.008706533180498464,0.00022215564086635936,0.008484377539632106,0.008706533180498464,-20.601547405489384,35.0,RealizedGain,0.008706533180498464,max,0.003787283059283053,0.010906558202295937,-0.023637512124133755,0.06732023822677599,0.07227754131899924,3.0,-0.0461526029168564,"dB(S(ground_T1,ground_T1)) []",-0.0461526029168564
