center_frequency,feed_center,feed_h,feed_r1,freq_step,ground_thickness,lumpedport_D,lumpedport_r,num_of_freq_points,patch_length,patch_name,patch_width,signal_layer_thickness,start_frequency,stop_frequency,sub_high,sub_length,sub_width,sweep_type,unit,Directivity,Directivity_Phi,Directivity_Theta,Directivity_Total,Directivity_dB,Gain,Gain_Phi,Gain_Theta,Gain_Total,Gain_dB,Phi(deg),RealizedGain,RealizedGain_Phi,RealizedGain_Theta,RealizedGain_Total,RealizedGain_dB,Theta(deg),_极值列,_极值数值,_极值类型,rEPhi_Imag,rEPhi_Real,rETheta_Imag,rETheta_Real,rETotal,Freq [GHz],_最小值,_最小值所在列名,"dB(S(ground_T1,ground_T1)) []"
2.5,1.5117046569275259,1.575,0.5,0.01GHz,0.035,1.15,1.5,201.0,23.967343301120803,Patch,10.585301996237542,0.035,2.0,3.0,1.575,50.0,60.0,Interpolating,GHz,1.5511434888617728,6.769299392309322e-05,1.551075795867849,1.5511434888617728,1.9065197417627202,1.1168233119804762,4.873895562462711e-05,1.1167745730248513,1.1168233119804762,0.47984470607540436,0.0,0.0055841165599023815,2.436947781231356e-07,0.005583872865124256,0.0055841165599023815,-22.53045525056441,55.0,RealizedGain,0.0055841165599023815,max,0.00034632524205053535,0.00016210841535664204,-0.04084843019681129,0.04100985735311051,0.05788392583418861,3.0,-0.0403541739852349,"dB(S(ground_T1,ground_T1)) []",-0.0403541739852349
