center_frequency,feed_center,feed_h,feed_r1,freq_step,ground_thickness,lumpedport_D,lumpedport_r,num_of_freq_points,patch_length,patch_name,patch_width,signal_layer_thickness,start_frequency,stop_frequency,sub_high,sub_length,sub_width,sweep_type,unit,Directivity,Directivity_Phi,Directivity_Theta,Directivity_Total,Directivity_dB,Gain,Gain_Phi,Gain_Theta,Gain_Total,Gain_dB,Phi(deg),RealizedGain,RealizedGain_Phi,RealizedGain_Theta,RealizedGain_Total,RealizedGain_dB,Theta(deg),_极值列,_极值数值,_极值类型,rEPhi_Imag,rEPhi_Real,rETheta_Imag,rETheta_Real,rETotal,Freq [GHz],_最小值,_最小值所在列名,"dB(S(ground_T1,ground_T1)) []"
2.5,1.8095428481501914,1.575,0.5,0.01GHz,0.035,1.15,1.5,201.0,42.772374626090624,Patch,12.518309617599822,0.035,2.0,3.0,1.575,50.0,60.0,Interpolating,GHz,1.9746671138090734,0.43876208121549387,1.5359050325935795,1.9746671138090734,2.9549389347089496,1.645555928174228,0.3656350676795783,1.2799208604946497,1.645555928174228,2.1631264742327017,-145.0,0.016784670467377125,0.003729477690331698,0.013055192777045426,0.016784670467377125,-17.750871808148123,15.0,RealizedGain,0.016784670467377125,max,-0.0006276543605263856,-0.04730058543054396,-0.022988508181002874,0.08546829060504314,0.10035456910078693,2.185,-15.9974957180826,"dB(S(ground_T1,ground_T1)) []",-15.9974957180826
