center_frequency,feed_center,feed_h,feed_r1,freq_step,ground_thickness,lumpedport_D,lumpedport_r,num_of_freq_points,patch_length,patch_name,patch_width,signal_layer_thickness,start_frequency,stop_frequency,sub_high,sub_length,sub_width,sweep_type,unit,Directivity,Directivity_Phi,Directivity_Theta,Directivity_Total,Directivity_dB,Gain,Gain_Phi,Gain_Theta,Gain_Total,Gain_dB,Phi(deg),RealizedGain,RealizedGain_Phi,RealizedGain_Theta,RealizedGain_Total,RealizedGain_dB,Theta(deg),_极值列,_极值数值,_极值类型,rEPhi_Imag,rEPhi_Real,rETheta_Imag,rETheta_Real,rETotal,Freq [GHz],_最小值,_最小值所在列名,"dB(S(ground_T1,ground_T1)) []"
2.5,3.9529922647057942,1.575,0.5,0.01GHz,0.035,1.15,1.5,201.0,15.392551730045545,Patch,26.113194173023494,0.035,2.0,3.0,1.575,50.0,60.0,Interpolating,GHz,2.063128474252223,0.06581128519420698,1.997317189058016,2.063128474252223,3.1452627301509506,1.7085282677401226,0.05449997055145266,1.6540282971886695,1.7085282677401226,2.32622168631997,15.0,0.010934580913536784,0.00034879981152929706,0.010585781102007483,0.010934580913536784,-19.611978573841157,30.0,RealizedGain,0.010934580913536784,max,-0.0036242456018473275,-0.014005344022179983,-0.02407653964365417,0.07597327513566694,0.08099940193244838,3.0,-0.0521280382671047,"dB(S(ground_T1,ground_T1)) []",-0.0521280382671047
