center_frequency,feed_center,feed_h,feed_r1,freq_step,ground_thickness,lumpedport_D,lumpedport_r,num_of_freq_points,patch_length,patch_name,patch_width,signal_layer_thickness,start_frequency,stop_frequency,sub_high,sub_length,sub_width,sweep_type,unit,Directivity,Directivity_Phi,Directivity_Theta,Directivity_Total,Directivity_dB,Gain,Gain_Phi,Gain_Theta,Gain_Total,Gain_dB,Phi(deg),RealizedGain,RealizedGain_Phi,RealizedGain_Theta,RealizedGain_Total,RealizedGain_dB,Theta(deg),_极值列,_极值数值,_极值类型,rEPhi_Imag,rEPhi_Real,rETheta_Imag,rETheta_Real,rETotal,Freq [GHz],_最小值,_最小值所在列名,"dB(S(ground_T1,ground_T1)) []"
2.5,3.0165761926374364,1.575,0.5,0.01GHz,0.035,1.15,1.5,201.0,24.90519162910273,Patch,20.22015801050312,0.035,2.0,3.0,1.575,50.0,60.0,Interpolating,GHz,2.196016863683115,0.00022179953775020126,2.1957950641453654,2.196016863683115,3.4163567083106012,1.8354767815858872,0.00018538468826882493,1.8352913968976188,1.8354767815858872,2.6374889513643414,0.0,0.012297694436625444,1.2420774114011271e-06,0.012296452359214047,0.012297694436625444,-19.101763021627395,30.0,RealizedGain,0.012297694436625444,max,-0.0008630590356331959,-1.9826880332641782e-05,-0.02930046255680778,0.08074359495001625,0.08589988646965346,3.0,-0.0761610663254242,"dB(S(ground_T1,ground_T1)) []",-0.0761610663254242
