center_frequency,feed_center,feed_h,feed_r1,freq_step,ground_thickness,lumpedport_D,lumpedport_r,num_of_freq_points,patch_length,patch_name,patch_width,signal_layer_thickness,start_frequency,stop_frequency,sub_high,sub_length,sub_width,sweep_type,unit,Directivity,Directivity_Phi,Directivity_Theta,Directivity_Total,Directivity_dB,Gain,Gain_Phi,Gain_Theta,Gain_Total,Gain_dB,Phi(deg),RealizedGain,RealizedGain_Phi,RealizedGain_Theta,RealizedGain_Total,RealizedGain_dB,Theta(deg),_极值列,_极值数值,_极值类型,rEPhi_Imag,rEPhi_Real,rETheta_Imag,rETheta_Real,rETotal,Freq [GHz],_最小值,_最小值所在列名,"dB(S(ground_T1,ground_T1)) []"
2.5,2.6096435754512814,1.575,0.5,0.01GHz,0.035,1.15,1.5,201.0,15.410986045544487,Patch,17.64104439107437,0.035,2.0,3.0,1.575,50.0,60.0,Interpolating,GHz,1.595378752252259,0.026832463402129414,1.5685462888501298,1.595378752252259,2.0286380368547157,1.1965340641891942,0.020124347551597057,1.1764097166375975,1.1965340641891942,0.7792506707717162,-20.0,0.006221977133783809,0.0001046466072683047,0.006117330526515506,0.006221977133783809,-22.060715892880292,45.0,RealizedGain,0.006221977133783809,max,0.0029776587396994343,0.007343227629485116,-0.030866957394122856,0.05213171518757011,0.061100525617682415,3.0,-0.0390356871654311,"dB(S(ground_T1,ground_T1)) []",-0.0390356871654311
