center_frequency,feed_center,feed_h,feed_r1,freq_step,ground_thickness,lumpedport_D,lumpedport_r,num_of_freq_points,patch_length,patch_name,patch_width,signal_layer_thickness,start_frequency,stop_frequency,sub_high,sub_length,sub_width,sweep_type,unit,Directivity,Directivity_Phi,Directivity_Theta,Directivity_Total,Directivity_dB,Gain,Gain_Phi,Gain_Theta,Gain_Total,Gain_dB,Phi(deg),RealizedGain,RealizedGain_Phi,RealizedGain_Theta,RealizedGain_Total,RealizedGain_dB,Theta(deg),_极值列,_极值数值,_极值类型,rEPhi_Imag,rEPhi_Real,rETheta_Imag,rETheta_Real,rETotal,Freq [GHz],_最小值,_最小值所在列名,"dB(S(ground_T1,ground_T1)) []"
2.5,7.219526293674932,1.575,0.5,0.01GHz,0.035,1.15,1.5,201.0,13.405839340079627,Patch,46.44395646103647,0.035,2.0,3.0,1.575,50.0,60.0,Interpolating,GHz,1.9494009546718214,0.14644269702840015,1.8029582576434209,1.9494009546718214,2.899011744138642,0.21660010607464678,0.01627141078093335,0.20032869529371344,0.21660010607464678,-6.643413350254608,-20.0,0.00019494009546718212,1.4644269702840013e-05,0.00018029582576434207,0.00019494009546718212,-37.10098825586136,25.0,RealizedGain,0.00019494009546718212,max,0.002952589933141783,-0.0002626433167822286,0.009678898943854423,0.003807749894235621,0.010815119640925764,3.0,-0.00522785731475753,"dB(S(ground_T1,ground_T1)) []",-0.00522785731475753
