center_frequency,feed_center,feed_h,feed_r1,freq_step,ground_thickness,lumpedport_D,lumpedport_r,num_of_freq_points,patch_length,patch_name,patch_width,signal_layer_thickness,start_frequency,stop_frequency,sub_high,sub_length,sub_width,sweep_type,unit,Directivity,Directivity_Phi,Directivity_Theta,Directivity_Total,Directivity_dB,Gain,Gain_Phi,Gain_Theta,Gain_Total,Gain_dB,Phi(deg),RealizedGain,RealizedGain_Phi,RealizedGain_Theta,RealizedGain_Total,RealizedGain_dB,Theta(deg),_极值列,_极值数值,_极值类型,rEPhi_Imag,rEPhi_Real,rETheta_Imag,rETheta_Real,rETotal,Freq [GHz],_最小值,_最小值所在列名,"dB(S(ground_T1,ground_T1)) []"
2.5,7.998399462215942,1.575,0.5,0.01GHz,0.035,1.15,1.5,201.0,12.476883032034927,Patch,51.26549553267129,0.035,2.0,3.0,1.575,50.0,60.0,Interpolating,GHz,5.186632231975647e-07,1.2232466009305675e-07,3.9633856310450797e-07,5.186632231975647e-07,-62.85114545391045,0.07409474617108068,0.01747495144186525,0.05661979472921543,0.07409474617108068,-11.302125854053015,-85.0,5.186632231975648e-05,1.2232466009305676e-05,3.9633856310450795e-05,5.186632231975648e-05,-42.85114545391045,50.0,RealizedGain,5.186632231975648e-05,max,0.002704220189057071,0.00016384653237111523,0.0018468565189702238,0.004513313087661581,0.005578577466164114,3.0,-0.00383210593916452,"dB(S(ground_T1,ground_T1)) []",-0.00383210593916452
