center_frequency,feed_center,feed_h,feed_r1,freq_step,ground_thickness,lumpedport_D,lumpedport_r,num_of_freq_points,patch_length,patch_name,patch_width,signal_layer_thickness,start_frequency,stop_frequency,sub_high,sub_length,sub_width,sweep_type,unit,Directivity,Directivity_Phi,Directivity_Theta,Directivity_Total,Directivity_dB,Gain,Gain_Phi,Gain_Theta,Gain_Total,Gain_dB,Phi(deg),RealizedGain,RealizedGain_Phi,RealizedGain_Theta,RealizedGain_Total,RealizedGain_dB,Theta(deg),_极值列,_极值数值,_极值类型,rEPhi_Imag,rEPhi_Real,rETheta_Imag,rETheta_Real,rETotal,Freq [GHz],_最小值,_最小值所在列名,"dB(S(ground_T1,ground_T1)) []"
2.5,2.9235557573413873,1.575,0.5,0.01GHz,0.035,1.15,1.5,201.0,13.122819176626713,Patch,19.631785751512606,0.035,2.0,3.0,1.575,50.0,60.0,Interpolating,GHz,1.7208493179696993,0.0001156696248919052,1.7207336483448066,1.7208493179696993,2.357428440409464,1.2987542022412826,8.729783010709827e-05,1.298666904411175,1.2987542022412826,1.135269657681198,0.0,0.0068833972718787976,4.6267849956762083e-07,0.006882934593379228,0.0068833972718787976,-21.621971646310914,40.0,RealizedGain,0.0068833972718787976,max,0.0003744420411689798,0.0003706842291190163,-0.02479309758315181,0.05928878782436026,0.06426613153979016,3.0,-0.0404519561920199,"dB(S(ground_T1,ground_T1)) []",-0.0404519561920199
