center_frequency,feed_center,feed_h,feed_r1,freq_step,ground_thickness,lumpedport_D,lumpedport_r,num_of_freq_points,patch_length,patch_name,patch_width,signal_layer_thickness,start_frequency,stop_frequency,sub_high,sub_length,sub_width,sweep_type,unit,Directivity,Directivity_Phi,Directivity_Theta,Directivity_Total,Directivity_dB,Gain,Gain_Phi,Gain_Theta,Gain_Total,Gain_dB,Phi(deg),RealizedGain,RealizedGain_Phi,RealizedGain_Theta,RealizedGain_Total,RealizedGain_dB,Theta(deg),_极值列,_极值数值,_极值类型,rEPhi_Imag,rEPhi_Real,rETheta_Imag,rETheta_Real,rETotal,Freq [GHz],_最小值,_最小值所在列名,"dB(S(ground_T1,ground_T1)) []"
2.5,4.526661470591539,1.575,0.5,0.01GHz,0.035,1.15,1.5,201.0,13.534321804799783,Patch,29.703219170261892,0.035,2.0,3.0,1.575,50.0,60.0,Interpolating,GHz,2.147635988034582,0.04103051421372272,2.106605473820859,2.147635988034582,3.319606728446931,1.8085355688712266,0.0345520119694507,1.7739835569017757,1.8085355688712266,2.5732705454778886,15.0,0.013744870323421324,0.00026259529096782537,0.013482275032453497,0.013744870323421324,-18.618593531714197,25.0,RealizedGain,0.013744870323421324,max,-0.002330777747042626,-0.012334032656794953,-0.026833697505968115,0.08584584017727245,0.09081363600290762,3.0,-0.0691444130189768,"dB(S(ground_T1,ground_T1)) []",-0.0691444130189768
