center_frequency,feed_center,feed_h,feed_r1,freq_step,ground_thickness,lumpedport_D,lumpedport_r,num_of_freq_points,patch_length,patch_name,patch_width,signal_layer_thickness,start_frequency,stop_frequency,sub_high,sub_length,sub_width,sweep_type,unit,Directivity,Directivity_Phi,Directivity_Theta,Directivity_Total,Directivity_dB,Gain,Gain_Phi,Gain_Theta,Gain_Total,Gain_dB,Phi(deg),RealizedGain,RealizedGain_Phi,RealizedGain_Theta,RealizedGain_Total,RealizedGain_dB,Theta(deg),_极值列,_极值数值,_极值类型,rEPhi_Imag,rEPhi_Real,rETheta_Imag,rETheta_Real,rETotal,Freq [GHz],_最小值,_最小值所在列名,"dB(S(ground_T1,ground_T1)) []"
2.5,3.8665460829921656,1.575,0.5,0.01GHz,0.035,1.15,1.5,201.0,11.079625563103637,Patch,25.571080133139137,0.035,2.0,3.0,1.575,50.0,60.0,Interpolating,GHz,2.3109065232470414,0.32041458361760916,1.9904919396294323,2.3109065232470414,3.6378237851283792,1.881738168929734,0.26090901808862466,1.6208291508411092,1.881738168929734,2.7455919417107255,-55.0,0.013172167182508136,0.0018263631266203723,0.011345804055887762,0.013172167182508136,-18.803427658146706,30.0,RealizedGain,0.013172167182508136,max,0.006673964679210179,0.0324237858355453,-0.03506532635031781,0.07468644923677545,0.08890155512757009,3.0,-0.134325249114272,"dB(S(ground_T1,ground_T1)) []",-0.134325249114272
