center_frequency,feed_center,feed_h,feed_r1,freq_step,ground_thickness,lumpedport_D,lumpedport_r,num_of_freq_points,patch_length,patch_name,patch_width,signal_layer_thickness,start_frequency,stop_frequency,sub_high,sub_length,sub_width,sweep_type,unit,Directivity,Directivity_Phi,Directivity_Theta,Directivity_Total,Directivity_dB,Gain,Gain_Phi,Gain_Theta,Gain_Total,Gain_dB,Phi(deg),RealizedGain,RealizedGain_Phi,RealizedGain_Theta,RealizedGain_Total,RealizedGain_dB,Theta(deg),_极值列,_极值数值,_极值类型,rEPhi_Imag,rEPhi_Real,rETheta_Imag,rETheta_Real,rETotal,Freq [GHz],_最小值,_最小值所在列名,"dB(S(ground_T1,ground_T1)) []"
2.5,1.5660977564778975,1.575,0.5,0.01GHz,0.035,1.15,1.5,201.0,24.4943881475734,Patch,10.93973736967093,0.035,2.0,3.0,1.575,50.0,60.0,Interpolating,GHz,1.5523493903298464,0.0009114686242057933,1.5514379217056407,1.5523493903298464,1.9098947543697857,1.1566524869124346,0.0006791334847023558,1.1559733534277323,1.1566524869124346,0.6320289595585238,5.0,0.005898927683253416,3.4635807719820144e-06,0.005895464102481435,0.005898927683253416,-22.29226927946211,50.0,RealizedGain,0.005898927683253416,max,-5.2779744920702065e-05,-0.0014406289324494568,-0.0386913403358967,0.045170144781445196,0.059493192837394356,3.0,-0.0429373189079527,"dB(S(ground_T1,ground_T1)) []",-0.0429373189079527
