center_frequency,feed_center,feed_h,feed_r1,freq_step,ground_thickness,lumpedport_D,lumpedport_r,num_of_freq_points,patch_length,patch_name,patch_width,signal_layer_thickness,start_frequency,stop_frequency,sub_high,sub_length,sub_width,sweep_type,unit,Directivity,Directivity_Phi,Directivity_Theta,Directivity_Total,Directivity_dB,Gain,Gain_Phi,Gain_Theta,Gain_Total,Gain_dB,Phi(deg),RealizedGain,RealizedGain_Phi,RealizedGain_Theta,RealizedGain_Total,RealizedGain_dB,Theta(deg),_极值列,_极值数值,_极值类型,rEPhi_Imag,rEPhi_Real,rETheta_Imag,rETheta_Real,rETotal,Freq [GHz],_最小值,_最小值所在列名,"dB(S(ground_T1,ground_T1)) []"
2.5,5.223972807030264,1.575,0.5,0.01GHz,0.035,1.15,1.5,201.0,23.131714756480335,Patch,34.052714883128566,0.035,2.0,3.0,1.575,50.0,60.0,Interpolating,GHz,3.0913410562294286,0.001795709725966832,3.0895453465034612,3.0913410562294286,4.901469218111073,2.8103100511176624,0.0016324633872425744,2.8086775877304193,2.8103100511176624,4.487542366528823,0.0,0.030913410562294283,1.7957097259668317e-05,0.03089545346503461,0.030913410562294283,-15.098530781888929,15.0,RealizedGain,0.030913410562294283,max,0.0015297840938588998,-0.002904181952588972,-0.028216160158599964,0.13319743656040015,0.13619281667013555,2.0,-0.0478680620477217,"dB(S(ground_T1,ground_T1)) []",-0.0478680620477217
