center_frequency,feed_center,feed_h,feed_r1,freq_step,ground_thickness,lumpedport_D,lumpedport_r,num_of_freq_points,patch_length,patch_name,patch_width,signal_layer_thickness,start_frequency,stop_frequency,sub_high,sub_length,sub_width,sweep_type,unit,Directivity,Directivity_Phi,Directivity_Theta,Directivity_Total,Directivity_dB,Gain,Gain_Phi,Gain_Theta,Gain_Total,Gain_dB,Phi(deg),RealizedGain,RealizedGain_Phi,RealizedGain_Theta,RealizedGain_Total,RealizedGain_dB,Theta(deg),_极值列,_极值数值,_极值类型,rEPhi_Imag,rEPhi_Real,rETheta_Imag,rETheta_Real,rETotal,Freq [GHz],_最小值,_最小值所在列名,"dB(S(ground_T1,ground_T1)) []"
2.5,1.5819014551770039,1.575,0.5,0.01GHz,0.035,1.15,1.5,201.0,15.404865959405658,Patch,11.042589373623247,0.035,2.0,3.0,1.575,50.0,60.0,Interpolating,GHz,1.4150634152189114,0.00010809962309224387,1.414955315595819,1.4150634152189114,1.5077590294336112,0.9536296928649187,7.284974599694696e-05,0.9535568431189214,0.9536296928649187,-0.20620234903940204,-5.0,0.004386696587178626,3.35108831585956e-07,0.004386361478347038,0.004386696587178626,-23.57862403222366,55.0,RealizedGain,0.004386696587178626,max,0.0004476453966398772,2.6146409600441262e-05,-0.03091686983370772,0.04093929713509293,0.05130380064152872,3.0,-0.0327866899050765,"dB(S(ground_T1,ground_T1)) []",-0.0327866899050765
