center_frequency,feed_center,feed_h,feed_r1,freq_step,ground_thickness,lumpedport_D,lumpedport_r,num_of_freq_points,patch_length,patch_name,patch_width,signal_layer_thickness,start_frequency,stop_frequency,sub_high,sub_length,sub_width,sweep_type,unit,Directivity,Directivity_Phi,Directivity_Theta,Directivity_Total,Directivity_dB,Gain,Gain_Phi,Gain_Theta,Gain_Total,Gain_dB,Phi(deg),RealizedGain,RealizedGain_Phi,RealizedGain_Theta,RealizedGain_Total,RealizedGain_dB,Theta(deg),_极值列,_极值数值,_极值类型,rEPhi_Imag,rEPhi_Real,rETheta_Imag,rETheta_Real,rETotal,Freq [GHz],_最小值,_最小值所在列名,"dB(S(ground_T1,ground_T1)) []"
2.5,5.3312095369420485,1.575,0.5,0.01GHz,0.035,1.15,1.5,201.0,11.947204728452508,Patch,34.72047701736392,0.035,2.0,3.0,1.575,50.0,60.0,Interpolating,GHz,2.355343834769128,0.04484914073293133,2.3104946940361963,2.355343834769128,3.7205431471037738,2.0231799606350203,0.038524261911620505,1.9846556987233996,2.0231799606350203,3.060345147207234,10.0,0.01578080369295316,0.0003004892429106399,0.015480314450042516,0.01578080369295316,-18.018708825887963,20.0,RealizedGain,0.01578080369295316,max,-0.0019405369054089066,-0.013286538669560836,-0.024323398594084715,0.09325652670011605,0.09730727251667869,3.0,-0.0623713158595882,"dB(S(ground_T1,ground_T1)) []",-0.0623713158595882
