center_frequency,feed_center,feed_h,feed_r1,freq_step,ground_thickness,lumpedport_D,lumpedport_r,num_of_freq_points,patch_length,patch_name,patch_width,signal_layer_thickness,start_frequency,stop_frequency,sub_high,sub_length,sub_width,sweep_type,unit,Directivity,Directivity_Phi,Directivity_Theta,Directivity_Total,Directivity_dB,Gain,Gain_Phi,Gain_Theta,Gain_Total,Gain_dB,Phi(deg),RealizedGain,RealizedGain_Phi,RealizedGain_Theta,RealizedGain_Total,RealizedGain_dB,Theta(deg),_极值列,_极值数值,_极值类型,rEPhi_Imag,rEPhi_Real,rETheta_Imag,rETheta_Real,rETotal,Freq [GHz],_最小值,_最小值所在列名,"dB(S(ground_T1,ground_T1)) []"
2.5,3.1340861517327996,1.575,0.5,0.01GHz,0.035,1.15,1.5,201.0,21.7874178898696,Patch,20.96253459496725,0.035,2.0,3.0,1.575,50.0,60.0,Interpolating,GHz,2.3140554174011854,0.04781751374321682,2.2662379036579687,2.3140554174011854,3.643737552999779,1.9283795145009879,0.03984792811934735,1.8885315863816405,1.9283795145009879,2.851925092523531,-10.0,0.013884332504407113,0.0002869050824593009,0.013597427421947812,0.013884332504407113,-18.574749943163784,25.0,RealizedGain,0.013884332504407113,max,0.002716153343166268,0.012836261762144162,-0.027554678804315013,0.08601969736637541,0.09127319301975612,3.0,-0.0911390218205295,"dB(S(ground_T1,ground_T1)) []",-0.0911390218205295
