center_frequency,feed_center,feed_h,feed_r1,freq_step,ground_thickness,lumpedport_D,lumpedport_r,num_of_freq_points,patch_length,patch_name,patch_width,signal_layer_thickness,start_frequency,stop_frequency,sub_high,sub_length,sub_width,sweep_type,unit,Directivity,Directivity_Phi,Directivity_Theta,Directivity_Total,Directivity_dB,Gain,Gain_Phi,Gain_Theta,Gain_Total,Gain_dB,Phi(deg),RealizedGain,RealizedGain_Phi,RealizedGain_Theta,RealizedGain_Total,RealizedGain_dB,Theta(deg),_极值列,_极值数值,_极值类型,rEPhi_Imag,rEPhi_Real,rETheta_Imag,rETheta_Real,rETotal,Freq [GHz],_最小值,_最小值所在列名,"dB(S(ground_T1,ground_T1)) []"
2.5,1.6297593826554313,1.575,0.5,0.01GHz,0.035,1.15,1.5,201.0,15.65383205800332,Patch,11.353716189134518,0.035,2.0,3.0,1.575,50.0,60.0,Interpolating,GHz,1.4238209538442712,0.0008605274502337768,1.4229604263940374,1.4238209538442712,1.5345537999863654,0.9595315123733132,0.0005799206729836323,0.9589515917003297,0.9595315123733132,-0.17940757848664846,15.0,0.004413844956917241,2.6676350957247083e-06,0.004411177321821517,0.004413844956917241,-23.551829261670907,60.0,RealizedGain,0.004413844956917241,max,-0.0005867005778241636,-0.0011208930357778683,-0.03458065468211991,0.03809129912268409,0.0514623101489186,3.0,-0.032982781936741,"dB(S(ground_T1,ground_T1)) []",-0.032982781936741
