center_frequency,feed_center,feed_h,feed_r1,freq_step,ground_thickness,lumpedport_D,lumpedport_r,num_of_freq_points,patch_length,patch_name,patch_width,signal_layer_thickness,start_frequency,stop_frequency,sub_high,sub_length,sub_width,sweep_type,unit,Directivity,Directivity_Phi,Directivity_Theta,Directivity_Total,Directivity_dB,Gain,Gain_Phi,Gain_Theta,Gain_Total,Gain_dB,Phi(deg),RealizedGain,RealizedGain_Phi,RealizedGain_Theta,RealizedGain_Total,RealizedGain_dB,Theta(deg),_极值列,_极值数值,_极值类型,rEPhi_Imag,rEPhi_Real,rETheta_Imag,rETheta_Real,rETotal,Freq [GHz],_最小值,_最小值所在列名,"dB(S(ground_T1,ground_T1)) []"
2.5,1.5064307620754132,1.575,0.5,0.01GHz,0.035,1.15,1.5,201.0,21.28370071939415,Patch,10.55089913907514,0.035,2.0,3.0,1.575,50.0,60.0,Interpolating,GHz,1.4957806392712834,0.000286781746266685,1.4954938575250163,1.4957806392712834,1.7486790760645474,1.0595112861504923,0.0002031370702722352,1.0593081490802199,1.0595112861504923,0.25105587273122615,-5.0,0.005085654173522363,9.750579373067288e-07,0.005084679115585056,0.005085654173522363,-22.936531753512902,60.0,RealizedGain,0.005085654173522363,max,0.0006240511883895247,0.0004422766775929564,-0.040950502538764755,0.037066638442591913,0.05524006147857263,3.0,-0.0365086328619689,"dB(S(ground_T1,ground_T1)) []",-0.0365086328619689
