center_frequency,feed_center,feed_h,feed_r1,freq_step,ground_thickness,lumpedport_D,lumpedport_r,num_of_freq_points,patch_length,patch_name,patch_width,signal_layer_thickness,start_frequency,stop_frequency,sub_high,sub_length,sub_width,sweep_type,unit,Directivity,Directivity_Phi,Directivity_Theta,Directivity_Total,Directivity_dB,Gain,Gain_Phi,Gain_Theta,Gain_Total,Gain_dB,Phi(deg),RealizedGain,RealizedGain_Phi,RealizedGain_Theta,RealizedGain_Total,RealizedGain_dB,Theta(deg),_极值列,_极值数值,_极值类型,rEPhi_Imag,rEPhi_Real,rETheta_Imag,rETheta_Real,rETotal,Freq [GHz],_最小值,_最小值所在列名,"dB(S(ground_T1,ground_T1)) []"
2.5,7.637205817656832,1.575,0.5,0.01GHz,0.035,1.15,1.5,201.0,13.828838543982865,Patch,49.03034144034645,0.035,2.0,3.0,1.575,50.0,60.0,Interpolating,GHz,1.1404842132303337,0.03323900757086811,1.1072452056594655,1.1404842132303337,0.5708927807877466,0.1425605266537917,0.004154875946358514,0.1384056507074332,0.1425605266537917,-8.46000708913169,-15.0,0.00011404842132303335,3.3239007570868104e-06,0.00011072452056594653,0.00011404842132303335,-39.429107219212256,25.0,RealizedGain,0.00011404842132303335,max,0.0014018370673802307,-0.00017099788193209296,0.007624750042287626,0.0028808790800449557,0.008272282932801096,3.0,-0.00449884513698404,"dB(S(ground_T1,ground_T1)) []",-0.00449884513698404
