center_frequency,feed_center,feed_h,feed_r1,freq_step,ground_thickness,lumpedport_D,lumpedport_r,num_of_freq_points,patch_length,patch_name,patch_width,signal_layer_thickness,start_frequency,stop_frequency,sub_high,sub_length,sub_width,sweep_type,unit,Directivity,Directivity_Phi,Directivity_Theta,Directivity_Total,Directivity_dB,Gain,Gain_Phi,Gain_Theta,Gain_Total,Gain_dB,Phi(deg),RealizedGain,RealizedGain_Phi,RealizedGain_Theta,RealizedGain_Total,RealizedGain_dB,Theta(deg),_极值列,_极值数值,_极值类型,rEPhi_Imag,rEPhi_Real,rETheta_Imag,rETheta_Real,rETotal,Freq [GHz],_最小值,_最小值所在列名,"dB(S(ground_T1,ground_T1)) []"
2.5,2.7149800793489454,1.575,0.5,0.01GHz,0.035,1.15,1.5,201.0,22.647778402380517,Patch,18.310010814793866,0.035,2.0,3.0,1.575,50.0,60.0,Interpolating,GHz,2.1538148698507644,0.0030902668035603107,2.150724603047204,2.1538148698507644,3.332083709872352,1.7792383707462838,0.0025528290985933006,1.7766855416476903,1.7792383707462838,2.502341359224713,5.0,0.012276744758149358,1.761452078029377e-05,0.012259130237369062,0.012276744758149358,-19.109167733402735,30.0,RealizedGain,0.012276744758149358,max,-0.0009424325966655489,-0.0031113955483367574,-0.03075465738352986,0.08006124205909286,0.08582668811203445,3.0,-0.0868380470649027,"dB(S(ground_T1,ground_T1)) []",-0.0868380470649027
