center_frequency,feed_center,feed_h,feed_r1,freq_step,ground_thickness,lumpedport_D,lumpedport_r,num_of_freq_points,patch_length,patch_name,patch_width,signal_layer_thickness,start_frequency,stop_frequency,sub_high,sub_length,sub_width,sweep_type,unit,Directivity,Directivity_Phi,Directivity_Theta,Directivity_Total,Directivity_dB,Gain,Gain_Phi,Gain_Theta,Gain_Total,Gain_dB,Phi(deg),RealizedGain,RealizedGain_Phi,RealizedGain_Theta,RealizedGain_Total,RealizedGain_dB,Theta(deg),_极值列,_极值数值,_极值类型,rEPhi_Imag,rEPhi_Real,rETheta_Imag,rETheta_Real,rETotal,Freq [GHz],_最小值,_最小值所在列名,"dB(S(ground_T1,ground_T1)) []"
2.5,2.849759904987856,1.575,0.5,0.01GHz,0.035,1.15,1.5,201.0,27.58320020314477,Patch,19.164539057150243,0.035,2.0,3.0,1.575,50.0,60.0,Interpolating,GHz,2.500648642816411,0.0009696206160261954,2.4996790222003837,2.500648642816411,3.9805267485500497,2.1568094544291543,0.0008362977813225934,2.1559731566478306,2.1568094544291543,3.3381177860031657,0.0,0.01725447563543324,6.690382250580748e-06,0.017247785253182647,0.01725447563543324,-17.630982344077395,20.0,RealizedGain,0.01725447563543324,max,-0.0013857344150260073,0.0014470881289568665,-0.023072088965634605,0.09907872459811268,0.10174934535980452,3.0,-0.231506905407988,"dB(S(ground_T1,ground_T1)) []",-0.231506905407988
