center_frequency,feed_center,feed_h,feed_r1,freq_step,ground_thickness,lumpedport_D,lumpedport_r,num_of_freq_points,patch_length,patch_name,patch_width,signal_layer_thickness,start_frequency,stop_frequency,sub_high,sub_length,sub_width,sweep_type,unit,Directivity,Directivity_Phi,Directivity_Theta,Directivity_Total,Directivity_dB,Gain,Gain_Phi,Gain_Theta,Gain_Total,Gain_dB,Phi(deg),RealizedGain,RealizedGain_Phi,RealizedGain_Theta,RealizedGain_Total,RealizedGain_dB,Theta(deg),_极值列,_极值数值,_极值类型,rEPhi_Imag,rEPhi_Real,rETheta_Imag,rETheta_Real,rETotal,Freq [GHz],_最小值,_最小值所在列名,"dB(S(ground_T1,ground_T1)) []"
2.5,2.4393619624718386,1.575,0.5,0.01GHz,0.035,1.15,1.5,201.0,13.202187074728302,Patch,16.557355203971188,0.035,2.0,3.0,1.575,50.0,60.0,Interpolating,GHz,1.5940295135415057,0.006984901607527451,1.587044611933978,1.5940295135415057,2.0249635812004185,1.1385925096725038,0.0049892154339481794,1.1336032942385557,1.1385925096725038,0.5636832244180374,-10.0,0.005579103297395269,2.4447155626346077e-05,0.005554656141768923,0.005579103297395269,-22.534355975296826,45.0,RealizedGain,0.005579103297395269,max,0.0020587267849209306,0.0032295948619850672,-0.026679123555312025,0.0511966460716101,0.057857936720979136,3.0,-0.0364671226034831,"dB(S(ground_T1,ground_T1)) []",-0.0364671226034831
