center_frequency,feed_center,feed_h,feed_r1,freq_step,ground_thickness,lumpedport_D,lumpedport_r,num_of_freq_points,patch_length,patch_name,patch_width,signal_layer_thickness,start_frequency,stop_frequency,sub_high,sub_length,sub_width,sweep_type,unit,Directivity,Directivity_Phi,Directivity_Theta,Directivity_Total,Directivity_dB,Gain,Gain_Phi,Gain_Theta,Gain_Total,Gain_dB,Phi(deg),RealizedGain,RealizedGain_Phi,RealizedGain_Theta,RealizedGain_Total,RealizedGain_dB,Theta(deg),_极值列,_极值数值,_极值类型,rEPhi_Imag,rEPhi_Real,rETheta_Imag,rETheta_Real,rETotal,Freq [GHz],_最小值,_最小值所在列名,"dB(S(ground_T1,ground_T1)) []"
2.5,3.332589037781869,1.575,0.5,0.01GHz,0.035,1.15,1.5,201.0,29.068645700778294,Patch,22.214497067455675,0.035,2.0,3.0,1.575,50.0,60.0,Interpolating,GHz,2.891786944754624,0.0001316079019062183,2.8916553368527174,2.891786944754624,4.611662927283384,2.5841500357381744,0.0001176070612778972,2.5840324286768963,2.5841500357381744,4.123177251905213,0.0,0.024291010335938838,1.1055063760122336e-06,0.024289904829562826,0.024291010335938838,-16.1455442120978,15.0,RealizedGain,0.024291010335938838,max,0.0005632973144870813,0.0005882308967881668,-0.022151157346286955,0.11867439688007483,0.12072675580036897,3.0,-0.798656645799123,"dB(S(ground_T1,ground_T1)) []",-0.798656645799123
