center_frequency,feed_center,feed_h,feed_r1,freq_step,ground_thickness,lumpedport_D,lumpedport_r,num_of_freq_points,patch_length,patch_name,patch_width,signal_layer_thickness,start_frequency,stop_frequency,sub_high,sub_length,sub_width,sweep_type,unit,Directivity,Directivity_Phi,Directivity_Theta,Directivity_Total,Directivity_dB,Gain,Gain_Phi,Gain_Theta,Gain_Total,Gain_dB,Phi(deg),RealizedGain,RealizedGain_Phi,RealizedGain_Theta,RealizedGain_Total,RealizedGain_dB,Theta(deg),_极值列,_极值数值,_极值类型,rEPhi_Imag,rEPhi_Real,rETheta_Imag,rETheta_Real,rETotal,Freq [GHz],_最小值,_最小值所在列名,"dB(S(ground_T1,ground_T1)) []"
2.5,4.122421821670454,1.575,0.5,0.01GHz,0.035,1.15,1.5,201.0,24.86573416462266,Patch,27.17478817461892,0.035,2.0,3.0,1.575,50.0,60.0,Interpolating,GHz,2.7449884226999703,0.013599143848888304,2.7313892788510823,2.7449884226999703,4.38540517103735,2.4399897090666407,0.012088127865678493,2.427901581200962,2.4399897090666407,3.8738799465635383,-5.0,0.021959907381599763,0.00010879315079110644,0.021851114230808658,0.021959907381599763,-16.583694959043214,15.0,RealizedGain,0.021959907381599763,max,0.0002832735798297951,0.00807447734497279,-0.020014502423886096,0.11274039695993157,0.11478786888114179,3.0,-0.130372202900929,"dB(S(ground_T1,ground_T1)) []",-0.130372202900929
