center_frequency,feed_center,feed_h,feed_r1,freq_step,ground_thickness,lumpedport_D,lumpedport_r,num_of_freq_points,patch_length,patch_name,patch_width,signal_layer_thickness,start_frequency,stop_frequency,sub_high,sub_length,sub_width,sweep_type,unit,Directivity,Directivity_Phi,Directivity_Theta,Directivity_Total,Directivity_dB,Gain,Gain_Phi,Gain_Theta,Gain_Total,Gain_dB,Phi(deg),RealizedGain,RealizedGain_Phi,RealizedGain_Theta,RealizedGain_Total,RealizedGain_dB,Theta(deg),_极值列,_极值数值,_极值类型,rEPhi_Imag,rEPhi_Real,rETheta_Imag,rETheta_Real,rETotal,Freq [GHz],_最小值,_最小值所在列名,"dB(S(ground_T1,ground_T1)) []"
2.5,2.4232138880122207,1.575,0.5,0.01GHz,0.035,1.15,1.5,201.0,17.270127046315746,Patch,16.454431123874514,0.035,2.0,3.0,1.575,50.0,60.0,Interpolating,GHz,1.6442202449952041,0.001826623428842675,1.6423936215663615,1.6442202449952041,2.1595999129375816,1.233165183746403,0.0013699675716320062,1.2317952161747712,1.233165183746403,0.9102125468545819,-5.0,0.006412458955481296,7.1238313724864326e-06,0.006405335124108809,0.006412458955481296,-21.929754016797425,45.0,RealizedGain,0.006412458955481296,max,0.0005672259771661675,0.0019881283190296938,-0.03164346447286041,0.05331025016782206,0.062028751529617704,3.0,-0.0402530867993718,"dB(S(ground_T1,ground_T1)) []",-0.0402530867993718
