center_frequency,feed_center,feed_h,feed_r1,freq_step,ground_thickness,lumpedport_D,lumpedport_r,num_of_freq_points,patch_length,patch_name,patch_width,signal_layer_thickness,start_frequency,stop_frequency,sub_high,sub_length,sub_width,sweep_type,unit,Directivity,Directivity_Phi,Directivity_Theta,Directivity_Total,Directivity_dB,Gain,Gain_Phi,Gain_Theta,Gain_Total,Gain_dB,Phi(deg),RealizedGain,RealizedGain_Phi,RealizedGain_Theta,RealizedGain_Total,RealizedGain_dB,Theta(deg),_极值列,_极值数值,_极值类型,rEPhi_Imag,rEPhi_Real,rETheta_Imag,rETheta_Real,rETotal,Freq [GHz],_最小值,_最小值所在列名,"dB(S(ground_T1,ground_T1)) []"
2.5,2.202993275719241,1.575,0.5,0.01GHz,0.035,1.15,1.5,201.0,17.932471123934448,Patch,15.04781142181625,0.035,2.0,3.0,1.575,50.0,60.0,Interpolating,GHz,1.6300508470354746,0.0019582160266397907,1.6280926310088355,1.6300508470354746,2.122011517919991,1.2062376268062514,0.0014490798597134448,1.2047885469465383,1.2062376268062514,0.8143287152297534,-5.0,0.006031188134031256,7.245399298567225e-06,0.006023942734732692,0.006031188134031256,-22.195971241410057,45.0,RealizedGain,0.006031188134031256,max,0.0009874462177828116,0.0018363801249068697,-0.03110585729018906,0.0514478030071466,0.060156447152536666,3.0,-0.0393748095945302,"dB(S(ground_T1,ground_T1)) []",-0.0393748095945302
