center_frequency,feed_center,feed_h,feed_r1,freq_step,ground_thickness,lumpedport_D,lumpedport_r,num_of_freq_points,patch_length,patch_name,patch_width,signal_layer_thickness,start_frequency,stop_frequency,sub_high,sub_length,sub_width,sweep_type,unit,Directivity,Directivity_Phi,Directivity_Theta,Directivity_Total,Directivity_dB,Gain,Gain_Phi,Gain_Theta,Gain_Total,Gain_dB,Phi(deg),RealizedGain,RealizedGain_Phi,RealizedGain_Theta,RealizedGain_Total,RealizedGain_dB,Theta(deg),_极值列,_极值数值,_极值类型,rEPhi_Imag,rEPhi_Real,rETheta_Imag,rETheta_Real,rETotal,Freq [GHz],_最小值,_最小值所在列名,"dB(S(ground_T1,ground_T1)) []"
2.5,1.6783541963447712,1.575,0.5,0.01GHz,0.035,1.15,1.5,201.0,34.95188840886572,Patch,11.669133642722171,0.035,2.0,3.0,1.575,50.0,60.0,Interpolating,GHz,2.7556137442792057,0.0005396942403787841,2.755074050038827,2.7556137442792057,4.402183422325745,2.3575806478833203,0.00046173840565740416,2.3571189094776632,2.3575806478833203,3.724665579657315,0.0,0.021218225830949882,4.155645650916638e-06,0.02121407018529897,0.021218225830949882,-16.732909325949436,15.0,RealizedGain,0.021218225830949882,max,0.001471319543455993,-0.0005732930607835165,-0.01863580207192166,0.11127195901430277,0.11283277639000563,2.735,-6.49725923841409,"dB(S(ground_T1,ground_T1)) []",-6.49725923841409
