center_frequency,feed_center,feed_h,feed_r1,freq_step,ground_thickness,lumpedport_D,lumpedport_r,num_of_freq_points,patch_length,patch_name,patch_width,signal_layer_thickness,start_frequency,stop_frequency,sub_high,sub_length,sub_width,sweep_type,unit,Directivity,Directivity_Phi,Directivity_Theta,Directivity_Total,Directivity_dB,Gain,Gain_Phi,Gain_Theta,Gain_Total,Gain_dB,Phi(deg),RealizedGain,RealizedGain_Phi,RealizedGain_Theta,RealizedGain_Total,RealizedGain_dB,Theta(deg),_极值列,_极值数值,_极值类型,rEPhi_Imag,rEPhi_Real,rETheta_Imag,rETheta_Real,rETotal,Freq [GHz],_最小值,_最小值所在列名,"dB(S(ground_T1,ground_T1)) []"
2.5,3.0250189576136335,1.575,0.5,0.01GHz,0.035,1.15,1.5,201.0,10.338021374578098,Patch,20.2735283804509,0.035,2.0,3.0,1.575,50.0,60.0,Interpolating,GHz,1.6124911687405536,0.0017883339333363058,1.6107028348072177,1.6124911687405536,2.074973447784691,1.1865501052996525,0.0013159438377380363,1.1852341614619148,1.1865501052996525,0.742860822041792,5.0,0.006288715558088158,6.974502340011593e-06,0.006281741055748149,0.006288715558088158,-22.01438048195032,40.0,RealizedGain,0.006288715558088158,max,-0.0015039065121909276,-0.001386746261711468,-0.0216699527456946,0.05744167978676588,0.061427341051992185,3.0,-0.0389852999176979,"dB(S(ground_T1,ground_T1)) []",-0.0389852999176979
