center_frequency,feed_center,feed_h,feed_r1,freq_step,ground_thickness,lumpedport_D,lumpedport_r,num_of_freq_points,patch_length,patch_name,patch_width,signal_layer_thickness,start_frequency,stop_frequency,sub_high,sub_length,sub_width,sweep_type,unit,Directivity,Directivity_Phi,Directivity_Theta,Directivity_Total,Directivity_dB,Gain,Gain_Phi,Gain_Theta,Gain_Total,Gain_dB,Phi(deg),RealizedGain,RealizedGain_Phi,RealizedGain_Theta,RealizedGain_Total,RealizedGain_dB,Theta(deg),_极值列,_极值数值,_极值类型,rEPhi_Imag,rEPhi_Real,rETheta_Imag,rETheta_Real,rETotal,Freq [GHz],_最小值,_最小值所在列名,"dB(S(ground_T1,ground_T1)) []"
2.5,8.549328505150836,1.575,0.5,0.01GHz,0.035,1.15,1.5,201.0,13.08064335681632,Patch,54.67249983240716,0.035,2.0,3.0,1.575,50.0,60.0,Interpolating,GHz,5.273345312668534e-07,1.1861720026584165e-07,4.0871733100101197e-07,5.273345312668534e-07,-62.779137889802676,0.07533350446669335,0.016945314323691667,0.058388190143001714,0.07533350446669335,-11.230118289945247,85.0,5.273345312668534e-05,1.1861720026584166e-05,4.0871733100101196e-05,5.273345312668534e-05,-42.779137889802676,50.0,RealizedGain,5.273345312668534e-05,max,-0.002662943316848035,-0.00016103595260590393,0.0017337520073633153,0.004638719820988057,0.005625017092191018,3.0,-0.00386096623435037,"dB(S(ground_T1,ground_T1)) []",-0.00386096623435037
