center_frequency,feed_center,feed_h,feed_r1,freq_step,ground_thickness,lumpedport_D,lumpedport_r,num_of_freq_points,patch_length,patch_name,patch_width,signal_layer_thickness,start_frequency,stop_frequency,sub_high,sub_length,sub_width,sweep_type,unit,Directivity,Directivity_Phi,Directivity_Theta,Directivity_Total,Directivity_dB,Gain,Gain_Phi,Gain_Theta,Gain_Total,Gain_dB,Phi(deg),RealizedGain,RealizedGain_Phi,RealizedGain_Theta,RealizedGain_Total,RealizedGain_dB,Theta(deg),_极值列,_极值数值,_极值类型,rEPhi_Imag,rEPhi_Real,rETheta_Imag,rETheta_Real,rETotal,Freq [GHz],_最小值,_最小值所在列名,"dB(S(ground_T1,ground_T1)) []"
2.5,3.5788928735672307,1.575,0.5,0.01GHz,0.035,1.15,1.5,201.0,15.382454942368945,Patch,23.764668150754957,0.035,2.0,3.0,1.575,50.0,60.0,Interpolating,GHz,1.9464187535632225,0.005098568861553801,1.941320184701669,1.9464187535632225,2.892362803297633,1.6170248106525233,0.004235734131137004,1.6127890765213866,1.6170248106525233,2.087166835098763,-5.0,0.010510661269241401,2.7532271852390527e-05,0.010483128997389011,0.010510661269241401,-19.78369959847268,30.0,RealizedGain,0.010510661269241401,max,0.0007413847096904539,0.00399626087798346,-0.026656337681282824,0.07469581811365468,0.07941376036015059,3.0,-0.0577966465516099,"dB(S(ground_T1,ground_T1)) []",-0.0577966465516099
