center_frequency,feed_center,feed_h,feed_r1,freq_step,ground_thickness,lumpedport_D,lumpedport_r,num_of_freq_points,patch_length,patch_name,patch_width,signal_layer_thickness,start_frequency,stop_frequency,sub_high,sub_length,sub_width,sweep_type,unit,Directivity,Directivity_Phi,Directivity_Theta,Directivity_Total,Directivity_dB,Gain,Gain_Phi,Gain_Theta,Gain_Total,Gain_dB,Phi(deg),RealizedGain,RealizedGain_Phi,RealizedGain_Theta,RealizedGain_Total,RealizedGain_dB,Theta(deg),_极值列,_极值数值,_极值类型,rEPhi_Imag,rEPhi_Real,rETheta_Imag,rETheta_Real,rETotal,Freq [GHz],_最小值,_最小值所在列名,"dB(S(ground_T1,ground_T1)) []"
2.5,3.8023437204881705,1.575,0.5,0.01GHz,0.035,1.15,1.5,201.0,16.357121356218038,Patch,25.168243309238715,0.035,2.0,3.0,1.575,50.0,60.0,Interpolating,GHz,2.209574554382522,0.0355660295669377,2.1740085248155845,2.209574554382522,3.443086598972595,1.8811242827851202,0.03027918733401453,1.8508450954511058,1.8811242827851202,2.7441748961986505,15.0,0.01392031969260989,0.00022406598627170752,0.013696253706338183,0.01392031969260989,-18.563507906491587,25.0,RealizedGain,0.01392031969260989,max,-0.003935407092913825,-0.010906664478705573,-0.025925529628422733,0.08686663766997325,0.09139140323705865,3.0,-0.0715922669617676,"dB(S(ground_T1,ground_T1)) []",-0.0715922669617676
