center_frequency,feed_center,feed_h,feed_r1,freq_step,ground_thickness,lumpedport_D,lumpedport_r,num_of_freq_points,patch_length,patch_name,patch_width,signal_layer_thickness,start_frequency,stop_frequency,sub_high,sub_length,sub_width,sweep_type,unit,Directivity,Directivity_Phi,Directivity_Theta,Directivity_Total,Directivity_dB,Gain,Gain_Phi,Gain_Theta,Gain_Total,Gain_dB,Phi(deg),RealizedGain,RealizedGain_Phi,RealizedGain_Theta,RealizedGain_Total,RealizedGain_dB,Theta(deg),_极值列,_极值数值,_极值类型,rEPhi_Imag,rEPhi_Real,rETheta_Imag,rETheta_Real,rETotal,Freq [GHz],_最小值,_最小值所在列名,"dB(S(ground_T1,ground_T1)) []"
2.5,2.090052274967665,1.575,0.5,0.01GHz,0.035,1.15,1.5,201.0,21.79670973727709,Patch,14.324060059909263,0.035,2.0,3.0,1.575,50.0,60.0,Interpolating,GHz,1.6159300573244022,0.006540704960789746,1.6093893523636122,1.6159300573244022,2.084225591765427,1.2430231210187712,0.005031311508299806,1.2379918095104712,1.2430231210187712,0.9447920686970606,10.0,0.00646372022929761,2.6162819843158986e-05,0.006437557409454449,0.00646372022929761,-21.89517449495495,45.0,RealizedGain,0.00646372022929761,max,-0.0017501903052567827,-0.0035545598355747154,-0.03505144643181733,0.051322719593981825,0.06227618730473424,3.0,-0.0434676846439634,"dB(S(ground_T1,ground_T1)) []",-0.0434676846439634
