center_frequency,feed_center,feed_h,feed_r1,freq_step,ground_thickness,lumpedport_D,lumpedport_r,num_of_freq_points,patch_length,patch_name,patch_width,signal_layer_thickness,start_frequency,stop_frequency,sub_high,sub_length,sub_width,sweep_type,unit,Directivity,Directivity_Phi,Directivity_Theta,Directivity_Total,Directivity_dB,Gain,Gain_Phi,Gain_Theta,Gain_Total,Gain_dB,Phi(deg),RealizedGain,RealizedGain_Phi,RealizedGain_Theta,RealizedGain_Total,RealizedGain_dB,Theta(deg),_极值列,_极值数值,_极值类型,rEPhi_Imag,rEPhi_Real,rETheta_Imag,rETheta_Real,rETotal,Freq [GHz],_最小值,_最小值所在列名,"dB(S(ground_T1,ground_T1)) []"
2.5,2.7494253522341228,1.575,0.5,0.01GHz,0.035,1.15,1.5,201.0,46.60301220908532,Patch,18.528547486926982,0.035,2.0,3.0,1.575,50.0,60.0,Interpolating,GHz,1.5098449057332481,0.8058308923815806,0.7040140133516678,1.5098449057332481,1.7893233799276695,1.2915540759886823,0.6893252211938822,0.6022288547948002,1.2915540759886823,1.1111259433576839,50.0,0.010719898830706063,0.005721399335909223,0.0049984994947968415,0.010719898830706063,-19.698093132881578,50.0,RealizedGain,0.010719898830706063,max,-0.005701198657774432,0.05831309295519527,-0.05266568313347412,-0.015016529993127773,0.08020031688894165,2.065,-13.7160568793188,"dB(S(ground_T1,ground_T1)) []",-13.7160568793188
