center_frequency,feed_center,feed_h,feed_r1,freq_step,ground_thickness,lumpedport_D,lumpedport_r,num_of_freq_points,patch_length,patch_name,patch_width,signal_layer_thickness,start_frequency,stop_frequency,sub_high,sub_length,sub_width,sweep_type,unit,Directivity,Directivity_Phi,Directivity_Theta,Directivity_Total,Directivity_dB,Gain,Gain_Phi,Gain_Theta,Gain_Total,Gain_dB,Phi(deg),RealizedGain,RealizedGain_Phi,RealizedGain_Theta,RealizedGain_Total,RealizedGain_dB,Theta(deg),_极值列,_极值数值,_极值类型,rEPhi_Imag,rEPhi_Real,rETheta_Imag,rETheta_Real,rETotal,Freq [GHz],_最小值,_最小值所在列名,"dB(S(ground_T1,ground_T1)) []"
2.5,7.809792823796631,1.575,0.5,0.01GHz,0.035,1.15,1.5,201.0,16.425636375811568,Patch,50.09851024976493,0.035,2.0,3.0,1.575,50.0,60.0,Interpolating,GHz,2.7835721523051284,0.007635579452881295,2.7759365728522476,2.7835721523051284,4.446024830318031,2.5374059075434503,0.006960324127116283,2.5304455834163346,2.5374059075434503,4.043899466484346,5.0,0.037299866840888714,0.00010231676466860934,0.037197550076220116,0.037299866840888714,-14.282927186033893,15.0,RealizedGain,0.037299866840888714,max,0.0007597693837448514,-0.007798349541977469,-0.053250718553730814,0.13958301051199748,0.14960096040860293,3.0,-0.15797148442793,"dB(S(ground_T1,ground_T1)) []",-0.15797148442793
