center_frequency,feed_center,feed_h,feed_r1,freq_step,ground_thickness,lumpedport_D,lumpedport_r,num_of_freq_points,patch_length,patch_name,patch_width,signal_layer_thickness,start_frequency,stop_frequency,sub_high,sub_length,sub_width,sweep_type,unit,Directivity,Directivity_Phi,Directivity_Theta,Directivity_Total,Directivity_dB,Gain,Gain_Phi,Gain_Theta,Gain_Total,Gain_dB,Phi(deg),RealizedGain,RealizedGain_Phi,RealizedGain_Theta,RealizedGain_Total,RealizedGain_dB,Theta(deg),_极值列,_极值数值,_极值类型,rEPhi_Imag,rEPhi_Real,rETheta_Imag,rETheta_Real,rETotal,Freq [GHz],_最小值,_最小值所在列名,"dB(S(ground_T1,ground_T1)) []"
2.5,7.530095609246744,1.575,0.5,0.01GHz,0.035,1.15,1.5,201.0,13.613241785116813,Patch,48.367266262138344,0.035,2.0,3.0,1.575,50.0,60.0,Interpolating,GHz,1.2597068056666871,0.04863159515850708,1.21107521050818,1.2597068056666871,1.0026947567458533,0.1574633507083359,0.006078949394813385,0.1513844013135225,0.1574633507083359,-8.028205113173582,15.0,0.0001259706805666687,4.8631595158507075e-06,0.00012110752105081799,0.0001259706805666687,-38.99730524325415,25.0,RealizedGain,0.0001259706805666687,max,-0.0016999785662713059,0.00016744350303342208,0.007946923358766253,0.0030842557725446734,0.00869391678089167,3.0,-0.00452969871886671,"dB(S(ground_T1,ground_T1)) []",-0.00452969871886671
