center_frequency,feed_center,feed_h,feed_r1,freq_step,ground_thickness,lumpedport_D,lumpedport_r,num_of_freq_points,patch_length,patch_name,patch_width,signal_layer_thickness,start_frequency,stop_frequency,sub_high,sub_length,sub_width,sweep_type,unit,Directivity,Directivity_Phi,Directivity_Theta,Directivity_Total,Directivity_dB,Gain,Gain_Phi,Gain_Theta,Gain_Total,Gain_dB,Phi(deg),RealizedGain,RealizedGain_Phi,RealizedGain_Theta,RealizedGain_Total,RealizedGain_dB,Theta(deg),_极值列,_极值数值,_极值类型,rEPhi_Imag,rEPhi_Real,rETheta_Imag,rETheta_Real,rETotal,Freq [GHz],_最小值,_最小值所在列名,"dB(S(ground_T1,ground_T1)) []"
2.5,8.305667076802207,1.575,0.5,0.01GHz,0.035,1.15,1.5,201.0,15.511054491319452,Patch,53.16598940759832,0.035,2.0,3.0,1.575,50.0,60.0,Interpolating,GHz,2.309545626495253,0.15233040789169822,2.1572152186035547,2.309545626495253,3.6352654642209075,0.25661618072169473,0.016925600876855355,0.23969057984483938,0.25661618072169473,-5.907159630172342,20.0,0.00023095456264952524,1.523304078916982e-05,0.00021572152186035543,0.00023095456264952524,-36.36473453577909,20.0,RealizedGain,0.00023095456264952524,max,-0.003006706508682911,0.0003158413686177303,0.010806512857445844,0.0035574207370295007,0.011771830878749336,3.0,-0.00554327373561841,"dB(S(ground_T1,ground_T1)) []",-0.00554327373561841
