center_frequency,feed_center,feed_h,feed_r1,freq_step,ground_thickness,lumpedport_D,lumpedport_r,num_of_freq_points,patch_length,patch_name,patch_width,signal_layer_thickness,start_frequency,stop_frequency,sub_high,sub_length,sub_width,sweep_type,unit,Directivity,Directivity_Phi,Directivity_Theta,Directivity_Total,Directivity_dB,Gain,Gain_Phi,Gain_Theta,Gain_Total,Gain_dB,Phi(deg),RealizedGain,RealizedGain_Phi,RealizedGain_Theta,RealizedGain_Total,RealizedGain_dB,Theta(deg),_极值列,_极值数值,_极值类型,rEPhi_Imag,rEPhi_Real,rETheta_Imag,rETheta_Real,rETotal,Freq [GHz],_最小值,_最小值所在列名,"dB(S(ground_T1,ground_T1)) []"
2.5,1.5816410300023955,1.575,0.5,0.01GHz,0.035,1.15,1.5,201.0,10.485107873711193,Patch,11.040894956594428,0.035,2.0,3.0,1.575,50.0,60.0,Interpolating,GHz,1.4156892302118322,0.0036687768680512874,1.4120204533437815,1.4156892302118322,1.509679282006611,0.8365436360342645,0.0021679136038484878,0.8343757224304162,0.8365436360342645,-0.7751140031470836,-15.0,0.003680791998550764,9.538819856933346e-06,0.003671253178693831,0.003680791998550764,-24.34058723828521,60.0,RealizedGain,0.003680791998550764,max,0.0013507552649997699,0.0019745599418118554,-0.025817631126889166,0.03919507271394696,0.04699497025007505,3.0,-0.0299774144714371,"dB(S(ground_T1,ground_T1)) []",-0.0299774144714371
