center_frequency,feed_center,feed_h,feed_r1,freq_step,ground_thickness,lumpedport_D,lumpedport_r,num_of_freq_points,patch_length,patch_name,patch_width,signal_layer_thickness,start_frequency,stop_frequency,sub_high,sub_length,sub_width,sweep_type,unit,Directivity,Directivity_Phi,Directivity_Theta,Directivity_Total,Directivity_dB,Gain,Gain_Phi,Gain_Theta,Gain_Total,Gain_dB,Phi(deg),RealizedGain,RealizedGain_Phi,RealizedGain_Theta,RealizedGain_Total,RealizedGain_dB,Theta(deg),_极值列,_极值数值,_极值类型,rEPhi_Imag,rEPhi_Real,rETheta_Imag,rETheta_Real,rETotal,Freq [GHz],_最小值,_最小值所在列名,"dB(S(ground_T1,ground_T1)) []"
2.5,3.8636299344952296,1.575,0.5,0.01GHz,0.035,1.15,1.5,201.0,30.313379557588842,Patch,25.552786859949858,0.035,2.0,3.0,1.575,50.0,60.0,Interpolating,GHz,3.5408649160605385,0.0005245214010931763,3.5403403946594434,3.5408649160605385,5.491093587466609,3.256561893603123,0.00048240654407109645,3.25607948705905,3.256561893603123,5.127593367078171,0.0,0.044614897942362786,6.608969653774021e-06,0.044608288972708986,0.044614897942362786,-13.505200961357762,10.0,RealizedGain,0.044614897942362786,max,-0.0008905280560267578,0.0017811330647922706,-0.025684388949768218,0.16157325306630518,0.16361408685490486,3.0,-20.2851329186145,"dB(S(ground_T1,ground_T1)) []",-20.2851329186145
