center_frequency,feed_center,feed_h,feed_r1,freq_step,ground_thickness,lumpedport_D,lumpedport_r,num_of_freq_points,patch_length,patch_name,patch_width,signal_layer_thickness,start_frequency,stop_frequency,sub_high,sub_length,sub_width,sweep_type,unit,Directivity,Directivity_Phi,Directivity_Theta,Directivity_Total,Directivity_dB,Gain,Gain_Phi,Gain_Theta,Gain_Total,Gain_dB,Phi(deg),RealizedGain,RealizedGain_Phi,RealizedGain_Theta,RealizedGain_Total,RealizedGain_dB,Theta(deg),_极值列,_极值数值,_极值类型,rEPhi_Imag,rEPhi_Real,rETheta_Imag,rETheta_Real,rETotal,Freq [GHz],_最小值,_最小值所在列名,"dB(S(ground_T1,ground_T1)) []"
2.5,7.856640229346359,1.575,0.5,0.01GHz,0.035,1.15,1.5,201.0,14.05286377896337,Patch,50.38840565276914,0.035,2.0,3.0,1.575,50.0,60.0,Interpolating,GHz,1.0660332774976726,0.14611242140322506,0.9199208560944476,1.0660332774976726,0.2777076192135701,0.13325415968720908,0.018264052675403132,0.11499010701180595,0.13325415968720908,-8.753192250705865,-35.0,0.00010660332774976725,1.4611242140322504e-05,9.199208560944474e-05,0.00010660332774976725,-39.72229238078643,30.0,RealizedGain,0.00010660332774976725,max,0.002930507643116132,-0.000423174638191284,0.006492045359007266,0.0036124643627831856,0.007997718645748718,3.0,-0.00442725687497093,"dB(S(ground_T1,ground_T1)) []",-0.00442725687497093
