center_frequency,feed_center,feed_h,feed_r1,freq_step,ground_thickness,lumpedport_D,lumpedport_r,num_of_freq_points,patch_length,patch_name,patch_width,signal_layer_thickness,start_frequency,stop_frequency,sub_high,sub_length,sub_width,sweep_type,unit,Directivity,Directivity_Phi,Directivity_Theta,Directivity_Total,Directivity_dB,Gain,Gain_Phi,Gain_Theta,Gain_Total,Gain_dB,Phi(deg),RealizedGain,RealizedGain_Phi,RealizedGain_Theta,RealizedGain_Total,RealizedGain_dB,Theta(deg),_极值列,_极值数值,_极值类型,rEPhi_Imag,rEPhi_Real,rETheta_Imag,rETheta_Real,rETotal,Freq [GHz],_最小值,_最小值所在列名,"dB(S(ground_T1,ground_T1)) []"
2.5,2.089218251996252,1.575,0.5,0.01GHz,0.035,1.15,1.5,201.0,20.145299695228186,Patch,14.318708958569157,0.035,2.0,3.0,1.575,50.0,60.0,Interpolating,GHz,1.581112152722068,0.0015562720108372966,1.5795558807112307,1.581112152722068,1.9896267675119113,1.2090857638462873,0.001190090361228521,1.2078956734850588,1.2090857638462873,0.8245710767975398,-5.0,0.006166337395616064,6.069460842265456e-06,0.0061602679347738,0.006166337395616064,-22.099727162223097,45.0,RealizedGain,0.006166337395616064,max,0.001440865649139742,0.0012512667505723018,-0.03316276854317777,0.05095565348040375,0.06082671782500945,3.0,-0.0404748994380273,"dB(S(ground_T1,ground_T1)) []",-0.0404748994380273
