center_frequency,feed_center,feed_h,feed_r1,freq_step,ground_thickness,lumpedport_D,lumpedport_r,num_of_freq_points,patch_length,patch_name,patch_width,signal_layer_thickness,start_frequency,stop_frequency,sub_high,sub_length,sub_width,sweep_type,unit,Directivity,Directivity_Phi,Directivity_Theta,Directivity_Total,Directivity_dB,Gain,Gain_Phi,Gain_Theta,Gain_Total,Gain_dB,Phi(deg),RealizedGain,RealizedGain_Phi,RealizedGain_Theta,RealizedGain_Total,RealizedGain_dB,Theta(deg),_极值列,_极值数值,_极值类型,rEPhi_Imag,rEPhi_Real,rETheta_Imag,rETheta_Real,rETotal,Freq [GHz],_最小值,_最小值所在列名,"dB(S(ground_T1,ground_T1)) []"
2.5,6.386743402114335,1.575,0.5,0.01GHz,0.035,1.15,1.5,201.0,10.581030069007792,Patch,41.280742992767216,0.035,2.0,3.0,1.575,50.0,60.0,Interpolating,GHz,5.940784947421447e-07,7.416291780374986e-08,5.199155769383948e-07,5.940784947421447e-07,-62.2615616851855,0.08486835639173496,0.010594702543392837,0.07427365384834213,0.08486835639173496,-10.71254208532807,45.0,5.940784947421446e-05,7.416291780374985e-06,5.1991557693839484e-05,5.940784947421446e-05,-42.261561685185505,40.0,RealizedGain,5.940784947421446e-05,max,-0.0020937319566229043,0.00025722829298205986,0.004152041948182691,0.0037358020827172158,0.005970389387770067,3.0,-0.00391121062850467,"dB(S(ground_T1,ground_T1)) []",-0.00391121062850467
