center_frequency,feed_center,feed_h,feed_r1,freq_step,ground_thickness,lumpedport_D,lumpedport_r,num_of_freq_points,patch_length,patch_name,patch_width,signal_layer_thickness,start_frequency,stop_frequency,sub_high,sub_length,sub_width,sweep_type,unit,Directivity,Directivity_Phi,Directivity_Theta,Directivity_Total,Directivity_dB,Gain,Gain_Phi,Gain_Theta,Gain_Total,Gain_dB,Phi(deg),RealizedGain,RealizedGain_Phi,RealizedGain_Theta,RealizedGain_Total,RealizedGain_dB,Theta(deg),_极值列,_极值数值,_极值类型,rEPhi_Imag,rEPhi_Real,rETheta_Imag,rETheta_Real,rETotal,Freq [GHz],_最小值,_最小值所在列名,"dB(S(ground_T1,ground_T1)) []"
2.5,2.966712469486079,1.575,0.5,0.01GHz,0.035,1.15,1.5,201.0,13.703514687265974,Patch,19.904841058260402,0.035,2.0,3.0,1.575,50.0,60.0,Interpolating,GHz,1.7149571572838425,0.00026373609394289777,1.7146934211898988,1.7149571572838425,2.3425327505655886,1.3020971009006954,0.000200244071327015,1.3018968568293676,1.3020971009006954,1.1464337195332595,0.0,0.007031324344863754,1.0813179851658809e-06,0.0070302430268785856,0.007031324344863754,-21.529628682237053,40.0,RealizedGain,0.007031324344863754,max,-0.0007425373177933654,-0.0003121608683147939,-0.025628642956383247,0.059677616004960236,0.06495301377070416,3.0,-0.0417077891885311,"dB(S(ground_T1,ground_T1)) []",-0.0417077891885311
