center_frequency,feed_center,feed_h,feed_r1,freq_step,ground_thickness,lumpedport_D,lumpedport_r,num_of_freq_points,patch_length,patch_name,patch_width,signal_layer_thickness,start_frequency,stop_frequency,sub_high,sub_length,sub_width,sweep_type,unit,Directivity,Directivity_Phi,Directivity_Theta,Directivity_Total,Directivity_dB,Gain,Gain_Phi,Gain_Theta,Gain_Total,Gain_dB,Phi(deg),RealizedGain,RealizedGain_Phi,RealizedGain_Theta,RealizedGain_Total,RealizedGain_dB,Theta(deg),_极值列,_极值数值,_极值类型,rEPhi_Imag,rEPhi_Real,rETheta_Imag,rETheta_Real,rETotal,Freq [GHz],_最小值,_最小值所在列名,"dB(S(ground_T1,ground_T1)) []"
2.5,1.4475846493043656,1.575,0.5,0.01GHz,0.035,1.15,1.5,201.0,14.860830145992953,Patch,10.16656730948963,0.035,2.0,3.0,1.575,50.0,60.0,Interpolating,GHz,1.4386446674658946,0.0012096921855978518,1.4374349752802968,1.4386446674658946,1.5795354027785315,0.9033350237576546,0.0007595741630498138,0.9025754495946048,0.9033350237576546,-0.44151151142746115,-15.0,0.0038843406021579147,3.2661689011142e-06,0.003881074433256801,0.0038843406021579147,-24.106826955631597,60.0,RealizedGain,0.0038843406021579147,max,0.0009587199696647277,0.0010200997643479918,-0.03138585255551866,0.03665552864270186,0.04827690201558246,3.0,-0.0306646008998234,"dB(S(ground_T1,ground_T1)) []",-0.0306646008998234
