center_frequency,feed_center,feed_h,feed_r1,freq_step,ground_thickness,lumpedport_D,lumpedport_r,num_of_freq_points,patch_length,patch_name,patch_width,signal_layer_thickness,start_frequency,stop_frequency,sub_high,sub_length,sub_width,sweep_type,unit,Directivity,Directivity_Phi,Directivity_Theta,Directivity_Total,Directivity_dB,Gain,Gain_Phi,Gain_Theta,Gain_Total,Gain_dB,Phi(deg),RealizedGain,RealizedGain_Phi,RealizedGain_Theta,RealizedGain_Total,RealizedGain_dB,Theta(deg),_极值列,_极值数值,_极值类型,rEPhi_Imag,rEPhi_Real,rETheta_Imag,rETheta_Real,rETotal,Freq [GHz],_最小值,_最小值所在列名,"dB(S(ground_T1,ground_T1)) []"
2.5,2.2187310060996985,1.575,0.5,0.01GHz,0.035,1.15,1.5,201.0,12.386895816344708,Patch,15.148528470678787,0.035,2.0,3.0,1.575,50.0,60.0,Interpolating,GHz,1.540873327912855,0.030371741027664725,1.51050158688519,1.540873327912855,1.877669377128063,1.059350412940088,0.0208805719565195,1.038469840983568,1.059350412940088,0.2503964021510659,-25.0,0.005084881982112421,0.00010022674539129361,0.004984655236721127,0.005084881982112421,-22.937191224093063,50.0,RealizedGain,0.005084881982112421,max,0.003069364842612987,0.007121549230925926,-0.028228572051728643,0.04684027457573274,0.05523586757167159,3.0,-0.0345142763390488,"dB(S(ground_T1,ground_T1)) []",-0.0345142763390488
