center_frequency,feed_center,feed_h,feed_r1,freq_step,ground_thickness,lumpedport_D,lumpedport_r,num_of_freq_points,patch_length,patch_name,patch_width,signal_layer_thickness,start_frequency,stop_frequency,sub_high,sub_length,sub_width,sweep_type,unit,Directivity,Directivity_Phi,Directivity_Theta,Directivity_Total,Directivity_dB,Gain,Gain_Phi,Gain_Theta,Gain_Total,Gain_dB,Phi(deg),RealizedGain,RealizedGain_Phi,RealizedGain_Theta,RealizedGain_Total,RealizedGain_dB,Theta(deg),_极值列,_极值数值,_极值类型,rEPhi_Imag,rEPhi_Real,rETheta_Imag,rETheta_Real,rETotal,Freq [GHz],_最小值,_最小值所在列名,"dB(S(ground_T1,ground_T1)) []"
2.5,4.289115869660909,1.575,0.5,0.01GHz,0.035,1.15,1.5,201.0,26.995346445891784,Patch,28.218135897782485,0.035,2.0,3.0,1.575,50.0,60.0,Interpolating,GHz,3.1096666567453437,0.0007356502624644674,3.1089310064828806,3.1096666567453437,4.92713836970528,2.835284304679578,0.0006707399451881908,2.8346135647343904,2.835284304679578,4.525966137625455,0.0,0.028919899907731698,6.8415474409195455e-06,0.028913058360290782,0.028919899907731698,-15.388032144755368,15.0,RealizedGain,0.028919899907731698,max,-0.0019068537063363516,0.0006847876426885326,-0.023161448742998036,0.12966029078934346,0.13172831411896446,3.0,-0.215310138030298,"dB(S(ground_T1,ground_T1)) []",-0.215310138030298
