center_frequency,feed_center,feed_h,feed_r1,freq_step,ground_thickness,lumpedport_D,lumpedport_r,num_of_freq_points,patch_length,patch_name,patch_width,signal_layer_thickness,start_frequency,stop_frequency,sub_high,sub_length,sub_width,sweep_type,unit,Directivity,Directivity_Phi,Directivity_Theta,Directivity_Total,Directivity_dB,Gain,Gain_Phi,Gain_Theta,Gain_Total,Gain_dB,Phi(deg),RealizedGain,RealizedGain_Phi,RealizedGain_Theta,RealizedGain_Total,RealizedGain_dB,Theta(deg),_极值列,_极值数值,_极值类型,rEPhi_Imag,rEPhi_Real,rETheta_Imag,rETheta_Real,rETotal,Freq [GHz],_最小值,_最小值所在列名,"dB(S(ground_T1,ground_T1)) []"
2.5,1.8821206681866824,1.575,0.5,0.01GHz,0.035,1.15,1.5,201.0,25.631154987147756,Patch,12.986745916563322,0.035,2.0,3.0,1.575,50.0,60.0,Interpolating,GHz,1.6935102457942466,0.0012410187246880066,1.692269227069558,1.6935102457942466,2.2878782848489685,1.3100739637276246,0.0009600333530605334,1.3091139303745638,1.3100739637276246,1.172958156038433,-5.0,0.006943392007756411,5.088176771220827e-06,0.006938303830985188,0.006943392007756411,-21.584283147953677,45.0,RealizedGain,0.006943392007756411,max,0.00053460864377424,0.0016634817655855143,-0.03827297699877651,0.05194477458160585,0.06454559127213226,3.0,-0.0505521495787456,"dB(S(ground_T1,ground_T1)) []",-0.0505521495787456
