center_frequency,feed_center,feed_h,feed_r1,freq_step,ground_thickness,lumpedport_D,lumpedport_r,num_of_freq_points,patch_length,patch_name,patch_width,signal_layer_thickness,start_frequency,stop_frequency,sub_high,sub_length,sub_width,sweep_type,unit,Directivity,Directivity_Phi,Directivity_Theta,Directivity_Total,Directivity_dB,Gain,Gain_Phi,Gain_Theta,Gain_Total,Gain_dB,Phi(deg),RealizedGain,RealizedGain_Phi,RealizedGain_Theta,RealizedGain_Total,RealizedGain_dB,Theta(deg),_极值列,_极值数值,_极值类型,rEPhi_Imag,rEPhi_Real,rETheta_Imag,rETheta_Real,rETotal,Freq [GHz],_最小值,_最小值所在列名,"dB(S(ground_T1,ground_T1)) []"
2.5,2.4332692637501148,1.575,0.5,0.01GHz,0.035,1.15,1.5,201.0,19.559883820201044,Patch,16.5185250698747,0.035,2.0,3.0,1.575,50.0,60.0,Interpolating,GHz,1.7059768935133255,0.00023805635837450127,1.705738837154951,1.7059768935133255,2.3197314459960627,1.3197179742272895,0.0001841568055349916,1.3195338174217544,1.3197179742272895,1.2048113171855273,0.0,0.006994505263404635,9.760310693354553e-07,0.006993529232335299,0.006994505263404635,-21.55242998680658,40.0,RealizedGain,0.006994505263404635,max,0.00027006496874525544,-0.0007160288757463399,-0.02982489232550417,0.05750384503579847,0.06478272940041419,3.0,-0.0437623189321146,"dB(S(ground_T1,ground_T1)) []",-0.0437623189321146
