center_frequency,feed_center,feed_h,feed_r1,freq_step,ground_thickness,lumpedport_D,lumpedport_r,num_of_freq_points,patch_length,patch_name,patch_width,signal_layer_thickness,start_frequency,stop_frequency,sub_high,sub_length,sub_width,sweep_type,unit,Directivity,Directivity_Phi,Directivity_Theta,Directivity_Total,Directivity_dB,Gain,Gain_Phi,Gain_Theta,Gain_Total,Gain_dB,Phi(deg),RealizedGain,RealizedGain_Phi,RealizedGain_Theta,RealizedGain_Total,RealizedGain_dB,Theta(deg),_极值列,_极值数值,_极值类型,rEPhi_Imag,rEPhi_Real,rETheta_Imag,rETheta_Real,rETotal,Freq [GHz],_最小值,_最小值所在列名,"dB(S(ground_T1,ground_T1)) []"
2.5,1.5695154072790323,1.575,0.5,0.01GHz,0.035,1.15,1.5,201.0,17.5021192749075,Patch,10.96198455309413,0.035,2.0,3.0,1.575,50.0,60.0,Interpolating,GHz,1.4506162893263808,0.00043174035797231966,1.4501845489684084,1.4506162893263808,1.6155254995244819,1.0091243751835692,0.00030034111858943973,1.0088240340649797,1.0091243751835692,0.03944696590780109,-10.0,0.0046419721258444185,1.3815691455114226e-06,0.004640590556698906,0.0046419721258444185,-23.332974717276457,60.0,RealizedGain,0.0046419721258444185,max,0.00037147057792436916,0.0008312464292578173,-0.03709873897742921,0.03752470515766398,0.05277545728746893,3.0,-0.0336832836551817,"dB(S(ground_T1,ground_T1)) []",-0.0336832836551817
