center_frequency,feed_center,feed_h,feed_r1,freq_step,ground_thickness,lumpedport_D,lumpedport_r,num_of_freq_points,patch_length,patch_name,patch_width,signal_layer_thickness,start_frequency,stop_frequency,sub_high,sub_length,sub_width,sweep_type,unit,Directivity,Directivity_Phi,Directivity_Theta,Directivity_Total,Directivity_dB,Gain,Gain_Phi,Gain_Theta,Gain_Total,Gain_dB,Phi(deg),RealizedGain,RealizedGain_Phi,RealizedGain_Theta,RealizedGain_Total,RealizedGain_dB,Theta(deg),_极值列,_极值数值,_极值类型,rEPhi_Imag,rEPhi_Real,rETheta_Imag,rETheta_Real,rETotal,Freq [GHz],_最小值,_最小值所在列名,"dB(S(ground_T1,ground_T1)) []"
2.5,2.810654335471662,1.575,0.5,0.01GHz,0.035,1.15,1.5,201.0,14.099386258835093,Patch,18.916760233335076,0.035,2.0,3.0,1.575,50.0,60.0,Interpolating,GHz,1.6851181080721642,0.011856130930712958,1.6732619771414512,1.6851181080721642,2.26630345496027,1.263838581054123,0.008892098198034718,1.2549464828560886,1.263838581054123,1.0169160888772701,-10.0,0.006571960621481439,4.623891062978054e-05,0.006525721710851659,0.006571960621481439,-21.82305047477474,40.0,RealizedGain,0.006571960621481439,max,0.0015364593535534194,0.005038183466374941,-0.025720800543696885,0.0570435420530438,0.06279545581132435,3.0,-0.0397191174699011,"dB(S(ground_T1,ground_T1)) []",-0.0397191174699011
