center_frequency,feed_center,feed_h,feed_r1,freq_step,ground_thickness,lumpedport_D,lumpedport_r,num_of_freq_points,patch_length,patch_name,patch_width,signal_layer_thickness,start_frequency,stop_frequency,sub_high,sub_length,sub_width,sweep_type,unit,Directivity,Directivity_Phi,Directivity_Theta,Directivity_Total,Directivity_dB,Gain,Gain_Phi,Gain_Theta,Gain_Total,Gain_dB,Phi(deg),RealizedGain,RealizedGain_Phi,RealizedGain_Theta,RealizedGain_Total,RealizedGain_dB,Theta(deg),_极值列,_极值数值,_极值类型,rEPhi_Imag,rEPhi_Real,rETheta_Imag,rETheta_Real,rETotal,Freq [GHz],_最小值,_最小值所在列名,"dB(S(ground_T1,ground_T1)) []"
2.5,4.324313967722915,1.575,0.5,0.01GHz,0.035,1.15,1.5,201.0,11.673996014004047,Patch,28.438310813912235,0.035,2.0,3.0,1.575,50.0,60.0,Interpolating,GHz,2.0632643748597017,0.0037026652971451778,2.0595617095625567,2.0632643748597017,3.145548795419551,1.6881253976124828,0.003029453424936963,1.6850959441875462,1.6881253976124828,2.274047038230548,-5.0,0.011141627624242388,1.999439260458396e-05,0.011121633231637805,0.011141627624242388,-19.530513606350766,30.0,RealizedGain,0.011141627624242388,max,0.0006384766222885913,0.0034043010729674222,-0.023365922775678172,0.078276246723932,0.0817626691500311,3.0,-0.0513635922553299,"dB(S(ground_T1,ground_T1)) []",-0.0513635922553299
