center_frequency,feed_center,feed_h,feed_r1,freq_step,ground_thickness,lumpedport_D,lumpedport_r,num_of_freq_points,patch_length,patch_name,patch_width,signal_layer_thickness,start_frequency,stop_frequency,sub_high,sub_length,sub_width,sweep_type,unit,Directivity,Directivity_Phi,Directivity_Theta,Directivity_Total,Directivity_dB,Gain,Gain_Phi,Gain_Theta,Gain_Total,Gain_dB,Phi(deg),RealizedGain,RealizedGain_Phi,RealizedGain_Theta,RealizedGain_Total,RealizedGain_dB,Theta(deg),_极值列,_极值数值,_极值类型,rEPhi_Imag,rEPhi_Real,rETheta_Imag,rETheta_Real,rETotal,Freq [GHz],_最小值,_最小值所在列名,"dB(S(ground_T1,ground_T1)) []"
2.5,3.6331654643660047,1.575,0.5,0.01GHz,0.035,1.15,1.5,201.0,13.750860362354693,Patch,24.105802494990826,0.035,2.0,3.0,1.575,50.0,60.0,Interpolating,GHz,1.8649900920438904,0.009612088760378725,1.855378003283512,1.8649900920438904,2.706765289157009,1.4919920736351124,0.00768967100830298,1.4843024026268097,1.4919920736351124,1.737665159076445,-5.0,0.008951952441810674,4.613802604981788e-05,0.008905814415760858,0.008951952441810674,-20.48082233708712,30.0,RealizedGain,0.008951952441810674,max,0.0014674150787369177,0.005052737950719784,-0.02018645608514122,0.07025753716101188,0.07328913974812536,3.0,-0.0477542953638181,"dB(S(ground_T1,ground_T1)) []",-0.0477542953638181
