center_frequency,feed_center,feed_h,feed_r1,freq_step,ground_thickness,lumpedport_D,lumpedport_r,num_of_freq_points,patch_length,patch_name,patch_width,signal_layer_thickness,start_frequency,stop_frequency,sub_high,sub_length,sub_width,sweep_type,unit,Directivity,Directivity_Phi,Directivity_Theta,Directivity_Total,Directivity_dB,Gain,Gain_Phi,Gain_Theta,Gain_Total,Gain_dB,Phi(deg),RealizedGain,RealizedGain_Phi,RealizedGain_Theta,RealizedGain_Total,RealizedGain_dB,Theta(deg),_极值列,_极值数值,_极值类型,rEPhi_Imag,rEPhi_Real,rETheta_Imag,rETheta_Real,rETotal,Freq [GHz],_最小值,_最小值所在列名,"dB(S(ground_T1,ground_T1)) []"
2.5,7.713968100958226,1.575,0.5,0.01GHz,0.035,1.15,1.5,201.0,14.100517753058472,Patch,49.50547241911351,0.035,2.0,3.0,1.575,50.0,60.0,Interpolating,GHz,1.4004670117831604,0.001925585919429709,1.3985414258637312,1.4004670117831604,1.4627288340644697,0.17505837647289504,0.00024069823992871363,0.1748176782329664,0.17505837647289504,-7.568171035854966,0.0,0.00014004670117831605,1.9255859194297089e-07,0.0001398541425863731,0.00014004670117831605,-38.53727116593553,25.0,RealizedGain,0.00014004670117831605,max,-0.00033937724283518607,1.899905563335518e-05,0.008589726794103905,0.0031829319905738737,0.009166787896042673,3.0,-0.0046775811623198,"dB(S(ground_T1,ground_T1)) []",-0.0046775811623198
