center_frequency,feed_center,feed_h,feed_r1,freq_step,ground_thickness,lumpedport_D,lumpedport_r,num_of_freq_points,patch_length,patch_name,patch_width,signal_layer_thickness,start_frequency,stop_frequency,sub_high,sub_length,sub_width,sweep_type,unit,Directivity,Directivity_Phi,Directivity_Theta,Directivity_Total,Directivity_dB,Gain,Gain_Phi,Gain_Theta,Gain_Total,Gain_dB,Phi(deg),RealizedGain,RealizedGain_Phi,RealizedGain_Theta,RealizedGain_Total,RealizedGain_dB,Theta(deg),_极值列,_极值数值,_极值类型,rEPhi_Imag,rEPhi_Real,rETheta_Imag,rETheta_Real,rETotal,Freq [GHz],_最小值,_最小值所在列名,"dB(S(ground_T1,ground_T1)) []"
2.5,2.2565622154936613,1.575,0.5,0.01GHz,0.035,1.15,1.5,201.0,25.414244629637018,Patch,15.390509404936905,0.035,2.0,3.0,1.575,50.0,60.0,Interpolating,GHz,1.7619038393366786,0.0028326808875060614,1.759071158449173,1.7619038393366786,2.4598220192785987,1.4218873089383721,0.002286023172373313,1.4196012857659994,1.4218873089383721,1.5286517793694254,-5.0,0.008104757660948722,1.3030332082527882e-05,0.008091727328866196,0.008104757660948722,-20.912599663905663,40.0,RealizedGain,0.008104757660948722,max,0.0009562466493104249,0.0026275417760505612,-0.03550548004801004,0.059954246422912395,0.06973499237124896,3.0,-0.0598747106203011,"dB(S(ground_T1,ground_T1)) []",-0.0598747106203011
