center_frequency,feed_center,feed_h,feed_r1,freq_step,ground_thickness,lumpedport_D,lumpedport_r,num_of_freq_points,patch_length,patch_name,patch_width,signal_layer_thickness,start_frequency,stop_frequency,sub_high,sub_length,sub_width,sweep_type,unit,Directivity,Directivity_Phi,Directivity_Theta,Directivity_Total,Directivity_dB,Gain,Gain_Phi,Gain_Theta,Gain_Total,Gain_dB,Phi(deg),RealizedGain,RealizedGain_Phi,RealizedGain_Theta,RealizedGain_Total,RealizedGain_dB,Theta(deg),_极值列,_极值数值,_极值类型,rEPhi_Imag,rEPhi_Real,rETheta_Imag,rETheta_Real,rETotal,Freq [GHz],_最小值,_最小值所在列名,"dB(S(ground_T1,ground_T1)) []"
2.5,3.9677926699252692,1.575,0.5,0.01GHz,0.035,1.15,1.5,201.0,15.415320685167945,Patch,26.205976654384763,0.035,2.0,3.0,1.575,50.0,60.0,Interpolating,GHz,2.1259357943050348,0.03161049716535332,2.094325297139682,2.1259357943050348,3.275501441947601,1.7661620444995674,0.026261028414293532,1.7399010160852748,1.7661620444995674,2.47030547374873,-10.0,0.011480053289247186,0.00017069668469290794,0.011309356604554283,0.011480053289247186,-19.400560959822716,30.0,RealizedGain,0.011480053289247186,max,0.0015525545314538005,0.010000499893413273,-0.025385669539357548,0.07836671237004149,0.08299514593843169,3.0,-0.0540628810614147,"dB(S(ground_T1,ground_T1)) []",-0.0540628810614147
