center_frequency,feed_center,feed_h,feed_r1,freq_step,ground_thickness,lumpedport_D,lumpedport_r,num_of_freq_points,patch_length,patch_name,patch_width,signal_layer_thickness,start_frequency,stop_frequency,sub_high,sub_length,sub_width,sweep_type,unit,Directivity,Directivity_Phi,Directivity_Theta,Directivity_Total,Directivity_dB,Gain,Gain_Phi,Gain_Theta,Gain_Total,Gain_dB,Phi(deg),RealizedGain,RealizedGain_Phi,RealizedGain_Theta,RealizedGain_Total,RealizedGain_dB,Theta(deg),_极值列,_极值数值,_极值类型,rEPhi_Imag,rEPhi_Real,rETheta_Imag,rETheta_Real,rETotal,Freq [GHz],_最小值,_最小值所在列名,"dB(S(ground_T1,ground_T1)) []"
2.5,2.438060566897167,1.575,0.5,0.01GHz,0.035,1.15,1.5,201.0,15.447848145213534,Patch,16.549061454448037,0.035,2.0,3.0,1.575,50.0,60.0,Interpolating,GHz,1.6118518954872443,0.007802913201833591,1.6040489822854105,1.6118518954872443,2.0732513428817816,1.200987686833633,0.005813935326856401,1.1951737515067766,1.200987686833633,0.7953855480705199,10.0,0.006125037202851528,2.9651070166967646e-05,0.006095386132684561,0.006125037202851528,-22.128912690950116,45.0,RealizedGain,0.006125037202851528,max,-0.0014867397021112842,-0.0039472352716499615,-0.029309931403277388,0.05289844763139186,0.060622676466051253,3.0,-0.0386811656478458,"dB(S(ground_T1,ground_T1)) []",-0.0386811656478458
