center_frequency,feed_center,feed_h,feed_r1,freq_step,ground_thickness,lumpedport_D,lumpedport_r,num_of_freq_points,patch_length,patch_name,patch_width,signal_layer_thickness,start_frequency,stop_frequency,sub_high,sub_length,sub_width,sweep_type,unit,Directivity,Directivity_Phi,Directivity_Theta,Directivity_Total,Directivity_dB,Gain,Gain_Phi,Gain_Theta,Gain_Total,Gain_dB,Phi(deg),RealizedGain,RealizedGain_Phi,RealizedGain_Theta,RealizedGain_Total,RealizedGain_dB,Theta(deg),_极值列,_极值数值,_极值类型,rEPhi_Imag,rEPhi_Real,rETheta_Imag,rETheta_Real,rETotal,Freq [GHz],_最小值,_最小值所在列名,"dB(S(ground_T1,ground_T1)) []"
2.5,6.279104225156172,1.575,0.5,0.01GHz,0.035,1.15,1.5,201.0,14.495414065339244,Patch,40.61266385019425,0.035,2.0,3.0,1.575,50.0,60.0,Interpolating,GHz,2.5624381045700706,0.0033270891421632383,2.559111015427907,2.5624381045700706,4.086533838517823,2.2805699130673625,0.0029611093365252816,2.2776088037308373,2.2805699130673625,3.5804339049669505,-5.0,0.022805699130673623,2.9611093365252814e-05,0.02277608803730837,0.022805699130673623,-16.419566095033048,15.0,RealizedGain,0.022805699130673623,max,0.0007350610618186294,0.004150513199698361,-0.029598220584561456,0.11309252897965061,0.11697752710401663,3.0,-0.0896891366209471,"dB(S(ground_T1,ground_T1)) []",-0.0896891366209471
