center_frequency,feed_center,feed_h,feed_r1,freq_step,ground_thickness,lumpedport_D,lumpedport_r,num_of_freq_points,patch_length,patch_name,patch_width,signal_layer_thickness,start_frequency,stop_frequency,sub_high,sub_length,sub_width,sweep_type,unit,Directivity,Directivity_Phi,Directivity_Theta,Directivity_Total,Directivity_dB,Gain,Gain_Phi,Gain_Theta,Gain_Total,Gain_dB,Phi(deg),RealizedGain,RealizedGain_Phi,RealizedGain_Theta,RealizedGain_Total,RealizedGain_dB,Theta(deg),_极值列,_极值数值,_极值类型,rEPhi_Imag,rEPhi_Real,rETheta_Imag,rETheta_Real,rETotal,Freq [GHz],_最小值,_最小值所在列名,"dB(S(ground_T1,ground_T1)) []"
2.5,3.6848157593411672,1.575,0.5,0.01GHz,0.035,1.15,1.5,201.0,16.14200052825786,Patch,24.4303150746264,0.035,2.0,3.0,1.575,50.0,60.0,Interpolating,GHz,2.0602769023401803,0.0029375080904329243,2.0573393942497478,2.0602769023401803,3.1392559370735267,1.7168974186168169,0.0024479234086941036,1.7144494952081226,1.7168974186168169,2.3474434765972783,0.0,0.011331522962870991,1.6156294497381084e-05,0.01131536666837361,0.011331522962870991,-19.457117167984034,30.0,RealizedGain,0.011331522962870991,max,-0.0002585465805784214,-0.003102766304557442,-0.024481806945924802,0.07867668700167375,0.08245649734236773,3.0,-0.0562992366280849,"dB(S(ground_T1,ground_T1)) []",-0.0562992366280849
