center_frequency,feed_center,feed_h,feed_r1,freq_step,ground_thickness,lumpedport_D,lumpedport_r,num_of_freq_points,patch_length,patch_name,patch_width,signal_layer_thickness,start_frequency,stop_frequency,sub_high,sub_length,sub_width,sweep_type,unit,Directivity,Directivity_Phi,Directivity_Theta,Directivity_Total,Directivity_dB,Gain,Gain_Phi,Gain_Theta,Gain_Total,Gain_dB,Phi(deg),RealizedGain,RealizedGain_Phi,RealizedGain_Theta,RealizedGain_Total,RealizedGain_dB,Theta(deg),_极值列,_极值数值,_极值类型,rEPhi_Imag,rEPhi_Real,rETheta_Imag,rETheta_Real,rETotal,Freq [GHz],_最小值,_最小值所在列名,"dB(S(ground_T1,ground_T1)) []"
2.5,1.6169207127101244,1.575,0.5,0.01GHz,0.035,1.15,1.5,201.0,29.647479961935623,Patch,11.270300268870061,0.035,2.0,3.0,1.575,50.0,60.0,Interpolating,GHz,1.6871777446312757,9.750537858955373e-05,1.6870802392526856,1.6871777446312757,2.2716083804035785,1.302382820417125,7.526730978842744e-05,1.3023075531073363,1.302382820417125,1.1473865885405388,0.0,0.007423582076377612,4.290236657940364e-07,0.007423153052711817,0.007423582076377612,-21.293864854734544,45.0,RealizedGain,0.007423582076377612,max,0.0003027813532347079,0.0004071163421617005,-0.04092069471744073,0.05272090197564693,0.06674019914225367,3.0,-0.0961632945520396,"dB(S(ground_T1,ground_T1)) []",-0.0961632945520396
