center_frequency,feed_center,feed_h,feed_r1,freq_step,ground_thickness,lumpedport_D,lumpedport_r,num_of_freq_points,patch_length,patch_name,patch_width,signal_layer_thickness,start_frequency,stop_frequency,sub_high,sub_length,sub_width,sweep_type,unit,Directivity,Directivity_Phi,Directivity_Theta,Directivity_Total,Directivity_dB,Gain,Gain_Phi,Gain_Theta,Gain_Total,Gain_dB,Phi(deg),RealizedGain,RealizedGain_Phi,RealizedGain_Theta,RealizedGain_Total,RealizedGain_dB,Theta(deg),_极值列,_极值数值,_极值类型,rEPhi_Imag,rEPhi_Real,rETheta_Imag,rETheta_Real,rETotal,Freq [GHz],_最小值,_最小值所在列名,"dB(S(ground_T1,ground_T1)) []"
2.5,1.8600513842964155,1.575,0.5,0.01GHz,0.035,1.15,1.5,201.0,11.846664383961683,Patch,12.844401558786718,0.035,2.0,3.0,1.575,50.0,60.0,Interpolating,GHz,1.4429955139380826,0.00043671076475635534,1.4425588031733267,1.4429955139380826,1.5926498093759354,0.9299304423156531,0.00028143582617631786,0.9296490064894771,0.9299304423156531,-0.3154953493879409,-5.0,0.004184686990420439,1.2664612177934305e-06,0.004183420529202648,0.004184686990420439,-23.7833702116345,55.0,RealizedGain,0.004184686990420439,max,-5.0122481778381043e-05,0.0008702771796984097,-0.027191366403609214,0.04208017401562099,0.0501085955372225,3.0,-0.0319672318297976,"dB(S(ground_T1,ground_T1)) []",-0.0319672318297976
