center_frequency,feed_center,feed_h,feed_r1,freq_step,ground_thickness,lumpedport_D,lumpedport_r,num_of_freq_points,patch_length,patch_name,patch_width,signal_layer_thickness,start_frequency,stop_frequency,sub_high,sub_length,sub_width,sweep_type,unit,Directivity,Directivity_Phi,Directivity_Theta,Directivity_Total,Directivity_dB,Gain,Gain_Phi,Gain_Theta,Gain_Total,Gain_dB,Phi(deg),RealizedGain,RealizedGain_Phi,RealizedGain_Theta,RealizedGain_Total,RealizedGain_dB,Theta(deg),_极值列,_极值数值,_极值类型,rEPhi_Imag,rEPhi_Real,rETheta_Imag,rETheta_Real,rETotal,Freq [GHz],_最小值,_最小值所在列名,"dB(S(ground_T1,ground_T1)) []"
2.5,1.698450756684301,1.575,0.5,0.01GHz,0.035,1.15,1.5,201.0,18.304151309012564,Patch,11.799433943033929,0.035,2.0,3.0,1.575,50.0,60.0,Interpolating,GHz,1.5096383131130802,0.0005768340438324514,1.5090614790692478,1.5096383131130802,1.7887290925706747,1.059958815590035,0.0004050111371589553,1.059553804452876,1.059958815590035,0.25288991199237504,5.0,0.004981806433273164,1.9035523446470896e-06,0.004979902880928517,0.004981806433273164,-23.02613150865045,55.0,RealizedGain,0.004981806433273164,max,-0.00017376384642950562,-0.0010544972451569214,-0.035743561792154585,0.04135710231831787,0.05467315868021305,3.0,-0.0350650049470226,"dB(S(ground_T1,ground_T1)) []",-0.0350650049470226
