center_frequency,feed_center,feed_h,feed_r1,freq_step,ground_thickness,lumpedport_D,lumpedport_r,num_of_freq_points,patch_length,patch_name,patch_width,signal_layer_thickness,start_frequency,stop_frequency,sub_high,sub_length,sub_width,sweep_type,unit,Directivity,Directivity_Phi,Directivity_Theta,Directivity_Total,Directivity_dB,Gain,Gain_Phi,Gain_Theta,Gain_Total,Gain_dB,Phi(deg),RealizedGain,RealizedGain_Phi,RealizedGain_Theta,RealizedGain_Total,RealizedGain_dB,Theta(deg),_极值列,_极值数值,_极值类型,rEPhi_Imag,rEPhi_Real,rETheta_Imag,rETheta_Real,rETotal,Freq [GHz],_最小值,_最小值所在列名,"dB(S(ground_T1,ground_T1)) []"
2.5,2.761767853256193,1.575,0.5,0.01GHz,0.035,1.15,1.5,201.0,20.87566208712383,Patch,18.606828872515173,0.035,2.0,3.0,1.575,50.0,60.0,Interpolating,GHz,1.8064370122352178,0.0008460926333151114,1.8055909196019027,1.8064370122352178,2.5682282296709946,1.4578263607512283,0.0006828115988157039,1.4571435491524125,1.4578263607512283,1.637057989761821,0.0,0.008309610256282003,3.8920261132495125e-06,0.008305718230168752,0.008309610256282003,-20.804193453513264,35.0,RealizedGain,0.008309610256282003,max,0.0010843296892746807,-0.001076800728302498,-0.02893850088855124,0.06439030602150343,0.07061078964225692,3.0,-0.0486923230784617,"dB(S(ground_T1,ground_T1)) []",-0.0486923230784617
