center_frequency,feed_center,feed_h,feed_r1,freq_step,ground_thickness,lumpedport_D,lumpedport_r,num_of_freq_points,patch_length,patch_name,patch_width,signal_layer_thickness,start_frequency,stop_frequency,sub_high,sub_length,sub_width,sweep_type,unit,Directivity,Directivity_Phi,Directivity_Theta,Directivity_Total,Directivity_dB,Gain,Gain_Phi,Gain_Theta,Gain_Total,Gain_dB,Phi(deg),RealizedGain,RealizedGain_Phi,RealizedGain_Theta,RealizedGain_Total,RealizedGain_dB,Theta(deg),_极值列,_极值数值,_极值类型,rEPhi_Imag,rEPhi_Real,rETheta_Imag,rETheta_Real,rETotal,Freq [GHz],_最小值,_最小值所在列名,"dB(S(ground_T1,ground_T1)) []"
2.5,2.4934454260850902,1.575,0.5,0.01GHz,0.035,1.15,1.5,201.0,18.989984872215857,Patch,16.901868167769177,0.035,2.0,3.0,1.575,50.0,60.0,Interpolating,GHz,1.6935996095761077,0.001922381221370438,1.6916772283547366,1.6935996095761077,2.2881074489387707,1.2781883845857418,0.001450853751977689,1.2767375308337636,1.2781883845857418,1.0659486662105047,5.0,0.006774398438304432,7.689524885481752e-06,0.006766708913418948,0.006774398438304432,-21.691292637781604,45.0,RealizedGain,0.006774398438304432,max,-0.0007605341379502301,-0.002008833355767834,-0.03358995539546832,0.05414643012333262,0.06375527289720222,3.0,-0.0421942226613675,"dB(S(ground_T1,ground_T1)) []",-0.0421942226613675
