center_frequency,feed_center,feed_h,feed_r1,freq_step,ground_thickness,lumpedport_D,lumpedport_r,num_of_freq_points,patch_length,patch_name,patch_width,signal_layer_thickness,start_frequency,stop_frequency,sub_high,sub_length,sub_width,sweep_type,unit,Directivity,Directivity_Phi,Directivity_Theta,Directivity_Total,Directivity_dB,Gain,Gain_Phi,Gain_Theta,Gain_Total,Gain_dB,Phi(deg),RealizedGain,RealizedGain_Phi,RealizedGain_Theta,RealizedGain_Total,RealizedGain_dB,Theta(deg),_极值列,_极值数值,_极值类型,rEPhi_Imag,rEPhi_Real,rETheta_Imag,rETheta_Real,rETotal,Freq [GHz],_最小值,_最小值所在列名,"dB(S(ground_T1,ground_T1)) []"
2.5,1.476749894610317,1.575,0.5,0.01GHz,0.035,1.15,1.5,201.0,19.544143626308777,Patch,10.357157373159101,0.035,2.0,3.0,1.575,50.0,60.0,Interpolating,GHz,1.4985000941472029,8.375096244451535e-05,1.4984163431847581,1.4985000941472029,1.7565677456735551,1.0202553832491592,5.702193187711683e-05,1.020198361317282,1.0202553832491592,0.08708894951543944,0.0,0.004795200301271048,2.680030798224491e-07,0.004794932298191225,0.004795200301271048,-23.191932471127387,60.0,RealizedGain,0.004795200301271048,max,0.0002645655512405092,0.0003013481463957212,-0.038421414223857586,0.03742755784859799,0.05363942545467498,3.0,-0.0344787532882255,"dB(S(ground_T1,ground_T1)) []",-0.0344787532882255
