center_frequency,feed_center,feed_h,feed_r1,freq_step,ground_thickness,lumpedport_D,lumpedport_r,num_of_freq_points,patch_length,patch_name,patch_width,signal_layer_thickness,start_frequency,stop_frequency,sub_high,sub_length,sub_width,sweep_type,unit,Directivity,Directivity_Phi,Directivity_Theta,Directivity_Total,Directivity_dB,Gain,Gain_Phi,Gain_Theta,Gain_Total,Gain_dB,Phi(deg),RealizedGain,RealizedGain_Phi,RealizedGain_Theta,RealizedGain_Total,RealizedGain_dB,Theta(deg),_极值列,_极值数值,_极值类型,rEPhi_Imag,rEPhi_Real,rETheta_Imag,rETheta_Real,rETotal,Freq [GHz],_最小值,_最小值所在列名,"dB(S(ground_T1,ground_T1)) []"
2.5,5.1222066700050135,1.575,0.5,0.01GHz,0.035,1.15,1.5,201.0,15.2760482966594,Patch,33.418762772502056,0.035,2.0,3.0,1.575,50.0,60.0,Interpolating,GHz,2.4850214906945443,0.07180075219728843,2.413220738497257,2.4850214906945443,3.9533014890423828,2.199386836591723,0.06354779217461161,2.1358390444171125,2.199386836591723,3.4230162145810166,-20.0,0.019134665478347992,0.000552865791919121,0.01858179968642888,0.019134665478347992,-17.181791259232796,20.0,RealizedGain,0.019134665478347992,max,0.0040888521831686005,0.017748481005032284,-0.027156946601805117,0.10203843748972334,0.10714975391590624,3.0,-0.0789966158439057,"dB(S(ground_T1,ground_T1)) []",-0.0789966158439057
