center_frequency,feed_center,feed_h,feed_r1,freq_step,ground_thickness,lumpedport_D,lumpedport_r,num_of_freq_points,patch_length,patch_name,patch_width,signal_layer_thickness,start_frequency,stop_frequency,sub_high,sub_length,sub_width,sweep_type,unit,Directivity,Directivity_Phi,Directivity_Theta,Directivity_Total,Directivity_dB,Gain,Gain_Phi,Gain_Theta,Gain_Total,Gain_dB,Phi(deg),RealizedGain,RealizedGain_Phi,RealizedGain_Theta,RealizedGain_Total,RealizedGain_dB,Theta(deg),_极值列,_极值数值,_极值类型,rEPhi_Imag,rEPhi_Real,rETheta_Imag,rETheta_Real,rETotal,Freq [GHz],_最小值,_最小值所在列名,"dB(S(ground_T1,ground_T1)) []"
2.5,3.006394105521642,1.575,0.5,0.01GHz,0.035,1.15,1.5,201.0,18.11089668983263,Patch,20.155785725325483,0.035,2.0,3.0,1.575,50.0,60.0,Interpolating,GHz,1.8511496791193733,0.00012659908250463436,1.8510230800368686,1.8511496791193733,2.6744153608811185,1.4681531937843306,0.00010040616888298588,1.4680527876154477,1.4681531937843306,1.6677137420674866,0.0,0.008515288523949118,5.823557795213181e-07,0.008514706168169597,0.008515288523949118,-20.698006322303144,35.0,RealizedGain,0.008515288523949118,max,0.0004856517761307783,0.00033699265855292534,-0.02669583392541615,0.06630442301375183,0.07147932205791771,3.0,-0.0483467283052931,"dB(S(ground_T1,ground_T1)) []",-0.0483467283052931
