center_frequency,feed_center,feed_h,feed_r1,freq_step,ground_thickness,lumpedport_D,lumpedport_r,num_of_freq_points,patch_length,patch_name,patch_width,signal_layer_thickness,start_frequency,stop_frequency,sub_high,sub_length,sub_width,sweep_type,unit,Directivity,Directivity_Phi,Directivity_Theta,Directivity_Total,Directivity_dB,Gain,Gain_Phi,Gain_Theta,Gain_Total,Gain_dB,Phi(deg),RealizedGain,RealizedGain_Phi,RealizedGain_Theta,RealizedGain_Total,RealizedGain_dB,Theta(deg),_极值列,_极值数值,_极值类型,rEPhi_Imag,rEPhi_Real,rETheta_Imag,rETheta_Real,rETotal,Freq [GHz],_最小值,_最小值所在列名,"dB(S(ground_T1,ground_T1)) []"
2.5,2.842104785587306,1.575,0.5,0.01GHz,0.035,1.15,1.5,201.0,11.901409409426265,Patch,19.116044911818463,0.035,2.0,3.0,1.575,50.0,60.0,Interpolating,GHz,1.6496183239159885,0.001226030405993423,1.6483922935099953,1.6496183239159885,2.173834720976627,1.2054903136309147,0.0008959452966875015,1.2045943683342275,1.2054903136309147,0.8116372507967374,-5.0,0.006268549630880756,4.658915542775008e-06,0.006263890715337982,0.006268549630880756,-22.028329312855274,40.0,RealizedGain,0.006268549630880756,max,0.0011406783887509438,0.0012224025503079143,-0.02280386643791241,0.05690699998804213,0.06132877291564488,3.0,-0.0387123218992657,"dB(S(ground_T1,ground_T1)) []",-0.0387123218992657
