center_frequency,feed_center,feed_h,feed_r1,freq_step,ground_thickness,lumpedport_D,lumpedport_r,num_of_freq_points,patch_length,patch_name,patch_width,signal_layer_thickness,start_frequency,stop_frequency,sub_high,sub_length,sub_width,sweep_type,unit,Directivity,Directivity_Phi,Directivity_Theta,Directivity_Total,Directivity_dB,Gain,Gain_Phi,Gain_Theta,Gain_Total,Gain_dB,Phi(deg),RealizedGain,RealizedGain_Phi,RealizedGain_Theta,RealizedGain_Total,RealizedGain_dB,Theta(deg),_极值列,_极值数值,_极值类型,rEPhi_Imag,rEPhi_Real,rETheta_Imag,rETheta_Real,rETotal,Freq [GHz],_最小值,_最小值所在列名,"dB(S(ground_T1,ground_T1)) []"
2.5,2.2520974849330084,1.575,0.5,0.01GHz,0.035,1.15,1.5,201.0,13.1019456359653,Patch,15.361960812230171,0.035,2.0,3.0,1.575,50.0,60.0,Interpolating,GHz,1.5051167823101248,0.0010438018172011017,1.5040729804929243,1.5051167823101248,1.7757019823232978,1.0661243874696718,0.0007393596205174471,1.0653850278491546,1.0661243874696718,0.27807877898997685,5.0,0.0051173970598544245,3.548926178483746e-06,0.005113848133675942,0.0051173970598544245,-22.909508847254152,50.0,RealizedGain,0.0051173970598544245,max,-0.0006935688809903418,-0.0012838878767647418,-0.028032800696120828,0.04777596939795879,0.05541218794323058,3.0,-0.0350737347989017,"dB(S(ground_T1,ground_T1)) []",-0.0350737347989017
