center_frequency,feed_center,feed_h,feed_r1,freq_step,ground_thickness,lumpedport_D,lumpedport_r,num_of_freq_points,patch_length,patch_name,patch_width,signal_layer_thickness,start_frequency,stop_frequency,sub_high,sub_length,sub_width,sweep_type,unit,Directivity,Directivity_Phi,Directivity_Theta,Directivity_Total,Directivity_dB,Gain,Gain_Phi,Gain_Theta,Gain_Total,Gain_dB,Phi(deg),RealizedGain,RealizedGain_Phi,RealizedGain_Theta,RealizedGain_Total,RealizedGain_dB,Theta(deg),_极值列,_极值数值,_极值类型,rEPhi_Imag,rEPhi_Real,rETheta_Imag,rETheta_Real,rETotal,Freq [GHz],_最小值,_最小值所在列名,"dB(S(ground_T1,ground_T1)) []"
2.5,3.800964093868651,1.575,0.5,0.01GHz,0.035,1.15,1.5,201.0,14.93988650100226,Patch,25.1595847835244,0.035,2.0,3.0,1.575,50.0,60.0,Interpolating,GHz,2.0183541035901116,0.0040034943772343234,2.0143506092128773,2.0183541035901116,3.0499736197236977,1.6399127091669654,0.0032528391815028882,1.6366598699854626,1.6399127091669654,2.1482073162328166,5.0,0.010495441338668579,2.081817076161848e-05,0.010474623167906962,0.010495441338668579,-19.78999294392831,30.0,RealizedGain,0.010495441338668579,max,-0.001318313254573461,-0.0032792143714818482,-0.022782539008596434,0.07593337790883223,0.07935624210517447,3.0,-0.0515698072979206,"dB(S(ground_T1,ground_T1)) []",-0.0515698072979206
