center_frequency,feed_center,feed_h,feed_r1,freq_step,ground_thickness,lumpedport_D,lumpedport_r,num_of_freq_points,patch_length,patch_name,patch_width,signal_layer_thickness,start_frequency,stop_frequency,sub_high,sub_length,sub_width,sweep_type,unit,Directivity,Directivity_Phi,Directivity_Theta,Directivity_Total,Directivity_dB,Gain,Gain_Phi,Gain_Theta,Gain_Total,Gain_dB,Phi(deg),RealizedGain,RealizedGain_Phi,RealizedGain_Theta,RealizedGain_Total,RealizedGain_dB,Theta(deg),_极值列,_极值数值,_极值类型,rEPhi_Imag,rEPhi_Real,rETheta_Imag,rETheta_Real,rETotal,Freq [GHz],_最小值,_最小值所在列名,"dB(S(ground_T1,ground_T1)) []"
2.5,1.917947376275691,1.575,0.5,0.01GHz,0.035,1.15,1.5,201.0,15.109106329901394,Patch,13.217650058569504,0.035,2.0,3.0,1.575,50.0,60.0,Interpolating,GHz,1.4597145119462438,1.7470668775635708e-05,1.4596970412774684,1.4597145119462438,1.6426792564055936,0.9938481783463787,1.1894923421709417e-05,0.993836283422957,0.9938481783463787,-0.026799539752521386,0.0,0.00467108643822798,5.5906140082034264e-08,0.0046710305320878985,0.00467108643822798,-23.305820960395348,55.0,RealizedGain,0.00467108643822798,max,-0.00011373618257703511,-0.00014355680088672934,-0.032327266161477304,0.04192412442647294,0.052940701646990745,3.0,-0.0340435318904427,"dB(S(ground_T1,ground_T1)) []",-0.0340435318904427
