center_frequency,feed_center,feed_h,feed_r1,freq_step,ground_thickness,lumpedport_D,lumpedport_r,num_of_freq_points,patch_length,patch_name,patch_width,signal_layer_thickness,start_frequency,stop_frequency,sub_high,sub_length,sub_width,sweep_type,unit,Directivity,Directivity_Phi,Directivity_Theta,Directivity_Total,Directivity_dB,Gain,Gain_Phi,Gain_Theta,Gain_Total,Gain_dB,Phi(deg),RealizedGain,RealizedGain_Phi,RealizedGain_Theta,RealizedGain_Total,RealizedGain_dB,Theta(deg),_极值列,_极值数值,_极值类型,rEPhi_Imag,rEPhi_Real,rETheta_Imag,rETheta_Real,rETotal,Freq [GHz],_最小值,_最小值所在列名,"dB(S(ground_T1,ground_T1)) []"
2.5,4.220439940197576,1.575,0.5,0.01GHz,0.035,1.15,1.5,201.0,18.746986131989818,Patch,27.788416431330354,0.035,2.0,3.0,1.575,50.0,60.0,Interpolating,GHz,2.291263962420985,0.026940575003331167,2.2643233874176527,2.291263962420985,3.6007512446625216,1.9936972140546232,0.023441799028872574,1.97025541502575,1.9936972140546232,2.9965920199459672,5.0,0.015351468548220597,0.0001805018525223188,0.015170966695698274,0.015351468548220597,-18.138500728329213,20.0,RealizedGain,0.015351468548220597,max,-0.00048738105713426764,-0.010395485688250099,-0.024057365831651058,0.0923257148101223,0.09597446602585187,3.0,-0.0790528366994079,"dB(S(ground_T1,ground_T1)) []",-0.0790528366994079
