center_frequency,feed_center,feed_h,feed_r1,freq_step,ground_thickness,lumpedport_D,lumpedport_r,num_of_freq_points,patch_length,patch_name,patch_width,signal_layer_thickness,start_frequency,stop_frequency,sub_high,sub_length,sub_width,sweep_type,unit,Directivity,Directivity_Phi,Directivity_Theta,Directivity_Total,Directivity_dB,Gain,Gain_Phi,Gain_Theta,Gain_Total,Gain_dB,Phi(deg),RealizedGain,RealizedGain_Phi,RealizedGain_Theta,RealizedGain_Total,RealizedGain_dB,Theta(deg),_极值列,_极值数值,_极值类型,rEPhi_Imag,rEPhi_Real,rETheta_Imag,rETheta_Real,rETotal,Freq [GHz],_最小值,_最小值所在列名,"dB(S(ground_T1,ground_T1)) []"
2.5,2.6389390446165666,1.575,0.5,0.01GHz,0.035,1.15,1.5,201.0,15.643817211757272,Patch,17.827195643505668,0.035,2.0,3.0,1.575,50.0,60.0,Interpolating,GHz,1.6736844791819465,0.004669571443454488,1.6690149077384924,1.6736844791819465,2.2367358874346923,1.2631580974958088,0.0035242048629845193,1.2596338926328245,1.2631580974958088,1.014577104706426,5.0,0.006694737916727786,1.8678285773817953e-05,0.00667605963095397,0.006694737916727786,-21.742664199285684,40.0,RealizedGain,0.006694737916727786,max,-0.0008126496351001785,-0.00324758926912831,-0.0271267903150649,0.05718275434888585,0.06337931352746658,3.0,-0.0404541267172663,"dB(S(ground_T1,ground_T1)) []",-0.0404541267172663
