center_frequency,feed_center,feed_h,feed_r1,freq_step,ground_thickness,lumpedport_D,lumpedport_r,num_of_freq_points,patch_length,patch_name,patch_width,signal_layer_thickness,start_frequency,stop_frequency,sub_high,sub_length,sub_width,sweep_type,unit,Directivity,Directivity_Phi,Directivity_Theta,Directivity_Total,Directivity_dB,Gain,Gain_Phi,Gain_Theta,Gain_Total,Gain_dB,Phi(deg),RealizedGain,RealizedGain_Phi,RealizedGain_Theta,RealizedGain_Total,RealizedGain_dB,Theta(deg),_极值列,_极值数值,_极值类型,rEPhi_Imag,rEPhi_Real,rETheta_Imag,rETheta_Real,rETotal,Freq [GHz],_最小值,_最小值所在列名,"dB(S(ground_T1,ground_T1)) []"
2.5,1.6190356610270937,1.575,0.5,0.01GHz,0.035,1.15,1.5,201.0,25.819501954353722,Patch,11.284044033428911,0.035,2.0,3.0,1.575,50.0,60.0,Interpolating,GHz,1.5771292777443942,0.00030669907967282987,1.5768225786647212,1.5771292777443942,1.978672940326856,1.1828469583082957,0.00023002430975462243,1.1826169339985408,1.1828469583082957,0.7292855742438566,0.0,0.006150804183203137,1.1961264107240363e-06,0.006149608056792414,0.006150804183203137,-22.110680989408152,50.0,RealizedGain,0.006150804183203137,max,0.00045412693507628605,-0.0007151653522545836,-0.04051723277699157,0.04525710562649109,0.06075005723739294,3.0,-0.046222478209335,"dB(S(ground_T1,ground_T1)) []",-0.046222478209335
