center_frequency,feed_center,feed_h,feed_r1,freq_step,ground_thickness,lumpedport_D,lumpedport_r,num_of_freq_points,patch_length,patch_name,patch_width,signal_layer_thickness,start_frequency,stop_frequency,sub_high,sub_length,sub_width,sweep_type,unit,Directivity,Directivity_Phi,Directivity_Theta,Directivity_Total,Directivity_dB,Gain,Gain_Phi,Gain_Theta,Gain_Total,Gain_dB,Phi(deg),RealizedGain,RealizedGain_Phi,RealizedGain_Theta,RealizedGain_Total,RealizedGain_dB,Theta(deg),_极值列,_极值数值,_极值类型,rEPhi_Imag,rEPhi_Real,rETheta_Imag,rETheta_Real,rETotal,Freq [GHz],_最小值,_最小值所在列名,"dB(S(ground_T1,ground_T1)) []"
2.5,1.7856513738643545,1.575,0.5,0.01GHz,0.035,1.15,1.5,201.0,20.381575319373304,Patch,12.363903504828752,0.035,2.0,3.0,1.575,50.0,60.0,Interpolating,GHz,1.52490673165687,0.00016890677794439597,1.5247378248789256,1.52490673165687,1.8324328160708623,1.1203396395846392,0.00012409477563261743,1.1202155448090068,1.1203396395846392,0.4934970234585981,0.0,0.005489664233964732,6.080644005998254e-07,0.005489056169564132,0.005489664233964732,-22.604542176256267,50.0,RealizedGain,0.005489664233964732,max,-3.7674749441542427e-06,0.0006040141072527123,-0.03578632767014549,0.04486479737988204,0.057392300348465895,3.0,-0.0379715945336378,"dB(S(ground_T1,ground_T1)) []",-0.0379715945336378
