center_frequency,feed_center,feed_h,feed_r1,freq_step,ground_thickness,lumpedport_D,lumpedport_r,num_of_freq_points,patch_length,patch_name,patch_width,signal_layer_thickness,start_frequency,stop_frequency,sub_high,sub_length,sub_width,sweep_type,unit,Directivity,Directivity_Phi,Directivity_Theta,Directivity_Total,Directivity_dB,Gain,Gain_Phi,Gain_Theta,Gain_Total,Gain_dB,Phi(deg),RealizedGain,RealizedGain_Phi,RealizedGain_Theta,RealizedGain_Total,RealizedGain_dB,Theta(deg),_极值列,_极值数值,_极值类型,rEPhi_Imag,rEPhi_Real,rETheta_Imag,rETheta_Real,rETotal,Freq [GHz],_最小值,_最小值所在列名,"dB(S(ground_T1,ground_T1)) []"
2.5,4.768457476830416,1.575,0.5,0.01GHz,0.035,1.15,1.5,201.0,15.889031140298368,Patch,31.212988504333,0.035,2.0,3.0,1.575,50.0,60.0,Interpolating,GHz,2.3381928147129267,0.008251009964348365,2.3299418047485774,2.3381928147129267,3.68880321587624,2.0084476741764883,0.007087405995017186,2.0013602681814704,2.0084476741764883,3.0286052159797006,-5.0,0.015665891858576607,5.5281766761134045e-05,0.015610610091815469,0.015665891858576607,-18.050448757115497,20.0,RealizedGain,0.015665891858576607,max,0.0010899351535566433,0.005655252677885239,-0.020776993769348995,0.0945246171539285,0.09695234169259663,3.0,-0.0698981473565452,"dB(S(ground_T1,ground_T1)) []",-0.0698981473565452
