center_frequency,feed_center,feed_h,feed_r1,freq_step,ground_thickness,lumpedport_D,lumpedport_r,num_of_freq_points,patch_length,patch_name,patch_width,signal_layer_thickness,start_frequency,stop_frequency,sub_high,sub_length,sub_width,sweep_type,unit,Directivity,Directivity_Phi,Directivity_Theta,Directivity_Total,Directivity_dB,Gain,Gain_Phi,Gain_Theta,Gain_Total,Gain_dB,Phi(deg),RealizedGain,RealizedGain_Phi,RealizedGain_Theta,RealizedGain_Total,RealizedGain_dB,Theta(deg),_极值列,_极值数值,_极值类型,rEPhi_Imag,rEPhi_Real,rETheta_Imag,rETheta_Real,rETotal,Freq [GHz],_最小值,_最小值所在列名,"dB(S(ground_T1,ground_T1)) []"
2.5,1.8458870033902959,1.575,0.5,0.01GHz,0.035,1.15,1.5,201.0,11.821633976916853,Patch,12.752998932864,0.035,2.0,3.0,1.575,50.0,60.0,Interpolating,GHz,1.4330515708847695,0.13736741407548256,1.2956841568092874,1.4330515708847695,1.5626181953040839,0.9235221234590735,0.08852566684864431,0.8349964566104295,0.9235221234590735,-0.34552696345979306,-90.0,0.004155849555565832,0.0003983655008188994,0.0037574840547469333,0.004155849555565832,-23.813401825706357,60.0,RealizedGain,0.004155849555565832,max,0.003387032408833954,0.01508485807129236,-0.03698187271181499,0.02978060841096894,0.049935643363932795,3.0,-0.0318918943478721,"dB(S(ground_T1,ground_T1)) []",-0.0318918943478721
