center_frequency,feed_center,feed_h,feed_r1,freq_step,ground_thickness,lumpedport_D,lumpedport_r,num_of_freq_points,patch_length,patch_name,patch_width,signal_layer_thickness,start_frequency,stop_frequency,sub_high,sub_length,sub_width,sweep_type,unit,Directivity,Directivity_Phi,Directivity_Theta,Directivity_Total,Directivity_dB,Gain,Gain_Phi,Gain_Theta,Gain_Total,Gain_dB,Phi(deg),RealizedGain,RealizedGain_Phi,RealizedGain_Theta,RealizedGain_Total,RealizedGain_dB,Theta(deg),_极值列,_极值数值,_极值类型,rEPhi_Imag,rEPhi_Real,rETheta_Imag,rETheta_Real,rETotal,Freq [GHz],_最小值,_最小值所在列名,"dB(S(ground_T1,ground_T1)) []"
2.5,2.1141734838381785,1.575,0.5,0.01GHz,0.035,1.15,1.5,201.0,29.110159016559543,Patch,14.478779833302726,0.035,2.0,3.0,1.575,50.0,60.0,Interpolating,GHz,2.010197895467991,0.004804062720878991,2.0053938327471115,2.010197895467991,3.0323881397727854,1.6332857900677429,0.003903300960714179,1.6293824891070283,1.6332857900677429,2.1306218362819056,5.0,0.010453029056433553,2.4981126148570746e-05,0.010428047930284979,0.010453029056433553,-19.807578423879225,30.0,RealizedGain,0.010453029056433553,max,-0.0015004645870960681,-0.003568982324365547,-0.0293062185862817,0.07347191106512335,0.07919573973514663,3.0,-0.139969496400532,"dB(S(ground_T1,ground_T1)) []",-0.139969496400532
