center_frequency,feed_center,feed_h,feed_r1,freq_step,ground_thickness,lumpedport_D,lumpedport_r,num_of_freq_points,patch_length,patch_name,patch_width,signal_layer_thickness,start_frequency,stop_frequency,sub_high,sub_length,sub_width,sweep_type,unit,Directivity,Directivity_Phi,Directivity_Theta,Directivity_Total,Directivity_dB,Gain,Gain_Phi,Gain_Theta,Gain_Total,Gain_dB,Phi(deg),RealizedGain,RealizedGain_Phi,RealizedGain_Theta,RealizedGain_Total,RealizedGain_dB,Theta(deg),_极值列,_极值数值,_极值类型,rEPhi_Imag,rEPhi_Real,rETheta_Imag,rETheta_Real,rETotal,Freq [GHz],_最小值,_最小值所在列名,"dB(S(ground_T1,ground_T1)) []"
2.5,6.733943005815649,1.575,0.5,0.01GHz,0.035,1.15,1.5,201.0,21.511311316280647,Patch,43.434503921678406,0.035,2.0,3.0,1.575,50.0,60.0,Interpolating,GHz,3.3011253218290357,0.00025240587548079846,3.3008729159535553,3.3011253218290357,5.1866201192367445,3.0976312951409444,0.0002368466091840369,3.0973944485317606,3.0976312951409444,4.910297232956442,0.0,0.045225416909057785,3.457960494086939e-06,0.0452219589485637,0.045225416909057785,-13.446174209199189,10.0,RealizedGain,0.045225416909057785,max,4.855290060553701e-05,0.0014396068185948921,-0.03721813119580568,0.16046378193368468,0.16472974663777523,3.0,-0.182144932475981,"dB(S(ground_T1,ground_T1)) []",-0.182144932475981
