center_frequency,feed_center,feed_h,feed_r1,freq_step,ground_thickness,lumpedport_D,lumpedport_r,num_of_freq_points,patch_length,patch_name,patch_width,signal_layer_thickness,start_frequency,stop_frequency,sub_high,sub_length,sub_width,sweep_type,unit,Directivity,Directivity_Phi,Directivity_Theta,Directivity_Total,Directivity_dB,Gain,Gain_Phi,Gain_Theta,Gain_Total,Gain_dB,Phi(deg),RealizedGain,RealizedGain_Phi,RealizedGain_Theta,RealizedGain_Total,RealizedGain_dB,Theta(deg),_极值列,_极值数值,_极值类型,rEPhi_Imag,rEPhi_Real,rETheta_Imag,rETheta_Real,rETotal,Freq [GHz],_最小值,_最小值所在列名,"dB(S(ground_T1,ground_T1)) []"
2.5,3.7885030893525604,1.575,0.5,0.01GHz,0.035,1.15,1.5,201.0,10.275409853863223,Patch,25.08137560309794,0.035,2.0,3.0,1.575,50.0,60.0,Interpolating,GHz,1.8868891828474856,0.0005686861672178029,1.8863204966802685,1.8868891828474856,2.757463947642589,1.4466150401830722,0.0004359927282003155,1.4461790474548724,1.4466150401830722,1.6035297606218926,0.0,0.008679690241098435,2.615956369201893e-06,0.008677074284729235,0.008679690241098435,-20.61495773554167,35.0,RealizedGain,0.008679690241098435,max,-0.0009753055872286386,-0.0007863776515002548,-0.022095823957655785,0.06868873116367379,0.07216603658260874,3.0,-0.0458671416157931,"dB(S(ground_T1,ground_T1)) []",-0.0458671416157931
