center_frequency,feed_center,feed_h,feed_r1,freq_step,ground_thickness,lumpedport_D,lumpedport_r,num_of_freq_points,patch_length,patch_name,patch_width,signal_layer_thickness,start_frequency,stop_frequency,sub_high,sub_length,sub_width,sweep_type,unit,Directivity,Directivity_Phi,Directivity_Theta,Directivity_Total,Directivity_dB,Gain,Gain_Phi,Gain_Theta,Gain_Total,Gain_dB,Phi(deg),RealizedGain,RealizedGain_Phi,RealizedGain_Theta,RealizedGain_Total,RealizedGain_dB,Theta(deg),_极值列,_极值数值,_极值类型,rEPhi_Imag,rEPhi_Real,rETheta_Imag,rETheta_Real,rETotal,Freq [GHz],_最小值,_最小值所在列名,"dB(S(ground_T1,ground_T1)) []"
2.5,4.976959092757101,1.575,0.5,0.01GHz,0.035,1.15,1.5,201.0,19.930063187176717,Patch,32.51349069524752,0.035,2.0,3.0,1.575,50.0,60.0,Interpolating,GHz,2.6385730719573455,0.05680748485760418,2.581765587099741,2.6385730719573455,4.213691259182689,2.3591947466912733,0.05079257469621079,2.3084021719950627,2.3591947466912733,3.727637924847675,-10.0,0.020053155346875826,0.00043173688491779177,0.019621418461958032,0.020053155346875826,-16.978172818009398,20.0,RealizedGain,0.020053155346875826,max,0.0017765922712541936,0.01599662319523491,-0.024566020599329743,0.10568651317360316,0.10969127890871495,3.0,-0.0813852203484049,"dB(S(ground_T1,ground_T1)) []",-0.0813852203484049
