center_frequency,feed_center,feed_h,feed_r1,freq_step,ground_thickness,lumpedport_D,lumpedport_r,num_of_freq_points,patch_length,patch_name,patch_width,signal_layer_thickness,start_frequency,stop_frequency,sub_high,sub_length,sub_width,sweep_type,unit,Directivity,Directivity_Phi,Directivity_Theta,Directivity_Total,Directivity_dB,Gain,Gain_Phi,Gain_Theta,Gain_Total,Gain_dB,Phi(deg),RealizedGain,RealizedGain_Phi,RealizedGain_Theta,RealizedGain_Total,RealizedGain_dB,Theta(deg),_极值列,_极值数值,_极值类型,rEPhi_Imag,rEPhi_Real,rETheta_Imag,rETheta_Real,rETotal,Freq [GHz],_最小值,_最小值所在列名,"dB(S(ground_T1,ground_T1)) []"
2.5,5.233149624932461,1.575,0.5,0.01GHz,0.035,1.15,1.5,201.0,14.773278280558921,Patch,34.109869481576276,0.035,2.0,3.0,1.575,50.0,60.0,Interpolating,GHz,2.4249821850611633,0.01425132632369952,2.4107308587374634,2.4249821850611633,3.8470855244011686,2.1256016683869454,0.012491903320773653,2.113109765066172,2.1256016683869454,3.2748188228054236,-5.0,0.01721737351393426,0.00010118441689826659,0.01711618909703599,0.01721737351393426,-17.640330988408078,20.0,RealizedGain,0.01721737351393426,max,0.00045696854989395706,0.0077783841619764316,-0.023126190453878325,0.09866678629841977,0.10163989120317853,3.0,-0.0686052774715451,"dB(S(ground_T1,ground_T1)) []",-0.0686052774715451
