center_frequency,feed_center,feed_h,feed_r1,freq_step,ground_thickness,lumpedport_D,lumpedport_r,num_of_freq_points,patch_length,patch_name,patch_width,signal_layer_thickness,start_frequency,stop_frequency,sub_high,sub_length,sub_width,sweep_type,unit,Directivity,Directivity_Phi,Directivity_Theta,Directivity_Total,Directivity_dB,Gain,Gain_Phi,Gain_Theta,Gain_Total,Gain_dB,Phi(deg),RealizedGain,RealizedGain_Phi,RealizedGain_Theta,RealizedGain_Total,RealizedGain_dB,Theta(deg),_极值列,_极值数值,_极值类型,rEPhi_Imag,rEPhi_Real,rETheta_Imag,rETheta_Real,rETotal,Freq [GHz],_最小值,_最小值所在列名,"dB(S(ground_T1,ground_T1)) []"
2.5,5.2685176609575075,1.575,0.5,0.01GHz,0.035,1.15,1.5,201.0,10.791714362844726,Patch,34.33012813249111,0.035,2.0,3.0,1.575,50.0,60.0,Interpolating,GHz,2.1667653653072736,0.017218572455863782,2.14954679285141,2.1667653653072736,3.3581188498413796,1.8153980087709587,0.014426371517075064,1.8009716372538842,1.8153980087709587,2.5897185475141553,-5.0,0.013433945264905095,0.00010675514922635545,0.013327190115678744,0.013433945264905095,-18.71796425517608,25.0,RealizedGain,0.013433945264905095,max,0.0016080736493316204,0.007840197555349022,-0.027029540514981076,0.08524028622002429,0.08978060510985232,3.0,-0.0581933732957079,"dB(S(ground_T1,ground_T1)) []",-0.0581933732957079
