center_frequency,feed_center,feed_h,feed_r1,freq_step,ground_thickness,lumpedport_D,lumpedport_r,num_of_freq_points,patch_length,patch_name,patch_width,signal_layer_thickness,start_frequency,stop_frequency,sub_high,sub_length,sub_width,sweep_type,unit,Directivity,Directivity_Phi,Directivity_Theta,Directivity_Total,Directivity_dB,Gain,Gain_Phi,Gain_Theta,Gain_Total,Gain_dB,Phi(deg),RealizedGain,RealizedGain_Phi,RealizedGain_Theta,RealizedGain_Total,RealizedGain_dB,Theta(deg),_极值列,_极值数值,_极值类型,rEPhi_Imag,rEPhi_Real,rETheta_Imag,rETheta_Real,rETotal,Freq [GHz],_最小值,_最小值所在列名,"dB(S(ground_T1,ground_T1)) []"
2.5,3.2261136801555823,1.575,0.5,0.01GHz,0.035,1.15,1.5,201.0,11.514964888535918,Patch,21.543267604333735,0.035,2.0,3.0,1.575,50.0,60.0,Interpolating,GHz,1.7452676031208185,0.01360913926285479,1.731658463857964,1.7452676031208185,2.4186202708220104,1.3010176677809737,0.010144994723219026,1.2908726730577549,1.3010176677809737,1.1428319430769267,10.0,0.007155597172795355,5.579747097770464e-05,0.007099799701817652,0.007155597172795355,-21.453541161980635,40.0,RealizedGain,0.007155597172795355,max,-0.002051278966030671,-0.0054103166185412565,-0.0234553867120996,0.06090833287971285,0.06552449504810694,3.0,-0.0411038566445916,"dB(S(ground_T1,ground_T1)) []",-0.0411038566445916
