center_frequency,feed_center,feed_h,feed_r1,freq_step,ground_thickness,lumpedport_D,lumpedport_r,num_of_freq_points,patch_length,patch_name,patch_width,signal_layer_thickness,start_frequency,stop_frequency,sub_high,sub_length,sub_width,sweep_type,unit,Directivity,Directivity_Phi,Directivity_Theta,Directivity_Total,Directivity_dB,Gain,Gain_Phi,Gain_Theta,Gain_Total,Gain_dB,Phi(deg),RealizedGain,RealizedGain_Phi,RealizedGain_Theta,RealizedGain_Total,RealizedGain_dB,Theta(deg),_极值列,_极值数值,_极值类型,rEPhi_Imag,rEPhi_Real,rETheta_Imag,rETheta_Real,rETotal,Freq [GHz],_最小值,_最小值所在列名,"dB(S(ground_T1,ground_T1)) []"
2.5,3.4404230173050996,1.575,0.5,0.01GHz,0.035,1.15,1.5,201.0,47.415183550082325,Patch,22.893595768867144,0.035,2.0,3.0,1.575,50.0,60.0,Interpolating,GHz,1.513255086295128,1.0408943238945878,0.47236076240054076,1.513255086295128,1.7991214232104764,1.3262235587755054,0.9122444636379534,0.41397909513755254,1.3262235587755054,1.2261673836661524,55.0,0.011803389673101997,0.008118975726377785,0.0036844139467242173,0.011803389673101997,-19.27993254988472,35.0,RealizedGain,0.011803389673101997,max,-0.0035994877003846654,0.06970325594654249,-0.043342206446133104,-0.018225081324597152,0.08415581174322918,2.035,-9.58937629679701,"dB(S(ground_T1,ground_T1)) []",-9.58937629679701
