center_frequency,feed_center,feed_h,feed_r1,freq_step,ground_thickness,lumpedport_D,lumpedport_r,num_of_freq_points,patch_length,patch_name,patch_width,signal_layer_thickness,start_frequency,stop_frequency,sub_high,sub_length,sub_width,sweep_type,unit,Directivity,Directivity_Phi,Directivity_Theta,Directivity_Total,Directivity_dB,Gain,Gain_Phi,Gain_Theta,Gain_Total,Gain_dB,Phi(deg),RealizedGain,RealizedGain_Phi,RealizedGain_Theta,RealizedGain_Total,RealizedGain_dB,Theta(deg),_极值列,_极值数值,_极值类型,rEPhi_Imag,rEPhi_Real,rETheta_Imag,rETheta_Real,rETotal,Freq [GHz],_最小值,_最小值所在列名,"dB(S(ground_T1,ground_T1)) []"
2.5,3.427630679696607,1.575,0.5,0.01GHz,0.035,1.15,1.5,201.0,20.565658605084028,Patch,22.813069531948457,0.035,2.0,3.0,1.575,50.0,60.0,Interpolating,GHz,2.027666907217903,0.0028492260484474135,2.024817681169455,2.027666907217903,3.0699661326556975,1.7044156611396866,0.002395001605941304,1.7020206595337448,1.7044156611396866,2.3157551609125173,5.0,0.011760468061863837,1.6525511080994994e-05,0.011743942550782838,0.011760468061863837,-19.29575393171493,30.0,RealizedGain,0.011760468061863837,max,-0.0008319947619553622,-0.003036992749467467,-0.029863622756653937,0.0784518678700921,0.08400266112869502,3.0,-0.0766109814947567,"dB(S(ground_T1,ground_T1)) []",-0.0766109814947567
