center_frequency,feed_center,feed_h,feed_r1,freq_step,ground_thickness,lumpedport_D,lumpedport_r,num_of_freq_points,patch_length,patch_name,patch_width,signal_layer_thickness,start_frequency,stop_frequency,sub_high,sub_length,sub_width,sweep_type,unit,Directivity,Directivity_Phi,Directivity_Theta,Directivity_Total,Directivity_dB,Gain,Gain_Phi,Gain_Theta,Gain_Total,Gain_dB,Phi(deg),RealizedGain,RealizedGain_Phi,RealizedGain_Theta,RealizedGain_Total,RealizedGain_dB,Theta(deg),_极值列,_极值数值,_极值类型,rEPhi_Imag,rEPhi_Real,rETheta_Imag,rETheta_Real,rETotal,Freq [GHz],_最小值,_最小值所在列名,"dB(S(ground_T1,ground_T1)) []"
2.5,3.2665230218576053,1.575,0.5,0.01GHz,0.035,1.15,1.5,201.0,23.984349998202,Patch,21.798094540037674,0.035,2.0,3.0,1.575,50.0,60.0,Interpolating,GHz,2.7684702804315675,0.013752197071643981,2.7547180833599225,2.7684702804315675,4.4223986571544245,2.4012242228232985,0.011927926031527944,2.3892962967917697,2.4012242228232985,3.804327157372404,5.0,0.023531997383668322,0.00011689367510897384,0.023415103708559343,0.023531997383668322,-16.28341208570265,20.0,RealizedGain,0.023531997383668322,max,-0.0003023128369426969,-0.008369376581290701,-0.024860189565253498,0.11589376248570889,0.11882563303313425,3.0,-0.20085036558692,"dB(S(ground_T1,ground_T1)) []",-0.20085036558692
