center_frequency,feed_center,feed_h,feed_r1,freq_step,ground_thickness,lumpedport_D,lumpedport_r,num_of_freq_points,patch_length,patch_name,patch_width,signal_layer_thickness,start_frequency,stop_frequency,sub_high,sub_length,sub_width,sweep_type,unit,Directivity,Directivity_Phi,Directivity_Theta,Directivity_Total,Directivity_dB,Gain,Gain_Phi,Gain_Theta,Gain_Total,Gain_dB,Phi(deg),RealizedGain,RealizedGain_Phi,RealizedGain_Theta,RealizedGain_Total,RealizedGain_dB,Theta(deg),_极值列,_极值数值,_极值类型,rEPhi_Imag,rEPhi_Real,rETheta_Imag,rETheta_Real,rETotal,Freq [GHz],_最小值,_最小值所在列名,"dB(S(ground_T1,ground_T1)) []"
2.5,8.094448925679027,1.575,0.5,0.01GHz,0.035,1.15,1.5,201.0,12.510001409398953,Patch,51.85966506921848,0.035,2.0,3.0,1.575,50.0,60.0,Interpolating,GHz,5.341938292558899e-07,4.559777633845207e-09,5.296340516220448e-07,5.341938292558899e-07,-62.723011330417044,0.07631340417941285,0.0006513968048350296,0.07566200737457784,0.07631340417941285,-11.173991730559614,-10.0,5.3419382925588995e-05,4.559777633845207e-07,5.296340516220449e-05,5.3419382925588995e-05,-42.723011330417044,40.0,RealizedGain,5.3419382925588995e-05,max,0.0005140944122107811,-9.643670887259854e-05,0.0046999103908244915,0.003112817707070161,0.005661482567553669,2.0,-0.00301174871202502,"dB(S(ground_T1,ground_T1)) []",-0.00301174871202502
