center_frequency,feed_center,feed_h,feed_r1,freq_step,ground_thickness,lumpedport_D,lumpedport_r,num_of_freq_points,patch_length,patch_name,patch_width,signal_layer_thickness,start_frequency,stop_frequency,sub_high,sub_length,sub_width,sweep_type,unit,Directivity,Directivity_Phi,Directivity_Theta,Directivity_Total,Directivity_dB,Gain,Gain_Phi,Gain_Theta,Gain_Total,Gain_dB,Phi(deg),RealizedGain,RealizedGain_Phi,RealizedGain_Theta,RealizedGain_Total,RealizedGain_dB,Theta(deg),_极值列,_极值数值,_极值类型,rEPhi_Imag,rEPhi_Real,rETheta_Imag,rETheta_Real,rETotal,Freq [GHz],_最小值,_最小值所在列名,"dB(S(ground_T1,ground_T1)) []"
2.5,5.700395383853266,1.575,0.5,0.01GHz,0.035,1.15,1.5,201.0,11.817127238164677,Patch,37.017439644232354,0.035,2.0,3.0,1.575,50.0,60.0,Interpolating,GHz,2.359343498041701,0.020665491231546224,2.3386780068101554,2.359343498041701,3.727911746473514,2.038938825468137,0.017859066496397968,2.021079758971739,2.038938825468137,3.094041957829585,-5.0,0.016515404486291907,0.00014465843862082356,0.016370746047671084,0.016515404486291907,-17.821107853383918,20.0,RealizedGain,0.016515404486291907,max,0.00012977726293214402,0.009315592619236769,-0.026091188685543262,0.09561343477537959,0.0995463517390564,3.0,-0.0639839740477529,"dB(S(ground_T1,ground_T1)) []",-0.0639839740477529
