center_frequency,feed_center,feed_h,feed_r1,freq_step,ground_thickness,lumpedport_D,lumpedport_r,num_of_freq_points,patch_length,patch_name,patch_width,signal_layer_thickness,start_frequency,stop_frequency,sub_high,sub_length,sub_width,sweep_type,unit,Directivity,Directivity_Phi,Directivity_Theta,Directivity_Total,Directivity_dB,Gain,Gain_Phi,Gain_Theta,Gain_Total,Gain_dB,Phi(deg),RealizedGain,RealizedGain_Phi,RealizedGain_Theta,RealizedGain_Total,RealizedGain_dB,Theta(deg),_极值列,_极值数值,_极值类型,rEPhi_Imag,rEPhi_Real,rETheta_Imag,rETheta_Real,rETotal,Freq [GHz],_最小值,_最小值所在列名,"dB(S(ground_T1,ground_T1)) []"
2.5,1.801301569515832,1.575,0.5,0.01GHz,0.035,1.15,1.5,201.0,27.31196766708991,Patch,12.465059493712879,0.035,2.0,3.0,1.575,50.0,60.0,Interpolating,GHz,1.7641131725685562,0.0004262746748999419,1.7636868978936564,1.7641131725685562,2.465264428396978,1.3687084959583624,0.00033073035121547223,1.3683777656071472,1.3687084959583624,1.3631096305210417,0.0,0.007938509276558503,1.918236037049739e-06,0.007936591040521454,0.007938509276558503,-21.002610433849583,40.0,RealizedGain,0.007938509276558503,max,-0.0002464388822050363,-0.0010441439626360579,-0.036335866882267503,0.05866661392618451,0.06901606900126392,3.0,-0.0705603214529869,"dB(S(ground_T1,ground_T1)) []",-0.0705603214529869
