center_frequency,feed_center,feed_h,feed_r1,freq_step,ground_thickness,lumpedport_D,lumpedport_r,num_of_freq_points,patch_length,patch_name,patch_width,signal_layer_thickness,start_frequency,stop_frequency,sub_high,sub_length,sub_width,sweep_type,unit,Directivity,Directivity_Phi,Directivity_Theta,Directivity_Total,Directivity_dB,Gain,Gain_Phi,Gain_Theta,Gain_Total,Gain_dB,Phi(deg),RealizedGain,RealizedGain_Phi,RealizedGain_Theta,RealizedGain_Total,RealizedGain_dB,Theta(deg),_极值列,_极值数值,_极值类型,rEPhi_Imag,rEPhi_Real,rETheta_Imag,rETheta_Real,rETotal,Freq [GHz],_最小值,_最小值所在列名,"dB(S(ground_T1,ground_T1)) []"
2.5,3.2065005452864344,1.575,0.5,0.01GHz,0.035,1.15,1.5,201.0,13.722588324815188,Patch,21.419546880263947,0.035,2.0,3.0,1.575,50.0,60.0,Interpolating,GHz,1.814100996947922,0.005248688147443585,1.8088523088004778,1.814100996947922,2.586614619942896,1.392970408370726,0.0040302426846441815,1.3889401656860811,1.392970408370726,1.4394189056767575,5.0,0.0078006342868760644,2.2569359034007413e-05,0.0077780649278420535,0.0078006342868760644,-21.07870082426124,35.0,RealizedGain,0.0078006342868760644,max,-0.0007118121502079122,-0.003610437357358865,-0.023822964940287017,0.06402667603942208,0.06841411285438004,3.0,-0.0430179789094558,"dB(S(ground_T1,ground_T1)) []",-0.0430179789094558
