center_frequency,feed_center,feed_h,feed_r1,freq_step,ground_thickness,lumpedport_D,lumpedport_r,num_of_freq_points,patch_length,patch_name,patch_width,signal_layer_thickness,start_frequency,stop_frequency,sub_high,sub_length,sub_width,sweep_type,unit,Directivity,Directivity_Phi,Directivity_Theta,Directivity_Total,Directivity_dB,Gain,Gain_Phi,Gain_Theta,Gain_Total,Gain_dB,Phi(deg),RealizedGain,RealizedGain_Phi,RealizedGain_Theta,RealizedGain_Total,RealizedGain_dB,Theta(deg),_极值列,_极值数值,_极值类型,rEPhi_Imag,rEPhi_Real,rETheta_Imag,rETheta_Real,rETotal,Freq [GHz],_最小值,_最小值所在列名,"dB(S(ground_T1,ground_T1)) []"
2.5,4.973559658281807,1.575,0.5,0.01GHz,0.035,1.15,1.5,201.0,17.1104776180003,Patch,32.49229673429891,0.035,2.0,3.0,1.575,50.0,60.0,Interpolating,GHz,2.4301479311360907,0.05045953158098444,2.3796883995551057,2.4301479311360907,3.8563271134343275,2.1567562888832805,0.044782834278123684,2.1119734546051565,2.1567562888832805,3.338010730705644,-10.0,0.017254050311066246,0.00035826267422498957,0.016895787636841252,0.017254050311066246,-17.63108939937492,20.0,RealizedGain,0.017254050311066246,max,0.000419743104987975,0.014655595670843145,-0.02208662692040189,0.09823386545918868,0.10174809128684639,3.0,-0.070807527579016,"dB(S(ground_T1,ground_T1)) []",-0.070807527579016
