center_frequency,feed_center,feed_h,feed_r1,freq_step,ground_thickness,lumpedport_D,lumpedport_r,num_of_freq_points,patch_length,patch_name,patch_width,signal_layer_thickness,start_frequency,stop_frequency,sub_high,sub_length,sub_width,sweep_type,unit,Directivity,Directivity_Phi,Directivity_Theta,Directivity_Total,Directivity_dB,Gain,Gain_Phi,Gain_Theta,Gain_Total,Gain_dB,Phi(deg),RealizedGain,RealizedGain_Phi,RealizedGain_Theta,RealizedGain_Total,RealizedGain_dB,Theta(deg),_极值列,_极值数值,_极值类型,rEPhi_Imag,rEPhi_Real,rETheta_Imag,rETheta_Real,rETotal,Freq [GHz],_最小值,_最小值所在列名,"dB(S(ground_T1,ground_T1)) []"
2.5,2.5110184807200353,1.575,0.5,0.01GHz,0.035,1.15,1.5,201.0,31.73524674923758,Patch,17.013743234288576,0.035,2.0,3.0,1.575,50.0,60.0,Interpolating,GHz,3.2682266490990637,0.0004578738828036041,3.2677687752162594,3.2682266490990637,5.143121669056239,2.9358646169872946,0.000411310437094763,2.9354533065501998,2.9358646169872946,4.677360248642687,0.0,0.034643202480450073,4.853463157718204e-06,0.034638349017292354,0.034643202480450073,-14.603819678296059,10.0,RealizedGain,0.034643202480450073,max,0.0005114417434586198,-0.0016280583047286743,-0.01639267542164403,0.14322981265005522,0.14417493258451636,2.86,-14.4920327230576,"dB(S(ground_T1,ground_T1)) []",-14.4920327230576
