center_frequency,feed_center,feed_h,feed_r1,freq_step,ground_thickness,lumpedport_D,lumpedport_r,num_of_freq_points,patch_length,patch_name,patch_width,signal_layer_thickness,start_frequency,stop_frequency,sub_high,sub_length,sub_width,sweep_type,unit,Directivity,Directivity_Phi,Directivity_Theta,Directivity_Total,Directivity_dB,Gain,Gain_Phi,Gain_Theta,Gain_Total,Gain_dB,Phi(deg),RealizedGain,RealizedGain_Phi,RealizedGain_Theta,RealizedGain_Total,RealizedGain_dB,Theta(deg),_极值列,_极值数值,_极值类型,rEPhi_Imag,rEPhi_Real,rETheta_Imag,rETheta_Real,rETotal,Freq [GHz],_最小值,_最小值所在列名,"dB(S(ground_T1,ground_T1)) []"
2.5,2.325168817544591,1.575,0.5,0.01GHz,0.035,1.15,1.5,201.0,29.083177957624038,Patch,15.828892467055002,0.035,2.0,3.0,1.575,50.0,60.0,Interpolating,GHz,2.2387219909885876,0.00016292114124518298,2.238559069847344,2.2387219909885876,3.5000016536286416,1.8707128965795048,0.0001361395837802214,1.8705767569957257,1.8707128965795048,2.7200714025317527,0.0,0.013656204145030387,9.938189615956162e-07,0.013655210326068798,0.013656204145030387,-18.64669999626369,25.0,RealizedGain,0.013656204145030387,max,-0.0005012829388436772,-0.0005873847463683937,-0.0263518066455198,0.08659619798114254,0.09052024924676873,3.0,-0.544914645199501,"dB(S(ground_T1,ground_T1)) []",-0.544914645199501
