center_frequency,feed_center,feed_h,feed_r1,freq_step,ground_thickness,lumpedport_D,lumpedport_r,num_of_freq_points,patch_length,patch_name,patch_width,signal_layer_thickness,start_frequency,stop_frequency,sub_high,sub_length,sub_width,sweep_type,unit,Directivity,Directivity_Phi,Directivity_Theta,Directivity_Total,Directivity_dB,Gain,Gain_Phi,Gain_Theta,Gain_Total,Gain_dB,Phi(deg),RealizedGain,RealizedGain_Phi,RealizedGain_Theta,RealizedGain_Total,RealizedGain_dB,Theta(deg),_极值列,_极值数值,_极值类型,rEPhi_Imag,rEPhi_Real,rETheta_Imag,rETheta_Real,rETotal,Freq [GHz],_最小值,_最小值所在列名,"dB(S(ground_T1,ground_T1)) []"
2.5,3.348589203923131,1.575,0.5,0.01GHz,0.035,1.15,1.5,201.0,18.364897626352615,Patch,22.315303406315543,0.035,2.0,3.0,1.575,50.0,60.0,Interpolating,GHz,1.9787952974640675,0.003455758066469599,1.9753395393975983,1.9787952974640675,2.9640086960813656,1.6219633585771045,0.002832588579073442,1.6191307699980317,1.6219633585771045,2.1004103893338835,-5.0,0.009893976487320337,1.7278790332347994e-05,0.009876697696987992,0.009893976487320337,-20.046291260558444,30.0,RealizedGain,0.009893976487320337,max,0.0013691302043238175,0.002914275369042053,-0.02402181143155425,0.07313761552969693,0.07704885299773068,3.0,-0.0509869614212989,"dB(S(ground_T1,ground_T1)) []",-0.0509869614212989
