center_frequency,feed_center,feed_h,feed_r1,freq_step,ground_thickness,lumpedport_D,lumpedport_r,num_of_freq_points,patch_length,patch_name,patch_width,signal_layer_thickness,start_frequency,stop_frequency,sub_high,sub_length,sub_width,sweep_type,unit,Directivity,Directivity_Phi,Directivity_Theta,Directivity_Total,Directivity_dB,Gain,Gain_Phi,Gain_Theta,Gain_Total,Gain_dB,Phi(deg),RealizedGain,RealizedGain_Phi,RealizedGain_Theta,RealizedGain_Total,RealizedGain_dB,Theta(deg),_极值列,_极值数值,_极值类型,rEPhi_Imag,rEPhi_Real,rETheta_Imag,rETheta_Real,rETotal,Freq [GHz],_最小值,_最小值所在列名,"dB(S(ground_T1,ground_T1)) []"
2.5,3.8658102797844864,1.575,0.5,0.01GHz,0.035,1.15,1.5,201.0,12.504690735644012,Patch,25.566464406607402,0.035,2.0,3.0,1.575,50.0,60.0,Interpolating,GHz,1.9845085009452879,0.006129092267497631,1.9783794086777906,1.9845085009452879,2.976529636139164,1.6004100814074902,0.004942816344756154,1.5954672650627344,1.6004100814074902,2.0423127845168136,-5.0,0.00992254250472644,3.064546133748816e-05,0.009891897043388952,0.00992254250472644,-20.033770320500647,30.0,RealizedGain,0.00992254250472644,max,0.0012679901278209833,0.004096328969434146,-0.020406280427214117,0.07428904206973656,0.07716000105302791,3.0,-0.0490333792091295,"dB(S(ground_T1,ground_T1)) []",-0.0490333792091295
