center_frequency,feed_center,feed_h,feed_r1,freq_step,ground_thickness,lumpedport_D,lumpedport_r,num_of_freq_points,patch_length,patch_name,patch_width,signal_layer_thickness,start_frequency,stop_frequency,sub_high,sub_length,sub_width,sweep_type,unit,Directivity,Directivity_Phi,Directivity_Theta,Directivity_Total,Directivity_dB,Gain,Gain_Phi,Gain_Theta,Gain_Total,Gain_dB,Phi(deg),RealizedGain,RealizedGain_Phi,RealizedGain_Theta,RealizedGain_Total,RealizedGain_dB,Theta(deg),_极值列,_极值数值,_极值类型,rEPhi_Imag,rEPhi_Real,rETheta_Imag,rETheta_Real,rETotal,Freq [GHz],_最小值,_最小值所在列名,"dB(S(ground_T1,ground_T1)) []"
2.5,1.4464221583392758,1.575,0.5,0.01GHz,0.035,1.15,1.5,201.0,14.330274070816609,Patch,10.158966132133315,0.035,2.0,3.0,1.575,50.0,60.0,Interpolating,GHz,1.4417104841686055,0.0003040593056024466,1.4414064248630034,1.4417104841686055,1.588780566720037,0.8970643012604657,0.00018919245681930008,0.8968751088036465,0.8970643012604657,-0.4717642576112075,0.0,0.004036789355672096,8.513660556868506e-07,0.0040359379896164095,0.004036789355672096,-23.93963911985777,60.0,RealizedGain,0.004036789355672096,max,-6.054200486422439e-05,0.000712156115965404,-0.03180027381838063,0.03755479235292787,0.04921514680729271,3.0,-0.0312055335128735,"dB(S(ground_T1,ground_T1)) []",-0.0312055335128735
