center_frequency,feed_center,feed_h,feed_r1,freq_step,ground_thickness,lumpedport_D,lumpedport_r,num_of_freq_points,patch_length,patch_name,patch_width,signal_layer_thickness,start_frequency,stop_frequency,sub_high,sub_length,sub_width,sweep_type,unit,Directivity,Directivity_Phi,Directivity_Theta,Directivity_Total,Directivity_dB,Gain,Gain_Phi,Gain_Theta,Gain_Total,Gain_dB,Phi(deg),RealizedGain,RealizedGain_Phi,RealizedGain_Theta,RealizedGain_Total,RealizedGain_dB,Theta(deg),_极值列,_极值数值,_极值类型,rEPhi_Imag,rEPhi_Real,rETheta_Imag,rETheta_Real,rETotal,Freq [GHz],_最小值,_最小值所在列名,"dB(S(ground_T1,ground_T1)) []"
2.5,1.5769073502177635,1.575,0.5,0.01GHz,0.035,1.15,1.5,201.0,19.21904628135782,Patch,11.010093335503836,0.035,2.0,3.0,1.575,50.0,60.0,Interpolating,GHz,1.472294903185086,0.000279992936463357,1.4720149102486226,1.472294903185086,1.679948086416423,1.0337389745767624,0.0001965907851763996,1.0335423837915862,1.0337389745767624,0.1441089058381226,-5.0,0.004858573180510783,9.239766903290781e-07,0.004857649203820455,0.004858573180510783,-23.134912514804704,55.0,RealizedGain,0.004858573180510783,max,0.0006674259856638197,0.0003300630677467389,-0.03579231629683029,0.04041742546833826,0.05399270864159392,3.0,-0.0348960530700483,"dB(S(ground_T1,ground_T1)) []",-0.0348960530700483
