center_frequency,feed_center,feed_h,feed_r1,freq_step,ground_thickness,lumpedport_D,lumpedport_r,num_of_freq_points,patch_length,patch_name,patch_width,signal_layer_thickness,start_frequency,stop_frequency,sub_high,sub_length,sub_width,sweep_type,unit,Directivity,Directivity_Phi,Directivity_Theta,Directivity_Total,Directivity_dB,Gain,Gain_Phi,Gain_Theta,Gain_Total,Gain_dB,Phi(deg),RealizedGain,RealizedGain_Phi,RealizedGain_Theta,RealizedGain_Total,RealizedGain_dB,Theta(deg),_极值列,_极值数值,_极值类型,rEPhi_Imag,rEPhi_Real,rETheta_Imag,rETheta_Real,rETotal,Freq [GHz],_最小值,_最小值所在列名,"dB(S(ground_T1,ground_T1)) []"
2.5,2.29167737071744,1.575,0.5,0.01GHz,0.035,1.15,1.5,201.0,16.07610688255152,Patch,15.614959247651115,0.035,2.0,3.0,1.575,50.0,60.0,Interpolating,GHz,1.5756825261797824,0.005990924099162315,1.5696916020806204,1.5756825261797824,1.9746871885321262,1.134491418849443,0.004313465351396867,1.1301779534980467,1.134491418849443,0.5480121528448096,10.0,0.0056724570942472165,2.1567326756984333e-05,0.005650889767490234,0.0056724570942472165,-22.462287803795,45.0,RealizedGain,0.0056724570942472165,max,-0.00188084862431261,-0.0030664489838606447,-0.02924211947588166,0.050353869632418405,0.05833999005243765,3.0,-0.0372306245922238,"dB(S(ground_T1,ground_T1)) []",-0.0372306245922238
