center_frequency,feed_center,feed_h,feed_r1,freq_step,ground_thickness,lumpedport_D,lumpedport_r,num_of_freq_points,patch_length,patch_name,patch_width,signal_layer_thickness,start_frequency,stop_frequency,sub_high,sub_length,sub_width,sweep_type,unit,Directivity,Directivity_Phi,Directivity_Theta,Directivity_Total,Directivity_dB,Gain,Gain_Phi,Gain_Theta,Gain_Total,Gain_dB,Phi(deg),RealizedGain,RealizedGain_Phi,RealizedGain_Theta,RealizedGain_Total,RealizedGain_dB,Theta(deg),_极值列,_极值数值,_极值类型,rEPhi_Imag,rEPhi_Real,rETheta_Imag,rETheta_Real,rETotal,Freq [GHz],_最小值,_最小值所在列名,"dB(S(ground_T1,ground_T1)) []"
2.5,5.177321744867621,1.575,0.5,0.01GHz,0.035,1.15,1.5,201.0,17.900357963715095,Patch,33.76213362894516,0.035,2.0,3.0,1.575,50.0,60.0,Interpolating,GHz,2.6177822566097673,0.006180808821711337,2.6116014477880554,2.6177822566097673,4.179335197221394,2.3438282995226984,0.005533979991532243,2.338294319531166,2.3438282995226984,3.6992579365105356,0.0,0.020156923375895208,4.7592227927177296e-05,0.020109331147968028,0.020156923375895208,-16.955757551053786,15.0,RealizedGain,0.020156923375895208,max,-0.0006889043678976958,0.00529919052932265,-0.020180057317415685,0.1079752204444206,0.10997471960796071,3.0,-0.0788599271222725,"dB(S(ground_T1,ground_T1)) []",-0.0788599271222725
