center_frequency,feed_center,feed_h,feed_r1,freq_step,ground_thickness,lumpedport_D,lumpedport_r,num_of_freq_points,patch_length,patch_name,patch_width,signal_layer_thickness,start_frequency,stop_frequency,sub_high,sub_length,sub_width,sweep_type,unit,Directivity,Directivity_Phi,Directivity_Theta,Directivity_Total,Directivity_dB,Gain,Gain_Phi,Gain_Theta,Gain_Total,Gain_dB,Phi(deg),RealizedGain,RealizedGain_Phi,RealizedGain_Theta,RealizedGain_Total,RealizedGain_dB,Theta(deg),_极值列,_极值数值,_极值类型,rEPhi_Imag,rEPhi_Real,rETheta_Imag,rETheta_Real,rETotal,Freq [GHz],_最小值,_最小值所在列名,"dB(S(ground_T1,ground_T1)) []"
2.5,3.757677587803583,1.575,0.5,0.01GHz,0.035,1.15,1.5,201.0,15.16931614719352,Patch,24.887873760175907,0.035,2.0,3.0,1.575,50.0,60.0,Interpolating,GHz,1.982322304193749,0.00010454818575033573,1.9822177560079992,1.982322304193749,2.9717426748175733,1.6306199599013096,8.599931408495359e-05,1.630533960587225,1.6306199599013096,2.1235275408143983,0.0,0.010109843751388119,5.331957473267122e-07,0.010109310555640795,0.010109843751388119,-19.952555564203063,30.0,RealizedGain,0.010109843751388119,max,0.0004820566999898187,-0.00029588227955762496,-0.023242495259659587,0.0743338122741477,0.07788484549698285,3.0,-0.0495020400381093,"dB(S(ground_T1,ground_T1)) []",-0.0495020400381093
