center_frequency,feed_center,feed_h,feed_r1,freq_step,ground_thickness,lumpedport_D,lumpedport_r,num_of_freq_points,patch_length,patch_name,patch_width,signal_layer_thickness,start_frequency,stop_frequency,sub_high,sub_length,sub_width,sweep_type,unit,Directivity,Directivity_Phi,Directivity_Theta,Directivity_Total,Directivity_dB,Gain,Gain_Phi,Gain_Theta,Gain_Total,Gain_dB,Phi(deg),RealizedGain,RealizedGain_Phi,RealizedGain_Theta,RealizedGain_Total,RealizedGain_dB,Theta(deg),_极值列,_极值数值,_极值类型,rEPhi_Imag,rEPhi_Real,rETheta_Imag,rETheta_Real,rETotal,Freq [GHz],_最小值,_最小值所在列名,"dB(S(ground_T1,ground_T1)) []"
2.5,3.7668664962447647,1.575,0.5,0.01GHz,0.035,1.15,1.5,201.0,31.584365685725018,Patch,24.94556026295798,0.035,2.0,3.0,1.575,50.0,60.0,Interpolating,GHz,3.7594906278039093,0.0002611341333914432,3.759229493670516,3.7594906278039093,5.751290064915794,3.5153678597646945,0.0002441773714829079,3.5151236823932104,3.5153678597646945,5.4597077775036595,0.0,0.05413666504037629,3.760331520836782e-06,0.054132904708855435,0.05413666504037629,-12.665085014131709,10.0,RealizedGain,0.05413666504037629,max,0.0014820857777121889,-0.00024428224251418404,-0.027998940091065468,0.17803529810800714,0.18022975412150058,2.93,-20.4057267405696,"dB(S(ground_T1,ground_T1)) []",-20.4057267405696
