center_frequency,feed_center,feed_h,feed_r1,freq_step,ground_thickness,lumpedport_D,lumpedport_r,num_of_freq_points,patch_length,patch_name,patch_width,signal_layer_thickness,start_frequency,stop_frequency,sub_high,sub_length,sub_width,sweep_type,unit,Directivity,Directivity_Phi,Directivity_Theta,Directivity_Total,Directivity_dB,Gain,Gain_Phi,Gain_Theta,Gain_Total,Gain_dB,Phi(deg),RealizedGain,RealizedGain_Phi,RealizedGain_Theta,RealizedGain_Total,RealizedGain_dB,Theta(deg),_极值列,_极值数值,_极值类型,rEPhi_Imag,rEPhi_Real,rETheta_Imag,rETheta_Real,rETotal,Freq [GHz],_最小值,_最小值所在列名,"dB(S(ground_T1,ground_T1)) []"
2.5,6.914449582366662,1.575,0.5,0.01GHz,0.035,1.15,1.5,201.0,10.834960780711569,Patch,44.55356289374254,0.035,2.0,3.0,1.575,50.0,60.0,Interpolating,GHz,5.472388615227075e-07,1.0729466586133158e-07,4.3994419566137596e-07,5.472388615227075e-07,-62.618230692821044,0.07817698021752964,0.015327809408761654,0.06284917080876799,0.07817698021752964,-11.069211092963606,-75.0,5.4723886152270755e-05,1.0729466586133159e-05,4.3994419566137596e-05,5.4723886152270755e-05,-42.618230692821044,45.0,RealizedGain,5.4723886152270755e-05,max,0.002537171238232591,-2.4366482569419514e-05,0.0029806765711698725,0.004184834620264364,0.005730192425954968,3.0,-0.00378392125721884,"dB(S(ground_T1,ground_T1)) []",-0.00378392125721884
