center_frequency,feed_center,feed_h,feed_r1,freq_step,ground_thickness,lumpedport_D,lumpedport_r,num_of_freq_points,patch_length,patch_name,patch_width,signal_layer_thickness,start_frequency,stop_frequency,sub_high,sub_length,sub_width,sweep_type,unit,Directivity,Directivity_Phi,Directivity_Theta,Directivity_Total,Directivity_dB,Gain,Gain_Phi,Gain_Theta,Gain_Total,Gain_dB,Phi(deg),RealizedGain,RealizedGain_Phi,RealizedGain_Theta,RealizedGain_Total,RealizedGain_dB,Theta(deg),_极值列,_极值数值,_极值类型,rEPhi_Imag,rEPhi_Real,rETheta_Imag,rETheta_Real,rETotal,Freq [GHz],_最小值,_最小值所在列名,"dB(S(ground_T1,ground_T1)) []"
2.5,2.161472177802802,1.575,0.5,0.01GHz,0.035,1.15,1.5,201.0,22.265115069825534,Patch,14.781933906665826,0.035,2.0,3.0,1.575,50.0,60.0,Interpolating,GHz,1.6488036739875211,0.006709728710476767,1.6420939452770436,1.6488036739875211,2.171689464996434,1.259086441954107,0.005123792833454985,1.2539626491206515,1.259086441954107,1.0005554740330003,-10.0,0.0069249754307475885,2.8180860584002417e-05,0.0068967945701635825,0.0069249754307475885,-21.59581763102456,45.0,RealizedGain,0.0069249754307475885,max,0.0008591268729275919,0.004021295278382637,-0.03593568226003533,0.053355421204814714,0.06445993442547968,3.0,-0.0520516577386137,"dB(S(ground_T1,ground_T1)) []",-0.0520516577386137
