center_frequency,feed_center,feed_h,feed_r1,freq_step,ground_thickness,lumpedport_D,lumpedport_r,num_of_freq_points,patch_length,patch_name,patch_width,signal_layer_thickness,start_frequency,stop_frequency,sub_high,sub_length,sub_width,sweep_type,unit,Directivity,Directivity_Phi,Directivity_Theta,Directivity_Total,Directivity_dB,Gain,Gain_Phi,Gain_Theta,Gain_Total,Gain_dB,Phi(deg),RealizedGain,RealizedGain_Phi,RealizedGain_Theta,RealizedGain_Total,RealizedGain_dB,Theta(deg),_极值列,_极值数值,_极值类型,rEPhi_Imag,rEPhi_Real,rETheta_Imag,rETheta_Real,rETotal,Freq [GHz],_最小值,_最小值所在列名,"dB(S(ground_T1,ground_T1)) []"
2.5,4.2955728134388815,1.575,0.5,0.01GHz,0.035,1.15,1.5,201.0,12.162008675713958,Patch,28.25852941706997,0.035,2.0,3.0,1.575,50.0,60.0,Interpolating,GHz,2.0923286017272895,0.005592275718527444,2.0867363260087624,2.0923286017272895,3.2062989181568162,1.6385705917141424,0.004379493032581732,1.6341910986815609,1.6385705917141424,2.144651560824633,-5.0,0.013600135911227381,3.6349792170428376e-05,0.013563786119056955,0.013600135911227381,-18.664567515414628,25.0,RealizedGain,0.013600135911227381,max,0.0019447264971642272,-0.004245989634277079,-0.021099000114124165,0.08771143366703273,0.09033423377028918,3.0,-0.26058382867378,"dB(S(ground_T1,ground_T1)) []",-0.26058382867378
