center_frequency,feed_center,feed_h,feed_r1,freq_step,ground_thickness,lumpedport_D,lumpedport_r,num_of_freq_points,patch_length,patch_name,patch_width,signal_layer_thickness,start_frequency,stop_frequency,sub_high,sub_length,sub_width,sweep_type,unit,Directivity,Directivity_Phi,Directivity_Theta,Directivity_Total,Directivity_dB,Gain,Gain_Phi,Gain_Theta,Gain_Total,Gain_dB,Phi(deg),RealizedGain,RealizedGain_Phi,RealizedGain_Theta,RealizedGain_Total,RealizedGain_dB,Theta(deg),_极值列,_极值数值,_极值类型,rEPhi_Imag,rEPhi_Real,rETheta_Imag,rETheta_Real,rETotal,Freq [GHz],_最小值,_最小值所在列名,"dB(S(ground_T1,ground_T1)) []"
2.5,8.013745363700135,1.575,0.5,0.01GHz,0.035,1.15,1.5,201.0,14.73214621588269,Patch,51.360432133778815,0.035,2.0,3.0,1.575,50.0,60.0,Interpolating,GHz,1.4857628196340829,0.12061148286284769,1.365151336771235,1.4857628196340829,1.719494861773096,0.18572035245426036,0.015076435357855961,0.17064391709640436,0.18572035245426036,-7.31140500814634,25.0,0.0001485762819634083,1.2061148286284768e-05,0.0001365151336771235,0.0001485762819634083,-38.2805051382269,25.0,RealizedGain,0.0001485762819634083,max,-0.0026533043738194407,0.00044366131392963476,0.008397891638954224,0.003374377858270036,0.009441814940550757,3.0,-0.00485186280166749,"dB(S(ground_T1,ground_T1)) []",-0.00485186280166749
