center_frequency,feed_center,feed_h,feed_r1,freq_step,ground_thickness,lumpedport_D,lumpedport_r,num_of_freq_points,patch_length,patch_name,patch_width,signal_layer_thickness,start_frequency,stop_frequency,sub_high,sub_length,sub_width,sweep_type,unit,Directivity,Directivity_Phi,Directivity_Theta,Directivity_Total,Directivity_dB,Gain,Gain_Phi,Gain_Theta,Gain_Total,Gain_dB,Phi(deg),RealizedGain,RealizedGain_Phi,RealizedGain_Theta,RealizedGain_Total,RealizedGain_dB,Theta(deg),_极值列,_极值数值,_极值类型,rEPhi_Imag,rEPhi_Real,rETheta_Imag,rETheta_Real,rETotal,Freq [GHz],_最小值,_最小值所在列名,"dB(S(ground_T1,ground_T1)) []"
2.5,1.6327895399134464,1.575,0.5,0.01GHz,0.035,1.15,1.5,201.0,21.400260019582138,Patch,11.373398703259932,0.035,2.0,3.0,1.575,50.0,60.0,Interpolating,GHz,1.4818577881011095,8.773518297986615e-05,1.4817700529181297,1.4818577881011095,1.7080652698578247,1.0805213038237256,6.397357092281908e-05,1.0804573302528029,1.0805213038237256,0.3363333396047086,5.0,0.0051865022583538825,3.0707314042953154e-07,0.005186195185213453,0.0051865022583538825,-22.85125428663942,55.0,RealizedGain,0.0051865022583538825,max,-0.0004189425306351135,-9.346325963590193e-05,-0.03858492068025959,0.04028640361787468,0.055785075679693284,3.0,-0.0378300230681955,"dB(S(ground_T1,ground_T1)) []",-0.0378300230681955
