center_frequency,feed_center,feed_h,feed_r1,freq_step,ground_thickness,lumpedport_D,lumpedport_r,num_of_freq_points,patch_length,patch_name,patch_width,signal_layer_thickness,start_frequency,stop_frequency,sub_high,sub_length,sub_width,sweep_type,unit,Directivity,Directivity_Phi,Directivity_Theta,Directivity_Total,Directivity_dB,Gain,Gain_Phi,Gain_Theta,Gain_Total,Gain_dB,Phi(deg),RealizedGain,RealizedGain_Phi,RealizedGain_Theta,RealizedGain_Total,RealizedGain_dB,Theta(deg),_极值列,_极值数值,_极值类型,rEPhi_Imag,rEPhi_Real,rETheta_Imag,rETheta_Real,rETotal,Freq [GHz],_最小值,_最小值所在列名,"dB(S(ground_T1,ground_T1)) []"
2.5,8.881468393080704,1.575,0.5,0.01GHz,0.035,1.15,1.5,201.0,15.715187182716125,Patch,56.72530716056092,0.035,2.0,3.0,1.575,50.0,60.0,Interpolating,GHz,1.0876162649387573,0.033271427963268166,1.0543448369754886,1.0876162649387573,0.3647569369325981,0.15537375213410817,0.004753061137609738,0.15062069099649836,0.15537375213410817,-8.08622346320997,15.0,0.00010876162649387572,3.327142796326816e-06,0.00010543448369754886,0.00010876162649387572,-39.6352430630674,30.0,RealizedGain,0.00010876162649387572,max,-0.0013774713022552372,0.00031449247994417277,0.007296602985733296,0.003165717209680836,0.008078274153032916,3.0,-0.00451681880345298,"dB(S(ground_T1,ground_T1)) []",-0.00451681880345298
