center_frequency,feed_center,feed_h,feed_r1,freq_step,ground_thickness,lumpedport_D,lumpedport_r,num_of_freq_points,patch_length,patch_name,patch_width,signal_layer_thickness,start_frequency,stop_frequency,sub_high,sub_length,sub_width,sweep_type,unit,Directivity,Directivity_Phi,Directivity_Theta,Directivity_Total,Directivity_dB,Gain,Gain_Phi,Gain_Theta,Gain_Total,Gain_dB,Phi(deg),RealizedGain,RealizedGain_Phi,RealizedGain_Theta,RealizedGain_Total,RealizedGain_dB,Theta(deg),_极值列,_极值数值,_极值类型,rEPhi_Imag,rEPhi_Real,rETheta_Imag,rETheta_Real,rETotal,Freq [GHz],_最小值,_最小值所在列名,"dB(S(ground_T1,ground_T1)) []"
2.5,6.1299871393689935,1.575,0.5,0.01GHz,0.035,1.15,1.5,201.0,15.621061952470763,Patch,39.68683692924634,0.035,2.0,3.0,1.575,50.0,60.0,Interpolating,GHz,2.7566202063496235,0.3415263138824804,2.415093892467144,2.7566202063496235,4.4037693525754396,2.4758533334806807,0.3067412263574129,2.169112107123268,2.4758533334806807,3.937249140368392,35.0,0.026739216001591348,0.0033128052446600594,0.02342641075693129,0.026739216001591348,-15.728513304762114,15.0,RealizedGain,0.026739216001591348,max,0.00010099303174652486,-0.04458385105862685,-0.032825403517995816,0.11392396798324947,0.12666454741551791,2.28,-0.242906343766531,"dB(S(ground_T1,ground_T1)) []",-0.242906343766531
