center_frequency,feed_center,feed_h,feed_r1,freq_step,ground_thickness,lumpedport_D,lumpedport_r,num_of_freq_points,patch_length,patch_name,patch_width,signal_layer_thickness,start_frequency,stop_frequency,sub_high,sub_length,sub_width,sweep_type,unit,Directivity,Directivity_Phi,Directivity_Theta,Directivity_Total,Directivity_dB,Gain,Gain_Phi,Gain_Theta,Gain_Total,Gain_dB,Phi(deg),RealizedGain,RealizedGain_Phi,RealizedGain_Theta,RealizedGain_Total,RealizedGain_dB,Theta(deg),_极值列,_极值数值,_极值类型,rEPhi_Imag,rEPhi_Real,rETheta_Imag,rETheta_Real,rETotal,Freq [GHz],_最小值,_最小值所在列名,"dB(S(ground_T1,ground_T1)) []"
2.5,7.317650781898936,1.575,0.5,0.01GHz,0.035,1.15,1.5,201.0,13.076276597054308,Patch,47.05174366930802,0.035,2.0,3.0,1.575,50.0,60.0,Interpolating,GHz,1.0012850187184648,0.01971249546945246,0.981572523249012,1.0012850187184648,0.005577182760556154,0.1251606273398081,0.0024640619336815574,0.1226965654061265,0.1251606273398081,-9.02532268715888,-10.0,0.00010012850187184648,1.971249546945246e-06,9.81572523249012e-05,0.00010012850187184648,-39.994422817239446,30.0,RealizedGain,0.00010012850187184648,max,0.0010867079145172487,-4.2936012912628876e-05,0.007014236771475404,0.0031138756247140117,0.007751033252746697,3.0,-0.00431257955804064,"dB(S(ground_T1,ground_T1)) []",-0.00431257955804064
