center_frequency,feed_center,feed_h,feed_r1,freq_step,ground_thickness,lumpedport_D,lumpedport_r,num_of_freq_points,patch_length,patch_name,patch_width,signal_layer_thickness,start_frequency,stop_frequency,sub_high,sub_length,sub_width,sweep_type,unit,Directivity,Directivity_Phi,Directivity_Theta,Directivity_Total,Directivity_dB,Gain,Gain_Phi,Gain_Theta,Gain_Total,Gain_dB,Phi(deg),RealizedGain,RealizedGain_Phi,RealizedGain_Theta,RealizedGain_Total,RealizedGain_dB,Theta(deg),_极值列,_极值数值,_极值类型,rEPhi_Imag,rEPhi_Real,rETheta_Imag,rETheta_Real,rETotal,Freq [GHz],_最小值,_最小值所在列名,"dB(S(ground_T1,ground_T1)) []"
2.5,1.837348564685699,1.575,0.5,0.01GHz,0.035,1.15,1.5,201.0,21.04642926061122,Patch,12.697883624581005,0.035,2.0,3.0,1.575,50.0,60.0,Interpolating,GHz,1.5198123010196039,0.0011677731777564033,1.5186445278418477,1.5198123010196039,1.8178995527046489,1.1246611027545068,0.0008641521515397384,1.1237969506029672,1.1246611027545068,0.5102167500144106,5.0,0.005623305513772534,4.320760757698692e-06,0.005618984753014837,0.005623305513772534,-22.500083206625405,50.0,RealizedGain,0.005623305513772534,max,-0.00016196001998818315,-0.001601963321200003,-0.03590273226075809,0.04563402343575971,0.05808668346750131,3.0,-0.0389135432971666,"dB(S(ground_T1,ground_T1)) []",-0.0389135432971666
