center_frequency,feed_center,feed_h,feed_r1,freq_step,ground_thickness,lumpedport_D,lumpedport_r,num_of_freq_points,patch_length,patch_name,patch_width,signal_layer_thickness,start_frequency,stop_frequency,sub_high,sub_length,sub_width,sweep_type,unit,Directivity,Directivity_Phi,Directivity_Theta,Directivity_Total,Directivity_dB,Gain,Gain_Phi,Gain_Theta,Gain_Total,Gain_dB,Phi(deg),RealizedGain,RealizedGain_Phi,RealizedGain_Theta,RealizedGain_Total,RealizedGain_dB,Theta(deg),_极值列,_极值数值,_极值类型,rEPhi_Imag,rEPhi_Real,rETheta_Imag,rETheta_Real,rETotal,Freq [GHz],_最小值,_最小值所在列名,"dB(S(ground_T1,ground_T1)) []"
2.5,3.678247038174397,1.575,0.5,0.01GHz,0.035,1.15,1.5,201.0,18.955507062861273,Patch,24.38905198730339,0.035,2.0,3.0,1.575,50.0,60.0,Interpolating,GHz,2.2982998527444414,0.0026635454511735987,2.295636307293268,2.2982998527444414,3.614066892334322,1.9354104023111085,0.0022429856430935566,1.933167416668015,1.9354104023111085,2.86773070936528,0.0,0.014709119057564425,1.7046690887511032e-05,0.014692072366676915,0.014709119057564425,-18.324133367826807,25.0,RealizedGain,0.014709119057564425,max,-0.0003008341835249229,-0.003183984027800091,-0.02641374268118231,0.09009864203597893,0.09394508691065459,3.0,-0.0811370710219039,"dB(S(ground_T1,ground_T1)) []",-0.0811370710219039
