center_frequency,feed_center,feed_h,feed_r1,freq_step,ground_thickness,lumpedport_D,lumpedport_r,num_of_freq_points,patch_length,patch_name,patch_width,signal_layer_thickness,start_frequency,stop_frequency,sub_high,sub_length,sub_width,sweep_type,unit,Directivity,Directivity_Phi,Directivity_Theta,Directivity_Total,Directivity_dB,Gain,Gain_Phi,Gain_Theta,Gain_Total,Gain_dB,Phi(deg),RealizedGain,RealizedGain_Phi,RealizedGain_Theta,RealizedGain_Total,RealizedGain_dB,Theta(deg),_极值列,_极值数值,_极值类型,rEPhi_Imag,rEPhi_Real,rETheta_Imag,rETheta_Real,rETotal,Freq [GHz],_最小值,_最小值所在列名,"dB(S(ground_T1,ground_T1)) []"
2.5,2.0120765674578234,1.575,0.5,0.01GHz,0.035,1.15,1.5,201.0,19.109061368449186,Patch,13.823333326197975,0.035,2.0,3.0,1.575,50.0,60.0,Interpolating,GHz,1.5646395634846488,0.002344258511736041,1.5622953049729127,1.5646395634846488,1.9441430762151792,1.1578332769786401,0.00173475129868467,1.1560985256799554,1.1578332769786401,0.6364602735249413,-5.0,0.0057891663848932,8.67375649342335e-06,0.0057804926283997774,0.0057891663848932,-22.373839683114873,50.0,RealizedGain,0.0057891663848932,max,0.0008832040843146432,0.0021034084360891667,-0.03507990950052942,0.04730515020984833,0.058937099211321974,3.0,-0.0384763275147533,"dB(S(ground_T1,ground_T1)) []",-0.0384763275147533
