center_frequency,feed_center,feed_h,feed_r1,freq_step,ground_thickness,lumpedport_D,lumpedport_r,num_of_freq_points,patch_length,patch_name,patch_width,signal_layer_thickness,start_frequency,stop_frequency,sub_high,sub_length,sub_width,sweep_type,unit,Directivity,Directivity_Phi,Directivity_Theta,Directivity_Total,Directivity_dB,Gain,Gain_Phi,Gain_Theta,Gain_Total,Gain_dB,Phi(deg),RealizedGain,RealizedGain_Phi,RealizedGain_Theta,RealizedGain_Total,RealizedGain_dB,Theta(deg),_极值列,_极值数值,_极值类型,rEPhi_Imag,rEPhi_Real,rETheta_Imag,rETheta_Real,rETotal,Freq [GHz],_最小值,_最小值所在列名,"dB(S(ground_T1,ground_T1)) []"
2.5,2.1553718304737717,1.575,0.5,0.01GHz,0.035,1.15,1.5,201.0,43.428319402256975,Patch,14.742851592422891,0.035,2.0,3.0,1.575,50.0,60.0,Interpolating,GHz,1.920164505848674,0.17198505989754428,1.7481794459511297,1.920164505848674,2.833384375170027,1.6214722493833247,0.1452318283579263,1.4762404210253983,1.6214722493833247,2.0990952035846915,160.0,0.014593250244449922,0.0013070864552213368,0.013286163789228587,0.014593250244449922,-18.35847970202206,10.0,RealizedGain,0.014593250244449922,max,0.0013966776713296002,0.027969977491568876,-0.012346750929634484,0.08842761910742758,0.09357433637981721,2.2,-13.2604195070191,"dB(S(ground_T1,ground_T1)) []",-13.2604195070191
