center_frequency,feed_center,feed_h,feed_r1,freq_step,ground_thickness,lumpedport_D,lumpedport_r,num_of_freq_points,patch_length,patch_name,patch_width,signal_layer_thickness,start_frequency,stop_frequency,sub_high,sub_length,sub_width,sweep_type,unit,Directivity,Directivity_Phi,Directivity_Theta,Directivity_Total,Directivity_dB,Gain,Gain_Phi,Gain_Theta,Gain_Total,Gain_dB,Phi(deg),RealizedGain,RealizedGain_Phi,RealizedGain_Theta,RealizedGain_Total,RealizedGain_dB,Theta(deg),_极值列,_极值数值,_极值类型,rEPhi_Imag,rEPhi_Real,rETheta_Imag,rETheta_Real,rETotal,Freq [GHz],_最小值,_最小值所在列名,"dB(S(ground_T1,ground_T1)) []"
2.5,1.752167989077339,1.575,0.5,0.01GHz,0.035,1.15,1.5,201.0,15.829283974645909,Patch,12.147329554158006,0.035,2.0,3.0,1.575,50.0,60.0,Interpolating,GHz,1.4345185538659875,0.0014482486528313296,1.4330703052131564,1.4345185538659875,1.5670616972353453,0.9766934834832254,0.000986041635970267,0.9757074418472556,0.9766934834832254,-0.10241709892277023,-10.0,0.004590459372371159,4.6343956890602545e-06,0.0045858249766821,0.004590459372371159,-23.381438519565595,55.0,RealizedGain,0.004590459372371159,max,0.0005959053404989249,0.0015574337057799369,-0.032219844489253746,0.04139373660140854,0.052481811246004255,3.0,-0.0336927156495351,"dB(S(ground_T1,ground_T1)) []",-0.0336927156495351
