center_frequency,feed_center,feed_h,feed_r1,freq_step,ground_thickness,lumpedport_D,lumpedport_r,num_of_freq_points,patch_length,patch_name,patch_width,signal_layer_thickness,start_frequency,stop_frequency,sub_high,sub_length,sub_width,sweep_type,unit,Directivity,Directivity_Phi,Directivity_Theta,Directivity_Total,Directivity_dB,Gain,Gain_Phi,Gain_Theta,Gain_Total,Gain_dB,Phi(deg),RealizedGain,RealizedGain_Phi,RealizedGain_Theta,RealizedGain_Total,RealizedGain_dB,Theta(deg),_极值列,_极值数值,_极值类型,rEPhi_Imag,rEPhi_Real,rETheta_Imag,rETheta_Real,rETotal,Freq [GHz],_最小值,_最小值所在列名,"dB(S(ground_T1,ground_T1)) []"
2.5,9.314202797999382,1.575,0.5,0.01GHz,0.035,1.15,1.5,201.0,13.341063033437607,Patch,59.398662175211264,0.035,2.0,3.0,1.575,50.0,60.0,Interpolating,GHz,5.30064598307737e-07,7.964573902830116e-09,5.221000244049069e-07,5.30064598307737e-07,-62.756712002501054,0.07572351404396244,0.0011377962718328736,0.07458571777212955,0.07572351404396244,-11.20769240264362,15.0,5.3006459830773705e-05,7.964573902830115e-07,5.221000244049069e-05,5.3006459830773705e-05,-42.756712002501054,40.0,RealizedGain,5.3006459830773705e-05,max,-0.0006791385071143032,0.00012906037584446055,0.004622662045216812,0.003155587915463907,0.00563955895163518,3.0,-0.00381703432975497,"dB(S(ground_T1,ground_T1)) []",-0.00381703432975497
