center_frequency,feed_center,feed_h,feed_r1,freq_step,ground_thickness,lumpedport_D,lumpedport_r,num_of_freq_points,patch_length,patch_name,patch_width,signal_layer_thickness,start_frequency,stop_frequency,sub_high,sub_length,sub_width,sweep_type,unit,Directivity,Directivity_Phi,Directivity_Theta,Directivity_Total,Directivity_dB,Gain,Gain_Phi,Gain_Theta,Gain_Total,Gain_dB,Phi(deg),RealizedGain,RealizedGain_Phi,RealizedGain_Theta,RealizedGain_Total,RealizedGain_dB,Theta(deg),_极值列,_极值数值,_极值类型,rEPhi_Imag,rEPhi_Real,rETheta_Imag,rETheta_Real,rETotal,Freq [GHz],_最小值,_最小值所在列名,"dB(S(ground_T1,ground_T1)) []"
2.5,1.530449735211535,1.575,0.5,0.01GHz,0.035,1.15,1.5,201.0,28.16154933554514,Patch,10.707526681504056,0.035,2.0,3.0,1.575,50.0,60.0,Interpolating,GHz,1.5902393662718541,0.0006227005226566153,1.5896166657491977,1.5902393662718541,2.0146250018638083,1.207403963280482,0.0004727911375726154,1.2069311721429095,1.207403963280482,0.8185259708314789,5.0,0.006519981401714602,2.5530721428921223e-06,0.00651742832957171,0.006519981401714602,-21.857536430938836,50.0,RealizedGain,0.006519981401714602,max,-0.0006693793316730394,-0.0010410622867553635,-0.042047244557535765,0.04628799358025895,0.06254663063620526,3.0,-0.0595952606583788,"dB(S(ground_T1,ground_T1)) []",-0.0595952606583788
