center_frequency,feed_center,feed_h,feed_r1,freq_step,ground_thickness,lumpedport_D,lumpedport_r,num_of_freq_points,patch_length,patch_name,patch_width,signal_layer_thickness,start_frequency,stop_frequency,sub_high,sub_length,sub_width,sweep_type,unit,Directivity,Directivity_Phi,Directivity_Theta,Directivity_Total,Directivity_dB,Gain,Gain_Phi,Gain_Theta,Gain_Total,Gain_dB,Phi(deg),RealizedGain,RealizedGain_Phi,RealizedGain_Theta,RealizedGain_Total,RealizedGain_dB,Theta(deg),_极值列,_极值数值,_极值类型,rEPhi_Imag,rEPhi_Real,rETheta_Imag,rETheta_Real,rETotal,Freq [GHz],_最小值,_最小值所在列名,"dB(S(ground_T1,ground_T1)) []"
2.5,2.610008504772108,1.575,0.5,0.01GHz,0.035,1.15,1.5,201.0,12.756082866819414,Patch,17.643363749109398,0.035,2.0,3.0,1.575,50.0,60.0,Interpolating,GHz,1.5719581155610494,0.0020221303472036066,1.5699359852138457,1.5719581155610494,1.9644097018745512,1.1404402014854673,0.0014670357420888912,1.1389731657433784,1.1404402014854673,0.5707251815651382,-5.0,0.005816245027575882,7.4818822846533445e-06,0.005808763145291229,0.005816245027575882,-22.3535730574555,45.0,RealizedGain,0.005816245027575882,max,0.0007323750360992984,0.0019881805594844054,-0.026265470163247342,0.05287215783185649,0.05907477661255938,3.0,-0.0374272174943004,"dB(S(ground_T1,ground_T1)) []",-0.0374272174943004
