center_frequency,feed_center,feed_h,feed_r1,freq_step,ground_thickness,lumpedport_D,lumpedport_r,num_of_freq_points,patch_length,patch_name,patch_width,signal_layer_thickness,start_frequency,stop_frequency,sub_high,sub_length,sub_width,sweep_type,unit,Directivity,Directivity_Phi,Directivity_Theta,Directivity_Total,Directivity_dB,Gain,Gain_Phi,Gain_Theta,Gain_Total,Gain_dB,Phi(deg),RealizedGain,RealizedGain_Phi,RealizedGain_Theta,RealizedGain_Total,RealizedGain_dB,Theta(deg),_极值列,_极值数值,_极值类型,rEPhi_Imag,rEPhi_Real,rETheta_Imag,rETheta_Real,rETotal,Freq [GHz],_最小值,_最小值所在列名,"dB(S(ground_T1,ground_T1)) []"
2.5,1.7646611240027186,1.575,0.5,0.01GHz,0.035,1.15,1.5,201.0,43.483397125161275,Patch,12.22816093955165,0.035,2.0,3.0,1.575,50.0,60.0,Interpolating,GHz,2.132782958836217,0.04329393978605202,2.0894890190501645,2.132782958836217,3.2894666202432115,1.799535621518058,0.03652926169448139,1.7630063598235763,1.799535621518058,2.551604478634025,-170.0,0.017275541966573358,0.00035068091226702133,0.016924861054306333,0.017275541966573358,-17.62568319097029,10.0,RealizedGain,0.017275541966573358,max,-0.0015339760594514236,-0.014424299700297561,-0.009462306559425104,0.10032756663946125,0.10181144030812576,2.235,-25.1817992613523,"dB(S(ground_T1,ground_T1)) []",-25.1817992613523
