center_frequency,feed_center,feed_h,feed_r1,freq_step,ground_thickness,lumpedport_D,lumpedport_r,num_of_freq_points,patch_length,patch_name,patch_width,signal_layer_thickness,start_frequency,stop_frequency,sub_high,sub_length,sub_width,sweep_type,unit,Directivity,Directivity_Phi,Directivity_Theta,Directivity_Total,Directivity_dB,Gain,Gain_Phi,Gain_Theta,Gain_Total,Gain_dB,Phi(deg),RealizedGain,RealizedGain_Phi,RealizedGain_Theta,RealizedGain_Total,RealizedGain_dB,Theta(deg),_极值列,_极值数值,_极值类型,rEPhi_Imag,rEPhi_Real,rETheta_Imag,rETheta_Real,rETotal,Freq [GHz],_最小值,_最小值所在列名,"dB(S(ground_T1,ground_T1)) []"
2.5,7.703463167807924,1.575,0.5,0.01GHz,0.035,1.15,1.5,201.0,17.473478949292836,Patch,49.440454176110634,0.035,2.0,3.0,1.575,50.0,60.0,Interpolating,GHz,3.020094884972509,0.00024706988415565585,3.019847815088353,3.020094884972509,4.800205877825265,2.7877798938207774,0.00022806450845137464,2.7875518293123256,2.7877798938207774,4.452584815233146,0.0,0.043489366343604126,3.5578063318414436e-06,0.04348580853727228,0.043489366343604126,-13.616169201222238,10.0,RealizedGain,0.043489366343604126,max,0.0007153565805025947,-0.0012739698006832606,-0.050134838940252106,0.15355324072956236,0.16153709960317558,3.0,-0.168773431697682,"dB(S(ground_T1,ground_T1)) []",-0.168773431697682
