center_frequency,feed_center,feed_h,feed_r1,freq_step,ground_thickness,lumpedport_D,lumpedport_r,num_of_freq_points,patch_length,patch_name,patch_width,signal_layer_thickness,start_frequency,stop_frequency,sub_high,sub_length,sub_width,sweep_type,unit,Directivity,Directivity_Phi,Directivity_Theta,Directivity_Total,Directivity_dB,Gain,Gain_Phi,Gain_Theta,Gain_Total,Gain_dB,Phi(deg),RealizedGain,RealizedGain_Phi,RealizedGain_Theta,RealizedGain_Total,RealizedGain_dB,Theta(deg),_极值列,_极值数值,_极值类型,rEPhi_Imag,rEPhi_Real,rETheta_Imag,rETheta_Real,rETotal,Freq [GHz],_最小值,_最小值所在列名,"dB(S(ground_T1,ground_T1)) []"
2.5,2.5908745696756417,1.575,0.5,0.01GHz,0.035,1.15,1.5,201.0,26.98008172517827,Patch,17.521738236967206,0.035,2.0,3.0,1.575,50.0,60.0,Interpolating,GHz,2.3567036127569474,0.0006575106001812907,2.356046102156765,2.3567036127569474,3.723049675739966,2.0156017740684415,0.0005623445922603142,2.01503942947618,2.0156017740684415,3.0440473193606072,0.0,0.015318573482920157,4.273818901178389e-06,0.01531429966401897,0.015318573482920157,-18.147816757831478,25.0,RealizedGain,0.015318573482920157,max,0.0004002772703921993,-0.0015505256721174714,-0.029152654419845988,0.09131768182178253,0.09587158403187239,3.0,-0.742919779188373,"dB(S(ground_T1,ground_T1)) []",-0.742919779188373
