center_frequency,feed_center,feed_h,feed_r1,freq_step,ground_thickness,lumpedport_D,lumpedport_r,num_of_freq_points,patch_length,patch_name,patch_width,signal_layer_thickness,start_frequency,stop_frequency,sub_high,sub_length,sub_width,sweep_type,unit,Directivity,Directivity_Phi,Directivity_Theta,Directivity_Total,Directivity_dB,Gain,Gain_Phi,Gain_Theta,Gain_Total,Gain_dB,Phi(deg),RealizedGain,RealizedGain_Phi,RealizedGain_Theta,RealizedGain_Total,RealizedGain_dB,Theta(deg),_极值列,_极值数值,_极值类型,rEPhi_Imag,rEPhi_Real,rETheta_Imag,rETheta_Real,rETotal,Freq [GHz],_最小值,_最小值所在列名,"dB(S(ground_T1,ground_T1)) []"
2.5,3.8388628576027197,1.575,0.5,0.01GHz,0.035,1.15,1.5,201.0,46.42333191177152,Patch,25.397405186843912,0.035,2.0,3.0,1.575,50.0,60.0,Interpolating,GHz,1.8368322789545581,1.5506078039346052,0.28622447501995296,1.8368322789545581,2.640695027130179,1.5822218640499657,1.3356720687357488,0.2465497953142169,1.5822218640499657,1.9926738154899377,70.0,0.015980440826904654,0.013490287894231064,0.002490152932673591,0.015980440826904654,-17.964112446683636,25.0,RealizedGain,0.015980440826904654,max,-0.004844235256754053,0.08983817013214832,-0.03863185426505815,0.001306443682592252,0.09792083734817672,2.075,-13.4272870011929,"dB(S(ground_T1,ground_T1)) []",-13.4272870011929
