center_frequency,feed_center,feed_h,feed_r1,freq_step,ground_thickness,lumpedport_D,lumpedport_r,num_of_freq_points,patch_length,patch_name,patch_width,signal_layer_thickness,start_frequency,stop_frequency,sub_high,sub_length,sub_width,sweep_type,unit,Directivity,Directivity_Phi,Directivity_Theta,Directivity_Total,Directivity_dB,Gain,Gain_Phi,Gain_Theta,Gain_Total,Gain_dB,Phi(deg),RealizedGain,RealizedGain_Phi,RealizedGain_Theta,RealizedGain_Total,RealizedGain_dB,Theta(deg),_极值列,_极值数值,_极值类型,rEPhi_Imag,rEPhi_Real,rETheta_Imag,rETheta_Real,rETotal,Freq [GHz],_最小值,_最小值所在列名,"dB(S(ground_T1,ground_T1)) []"
2.5,3.217073701533094,1.575,0.5,0.01GHz,0.035,1.15,1.5,201.0,18.26258171060626,Patch,21.48624600621813,0.035,2.0,3.0,1.575,50.0,60.0,Interpolating,GHz,1.9744907571336763,0.0018417671894539007,1.972648989944222,1.9744907571336763,2.9545510508434485,1.6099693865859208,0.0015017486314008728,1.6084676379545197,1.6099693865859208,2.0681761804227836,0.0,0.010464801012808486,9.761366104105673e-06,0.010455039646704377,0.010464801012808486,-19.80269025314866,30.0,RealizedGain,0.010464801012808486,max,-0.0008377564742903737,0.0022704893158994118,-0.027038241258410017,0.07444531606778362,0.07924032138011568,3.0,-0.0622706397134909,"dB(S(ground_T1,ground_T1)) []",-0.0622706397134909
