center_frequency,feed_center,feed_h,feed_r1,freq_step,ground_thickness,lumpedport_D,lumpedport_r,num_of_freq_points,patch_length,patch_name,patch_width,signal_layer_thickness,start_frequency,stop_frequency,sub_high,sub_length,sub_width,sweep_type,unit,Directivity,Directivity_Phi,Directivity_Theta,Directivity_Total,Directivity_dB,Gain,Gain_Phi,Gain_Theta,Gain_Total,Gain_dB,Phi(deg),RealizedGain,RealizedGain_Phi,RealizedGain_Theta,RealizedGain_Total,RealizedGain_dB,Theta(deg),_极值列,_极值数值,_极值类型,rEPhi_Imag,rEPhi_Real,rETheta_Imag,rETheta_Real,rETotal,Freq [GHz],_最小值,_最小值所在列名,"dB(S(ground_T1,ground_T1)) []"
2.5,2.4720662952697037,1.575,0.5,0.01GHz,0.035,1.15,1.5,201.0,23.923738095121045,Patch,16.765719422204043,0.035,2.0,3.0,1.575,50.0,60.0,Interpolating,GHz,1.780672294673468,0.003502557106373543,1.7771697375670936,1.780672294673468,2.5058400160240186,1.4308973796483229,0.0028145548176215975,1.4280828248307005,1.4308973796483229,1.556084883715452,-5.0,0.008013025326030609,1.5761506978680947e-05,0.007997263819051923,0.008013025326030609,-20.962034846222544,40.0,RealizedGain,0.008013025326030609,max,0.0014062934992700477,0.0027348611623288638,-0.03430308295824329,0.06018114186325672,0.06933922745018765,3.0,-0.0535246148760181,"dB(S(ground_T1,ground_T1)) []",-0.0535246148760181
