center_frequency,feed_center,feed_h,feed_r1,freq_step,ground_thickness,lumpedport_D,lumpedport_r,num_of_freq_points,patch_length,patch_name,patch_width,signal_layer_thickness,start_frequency,stop_frequency,sub_high,sub_length,sub_width,sweep_type,unit,Directivity,Directivity_Phi,Directivity_Theta,Directivity_Total,Directivity_dB,Gain,Gain_Phi,Gain_Theta,Gain_Total,Gain_dB,Phi(deg),RealizedGain,RealizedGain_Phi,RealizedGain_Theta,RealizedGain_Total,RealizedGain_dB,Theta(deg),_极值列,_极值数值,_极值类型,rEPhi_Imag,rEPhi_Real,rETheta_Imag,rETheta_Real,rETotal,Freq [GHz],_最小值,_最小值所在列名,"dB(S(ground_T1,ground_T1)) []"
2.5,3.19827923905696,1.575,0.5,0.01GHz,0.035,1.15,1.5,201.0,13.481848974477284,Patch,21.367679030938326,0.035,2.0,3.0,1.575,50.0,60.0,Interpolating,GHz,1.8148351617915546,0.0185223085932538,1.7963128531983008,1.8148351617915546,2.5883718497799606,1.3935341420899436,0.014222486955534169,1.3793116551344096,1.3935341420899436,1.4411761355138215,10.0,0.007803791195703684,7.964592695099135e-05,0.007724145268752694,0.007803791195703684,-21.076943594424176,35.0,RealizedGain,0.007803791195703684,max,-0.0022730767228732076,-0.006528537678076023,-0.023040304931995326,0.06406044562919706,0.06842795501527696,3.0,-0.0427352768755506,"dB(S(ground_T1,ground_T1)) []",-0.0427352768755506
