center_frequency,feed_center,feed_h,feed_r1,freq_step,ground_thickness,lumpedport_D,lumpedport_r,num_of_freq_points,patch_length,patch_name,patch_width,signal_layer_thickness,start_frequency,stop_frequency,sub_high,sub_length,sub_width,sweep_type,unit,Directivity,Directivity_Phi,Directivity_Theta,Directivity_Total,Directivity_dB,Gain,Gain_Phi,Gain_Theta,Gain_Total,Gain_dB,Phi(deg),RealizedGain,RealizedGain_Phi,RealizedGain_Theta,RealizedGain_Total,RealizedGain_dB,Theta(deg),_极值列,_极值数值,_极值类型,rEPhi_Imag,rEPhi_Real,rETheta_Imag,rETheta_Real,rETotal,Freq [GHz],_最小值,_最小值所在列名,"dB(S(ground_T1,ground_T1)) []"
2.5,1.7046618846725337,1.575,0.5,0.01GHz,0.035,1.15,1.5,201.0,20.927637980272983,Patch,11.83968873083078,0.035,2.0,3.0,1.575,50.0,60.0,Interpolating,GHz,1.5198052829830067,0.0001558239149664204,1.5196494590680403,1.5198052829830067,1.8178794982439561,1.085575202130719,0.000111302796404586,1.0854638993343144,1.085575202130719,0.35659914146157573,0.0,0.005319318490440523,5.453837023824713e-07,0.005318773106738141,0.005319318490440523,-22.74144005825329,55.0,RealizedGain,0.005319318490440523,max,-0.00030245474538652286,-0.0004855502627640391,-0.03879923809491382,0.041060420974250444,0.05649483414666472,3.0,-0.0376146237902862,"dB(S(ground_T1,ground_T1)) []",-0.0376146237902862
