center_frequency,feed_center,feed_h,feed_r1,freq_step,ground_thickness,lumpedport_D,lumpedport_r,num_of_freq_points,patch_length,patch_name,patch_width,signal_layer_thickness,start_frequency,stop_frequency,sub_high,sub_length,sub_width,sweep_type,unit,Directivity,Directivity_Phi,Directivity_Theta,Directivity_Total,Directivity_dB,Gain,Gain_Phi,Gain_Theta,Gain_Total,Gain_dB,Phi(deg),RealizedGain,RealizedGain_Phi,RealizedGain_Theta,RealizedGain_Total,RealizedGain_dB,Theta(deg),_极值列,_极值数值,_极值类型,rEPhi_Imag,rEPhi_Real,rETheta_Imag,rETheta_Real,rETotal,Freq [GHz],_最小值,_最小值所在列名,"dB(S(ground_T1,ground_T1)) []"
2.5,1.4984609349315896,1.575,0.5,0.01GHz,0.035,1.15,1.5,201.0,18.79307905927586,Patch,10.49889731095812,0.035,2.0,3.0,1.575,50.0,60.0,Interpolating,GHz,1.4562551041500211,0.00024817163776252133,1.4560069325122582,1.4562551041500211,1.63237460567728,0.9914928368680994,0.00016896792358299322,0.9913238689445162,0.9914928368680994,-0.037104190480835304,-5.0,0.004660016333280066,7.941492408400682e-07,0.004659222184039226,0.004660016333280066,-23.31612561112366,60.0,RealizedGain,0.004660016333280066,max,0.00035477286218579937,0.0005921460853729777,-0.037589133863220686,0.037184085118080606,0.05287793179981564,3.0,-0.034257479613659,"dB(S(ground_T1,ground_T1)) []",-0.034257479613659
