center_frequency,feed_center,feed_h,feed_r1,freq_step,ground_thickness,lumpedport_D,lumpedport_r,num_of_freq_points,patch_length,patch_name,patch_width,signal_layer_thickness,start_frequency,stop_frequency,sub_high,sub_length,sub_width,sweep_type,unit,Directivity,Directivity_Phi,Directivity_Theta,Directivity_Total,Directivity_dB,Gain,Gain_Phi,Gain_Theta,Gain_Total,Gain_dB,Phi(deg),RealizedGain,RealizedGain_Phi,RealizedGain_Theta,RealizedGain_Total,RealizedGain_dB,Theta(deg),_极值列,_极值数值,_极值类型,rEPhi_Imag,rEPhi_Real,rETheta_Imag,rETheta_Real,rETotal,Freq [GHz],_最小值,_最小值所在列名,"dB(S(ground_T1,ground_T1)) []"
2.5,2.1222147409396706,1.575,0.5,0.01GHz,0.035,1.15,1.5,201.0,10.579091281891166,Patch,14.530340604906025,0.035,2.0,3.0,1.575,50.0,60.0,Interpolating,GHz,1.4766497175086652,0.005528235303868983,1.471121482204796,1.4766497175086652,1.6927748664920563,0.9425423728778715,0.0035286608322567976,0.9390137120456146,0.9425423728778715,-0.2569911656684939,-15.0,0.004429949152525995,1.658470591160695e-05,0.004413364446614388,0.004429949152525995,-23.53601258631132,55.0,RealizedGain,0.004429949152525995,max,0.001578071894516456,0.0027314368151376825,-0.027209567784424932,0.04367745956296372,0.051556106436278705,3.0,-0.0329332502223641,"dB(S(ground_T1,ground_T1)) []",-0.0329332502223641
