center_frequency,feed_center,feed_h,feed_r1,freq_step,ground_thickness,lumpedport_D,lumpedport_r,num_of_freq_points,patch_length,patch_name,patch_width,signal_layer_thickness,start_frequency,stop_frequency,sub_high,sub_length,sub_width,sweep_type,unit,Directivity,Directivity_Phi,Directivity_Theta,Directivity_Total,Directivity_dB,Gain,Gain_Phi,Gain_Theta,Gain_Total,Gain_dB,Phi(deg),RealizedGain,RealizedGain_Phi,RealizedGain_Theta,RealizedGain_Total,RealizedGain_dB,Theta(deg),_极值列,_极值数值,_极值类型,rEPhi_Imag,rEPhi_Real,rETheta_Imag,rETheta_Real,rETotal,Freq [GHz],_最小值,_最小值所在列名,"dB(S(ground_T1,ground_T1)) []"
2.5,2.216696990193102,1.575,0.5,0.01GHz,0.035,1.15,1.5,201.0,25.704118532747312,Patch,15.135513122095958,0.035,2.0,3.0,1.575,50.0,60.0,Interpolating,GHz,1.80007992388191,0.0003914392799015916,1.7996884846020085,1.80007992388191,2.5529178828680497,1.4526960789222432,0.0003158983662363722,1.4523801805560068,1.4526960789222432,1.6217476429588769,0.0,0.008280367649856785,1.8006206875473213e-06,0.008278567029169239,0.008280367649856785,-20.81950380031621,40.0,RealizedGain,0.008280367649856785,max,0.0009991862220924217,-0.00028639964857584934,-0.03571943695059206,0.06075672030942662,0.07048643583477844,3.0,-0.0586789413627971,"dB(S(ground_T1,ground_T1)) []",-0.0586789413627971
