center_frequency,feed_center,feed_h,feed_r1,freq_step,ground_thickness,lumpedport_D,lumpedport_r,num_of_freq_points,patch_length,patch_name,patch_width,signal_layer_thickness,start_frequency,stop_frequency,sub_high,sub_length,sub_width,sweep_type,unit,Directivity,Directivity_Phi,Directivity_Theta,Directivity_Total,Directivity_dB,Gain,Gain_Phi,Gain_Theta,Gain_Total,Gain_dB,Phi(deg),RealizedGain,RealizedGain_Phi,RealizedGain_Theta,RealizedGain_Total,RealizedGain_dB,Theta(deg),_极值列,_极值数值,_极值类型,rEPhi_Imag,rEPhi_Real,rETheta_Imag,rETheta_Real,rETotal,Freq [GHz],_最小值,_最小值所在列名,"dB(S(ground_T1,ground_T1)) []"
2.5,1.5816119209976731,1.575,0.5,0.01GHz,0.035,1.15,1.5,201.0,17.325867139637023,Patch,11.040705562312795,0.035,2.0,3.0,1.575,50.0,60.0,Interpolating,GHz,1.438403093208325,0.0015492806461608133,1.4368538125621642,1.438403093208325,1.5788060831703346,0.9793382762269446,0.00105482937610949,0.9782834468508351,0.9793382762269446,-0.09067271298778043,-10.0,0.00460288989826664,4.957698067714603e-06,0.004597932200198925,0.00460288989826664,-23.369694133630606,60.0,RealizedGain,0.00460288989826664,max,0.0005455458946514387,0.0016361749896581445,-0.036494400301623466,0.037775429324027214,0.0525528210747022,3.0,-0.0336121229360792,"dB(S(ground_T1,ground_T1)) []",-0.0336121229360792
