center_frequency,feed_center,feed_h,feed_r1,freq_step,ground_thickness,lumpedport_D,lumpedport_r,num_of_freq_points,patch_length,patch_name,patch_width,signal_layer_thickness,start_frequency,stop_frequency,sub_high,sub_length,sub_width,sweep_type,unit,Directivity,Directivity_Phi,Directivity_Theta,Directivity_Total,Directivity_dB,Gain,Gain_Phi,Gain_Theta,Gain_Total,Gain_dB,Phi(deg),RealizedGain,RealizedGain_Phi,RealizedGain_Theta,RealizedGain_Total,RealizedGain_dB,Theta(deg),_极值列,_极值数值,_极值类型,rEPhi_Imag,rEPhi_Real,rETheta_Imag,rETheta_Real,rETotal,Freq [GHz],_最小值,_最小值所在列名,"dB(S(ground_T1,ground_T1)) []"
2.5,1.6907452932782303,1.575,0.5,0.01GHz,0.035,1.15,1.5,201.0,28.082655968571196,Patch,11.749483551608577,0.035,2.0,3.0,1.575,50.0,60.0,Interpolating,GHz,1.658563958491421,0.0007448263749664367,1.6578191321164544,1.658563958491421,2.197322236904817,1.2966954584569288,0.000582318802246487,1.2961131396546823,1.2966954584569288,1.1283798977582429,-5.0,0.0071318250215131095,3.202753412355678e-06,0.007128622268100754,0.0071318250215131095,-21.467993207299315,45.0,RealizedGain,0.0071318250215131095,max,0.0012037474929195127,0.0006875240309143821,-0.03986026791429296,0.05185010288312672,0.06541556255593797,3.0,-0.064472166069387,"dB(S(ground_T1,ground_T1)) []",-0.064472166069387
