center_frequency,feed_center,feed_h,feed_r1,freq_step,ground_thickness,lumpedport_D,lumpedport_r,num_of_freq_points,patch_length,patch_name,patch_width,signal_layer_thickness,start_frequency,stop_frequency,sub_high,sub_length,sub_width,sweep_type,unit,Directivity,Directivity_Phi,Directivity_Theta,Directivity_Total,Directivity_dB,Gain,Gain_Phi,Gain_Theta,Gain_Total,Gain_dB,Phi(deg),RealizedGain,RealizedGain_Phi,RealizedGain_Theta,RealizedGain_Total,RealizedGain_dB,Theta(deg),_极值列,_极值数值,_极值类型,rEPhi_Imag,rEPhi_Real,rETheta_Imag,rETheta_Real,rETotal,Freq [GHz],_最小值,_最小值所在列名,"dB(S(ground_T1,ground_T1)) []"
2.5,2.0905265142408,1.575,0.5,0.01GHz,0.035,1.15,1.5,201.0,18.792104439829764,Patch,14.327102740979255,0.035,2.0,3.0,1.575,50.0,60.0,Interpolating,GHz,1.8596910341868025,0.05713397405693119,1.8025570601298717,1.8596910341868025,2.6944079728590298,1.4749273719412572,0.045313151838255766,1.4296142201030018,1.4749273719412572,1.6877063540453978,35.0,0.008554578757259292,0.00026281628066188346,0.008291762476597409,0.008554578757259292,-20.678013710325228,35.0,RealizedGain,0.008554578757259292,max,-0.0032936374230925626,-0.0121179798626018,-0.03349147438581273,0.06207653209764734,0.07164403797407715,3.0,-0.0598939220060098,"dB(S(ground_T1,ground_T1)) []",-0.0598939220060098
