center_frequency,feed_center,feed_h,feed_r1,freq_step,ground_thickness,lumpedport_D,lumpedport_r,num_of_freq_points,patch_length,patch_name,patch_width,signal_layer_thickness,start_frequency,stop_frequency,sub_high,sub_length,sub_width,sweep_type,unit,Directivity,Directivity_Phi,Directivity_Theta,Directivity_Total,Directivity_dB,Gain,Gain_Phi,Gain_Theta,Gain_Total,Gain_dB,Phi(deg),RealizedGain,RealizedGain_Phi,RealizedGain_Theta,RealizedGain_Total,RealizedGain_dB,Theta(deg),_极值列,_极值数值,_极值类型,rEPhi_Imag,rEPhi_Real,rETheta_Imag,rETheta_Real,rETotal,Freq [GHz],_最小值,_最小值所在列名,"dB(S(ground_T1,ground_T1)) []"
2.5,1.986675596306115,1.575,0.5,0.01GHz,0.035,1.15,1.5,201.0,15.085682240480494,Patch,13.660024319897186,0.035,2.0,3.0,1.575,50.0,60.0,Interpolating,GHz,1.5088987686489637,0.007030238957635786,1.5018685296913281,1.5088987686489637,1.7866010412821565,1.0594395609662939,0.004936125225574063,1.0545034357407197,1.0594395609662939,0.2507618607038576,15.0,0.004979365936541581,2.3199788560198092e-05,0.004956166147981382,0.004979365936541581,-23.028259559938967,50.0,RealizedGain,0.004979365936541581,max,-0.0016798459580695463,-0.0033314139089697338,-0.03069434715236433,0.045073570962923436,0.05465976534467808,3.0,-0.0346405192722497,"dB(S(ground_T1,ground_T1)) []",-0.0346405192722497
