center_frequency,feed_center,feed_h,feed_r1,freq_step,ground_thickness,lumpedport_D,lumpedport_r,num_of_freq_points,patch_length,patch_name,patch_width,signal_layer_thickness,start_frequency,stop_frequency,sub_high,sub_length,sub_width,sweep_type,unit,Directivity,Directivity_Phi,Directivity_Theta,Directivity_Total,Directivity_dB,Gain,Gain_Phi,Gain_Theta,Gain_Total,Gain_dB,Phi(deg),RealizedGain,RealizedGain_Phi,RealizedGain_Theta,RealizedGain_Total,RealizedGain_dB,Theta(deg),_极值列,_极值数值,_极值类型,rEPhi_Imag,rEPhi_Real,rETheta_Imag,rETheta_Real,rETotal,Freq [GHz],_最小值,_最小值所在列名,"dB(S(ground_T1,ground_T1)) []"
2.5,5.786812759967233,1.575,0.5,0.01GHz,0.035,1.15,1.5,201.0,10.87022563178381,Patch,37.554696222365614,0.035,2.0,3.0,1.575,50.0,60.0,Interpolating,GHz,2.3103951846130824,0.051249350909467924,2.2591458337036148,2.3103951846130824,3.636862707224113,1.9253293205109019,0.0427077924245566,1.8826215280863454,1.9253293205109019,2.8450502467478644,10.0,0.016172766292291575,0.00035874545636627544,0.0158140208359253,0.016172766292291575,-17.91215689263332,20.0,RealizedGain,0.016172766292291575,max,-0.0006833278879429291,-0.014655558940146165,-0.029613594241070636,0.09279908984512274,0.09850831632308245,3.0,-0.066398580006196,"dB(S(ground_T1,ground_T1)) []",-0.066398580006196
