center_frequency,feed_center,feed_h,feed_r1,freq_step,ground_thickness,lumpedport_D,lumpedport_r,num_of_freq_points,patch_length,patch_name,patch_width,signal_layer_thickness,start_frequency,stop_frequency,sub_high,sub_length,sub_width,sweep_type,unit,Directivity,Directivity_Phi,Directivity_Theta,Directivity_Total,Directivity_dB,Gain,Gain_Phi,Gain_Theta,Gain_Total,Gain_dB,Phi(deg),RealizedGain,RealizedGain_Phi,RealizedGain_Theta,RealizedGain_Total,RealizedGain_dB,Theta(deg),_极值列,_极值数值,_极值类型,rEPhi_Imag,rEPhi_Real,rETheta_Imag,rETheta_Real,rETotal,Freq [GHz],_最小值,_最小值所在列名,"dB(S(ground_T1,ground_T1)) []"
2.5,1.7786000499734005,1.575,0.5,0.01GHz,0.035,1.15,1.5,201.0,22.39773213236606,Patch,12.31831216992886,0.035,2.0,3.0,1.575,50.0,60.0,Interpolating,GHz,1.5619669942853662,0.0009184651827909,1.561048529102575,1.5619669942853662,1.9367185261990976,1.1870949156568782,0.0006980335389210841,1.1863968821179571,1.1870949156568782,0.7448544490070107,5.0,0.005935474578284391,3.4901676946054197e-06,0.005931984410589786,0.005935474578284391,-22.265445507632798,50.0,RealizedGain,0.005935474578284391,max,-0.0007918179818169696,-0.0012112696791169123,-0.03748498654317125,0.046412824537183824,0.059677203751625454,3.0,-0.0408231462488811,"dB(S(ground_T1,ground_T1)) []",-0.0408231462488811
