center_frequency,feed_center,feed_h,feed_r1,freq_step,ground_thickness,lumpedport_D,lumpedport_r,num_of_freq_points,patch_length,patch_name,patch_width,signal_layer_thickness,start_frequency,stop_frequency,sub_high,sub_length,sub_width,sweep_type,unit,Directivity,Directivity_Phi,Directivity_Theta,Directivity_Total,Directivity_dB,Gain,Gain_Phi,Gain_Theta,Gain_Total,Gain_dB,Phi(deg),RealizedGain,RealizedGain_Phi,RealizedGain_Theta,RealizedGain_Total,RealizedGain_dB,Theta(deg),_极值列,_极值数值,_极值类型,rEPhi_Imag,rEPhi_Real,rETheta_Imag,rETheta_Real,rETotal,Freq [GHz],_最小值,_最小值所在列名,"dB(S(ground_T1,ground_T1)) []"
2.5,1.6873732720495858,1.575,0.5,0.01GHz,0.035,1.15,1.5,201.0,30.02021852036719,Patch,11.727620795364516,0.035,2.0,3.0,1.575,50.0,60.0,Interpolating,GHz,1.7037703679639453,0.00011371505152341272,1.7036566529124222,1.7037703679639453,2.3141106070859956,1.334620121571757,8.907679036000663e-05,1.3345310447813972,1.334620121571757,1.2535766826067332,0.0,0.008007720729430543,5.344607421600397e-07,0.008007186268688384,0.008007720729430543,-20.96491081355683,45.0,RealizedGain,0.008007720729430543,max,0.0004896391645040437,-0.00028449514710509303,-0.043993557666657926,0.05356297070062699,0.06931627247945409,3.0,-0.217709297354308,"dB(S(ground_T1,ground_T1)) []",-0.217709297354308
