center_frequency,feed_center,feed_h,feed_r1,freq_step,ground_thickness,lumpedport_D,lumpedport_r,num_of_freq_points,patch_length,patch_name,patch_width,signal_layer_thickness,start_frequency,stop_frequency,sub_high,sub_length,sub_width,sweep_type,unit,Directivity,Directivity_Phi,Directivity_Theta,Directivity_Total,Directivity_dB,Gain,Gain_Phi,Gain_Theta,Gain_Total,Gain_dB,Phi(deg),RealizedGain,RealizedGain_Phi,RealizedGain_Theta,RealizedGain_Total,RealizedGain_dB,Theta(deg),_极值列,_极值数值,_极值类型,rEPhi_Imag,rEPhi_Real,rETheta_Imag,rETheta_Real,rETotal,Freq [GHz],_最小值,_最小值所在列名,"dB(S(ground_T1,ground_T1)) []"
2.5,7.702211188643903,1.575,0.5,0.01GHz,0.035,1.15,1.5,201.0,10.202260112368906,Patch,49.43270522028828,0.035,2.0,3.0,1.575,50.0,60.0,Interpolating,GHz,4.2139247251383995e-07,7.366843258284092e-08,3.4772403993099904e-07,4.2139247251383995e-07,-63.75313226618048,0.060198924644834284,0.010524061797548705,0.04967486284728558,0.060198924644834284,-12.204112666323052,95.0,4.213924725138399e-05,7.366843258284093e-06,3.4772403993099904e-05,4.213924725138399e-05,-43.75313226618048,55.0,RealizedGain,4.213924725138399e-05,max,-0.0020984668866484485,-0.0001290225340878174,0.0012686062438240278,0.0043880032039405785,0.005028334118604746,3.0,-0.00369698987431964,"dB(S(ground_T1,ground_T1)) []",-0.00369698987431964
