center_frequency,feed_center,feed_h,feed_r1,freq_step,ground_thickness,lumpedport_D,lumpedport_r,num_of_freq_points,patch_length,patch_name,patch_width,signal_layer_thickness,start_frequency,stop_frequency,sub_high,sub_length,sub_width,sweep_type,unit,Directivity,Directivity_Phi,Directivity_Theta,Directivity_Total,Directivity_dB,Gain,Gain_Phi,Gain_Theta,Gain_Total,Gain_dB,Phi(deg),RealizedGain,RealizedGain_Phi,RealizedGain_Theta,RealizedGain_Total,RealizedGain_dB,Theta(deg),_极值列,_极值数值,_极值类型,rEPhi_Imag,rEPhi_Real,rETheta_Imag,rETheta_Real,rETotal,Freq [GHz],_最小值,_最小值所在列名,"dB(S(ground_T1,ground_T1)) []"
2.5,2.055389148865011,1.575,0.5,0.01GHz,0.035,1.15,1.5,201.0,27.87741189985916,Patch,14.101577503795717,0.035,2.0,3.0,1.575,50.0,60.0,Interpolating,GHz,1.8254642757641244,0.00012749253704798566,1.8253367832270768,1.8254642757641244,2.613733382496891,1.4907958252073683,0.00010411890525585496,1.4906917063021126,1.4907958252073683,1.7341816789455917,0.0,0.008944774951244211,6.247134315351297e-07,0.008944150237812675,0.008944774951244211,-20.484305817217972,35.0,RealizedGain,0.008944774951244211,max,2.1503865351858394e-05,-0.0006118614821227999,-0.032600318268289,0.06560362658527344,0.07325975299728538,3.0,-0.0838500164905105,"dB(S(ground_T1,ground_T1)) []",-0.0838500164905105
