center_frequency,feed_center,feed_h,feed_r1,freq_step,ground_thickness,lumpedport_D,lumpedport_r,num_of_freq_points,patch_length,patch_name,patch_width,signal_layer_thickness,start_frequency,stop_frequency,sub_high,sub_length,sub_width,sweep_type,unit,Directivity,Directivity_Phi,Directivity_Theta,Directivity_Total,Directivity_dB,Gain,Gain_Phi,Gain_Theta,Gain_Total,Gain_dB,Phi(deg),RealizedGain,RealizedGain_Phi,RealizedGain_Theta,RealizedGain_Total,RealizedGain_dB,Theta(deg),_极值列,_极值数值,_极值类型,rEPhi_Imag,rEPhi_Real,rETheta_Imag,rETheta_Real,rETotal,Freq [GHz],_最小值,_最小值所在列名,"dB(S(ground_T1,ground_T1)) []"
2.5,5.529392064945102,1.575,0.5,0.01GHz,0.035,1.15,1.5,201.0,49.104895890007846,Patch,35.953870172872385,0.035,2.0,3.0,1.575,50.0,60.0,Interpolating,GHz,1.5159681414894586,0.7840123095309262,0.7319558319585326,1.5159681414894586,1.8069007456733268,1.3508627003371412,0.6986248302750827,0.6522378700620588,1.3508627003371412,1.3061121022401494,70.0,0.013643713273405127,0.007056110785778334,0.006587602487626794,0.013643713273405127,-18.650674159933423,45.0,RealizedGain,0.013643713273405127,max,-0.021105102207160817,0.06154949937764712,-0.06281781369372383,0.002564545590299388,0.09047884185906563,2.0,-0.379320107594244,"dB(S(ground_T1,ground_T1)) []",-0.379320107594244
