center_frequency,feed_center,feed_h,feed_r1,freq_step,ground_thickness,lumpedport_D,lumpedport_r,num_of_freq_points,patch_length,patch_name,patch_width,signal_layer_thickness,start_frequency,stop_frequency,sub_high,sub_length,sub_width,sweep_type,unit,Directivity,Directivity_Phi,Directivity_Theta,Directivity_Total,Directivity_dB,Gain,Gain_Phi,Gain_Theta,Gain_Total,Gain_dB,Phi(deg),RealizedGain,RealizedGain_Phi,RealizedGain_Theta,RealizedGain_Total,RealizedGain_dB,Theta(deg),_极值列,_极值数值,_极值类型,rEPhi_Imag,rEPhi_Real,rETheta_Imag,rETheta_Real,rETotal,Freq [GHz],_最小值,_最小值所在列名,"dB(S(ground_T1,ground_T1)) []"
2.5,2.1263026000911287,1.575,0.5,0.01GHz,0.035,1.15,1.5,201.0,20.538835844202268,Patch,14.556548664942657,0.035,2.0,3.0,1.575,50.0,60.0,Interpolating,GHz,1.620451625187747,2.427912610847603e-05,1.6204273460616385,1.620451625187747,2.0963607071064927,1.2153387188908102,1.8209344581357024e-05,1.215320509546229,1.2153387188908102,0.8469733410234931,0.0,0.006319761338232213,9.468859182305651e-08,0.00631966664964039,0.006319761338232213,-21.992993222628513,45.0,RealizedGain,0.006319761338232213,max,-0.00019662236034016548,-0.00013473730357462863,-0.03345418892436216,0.05169822593252106,0.061578779913623406,3.0,-0.0452967713524526,"dB(S(ground_T1,ground_T1)) []",-0.0452967713524526
