center_frequency,feed_center,feed_h,feed_r1,freq_step,ground_thickness,lumpedport_D,lumpedport_r,num_of_freq_points,patch_length,patch_name,patch_width,signal_layer_thickness,start_frequency,stop_frequency,sub_high,sub_length,sub_width,sweep_type,unit,Directivity,Directivity_Phi,Directivity_Theta,Directivity_Total,Directivity_dB,Gain,Gain_Phi,Gain_Theta,Gain_Total,Gain_dB,Phi(deg),RealizedGain,RealizedGain_Phi,RealizedGain_Theta,RealizedGain_Total,RealizedGain_dB,Theta(deg),_极值列,_极值数值,_极值类型,rEPhi_Imag,rEPhi_Real,rETheta_Imag,rETheta_Real,rETotal,Freq [GHz],_最小值,_最小值所在列名,"dB(S(ground_T1,ground_T1)) []"
2.5,1.7204906674554032,1.575,0.5,0.01GHz,0.035,1.15,1.5,201.0,27.18266417547293,Patch,11.942241769505559,0.035,2.0,3.0,1.575,50.0,60.0,Interpolating,GHz,1.685185041733254,0.0039598962741729865,1.681225145459081,1.685185041733254,2.2664759552866593,1.2868685773235757,0.003023920791186644,1.283844656532389,1.2868685773235757,1.095341964323226,-5.0,0.007077777175279666,1.663156435152654e-05,0.00706114561092814,0.007077777175279666,-21.501031140734334,45.0,RealizedGain,0.007077777175279666,max,0.00021853839395366993,0.0031514147102591214,-0.03946093143338179,0.05176506611106629,0.06516721839068161,3.0,-0.0577723774126218,"dB(S(ground_T1,ground_T1)) []",-0.0577723774126218
