center_frequency,feed_center,feed_h,feed_r1,freq_step,ground_thickness,lumpedport_D,lumpedport_r,num_of_freq_points,patch_length,patch_name,patch_width,signal_layer_thickness,start_frequency,stop_frequency,sub_high,sub_length,sub_width,sweep_type,unit,Directivity,Directivity_Phi,Directivity_Theta,Directivity_Total,Directivity_dB,Gain,Gain_Phi,Gain_Theta,Gain_Total,Gain_dB,Phi(deg),RealizedGain,RealizedGain_Phi,RealizedGain_Theta,RealizedGain_Total,RealizedGain_dB,Theta(deg),_极值列,_极值数值,_极值类型,rEPhi_Imag,rEPhi_Real,rETheta_Imag,rETheta_Real,rETotal,Freq [GHz],_最小值,_最小值所在列名,"dB(S(ground_T1,ground_T1)) []"
2.5,2.419431706304152,1.575,0.5,0.01GHz,0.035,1.15,1.5,201.0,18.53861196188097,Patch,16.430320283762505,0.035,2.0,3.0,1.575,50.0,60.0,Interpolating,GHz,1.6509104019258907,0.003114573202722063,1.6477958287231684,1.6509104019258907,2.1772350390781554,1.2699310784045315,0.0023958255405554336,1.2675352528639758,1.2699310784045315,1.0378015160097884,-5.0,0.006603641607703563,1.2458292810888253e-05,0.006591183314892674,0.006603641607703563,-21.80216504764222,45.0,RealizedGain,0.006603641607703563,max,0.0005069769133501131,0.002686657067717865,-0.03259739970725053,0.05377929611519677,0.06294663064938794,3.0,-0.0417212213108875,"dB(S(ground_T1,ground_T1)) []",-0.0417212213108875
