center_frequency,feed_center,feed_h,feed_r1,freq_step,ground_thickness,lumpedport_D,lumpedport_r,num_of_freq_points,patch_length,patch_name,patch_width,signal_layer_thickness,start_frequency,stop_frequency,sub_high,sub_length,sub_width,sweep_type,unit,Directivity,Directivity_Phi,Directivity_Theta,Directivity_Total,Directivity_dB,Gain,Gain_Phi,Gain_Theta,Gain_Total,Gain_dB,Phi(deg),RealizedGain,RealizedGain_Phi,RealizedGain_Theta,RealizedGain_Total,RealizedGain_dB,Theta(deg),_极值列,_极值数值,_极值类型,rEPhi_Imag,rEPhi_Real,rETheta_Imag,rETheta_Real,rETotal,Freq [GHz],_最小值,_最小值所在列名,"dB(S(ground_T1,ground_T1)) []"
2.5,3.2596187245915687,1.575,0.5,0.01GHz,0.035,1.15,1.5,201.0,46.66132018664694,Patch,21.754562384342023,0.035,2.0,3.0,1.575,50.0,60.0,Interpolating,GHz,1.7918595204535257,1.5768901192227163,0.21496940123080924,1.7918595204535257,2.533039585162149,1.5466576913388328,1.3611051555396079,0.18555253579922484,1.5466576913388328,1.8939420561108387,85.0,0.014693248067718911,0.012930498977626274,0.0017627490900926357,0.014693248067718911,-18.328821891000683,20.0,RealizedGain,0.014693248067718911,max,-0.0036403383350317006,0.08800698893773937,-0.02952745002985075,0.013630996517248322,0.09389439033509643,2.075,-13.1304383294192,"dB(S(ground_T1,ground_T1)) []",-13.1304383294192
