center_frequency,feed_center,feed_h,feed_r1,freq_step,ground_thickness,lumpedport_D,lumpedport_r,num_of_freq_points,patch_length,patch_name,patch_width,signal_layer_thickness,start_frequency,stop_frequency,sub_high,sub_length,sub_width,sweep_type,unit,Directivity,Directivity_Phi,Directivity_Theta,Directivity_Total,Directivity_dB,Gain,Gain_Phi,Gain_Theta,Gain_Total,Gain_dB,Phi(deg),RealizedGain,RealizedGain_Phi,RealizedGain_Theta,RealizedGain_Total,RealizedGain_dB,Theta(deg),_极值列,_极值数值,_极值类型,rEPhi_Imag,rEPhi_Real,rETheta_Imag,rETheta_Real,rETotal,Freq [GHz],_最小值,_最小值所在列名,"dB(S(ground_T1,ground_T1)) []"
2.5,4.869631043599287,1.575,0.5,0.01GHz,0.035,1.15,1.5,201.0,15.466806034378958,Patch,31.844197104548886,0.035,2.0,3.0,1.575,50.0,60.0,Interpolating,GHz,2.3797107890358076,0.0003992868168295731,2.3793115022189792,2.3797107890358076,3.7652417959520124,2.0356562171270167,0.00034155860234818907,2.035314658524669,2.0356562171270167,3.0870443593820274,0.0,0.016895946602154238,2.8349363994899693e-06,0.016893111665754752,0.016895946602154238,-17.722174716857232,20.0,RealizedGain,0.016895946602154238,max,-0.0001377235146362693,0.0012969325912822976,-0.022027105526313234,0.09823905747425354,0.10068667634404188,3.0,-0.0754494622193724,"dB(S(ground_T1,ground_T1)) []",-0.0754494622193724
