center_frequency,feed_center,feed_h,feed_r1,freq_step,ground_thickness,lumpedport_D,lumpedport_r,num_of_freq_points,patch_length,patch_name,patch_width,signal_layer_thickness,start_frequency,stop_frequency,sub_high,sub_length,sub_width,sweep_type,unit,Directivity,Directivity_Phi,Directivity_Theta,Directivity_Total,Directivity_dB,Gain,Gain_Phi,Gain_Theta,Gain_Total,Gain_dB,Phi(deg),RealizedGain,RealizedGain_Phi,RealizedGain_Theta,RealizedGain_Total,RealizedGain_dB,Theta(deg),_极值列,_极值数值,_极值类型,rEPhi_Imag,rEPhi_Real,rETheta_Imag,rETheta_Real,rETotal,Freq [GHz],_最小值,_最小值所在列名,"dB(S(ground_T1,ground_T1)) []"
2.5,3.5739278875247473,1.575,0.5,0.01GHz,0.035,1.15,1.5,201.0,17.56231046978453,Patch,23.733452735560142,0.035,2.0,3.0,1.575,50.0,60.0,Interpolating,GHz,2.046864666273829,0.026469569251905276,2.0203950970219235,2.046864666273829,3.110891291141575,1.6950598017580145,0.02192011203673406,1.6731396897212805,1.6950598017580145,2.2918502473105935,10.0,0.010848382731251292,0.00014028871703509799,0.010708094014216194,0.010848382731251292,-19.646350012850537,30.0,RealizedGain,0.010848382731251292,max,-0.0016079620526002758,-0.00903270011145647,-0.025052835713165134,0.07614041761807867,0.08067950784178332,3.0,-0.0547476421968926,"dB(S(ground_T1,ground_T1)) []",-0.0547476421968926
