center_frequency,feed_center,feed_h,feed_r1,freq_step,ground_thickness,lumpedport_D,lumpedport_r,num_of_freq_points,patch_length,patch_name,patch_width,signal_layer_thickness,start_frequency,stop_frequency,sub_high,sub_length,sub_width,sweep_type,unit,Directivity,Directivity_Phi,Directivity_Theta,Directivity_Total,Directivity_dB,Gain,Gain_Phi,Gain_Theta,Gain_Total,Gain_dB,Phi(deg),RealizedGain,RealizedGain_Phi,RealizedGain_Theta,RealizedGain_Total,RealizedGain_dB,Theta(deg),_极值列,_极值数值,_极值类型,rEPhi_Imag,rEPhi_Real,rETheta_Imag,rETheta_Real,rETotal,Freq [GHz],_最小值,_最小值所在列名,"dB(S(ground_T1,ground_T1)) []"
2.5,1.9130055977544402,1.575,0.5,0.01GHz,0.035,1.15,1.5,201.0,23.126238341181043,Patch,13.185812763805274,0.035,2.0,3.0,1.575,50.0,60.0,Interpolating,GHz,1.5805142279153312,4.113398067876522e-05,1.580473093934652,1.5805142279153312,1.9879840974681326,1.2086285272293706,3.1455396989643994e-05,1.208597071832381,1.2086285272293706,0.8229284067537597,0.0,0.006164005488869791,1.6042252464718436e-07,0.006163845066345142,0.006164005488869791,-22.101369832266876,50.0,RealizedGain,0.006164005488869791,max,-0.00021715040620005031,-0.00022158854555475962,-0.03876355301959852,0.046859162667159684,0.0608152154016821,3.0,-0.0426864283841515,"dB(S(ground_T1,ground_T1)) []",-0.0426864283841515
