center_frequency,feed_center,feed_h,feed_r1,freq_step,ground_thickness,lumpedport_D,lumpedport_r,num_of_freq_points,patch_length,patch_name,patch_width,signal_layer_thickness,start_frequency,stop_frequency,sub_high,sub_length,sub_width,sweep_type,unit,Directivity,Directivity_Phi,Directivity_Theta,Directivity_Total,Directivity_dB,Gain,Gain_Phi,Gain_Theta,Gain_Total,Gain_dB,Phi(deg),RealizedGain,RealizedGain_Phi,RealizedGain_Theta,RealizedGain_Total,RealizedGain_dB,Theta(deg),_极值列,_极值数值,_极值类型,rEPhi_Imag,rEPhi_Real,rETheta_Imag,rETheta_Real,rETotal,Freq [GHz],_最小值,_最小值所在列名,"dB(S(ground_T1,ground_T1)) []"
2.5,1.5558699140557504,1.575,0.5,0.01GHz,0.035,1.15,1.5,201.0,11.644194768741611,Patch,10.873143372192942,0.035,2.0,3.0,1.575,50.0,60.0,Interpolating,GHz,1.404289544507168,0.004893145035761571,1.3993963994714067,1.404289544507168,1.474566623644111,0.861723129583944,0.0030026117264900544,0.8587205178574542,0.861723129583944,-0.6463224996278896,25.0,0.0037915817701693532,1.3211491596556239e-05,0.0037783702785727986,0.0037915817701693532,-24.211795734766017,60.0,RealizedGain,0.0037915817701693532,max,-0.0016907166785774445,-0.0022513460021013738,-0.027940333572439992,0.03855403138444758,0.04769698793257897,3.0,-0.0302530809596179,"dB(S(ground_T1,ground_T1)) []",-0.0302530809596179
