center_frequency,feed_center,feed_h,feed_r1,freq_step,ground_thickness,lumpedport_D,lumpedport_r,num_of_freq_points,patch_length,patch_name,patch_width,signal_layer_thickness,start_frequency,stop_frequency,sub_high,sub_length,sub_width,sweep_type,unit,Directivity,Directivity_Phi,Directivity_Theta,Directivity_Total,Directivity_dB,Gain,Gain_Phi,Gain_Theta,Gain_Total,Gain_dB,Phi(deg),RealizedGain,RealizedGain_Phi,RealizedGain_Theta,RealizedGain_Total,RealizedGain_dB,Theta(deg),_极值列,_极值数值,_极值类型,rEPhi_Imag,rEPhi_Real,rETheta_Imag,rETheta_Real,rETotal,Freq [GHz],_最小值,_最小值所在列名,"dB(S(ground_T1,ground_T1)) []"
2.5,2.180108322906894,1.575,0.5,0.01GHz,0.035,1.15,1.5,201.0,20.294145387146312,Patch,14.901297127968002,0.035,2.0,3.0,1.575,50.0,60.0,Interpolating,GHz,1.6372829441026655,0.005957840392953518,1.6313251037097118,1.6372829441026655,2.1412373771623483,1.227962208076999,0.004468380294715138,1.2234938277822838,1.227962208076999,0.8918500110793482,-10.0,0.006385403482000394,2.3235577532518713e-05,0.006362167904467876,0.006385403482000394,-21.948116552572657,45.0,RealizedGain,0.006385403482000394,max,0.0014995238777478874,0.003419517963846566,-0.03274093659050499,0.05239677228613007,0.061897757227488,3.0,-0.0409248092391857,"dB(S(ground_T1,ground_T1)) []",-0.0409248092391857
