center_frequency,feed_center,feed_h,feed_r1,freq_step,ground_thickness,lumpedport_D,lumpedport_r,num_of_freq_points,patch_length,patch_name,patch_width,signal_layer_thickness,start_frequency,stop_frequency,sub_high,sub_length,sub_width,sweep_type,unit,Directivity,Directivity_Phi,Directivity_Theta,Directivity_Total,Directivity_dB,Gain,Gain_Phi,Gain_Theta,Gain_Total,Gain_dB,Phi(deg),RealizedGain,RealizedGain_Phi,RealizedGain_Theta,RealizedGain_Total,RealizedGain_dB,Theta(deg),_极值列,_极值数值,_极值类型,rEPhi_Imag,rEPhi_Real,rETheta_Imag,rETheta_Real,rETotal,Freq [GHz],_最小值,_最小值所在列名,"dB(S(ground_T1,ground_T1)) []"
2.5,1.907949182099639,1.575,0.5,0.01GHz,0.035,1.15,1.5,201.0,18.55143801901047,Patch,13.153232777706688,0.035,2.0,3.0,1.575,50.0,60.0,Interpolating,GHz,1.5153196704757546,0.01198322809321731,1.5033364423825375,1.5153196704757546,1.8050426087711802,1.0823711931969675,0.008559448638012364,1.0738117445589554,1.0823711931969675,0.3437622519887996,20.0,0.00530361884666514,4.1941298326260576e-05,0.0052616775483388814,0.00530361884666514,-22.754276947726062,50.0,RealizedGain,0.00530361884666514,max,-0.0019724315577244918,-0.004612470661721832,-0.03410908882621862,0.04465031875207915,0.05641140201299995,3.0,-0.0365453096557147,"dB(S(ground_T1,ground_T1)) []",-0.0365453096557147
