center_frequency,feed_center,feed_h,feed_r1,freq_step,ground_thickness,lumpedport_D,lumpedport_r,num_of_freq_points,patch_length,patch_name,patch_width,signal_layer_thickness,start_frequency,stop_frequency,sub_high,sub_length,sub_width,sweep_type,unit,Directivity,Directivity_Phi,Directivity_Theta,Directivity_Total,Directivity_dB,Gain,Gain_Phi,Gain_Theta,Gain_Total,Gain_dB,Phi(deg),RealizedGain,RealizedGain_Phi,RealizedGain_Theta,RealizedGain_Total,RealizedGain_dB,Theta(deg),_极值列,_极值数值,_极值类型,rEPhi_Imag,rEPhi_Real,rETheta_Imag,rETheta_Real,rETotal,Freq [GHz],_最小值,_最小值所在列名,"dB(S(ground_T1,ground_T1)) []"
2.5,8.518178857166932,1.575,0.5,0.01GHz,0.035,1.15,1.5,201.0,15.107975071987262,Patch,54.47993447854639,0.035,2.0,3.0,1.575,50.0,60.0,Interpolating,GHz,1.1163073405434465,0.03274772450398688,1.0835596160394598,1.1163073405434465,0.4778378055686556,0.15947247722049235,0.004678246357712411,0.15479423086278,0.15947247722049235,-7.973142594573913,-15.0,0.00011163073405434464,3.2747724503986876e-06,0.000108355961603946,0.00011163073405434464,-39.522162194431345,25.0,RealizedGain,0.00011163073405434464,max,0.0013908206564421308,-0.0001747216708265866,0.007580654734824044,0.002747504761548787,0.008184132109392296,3.0,-0.0044493327908448,"dB(S(ground_T1,ground_T1)) []",-0.0044493327908448
