center_frequency,feed_center,feed_h,feed_r1,freq_step,ground_thickness,lumpedport_D,lumpedport_r,num_of_freq_points,patch_length,patch_name,patch_width,signal_layer_thickness,start_frequency,stop_frequency,sub_high,sub_length,sub_width,sweep_type,unit,Directivity,Directivity_Phi,Directivity_Theta,Directivity_Total,Directivity_dB,Gain,Gain_Phi,Gain_Theta,Gain_Total,Gain_dB,Phi(deg),RealizedGain,RealizedGain_Phi,RealizedGain_Theta,RealizedGain_Total,RealizedGain_dB,Theta(deg),_极值列,_极值数值,_极值类型,rEPhi_Imag,rEPhi_Real,rETheta_Imag,rETheta_Real,rETotal,Freq [GHz],_最小值,_最小值所在列名,"dB(S(ground_T1,ground_T1)) []"
2.5,3.40525497029788,1.575,0.5,0.01GHz,0.035,1.15,1.5,201.0,13.004027962661144,Patch,22.672194650222785,0.035,2.0,3.0,1.575,50.0,60.0,Interpolating,GHz,1.8386433561661901,0.006263743996293299,1.832379612169896,1.8386433561661901,2.6449749679109247,1.4265336384048026,0.004859801376434457,1.4216738370283677,1.4265336384048026,1.5428201700349886,5.0,0.008273895102747855,2.8186847983319848e-05,0.008245708254764533,0.008273895102747855,-20.822899894335638,35.0,RealizedGain,0.008273895102747855,max,-0.001107155867823943,-0.00396064554186523,-0.02376310254202846,0.06620314544857864,0.07045888174625377,3.0,-0.0451836018939125,"dB(S(ground_T1,ground_T1)) []",-0.0451836018939125
