center_frequency,feed_center,feed_h,feed_r1,freq_step,ground_thickness,lumpedport_D,lumpedport_r,num_of_freq_points,patch_length,patch_name,patch_width,signal_layer_thickness,start_frequency,stop_frequency,sub_high,sub_length,sub_width,sweep_type,unit,Directivity,Directivity_Phi,Directivity_Theta,Directivity_Total,Directivity_dB,Gain,Gain_Phi,Gain_Theta,Gain_Total,Gain_dB,Phi(deg),RealizedGain,RealizedGain_Phi,RealizedGain_Theta,RealizedGain_Total,RealizedGain_dB,Theta(deg),_极值列,_极值数值,_极值类型,rEPhi_Imag,rEPhi_Real,rETheta_Imag,rETheta_Real,rETotal,Freq [GHz],_最小值,_最小值所在列名,"dB(S(ground_T1,ground_T1)) []"
2.5,1.9456113887221498,1.575,0.5,0.01GHz,0.035,1.15,1.5,201.0,22.552389273739553,Patch,13.395801688214123,0.035,2.0,3.0,1.575,50.0,60.0,Interpolating,GHz,1.6272280047959737,0.005826798354991896,1.621401206440982,1.6272280047959737,2.1144840990493536,1.2443508271969212,0.004455786977346744,1.2398950402195743,1.2443508271969212,0.9494284083349827,-10.0,0.006346189218704298,2.2724513584468398e-05,0.006323464705119829,0.006346189218704298,-21.974869830685652,45.0,RealizedGain,0.006346189218704298,max,0.0015288408016399017,0.00336120144818696,-0.03525888955601887,0.050507216468622426,0.06170740018428806,3.0,-0.042444167125419,"dB(S(ground_T1,ground_T1)) []",-0.042444167125419
