center_frequency,feed_center,feed_h,feed_r1,freq_step,ground_thickness,lumpedport_D,lumpedport_r,num_of_freq_points,patch_length,patch_name,patch_width,signal_layer_thickness,start_frequency,stop_frequency,sub_high,sub_length,sub_width,sweep_type,unit,Directivity,Directivity_Phi,Directivity_Theta,Directivity_Total,Directivity_dB,Gain,Gain_Phi,Gain_Theta,Gain_Total,Gain_dB,Phi(deg),RealizedGain,RealizedGain_Phi,RealizedGain_Theta,RealizedGain_Total,RealizedGain_dB,Theta(deg),_极值列,_极值数值,_极值类型,rEPhi_Imag,rEPhi_Real,rETheta_Imag,rETheta_Real,rETotal,Freq [GHz],_最小值,_最小值所在列名,"dB(S(ground_T1,ground_T1)) []"
2.5,3.8395259396902492,1.575,0.5,0.01GHz,0.035,1.15,1.5,201.0,19.342090111745218,Patch,25.40156553977442,0.035,2.0,3.0,1.575,50.0,60.0,Interpolating,GHz,2.2728021706151296,0.002192492177881314,2.2706096784372476,2.2728021706151296,3.56561635483325,1.957135202474139,0.0018879793753977983,1.9552472230987412,1.957135202474139,2.916208285503103,-5.0,0.014091373457813803,1.3593451502864146e-05,0.014077780006310936,0.014091373457813803,-18.51046675018421,25.0,RealizedGain,0.014091373457813803,max,0.0017735053809952884,0.0022385132822793138,-0.02433147885087649,0.0886275698446146,0.09195120044177808,3.0,-0.0689468585701876,"dB(S(ground_T1,ground_T1)) []",-0.0689468585701876
