center_frequency,feed_center,feed_h,feed_r1,freq_step,ground_thickness,lumpedport_D,lumpedport_r,num_of_freq_points,patch_length,patch_name,patch_width,signal_layer_thickness,start_frequency,stop_frequency,sub_high,sub_length,sub_width,sweep_type,unit,Directivity,Directivity_Phi,Directivity_Theta,Directivity_Total,Directivity_dB,Gain,Gain_Phi,Gain_Theta,Gain_Total,Gain_dB,Phi(deg),RealizedGain,RealizedGain_Phi,RealizedGain_Theta,RealizedGain_Total,RealizedGain_dB,Theta(deg),_极值列,_极值数值,_极值类型,rEPhi_Imag,rEPhi_Real,rETheta_Imag,rETheta_Real,rETotal,Freq [GHz],_最小值,_最小值所在列名,"dB(S(ground_T1,ground_T1)) []"
2.5,3.1649377060101798,1.575,0.5,0.01GHz,0.035,1.15,1.5,201.0,20.238376740057337,Patch,21.157283434006587,0.035,2.0,3.0,1.575,50.0,60.0,Interpolating,GHz,1.9995973871108021,0.0003433381059889387,1.9992540490048132,1.9995973871108021,3.0094256058500255,1.6448301087524342,0.0002824232807328367,1.6445476854717012,1.6448301087524342,2.161210471846851,0.0,0.010197946674265091,1.7510243405435875e-06,0.010196195649924548,0.010197946674265091,-19.91487263317061,30.0,RealizedGain,0.010197946674265091,max,-0.0007174602627188884,-0.0007320451675093529,-0.02516694301480642,0.07405731899767728,0.07822347574219712,3.0,-0.0557144689073465,"dB(S(ground_T1,ground_T1)) []",-0.0557144689073465
