center_frequency,feed_center,feed_h,feed_r1,freq_step,ground_thickness,lumpedport_D,lumpedport_r,num_of_freq_points,patch_length,patch_name,patch_width,signal_layer_thickness,start_frequency,stop_frequency,sub_high,sub_length,sub_width,sweep_type,unit,Directivity,Directivity_Phi,Directivity_Theta,Directivity_Total,Directivity_dB,Gain,Gain_Phi,Gain_Theta,Gain_Total,Gain_dB,Phi(deg),RealizedGain,RealizedGain_Phi,RealizedGain_Theta,RealizedGain_Total,RealizedGain_dB,Theta(deg),_极值列,_极值数值,_极值类型,rEPhi_Imag,rEPhi_Real,rETheta_Imag,rETheta_Real,rETotal,Freq [GHz],_最小值,_最小值所在列名,"dB(S(ground_T1,ground_T1)) []"
2.5,2.113499813888287,1.575,0.5,0.01GHz,0.035,1.15,1.5,201.0,17.661056749260222,Patch,14.474459837009775,0.035,2.0,3.0,1.575,50.0,60.0,Interpolating,GHz,1.560814283617838,0.003982916236627699,1.5568313673812102,1.560814283617838,1.9335123080216143,1.1467206981682077,0.0029262241738489216,1.1437944739943586,1.1467206981682077,0.5945765154093507,-10.0,0.005618931421024217,1.4338498451859717e-05,0.005604592922572357,0.005618931421024217,-22.503462684305514,50.0,RealizedGain,0.005618931421024217,max,0.0004599228723108697,0.0028968556580992277,-0.03386228056748963,0.0470763309083363,0.05806408768571932,3.0,-0.0378755097158389,"dB(S(ground_T1,ground_T1)) []",-0.0378755097158389
