center_frequency,feed_center,feed_h,feed_r1,freq_step,ground_thickness,lumpedport_D,lumpedport_r,num_of_freq_points,patch_length,patch_name,patch_width,signal_layer_thickness,start_frequency,stop_frequency,sub_high,sub_length,sub_width,sweep_type,unit,Directivity,Directivity_Phi,Directivity_Theta,Directivity_Total,Directivity_dB,Gain,Gain_Phi,Gain_Theta,Gain_Total,Gain_dB,Phi(deg),RealizedGain,RealizedGain_Phi,RealizedGain_Theta,RealizedGain_Total,RealizedGain_dB,Theta(deg),_极值列,_极值数值,_极值类型,rEPhi_Imag,rEPhi_Real,rETheta_Imag,rETheta_Real,rETotal,Freq [GHz],_最小值,_最小值所在列名,"dB(S(ground_T1,ground_T1)) []"
2.5,4.724260756716517,1.575,0.5,0.01GHz,0.035,1.15,1.5,201.0,17.239728107520452,Patch,30.93715803437749,0.035,2.0,3.0,1.575,50.0,60.0,Interpolating,GHz,2.3867354105976823,0.008670260861927884,2.3780651497357543,2.3867354105976823,3.77804276532306,2.0767697728577237,0.007544252957781405,2.0692255198999416,2.0767697728577237,3.1738835406065062,5.0,0.01599112725100447,5.8090747774916824e-05,0.015933036503229553,0.01599112725100447,-17.961209207668677,20.0,RealizedGain,0.01599112725100447,max,-0.0012468296362663442,-0.0057706746280060785,-0.020702055783882442,0.09555873591149208,0.09795357263768102,3.0,-0.0680069695174646,"dB(S(ground_T1,ground_T1)) []",-0.0680069695174646
