center_frequency,feed_center,feed_h,feed_r1,freq_step,ground_thickness,lumpedport_D,lumpedport_r,num_of_freq_points,patch_length,patch_name,patch_width,signal_layer_thickness,start_frequency,stop_frequency,sub_high,sub_length,sub_width,sweep_type,unit,Directivity,Directivity_Phi,Directivity_Theta,Directivity_Total,Directivity_dB,Gain,Gain_Phi,Gain_Theta,Gain_Total,Gain_dB,Phi(deg),RealizedGain,RealizedGain_Phi,RealizedGain_Theta,RealizedGain_Total,RealizedGain_dB,Theta(deg),_极值列,_极值数值,_极值类型,rEPhi_Imag,rEPhi_Real,rETheta_Imag,rETheta_Real,rETotal,Freq [GHz],_最小值,_最小值所在列名,"dB(S(ground_T1,ground_T1)) []"
2.5,5.150838703068724,1.575,0.5,0.01GHz,0.035,1.15,1.5,201.0,28.579918319062205,Patch,33.59715177493115,0.035,2.0,3.0,1.575,50.0,60.0,Interpolating,GHz,3.6802696018761036,0.01894316321231896,3.6613264386637843,3.6802696018761036,5.658796345208951,3.4927399406340087,0.017977906488124362,3.474762034145884,3.4927399406340087,5.431662505239353,-5.0,0.054836017067953935,0.00028225313186355246,0.054553763936090384,0.054836017067953935,-12.60934097066831,10.0,RealizedGain,0.054836017067953935,max,0.00025103587916901074,0.013011258581795743,-0.031247923017009793,0.17820380694904167,0.1813901468462476,3.0,-0.710718807864383,"dB(S(ground_T1,ground_T1)) []",-0.710718807864383
