center_frequency,feed_center,feed_h,feed_r1,freq_step,ground_thickness,lumpedport_D,lumpedport_r,num_of_freq_points,patch_length,patch_name,patch_width,signal_layer_thickness,start_frequency,stop_frequency,sub_high,sub_length,sub_width,sweep_type,unit,Directivity,Directivity_Phi,Directivity_Theta,Directivity_Total,Directivity_dB,Gain,Gain_Phi,Gain_Theta,Gain_Total,Gain_dB,Phi(deg),RealizedGain,RealizedGain_Phi,RealizedGain_Theta,RealizedGain_Total,RealizedGain_dB,Theta(deg),_极值列,_极值数值,_极值类型,rEPhi_Imag,rEPhi_Real,rETheta_Imag,rETheta_Real,rETotal,Freq [GHz],_最小值,_最小值所在列名,"dB(S(ground_T1,ground_T1)) []"
2.5,2.088687729359334,1.575,0.5,0.01GHz,0.035,1.15,1.5,201.0,44.12372497617906,Patch,14.315305067904173,0.035,2.0,3.0,1.575,50.0,60.0,Interpolating,GHz,1.6992439320827146,0.10905107210048301,1.5901928599822317,1.6992439320827146,2.302557277526345,1.4193684609161497,0.09108971904863875,1.3282787418675115,1.4193684609161497,1.52095150757417,160.0,0.012064631917787273,0.0007742626119134294,0.011290369305873847,0.012064631917787273,-19.184859235282904,15.0,RealizedGain,0.012064631917787273,max,-0.0004626053671543581,0.02154888646723458,-0.021161181991758333,0.07953983627566483,0.08508201742878085,2.165,-15.3797747069281,"dB(S(ground_T1,ground_T1)) []",-15.3797747069281
