center_frequency,feed_center,feed_h,feed_r1,freq_step,ground_thickness,lumpedport_D,lumpedport_r,num_of_freq_points,patch_length,patch_name,patch_width,signal_layer_thickness,start_frequency,stop_frequency,sub_high,sub_length,sub_width,sweep_type,unit,Directivity,Directivity_Phi,Directivity_Theta,Directivity_Total,Directivity_dB,Gain,Gain_Phi,Gain_Theta,Gain_Total,Gain_dB,Phi(deg),RealizedGain,RealizedGain_Phi,RealizedGain_Theta,RealizedGain_Total,RealizedGain_dB,Theta(deg),_极值列,_极值数值,_极值类型,rEPhi_Imag,rEPhi_Real,rETheta_Imag,rETheta_Real,rETotal,Freq [GHz],_最小值,_最小值所在列名,"dB(S(ground_T1,ground_T1)) []"
2.5,3.2258903844551,1.575,0.5,0.01GHz,0.035,1.15,1.5,201.0,19.172136685433298,Patch,21.54185918215112,0.035,2.0,3.0,1.575,50.0,60.0,Interpolating,GHz,2.0988433511186178,0.01848086262565141,2.0803624884929666,2.0988433511186178,3.2198002586990886,1.722931109127224,0.01517085737926608,1.7077602517479575,1.722931109127224,2.362679126633264,10.0,0.011543638431152399,0.00010164474444108273,0.011441993686711316,0.011543638431152399,-19.376572846358474,30.0,RealizedGain,0.011543638431152399,max,-0.0021167898128567862,-0.007517146024103386,-0.028832430892464823,0.07767914056335483,0.08322467322428911,3.0,-0.0653249035079825,"dB(S(ground_T1,ground_T1)) []",-0.0653249035079825
