center_frequency,feed_center,feed_h,feed_r1,freq_step,ground_thickness,lumpedport_D,lumpedport_r,num_of_freq_points,patch_length,patch_name,patch_width,signal_layer_thickness,start_frequency,stop_frequency,sub_high,sub_length,sub_width,sweep_type,unit,Directivity,Directivity_Phi,Directivity_Theta,Directivity_Total,Directivity_dB,Gain,Gain_Phi,Gain_Theta,Gain_Total,Gain_dB,Phi(deg),RealizedGain,RealizedGain_Phi,RealizedGain_Theta,RealizedGain_Total,RealizedGain_dB,Theta(deg),_极值列,_极值数值,_极值类型,rEPhi_Imag,rEPhi_Real,rETheta_Imag,rETheta_Real,rETotal,Freq [GHz],_最小值,_最小值所在列名,"dB(S(ground_T1,ground_T1)) []"
2.5,1.984852012416865,1.575,0.5,0.01GHz,0.035,1.15,1.5,201.0,14.290301348767326,Patch,13.648296263628904,0.035,2.0,3.0,1.575,50.0,60.0,Interpolating,GHz,1.4578899612671528,0.0036746303174038314,1.454215330949749,1.4578899612671528,1.6372474550599914,1.023624866421618,0.0025800595845601373,1.021044806837058,1.023624866421618,0.10140827448169232,-10.0,0.004811036872181604,1.2126280047432644e-05,0.0047989105921341715,0.004811036872181604,-23.177613146161136,50.0,RealizedGain,0.004811036872181604,max,0.0006502020063452146,0.0026178572898284008,-0.028466918008602037,0.04548679774576017,0.05372792690501958,3.0,-0.0341120162266203,"dB(S(ground_T1,ground_T1)) []",-0.0341120162266203
