center_frequency,feed_center,feed_h,feed_r1,freq_step,ground_thickness,lumpedport_D,lumpedport_r,num_of_freq_points,patch_length,patch_name,patch_width,signal_layer_thickness,start_frequency,stop_frequency,sub_high,sub_length,sub_width,sweep_type,unit,Directivity,Directivity_Phi,Directivity_Theta,Directivity_Total,Directivity_dB,Gain,Gain_Phi,Gain_Theta,Gain_Total,Gain_dB,Phi(deg),RealizedGain,RealizedGain_Phi,RealizedGain_Theta,RealizedGain_Total,RealizedGain_dB,Theta(deg),_极值列,_极值数值,_极值类型,rEPhi_Imag,rEPhi_Real,rETheta_Imag,rETheta_Real,rETotal,Freq [GHz],_最小值,_最小值所在列名,"dB(S(ground_T1,ground_T1)) []"
2.5,2.9401241534027354,1.575,0.5,0.01GHz,0.035,1.15,1.5,201.0,19.134858954366216,Patch,19.736631862735607,0.035,2.0,3.0,1.575,50.0,60.0,Interpolating,GHz,1.8517528729245831,4.103902823611439e-05,1.8517118338963467,1.8517528729245831,2.6758302711562667,1.494397055342646,3.311921576949583e-05,1.4943639361268761,1.494397055342646,1.744660031247093,0.0,0.008518063215453084,1.887795298861262e-07,0.008517874435923195,0.008518063215453084,-20.696591412027992,35.0,RealizedGain,0.008518063215453084,max,-0.0001186512505462999,0.00031494803882592664,-0.027802004819500067,0.06586268741566434,0.07149096681388098,3.0,-0.0470730740416375,"dB(S(ground_T1,ground_T1)) []",-0.0470730740416375
