center_frequency,feed_center,feed_h,feed_r1,freq_step,ground_thickness,lumpedport_D,lumpedport_r,num_of_freq_points,patch_length,patch_name,patch_width,signal_layer_thickness,start_frequency,stop_frequency,sub_high,sub_length,sub_width,sweep_type,unit,Directivity,Directivity_Phi,Directivity_Theta,Directivity_Total,Directivity_dB,Gain,Gain_Phi,Gain_Theta,Gain_Total,Gain_dB,Phi(deg),RealizedGain,RealizedGain_Phi,RealizedGain_Theta,RealizedGain_Total,RealizedGain_dB,Theta(deg),_极值列,_极值数值,_极值类型,rEPhi_Imag,rEPhi_Real,rETheta_Imag,rETheta_Real,rETotal,Freq [GHz],_最小值,_最小值所在列名,"dB(S(ground_T1,ground_T1)) []"
2.5,2.4815870430631697,1.575,0.5,0.01GHz,0.035,1.15,1.5,201.0,14.410243783825582,Patch,16.826356299048093,0.035,2.0,3.0,1.575,50.0,60.0,Interpolating,GHz,1.5830123233288955,8.205752351546938e-05,1.5829302658053799,1.5830123233288955,1.9948429574227138,1.1714291192633826,6.072256740144734e-05,1.171368396695981,1.1714291192633826,0.6871601547324752,0.0,0.005857145596316913,3.036128370072367e-07,0.005856841983479906,0.005857145596316913,-22.323139801907335,45.0,RealizedGain,0.005857145596316913,max,-0.00029315629181253186,-0.00031021183485015766,-0.027717123878791685,0.05240180362459316,0.0592821233696687,3.0,-0.0374286810467349,"dB(S(ground_T1,ground_T1)) []",-0.0374286810467349
