center_frequency,feed_center,feed_h,feed_r1,freq_step,ground_thickness,lumpedport_D,lumpedport_r,num_of_freq_points,patch_length,patch_name,patch_width,signal_layer_thickness,start_frequency,stop_frequency,sub_high,sub_length,sub_width,sweep_type,unit,Directivity,Directivity_Phi,Directivity_Theta,Directivity_Total,Directivity_dB,Gain,Gain_Phi,Gain_Theta,Gain_Total,Gain_dB,Phi(deg),RealizedGain,RealizedGain_Phi,RealizedGain_Theta,RealizedGain_Total,RealizedGain_dB,Theta(deg),_极值列,_极值数值,_极值类型,rEPhi_Imag,rEPhi_Real,rETheta_Imag,rETheta_Real,rETotal,Freq [GHz],_最小值,_最小值所在列名,"dB(S(ground_T1,ground_T1)) []"
2.5,1.5518183319850765,1.575,0.5,0.01GHz,0.035,1.15,1.5,201.0,21.422369816028876,Patch,10.846756686088934,0.035,2.0,3.0,1.575,50.0,60.0,Interpolating,GHz,1.4839030503869919,0.0001180739021046974,1.4837849764848878,1.4839030503869919,1.7140552758899217,1.0510979940241194,8.3635680657494e-05,1.0510143583434621,1.0510979940241194,0.2164320725566013,5.0,0.0050452703713157725,4.0145126715597114e-07,0.005044868920048618,0.0050452703713157725,-22.971155553687524,60.0,RealizedGain,0.0050452703713157725,max,0.00043237772310630683,-0.00023221959338499075,-0.04110665035838114,0.036568237035272386,0.05502030116228966,3.0,-0.0369521240115373,"dB(S(ground_T1,ground_T1)) []",-0.0369521240115373
