center_frequency,feed_center,feed_h,feed_r1,freq_step,ground_thickness,lumpedport_D,lumpedport_r,num_of_freq_points,patch_length,patch_name,patch_width,signal_layer_thickness,start_frequency,stop_frequency,sub_high,sub_length,sub_width,sweep_type,unit,Directivity,Directivity_Phi,Directivity_Theta,Directivity_Total,Directivity_dB,Gain,Gain_Phi,Gain_Theta,Gain_Total,Gain_dB,Phi(deg),RealizedGain,RealizedGain_Phi,RealizedGain_Theta,RealizedGain_Total,RealizedGain_dB,Theta(deg),_极值列,_极值数值,_极值类型,rEPhi_Imag,rEPhi_Real,rETheta_Imag,rETheta_Real,rETotal,Freq [GHz],_最小值,_最小值所在列名,"dB(S(ground_T1,ground_T1)) []"
2.5,3.646446320398922,1.575,0.5,0.01GHz,0.035,1.15,1.5,201.0,23.00741466857191,Patch,24.189257313861447,0.035,2.0,3.0,1.575,50.0,60.0,Interpolating,GHz,2.332684984470086,0.024475118885433893,2.308209865584652,2.332684984470086,3.6785609381149653,2.0216603198740746,0.021211769700709374,2.000448550173365,2.0216603198740746,3.057081870626521,10.0,0.015162452399055556,0.0001590882727553203,0.015003364126300234,0.015162452399055556,-18.19230549545648,25.0,RealizedGain,0.015162452399055556,max,-0.000637513734503047,-0.009749296829867407,-0.026983527839239133,0.09096218874086798,0.09538178949683648,3.0,-0.0926561259676761,"dB(S(ground_T1,ground_T1)) []",-0.0926561259676761
