center_frequency,feed_center,feed_h,feed_r1,freq_step,ground_thickness,lumpedport_D,lumpedport_r,num_of_freq_points,patch_length,patch_name,patch_width,signal_layer_thickness,start_frequency,stop_frequency,sub_high,sub_length,sub_width,sweep_type,unit,Directivity,Directivity_Phi,Directivity_Theta,Directivity_Total,Directivity_dB,Gain,Gain_Phi,Gain_Theta,Gain_Total,Gain_dB,Phi(deg),RealizedGain,RealizedGain_Phi,RealizedGain_Theta,RealizedGain_Total,RealizedGain_dB,Theta(deg),_极值列,_极值数值,_极值类型,rEPhi_Imag,rEPhi_Real,rETheta_Imag,rETheta_Real,rETotal,Freq [GHz],_最小值,_最小值所在列名,"dB(S(ground_T1,ground_T1)) []"
2.5,2.4975441423356894,1.575,0.5,0.01GHz,0.035,1.15,1.5,201.0,45.53091569898317,Patch,16.927964603595992,0.035,2.0,3.0,1.575,50.0,60.0,Interpolating,GHz,1.5388947839423854,0.5908364285158738,0.9480583554265112,1.5388947839423854,1.872089276188106,1.3062711538115597,0.5015239451355673,0.804747208675992,1.3062711538115597,1.1603333649569878,-40.0,0.011233931922779413,0.0043131059281658795,0.0069208259946135315,0.011233931922779413,-19.494682122607333,60.0,RealizedGain,0.011233931922779413,max,0.0050536008961656765,-0.05062001227383092,-0.061418316671620024,-0.019503430545089614,0.08210065742990767,2.085,-16.6672955105504,"dB(S(ground_T1,ground_T1)) []",-16.6672955105504
