center_frequency,feed_center,feed_h,feed_r1,freq_step,ground_thickness,lumpedport_D,lumpedport_r,num_of_freq_points,patch_length,patch_name,patch_width,signal_layer_thickness,start_frequency,stop_frequency,sub_high,sub_length,sub_width,sweep_type,unit,Directivity,Directivity_Phi,Directivity_Theta,Directivity_Total,Directivity_dB,Gain,Gain_Phi,Gain_Theta,Gain_Total,Gain_dB,Phi(deg),RealizedGain,RealizedGain_Phi,RealizedGain_Theta,RealizedGain_Total,RealizedGain_dB,Theta(deg),_极值列,_极值数值,_极值类型,rEPhi_Imag,rEPhi_Real,rETheta_Imag,rETheta_Real,rETotal,Freq [GHz],_最小值,_最小值所在列名,"dB(S(ground_T1,ground_T1)) []"
2.5,8.869332921890724,1.575,0.5,0.01GHz,0.035,1.15,1.5,201.0,15.706038073393497,Patch,56.65031768764909,0.035,2.0,3.0,1.575,50.0,60.0,Interpolating,GHz,1.024883007799667,0.11139204534653885,0.913490962453128,1.024883007799667,0.10674292741146481,0.14641185825709527,0.015913149335219832,0.13049870892187543,0.14641185825709527,-8.344237472731104,25.0,0.00010248830077996669,1.1139204534653884e-05,9.13490962453128e-05,0.00010248830077996669,-39.89325707258854,30.0,RealizedGain,0.00010248830077996669,max,-0.002562607966291473,0.0003416439515524134,0.006670038720421713,0.0032126830650461087,0.007841838380564334,3.0,-0.00452899945940783,"dB(S(ground_T1,ground_T1)) []",-0.00452899945940783
