center_frequency,feed_center,feed_h,feed_r1,freq_step,ground_thickness,lumpedport_D,lumpedport_r,num_of_freq_points,patch_length,patch_name,patch_width,signal_layer_thickness,start_frequency,stop_frequency,sub_high,sub_length,sub_width,sweep_type,unit,Directivity,Directivity_Phi,Directivity_Theta,Directivity_Total,Directivity_dB,Gain,Gain_Phi,Gain_Theta,Gain_Total,Gain_dB,Phi(deg),RealizedGain,RealizedGain_Phi,RealizedGain_Theta,RealizedGain_Total,RealizedGain_dB,Theta(deg),_极值列,_极值数值,_极值类型,rEPhi_Imag,rEPhi_Real,rETheta_Imag,rETheta_Real,rETotal,Freq [GHz],_最小值,_最小值所在列名,"dB(S(ground_T1,ground_T1)) []"
2.5,1.4502280579971696,1.575,0.5,0.01GHz,0.035,1.15,1.5,201.0,46.789219653956984,Patch,10.18385046698467,0.035,2.0,3.0,1.575,50.0,60.0,Interpolating,GHz,1.5786407186305993,0.18700611746492002,1.391634601165679,1.5786407186305993,1.9828330057786911,1.2758877040987033,0.15114193055383945,1.1247457735448638,1.2758877040987033,1.0581245209955732,-25.0,0.009313980239920534,0.001103336093043028,0.008210644146877506,0.009313980239920534,-20.30864687779987,80.0,RealizedGain,0.009313980239920534,max,0.0028872816230048367,-0.025567183200629732,-0.06705417256405798,-0.020742239297596728,0.07475640307902953,2.135,-10.2266150987649,"dB(S(ground_T1,ground_T1)) []",-10.2266150987649
