center_frequency,feed_center,feed_h,feed_r1,freq_step,ground_thickness,lumpedport_D,lumpedport_r,num_of_freq_points,patch_length,patch_name,patch_width,signal_layer_thickness,start_frequency,stop_frequency,sub_high,sub_length,sub_width,sweep_type,unit,Directivity,Directivity_Phi,Directivity_Theta,Directivity_Total,Directivity_dB,Gain,Gain_Phi,Gain_Theta,Gain_Total,Gain_dB,Phi(deg),RealizedGain,RealizedGain_Phi,RealizedGain_Theta,RealizedGain_Total,RealizedGain_dB,Theta(deg),_极值列,_极值数值,_极值类型,rEPhi_Imag,rEPhi_Real,rETheta_Imag,rETheta_Real,rETotal,Freq [GHz],_最小值,_最小值所在列名,"dB(S(ground_T1,ground_T1)) []"
2.5,1.814743525324564,1.575,0.5,0.01GHz,0.035,1.15,1.5,201.0,14.363148012176836,Patch,12.551906934271253,0.035,2.0,3.0,1.575,50.0,60.0,Interpolating,GHz,1.4741858900149796,4.528211089470925e-05,1.4741406079040846,1.4741858900149796,1.6855225008855146,0.9934730997927036,3.0516205168173633e-05,0.9934425835875353,0.9934730997927036,-0.028438877587499557,0.0,0.004569976259046437,1.4037454377359868e-07,0.0045698358845026625,0.004569976259046437,-23.400860560771758,55.0,RealizedGain,0.004569976259046437,max,0.00016063199717881543,0.00024171071967282257,-0.031155480774046063,0.04208684052237412,0.052364590651777544,3.0,-0.0332874326837706,"dB(S(ground_T1,ground_T1)) []",-0.0332874326837706
