center_frequency,feed_center,feed_h,feed_r1,freq_step,ground_thickness,lumpedport_D,lumpedport_r,num_of_freq_points,patch_length,patch_name,patch_width,signal_layer_thickness,start_frequency,stop_frequency,sub_high,sub_length,sub_width,sweep_type,unit,Directivity,Directivity_Phi,Directivity_Theta,Directivity_Total,Directivity_dB,Gain,Gain_Phi,Gain_Theta,Gain_Total,Gain_dB,Phi(deg),RealizedGain,RealizedGain_Phi,RealizedGain_Theta,RealizedGain_Total,RealizedGain_dB,Theta(deg),_极值列,_极值数值,_极值类型,rEPhi_Imag,rEPhi_Real,rETheta_Imag,rETheta_Real,rETotal,Freq [GHz],_最小值,_最小值所在列名,"dB(S(ground_T1,ground_T1)) []"
2.5,4.161708991493856,1.575,0.5,0.01GHz,0.035,1.15,1.5,201.0,26.654545988104456,Patch,27.420784315881804,0.035,2.0,3.0,1.575,50.0,60.0,Interpolating,GHz,3.011588596256305,0.0004943889966488108,3.0110942072596556,3.011588596256305,4.787956439632687,2.7104297366306747,0.0004449500969839297,2.7099847865336906,2.7104297366306747,4.330381534025936,0.0,0.027104297366306745,4.449500969839297e-06,0.027099847865336903,0.027104297366306745,-15.669618465974064,15.0,RealizedGain,0.027104297366306745,max,0.0012709684996799191,0.0010268410541325844,-0.024201410369162596,0.1251981769997659,0.12752631709337078,3.0,-0.213671934248141,"dB(S(ground_T1,ground_T1)) []",-0.213671934248141
