center_frequency,feed_center,feed_h,feed_r1,freq_step,ground_thickness,lumpedport_D,lumpedport_r,num_of_freq_points,patch_length,patch_name,patch_width,signal_layer_thickness,start_frequency,stop_frequency,sub_high,sub_length,sub_width,sweep_type,unit,Directivity,Directivity_Phi,Directivity_Theta,Directivity_Total,Directivity_dB,Gain,Gain_Phi,Gain_Theta,Gain_Total,Gain_dB,Phi(deg),RealizedGain,RealizedGain_Phi,RealizedGain_Theta,RealizedGain_Total,RealizedGain_dB,Theta(deg),_极值列,_极值数值,_极值类型,rEPhi_Imag,rEPhi_Real,rETheta_Imag,rETheta_Real,rETotal,Freq [GHz],_最小值,_最小值所在列名,"dB(S(ground_T1,ground_T1)) []"
2.5,2.7740994450996865,1.575,0.5,0.01GHz,0.035,1.15,1.5,201.0,10.310549171056383,Patch,18.685028003642593,0.035,2.0,3.0,1.575,50.0,60.0,Interpolating,GHz,1.6351040045007375,0.01904502279259562,1.6160589817081414,1.6351040045007375,2.13545382160958,1.1541910620005205,0.013443545500655732,1.1407475164998646,1.1541910620005205,0.6227770683030888,-15.0,0.005886374416202655,6.856208205334422e-05,0.00581781233414931,0.005886374416202655,-22.30152117071755,45.0,RealizedGain,0.005886374416202655,max,0.0031050339718758494,0.005612217246492522,-0.025077438519613412,0.053496651439295266,0.059429856606850184,3.0,-0.0371968281226204,"dB(S(ground_T1,ground_T1)) []",-0.0371968281226204
