center_frequency,feed_center,feed_h,feed_r1,freq_step,ground_thickness,lumpedport_D,lumpedport_r,num_of_freq_points,patch_length,patch_name,patch_width,signal_layer_thickness,start_frequency,stop_frequency,sub_high,sub_length,sub_width,sweep_type,unit,Directivity,Directivity_Phi,Directivity_Theta,Directivity_Total,Directivity_dB,Gain,Gain_Phi,Gain_Theta,Gain_Total,Gain_dB,Phi(deg),RealizedGain,RealizedGain_Phi,RealizedGain_Theta,RealizedGain_Total,RealizedGain_dB,Theta(deg),_极值列,_极值数值,_极值类型,rEPhi_Imag,rEPhi_Real,rETheta_Imag,rETheta_Real,rETotal,Freq [GHz],_最小值,_最小值所在列名,"dB(S(ground_T1,ground_T1)) []"
2.5,1.6264549955407734,1.575,0.5,0.01GHz,0.035,1.15,1.5,201.0,27.093340692034175,Patch,11.33225017083945,0.035,2.0,3.0,1.575,50.0,60.0,Interpolating,GHz,1.5887597934857083,0.0006639281163473688,1.588095865369361,1.5887597934857083,2.010582406627366,1.2290405949606424,0.0005136047692498514,1.2285269901913924,1.2290405949606424,0.895662277816831,-5.0,0.006513915153291404,2.722105277024212e-06,0.006511193048014379,0.006513915153291404,-21.861579026175278,50.0,RealizedGain,0.006513915153291404,max,0.0007312800055527288,0.001048108390336568,-0.041573046733806816,0.0466742932754539,0.0625175268955737,3.0,-0.0525137716512878,"dB(S(ground_T1,ground_T1)) []",-0.0525137716512878
