center_frequency,feed_center,feed_h,feed_r1,freq_step,ground_thickness,lumpedport_D,lumpedport_r,num_of_freq_points,patch_length,patch_name,patch_width,signal_layer_thickness,start_frequency,stop_frequency,sub_high,sub_length,sub_width,sweep_type,unit,Directivity,Directivity_Phi,Directivity_Theta,Directivity_Total,Directivity_dB,Gain,Gain_Phi,Gain_Theta,Gain_Total,Gain_dB,Phi(deg),RealizedGain,RealizedGain_Phi,RealizedGain_Theta,RealizedGain_Total,RealizedGain_dB,Theta(deg),_极值列,_极值数值,_极值类型,rEPhi_Imag,rEPhi_Real,rETheta_Imag,rETheta_Real,rETotal,Freq [GHz],_最小值,_最小值所在列名,"dB(S(ground_T1,ground_T1)) []"
2.5,4.753702030926078,1.575,0.5,0.01GHz,0.035,1.15,1.5,201.0,15.068663171022658,Patch,31.120906578582645,0.035,2.0,3.0,1.575,50.0,60.0,Interpolating,GHz,2.3343052482839104,0.09510210861303545,2.239203139670875,2.3343052482839104,3.6815764647252602,1.9968153328693694,0.08135240616295804,1.9154629267064114,1.9968153328693694,3.003379028155275,25.0,0.016573567262815767,0.0006752249711525516,0.015898342291663217,0.016573567262815767,-17.805840048083986,20.0,RealizedGain,0.016573567262815767,max,-0.0037245694490170914,-0.019780599326717836,-0.02537248987418629,0.09431578268194174,0.09972148531097824,2.735,-0.147077640836555,"dB(S(ground_T1,ground_T1)) []",-0.147077640836555
