center_frequency,feed_center,feed_h,feed_r1,freq_step,ground_thickness,lumpedport_D,lumpedport_r,num_of_freq_points,patch_length,patch_name,patch_width,signal_layer_thickness,start_frequency,stop_frequency,sub_high,sub_length,sub_width,sweep_type,unit,Directivity,Directivity_Phi,Directivity_Theta,Directivity_Total,Directivity_dB,Gain,Gain_Phi,Gain_Theta,Gain_Total,Gain_dB,Phi(deg),RealizedGain,RealizedGain_Phi,RealizedGain_Theta,RealizedGain_Total,RealizedGain_dB,Theta(deg),_极值列,_极值数值,_极值类型,rEPhi_Imag,rEPhi_Real,rETheta_Imag,rETheta_Real,rETotal,Freq [GHz],_最小值,_最小值所在列名,"dB(S(ground_T1,ground_T1)) []"
2.5,2.1163517650061596,1.575,0.5,0.01GHz,0.035,1.15,1.5,201.0,16.320715262094776,Patch,14.49274791553388,0.035,2.0,3.0,1.575,50.0,60.0,Interpolating,GHz,1.4950183879306365,0.0016052875246226142,1.493413100406014,1.4950183879306365,1.74646534284327,1.0901175745327556,0.001170522153370656,1.0889470523793852,1.0901175745327556,0.3747334125901536,-5.0,0.005232564357757227,5.618506336179149e-06,0.0052269458514210485,0.005232564357757227,-22.81285421365397,50.0,RealizedGain,0.005232564357757227,max,0.0008944004336623946,0.0016035058734297214,-0.03191170381798249,0.04602047974056133,0.05603224588877295,3.0,-0.0362938230722962,"dB(S(ground_T1,ground_T1)) []",-0.0362938230722962
