center_frequency,feed_center,feed_h,feed_r1,freq_step,ground_thickness,lumpedport_D,lumpedport_r,num_of_freq_points,patch_length,patch_name,patch_width,signal_layer_thickness,start_frequency,stop_frequency,sub_high,sub_length,sub_width,sweep_type,unit,Directivity,Directivity_Phi,Directivity_Theta,Directivity_Total,Directivity_dB,Gain,Gain_Phi,Gain_Theta,Gain_Total,Gain_dB,Phi(deg),RealizedGain,RealizedGain_Phi,RealizedGain_Theta,RealizedGain_Total,RealizedGain_dB,Theta(deg),_极值列,_极值数值,_极值类型,rEPhi_Imag,rEPhi_Real,rETheta_Imag,rETheta_Real,rETotal,Freq [GHz],_最小值,_最小值所在列名,"dB(S(ground_T1,ground_T1)) []"
2.5,3.2242835002357735,1.575,0.5,0.01GHz,0.035,1.15,1.5,201.0,18.06005928301328,Patch,21.531723776842142,0.035,2.0,3.0,1.575,50.0,60.0,Interpolating,GHz,1.933291053968047,0.008913389400057991,1.9243776645679895,1.933291053968047,2.862972413109553,1.5666324058016934,0.007222918996598717,1.5594094868050947,1.5666324058016934,1.9496710568373552,-5.0,0.00908646795364982,4.1892930180272554e-05,0.00904457502346955,0.00908646795364982,-20.416049007533275,35.0,RealizedGain,0.00908646795364982,max,0.0015054370205369425,0.0047822598905800096,-0.027992064205278947,0.06814189023504985,0.07383772215854098,3.0,-0.0479490158663764,"dB(S(ground_T1,ground_T1)) []",-0.0479490158663764
