center_frequency,feed_center,feed_h,feed_r1,freq_step,ground_thickness,lumpedport_D,lumpedport_r,num_of_freq_points,patch_length,patch_name,patch_width,signal_layer_thickness,start_frequency,stop_frequency,sub_high,sub_length,sub_width,sweep_type,unit,Directivity,Directivity_Phi,Directivity_Theta,Directivity_Total,Directivity_dB,Gain,Gain_Phi,Gain_Theta,Gain_Total,Gain_dB,Phi(deg),RealizedGain,RealizedGain_Phi,RealizedGain_Theta,RealizedGain_Total,RealizedGain_dB,Theta(deg),_极值列,_极值数值,_极值类型,rEPhi_Imag,rEPhi_Real,rETheta_Imag,rETheta_Real,rETotal,Freq [GHz],_最小值,_最小值所在列名,"dB(S(ground_T1,ground_T1)) []"
2.5,7.717176107808421,1.575,0.5,0.01GHz,0.035,1.15,1.5,201.0,14.310138974298642,Patch,49.52532753348113,0.035,2.0,3.0,1.575,50.0,60.0,Interpolating,GHz,1.883734717401503,0.03493889373668355,1.8487958236648185,1.883734717401503,2.7501974193841767,0.23546683967518786,0.004367361717085444,0.23109947795810232,0.23546683967518786,-6.2807024505352596,10.0,0.00018837347174015026,3.493889373668355e-06,0.00018487958236648185,0.00018837347174015026,-37.24980258061582,25.0,RealizedGain,0.00018837347174015026,max,-0.0014478089215474667,-1.5242657564924685e-05,0.00996178766038352,0.003419524731099915,0.010631403754401176,3.0,-0.00515582885077647,"dB(S(ground_T1,ground_T1)) []",-0.00515582885077647
