center_frequency,feed_center,feed_h,feed_r1,freq_step,ground_thickness,lumpedport_D,lumpedport_r,num_of_freq_points,patch_length,patch_name,patch_width,signal_layer_thickness,start_frequency,stop_frequency,sub_high,sub_length,sub_width,sweep_type,unit,Directivity,Directivity_Phi,Directivity_Theta,Directivity_Total,Directivity_dB,Gain,Gain_Phi,Gain_Theta,Gain_Total,Gain_dB,Phi(deg),RealizedGain,RealizedGain_Phi,RealizedGain_Theta,RealizedGain_Total,RealizedGain_dB,Theta(deg),_极值列,_极值数值,_极值类型,rEPhi_Imag,rEPhi_Real,rETheta_Imag,rETheta_Real,rETotal,Freq [GHz],_最小值,_最小值所在列名,"dB(S(ground_T1,ground_T1)) []"
2.5,2.6057329875765176,1.575,0.5,0.01GHz,0.035,1.15,1.5,201.0,23.00834618820658,Patch,17.61618931978201,0.035,2.0,3.0,1.575,50.0,60.0,Interpolating,GHz,1.8389939374877753,0.003595240975323486,1.8353986965124518,1.8389939374877753,2.6458029752521965,1.4585124331799595,0.00285139801491173,1.455661035165048,1.4585124331799595,1.6391013564385637,-5.0,0.008459372112443766,1.6538108486488036e-05,0.008442834003957279,0.008459372112443766,-20.726618707932065,35.0,RealizedGain,0.008459372112443766,max,0.0002425170850807986,0.0031407458236936228,-0.029205158274833515,0.06490669053209099,0.0712442477997509,3.0,-0.0533837891139404,"dB(S(ground_T1,ground_T1)) []",-0.0533837891139404
