center_frequency,feed_center,feed_h,feed_r1,freq_step,ground_thickness,lumpedport_D,lumpedport_r,num_of_freq_points,patch_length,patch_name,patch_width,signal_layer_thickness,start_frequency,stop_frequency,sub_high,sub_length,sub_width,sweep_type,unit,Directivity,Directivity_Phi,Directivity_Theta,Directivity_Total,Directivity_dB,Gain,Gain_Phi,Gain_Theta,Gain_Total,Gain_dB,Phi(deg),RealizedGain,RealizedGain_Phi,RealizedGain_Theta,RealizedGain_Total,RealizedGain_dB,Theta(deg),_极值列,_极值数值,_极值类型,rEPhi_Imag,rEPhi_Real,rETheta_Imag,rETheta_Real,rETotal,Freq [GHz],_最小值,_最小值所在列名,"dB(S(ground_T1,ground_T1)) []"
2.5,3.3467197395465966,1.575,0.5,0.01GHz,0.035,1.15,1.5,201.0,10.00206807033135,Patch,22.303525952810347,0.035,2.0,3.0,1.575,50.0,60.0,Interpolating,GHz,1.7039150478334686,4.882870960407364e-05,1.7038662191238647,1.7039150478334686,2.314479383315884,1.2779362858751013,3.662153220305523e-05,1.2778996643428984,1.2779362858751013,1.065092017232884,0.0,0.007156443200900567,2.050805803371093e-07,0.007156238120320231,0.007156443200900567,-21.45302771270511,35.0,RealizedGain,0.007156443200900567,max,0.00027260811235862894,0.00022076246099856262,-0.01903078151343279,0.06270305721312468,0.06552836851419018,3.0,-0.0417584191506587,"dB(S(ground_T1,ground_T1)) []",-0.0417584191506587
