center_frequency,feed_center,feed_h,feed_r1,freq_step,ground_thickness,lumpedport_D,lumpedport_r,num_of_freq_points,patch_length,patch_name,patch_width,signal_layer_thickness,start_frequency,stop_frequency,sub_high,sub_length,sub_width,sweep_type,unit,Directivity,Directivity_Phi,Directivity_Theta,Directivity_Total,Directivity_dB,Gain,Gain_Phi,Gain_Theta,Gain_Total,Gain_dB,Phi(deg),RealizedGain,RealizedGain_Phi,RealizedGain_Theta,RealizedGain_Total,RealizedGain_dB,Theta(deg),_极值列,_极值数值,_极值类型,rEPhi_Imag,rEPhi_Real,rETheta_Imag,rETheta_Real,rETotal,Freq [GHz],_最小值,_最小值所在列名,"dB(S(ground_T1,ground_T1)) []"
2.5,7.381825337500325,1.575,0.5,0.01GHz,0.035,1.15,1.5,201.0,13.285946001175844,Patch,47.44918431878638,0.035,2.0,3.0,1.575,50.0,60.0,Interpolating,GHz,1.1233237662758246,0.18668374971943655,0.9366400165563884,1.1233237662758246,0.5050494739383297,0.14041547078447808,0.02333546871492957,0.11708000206954855,0.14041547078447808,-8.525850395981106,40.0,0.00011233237662758247,1.8668374971943654e-05,9.366400165563885e-05,0.00011233237662758247,-39.49495052606167,30.0,RealizedGain,0.00011233237662758247,max,-0.003337472177267688,0.00025013663292606977,0.006482718969394681,0.0037648479040526426,0.00820981204693303,3.0,-0.00441822399396927,"dB(S(ground_T1,ground_T1)) []",-0.00441822399396927
