center_frequency,feed_center,feed_h,feed_r1,freq_step,ground_thickness,lumpedport_D,lumpedport_r,num_of_freq_points,patch_length,patch_name,patch_width,signal_layer_thickness,start_frequency,stop_frequency,sub_high,sub_length,sub_width,sweep_type,unit,Directivity,Directivity_Phi,Directivity_Theta,Directivity_Total,Directivity_dB,Gain,Gain_Phi,Gain_Theta,Gain_Total,Gain_dB,Phi(deg),RealizedGain,RealizedGain_Phi,RealizedGain_Theta,RealizedGain_Total,RealizedGain_dB,Theta(deg),_极值列,_极值数值,_极值类型,rEPhi_Imag,rEPhi_Real,rETheta_Imag,rETheta_Real,rETotal,Freq [GHz],_最小值,_最小值所在列名,"dB(S(ground_T1,ground_T1)) []"
2.5,5.285712959842296,1.575,0.5,0.01GHz,0.035,1.15,1.5,201.0,21.563278412584378,Patch,34.43720321628941,0.035,2.0,3.0,1.575,50.0,60.0,Interpolating,GHz,3.0060649670673403,0.029975216248196674,2.976089750819145,3.0060649670673403,4.779983623233975,2.7532183810523305,0.027453936376853026,2.7257644446754785,2.7532183810523305,4.398406603306828,-5.0,0.029459436677259934,0.00029375711923232737,0.02916567955802762,0.029459436677259934,-15.307755619841076,15.0,RealizedGain,0.029459436677259934,max,-0.0003184060024150565,0.013272416567753851,-0.025231542186916752,0.12985834314313233,0.13295141379067776,3.0,-0.123847435381177,"dB(S(ground_T1,ground_T1)) []",-0.123847435381177
