center_frequency,feed_center,feed_h,feed_r1,freq_step,ground_thickness,lumpedport_D,lumpedport_r,num_of_freq_points,patch_length,patch_name,patch_width,signal_layer_thickness,start_frequency,stop_frequency,sub_high,sub_length,sub_width,sweep_type,unit,Directivity,Directivity_Phi,Directivity_Theta,Directivity_Total,Directivity_dB,Gain,Gain_Phi,Gain_Theta,Gain_Total,Gain_dB,Phi(deg),RealizedGain,RealizedGain_Phi,RealizedGain_Theta,RealizedGain_Total,RealizedGain_dB,Theta(deg),_极值列,_极值数值,_极值类型,rEPhi_Imag,rEPhi_Real,rETheta_Imag,rETheta_Real,rETotal,Freq [GHz],_最小值,_最小值所在列名,"dB(S(ground_T1,ground_T1)) []"
2.5,2.1059555967580783,1.575,0.5,0.01GHz,0.035,1.15,1.5,201.0,26.742949086169624,Patch,14.426077264083029,0.035,2.0,3.0,1.575,50.0,60.0,Interpolating,GHz,1.8212664701096686,0.004684521535847698,1.816581948573821,1.8212664701096686,2.6037349221546746,1.4444527176731854,0.0037153101836033472,1.440737407489582,1.4444527176731854,1.5970333033410422,-5.0,0.008377825762504475,2.154879906489941e-05,0.008356276963439576,0.008377825762504475,-20.768686761029585,40.0,RealizedGain,0.008377825762504475,max,-0.00029304708271249923,0.0035838118600679883,-0.036035202642832345,0.06095365836717938,0.07090002737583292,3.0,-0.0656313356143184,"dB(S(ground_T1,ground_T1)) []",-0.0656313356143184
