center_frequency,feed_center,feed_h,feed_r1,freq_step,ground_thickness,lumpedport_D,lumpedport_r,num_of_freq_points,patch_length,patch_name,patch_width,signal_layer_thickness,start_frequency,stop_frequency,sub_high,sub_length,sub_width,sweep_type,unit,Directivity,Directivity_Phi,Directivity_Theta,Directivity_Total,Directivity_dB,Gain,Gain_Phi,Gain_Theta,Gain_Total,Gain_dB,Phi(deg),RealizedGain,RealizedGain_Phi,RealizedGain_Theta,RealizedGain_Total,RealizedGain_dB,Theta(deg),_极值列,_极值数值,_极值类型,rEPhi_Imag,rEPhi_Real,rETheta_Imag,rETheta_Real,rETotal,Freq [GHz],_最小值,_最小值所在列名,"dB(S(ground_T1,ground_T1)) []"
2.5,4.287507459649943,1.575,0.5,0.01GHz,0.035,1.15,1.5,201.0,18.148880806223275,Patch,28.20807372827109,0.035,2.0,3.0,1.575,50.0,60.0,Interpolating,GHz,2.3381453450543384,0.006126920802616992,2.3320184242517223,2.3381453450543384,3.6887150451320423,2.030494641757715,0.0053207470127989666,2.0251738947449165,2.030494641757715,3.0760184777428154,-10.0,0.015431759277358636,4.0437677297272153e-05,0.015391321600061368,0.015431759277358636,-18.11584559944927,20.0,RealizedGain,0.015431759277358636,max,0.002972618636119288,-0.00392768588708234,-0.023782928207671555,0.09310952072297266,0.09622511990834993,2.93,-0.359815366333364,"dB(S(ground_T1,ground_T1)) []",-0.359815366333364
