center_frequency,feed_center,feed_h,feed_r1,freq_step,ground_thickness,lumpedport_D,lumpedport_r,num_of_freq_points,patch_length,patch_name,patch_width,signal_layer_thickness,start_frequency,stop_frequency,sub_high,sub_length,sub_width,sweep_type,unit,Directivity,Directivity_Phi,Directivity_Theta,Directivity_Total,Directivity_dB,Gain,Gain_Phi,Gain_Theta,Gain_Total,Gain_dB,Phi(deg),RealizedGain,RealizedGain_Phi,RealizedGain_Theta,RealizedGain_Total,RealizedGain_dB,Theta(deg),_极值列,_极值数值,_极值类型,rEPhi_Imag,rEPhi_Real,rETheta_Imag,rETheta_Real,rETotal,Freq [GHz],_最小值,_最小值所在列名,"dB(S(ground_T1,ground_T1)) []"
2.5,1.9511491121900733,1.575,0.5,0.01GHz,0.035,1.15,1.5,201.0,20.765182534504028,Patch,13.431448960747574,0.035,2.0,3.0,1.575,50.0,60.0,Interpolating,GHz,1.5389003400228771,0.0015771971428437663,1.5373231428800334,1.5389003400228771,1.872104956082325,1.138786251616929,0.001167125885704387,1.1376191257312247,1.138786251616929,0.5644221533920863,5.0,0.005693931258084645,5.835629428521935e-06,0.0056880956286561235,0.005693931258084645,-22.445877803247726,50.0,RealizedGain,0.005693931258084645,max,-0.0003208924566645169,-0.001843498895485048,-0.03669466771312095,0.045458103154941795,0.058450314294861486,3.0,-0.0397297001101942,"dB(S(ground_T1,ground_T1)) []",-0.0397297001101942
