center_frequency,feed_center,feed_h,feed_r1,freq_step,ground_thickness,lumpedport_D,lumpedport_r,num_of_freq_points,patch_length,patch_name,patch_width,signal_layer_thickness,start_frequency,stop_frequency,sub_high,sub_length,sub_width,sweep_type,unit,Directivity,Directivity_Phi,Directivity_Theta,Directivity_Total,Directivity_dB,Gain,Gain_Phi,Gain_Theta,Gain_Total,Gain_dB,Phi(deg),RealizedGain,RealizedGain_Phi,RealizedGain_Theta,RealizedGain_Total,RealizedGain_dB,Theta(deg),_极值列,_极值数值,_极值类型,rEPhi_Imag,rEPhi_Real,rETheta_Imag,rETheta_Real,rETotal,Freq [GHz],_最小值,_最小值所在列名,"dB(S(ground_T1,ground_T1)) []"
2.5,2.8660861461315776,1.575,0.5,0.01GHz,0.035,1.15,1.5,201.0,13.370886332268594,Patch,19.267947754577477,0.035,2.0,3.0,1.575,50.0,60.0,Interpolating,GHz,1.6887933833888389,0.00013888105447241393,1.6886545023343664,1.6887933833888389,2.2757651875806433,1.2745610440670483,0.00010481589016785957,1.2744562281768803,1.2745610440670483,1.0536064048523768,0.0,0.006755173533555356,5.555242178896556e-07,0.006754618009337466,0.006755173533555356,-21.703634899139736,40.0,RealizedGain,0.006755173533555356,max,0.0005472996477407936,0.00018380826669381052,-0.024712355855678894,0.05866997318282538,0.06366474383514378,3.0,-0.0402221602496941,"dB(S(ground_T1,ground_T1)) []",-0.0402221602496941
