center_frequency,feed_center,feed_h,feed_r1,freq_step,ground_thickness,lumpedport_D,lumpedport_r,num_of_freq_points,patch_length,patch_name,patch_width,signal_layer_thickness,start_frequency,stop_frequency,sub_high,sub_length,sub_width,sweep_type,unit,Directivity,Directivity_Phi,Directivity_Theta,Directivity_Total,Directivity_dB,Gain,Gain_Phi,Gain_Theta,Gain_Total,Gain_dB,Phi(deg),RealizedGain,RealizedGain_Phi,RealizedGain_Theta,RealizedGain_Total,RealizedGain_dB,Theta(deg),_极值列,_极值数值,_极值类型,rEPhi_Imag,rEPhi_Real,rETheta_Imag,rETheta_Real,rETotal,Freq [GHz],_最小值,_最小值所在列名,"dB(S(ground_T1,ground_T1)) []"
2.5,2.6550662429486622,1.575,0.5,0.01GHz,0.035,1.15,1.5,201.0,18.830621751020225,Patch,17.92963788268292,0.035,2.0,3.0,1.575,50.0,60.0,Interpolating,GHz,1.7362081588211113,0.00015395941941361805,1.7360541994016978,1.7362081588211113,2.396017927344042,1.350384123527531,0.00011974621509948071,1.3502643773124317,1.350384123527531,1.3045732330933613,0.0,0.007292074267048666,6.466295615371958e-07,0.0072914276374871296,0.007292074267048666,-21.371489168676952,40.0,RealizedGain,0.007292074267048666,max,0.0005567444836852256,-0.0002793250028414793,-0.03015078386042136,0.05887180889655275,0.06614641061333108,3.0,-0.0444864082119914,"dB(S(ground_T1,ground_T1)) []",-0.0444864082119914
