center_frequency,feed_center,feed_h,feed_r1,freq_step,ground_thickness,lumpedport_D,lumpedport_r,num_of_freq_points,patch_length,patch_name,patch_width,signal_layer_thickness,start_frequency,stop_frequency,sub_high,sub_length,sub_width,sweep_type,unit,Directivity,Directivity_Phi,Directivity_Theta,Directivity_Total,Directivity_dB,Gain,Gain_Phi,Gain_Theta,Gain_Total,Gain_dB,Phi(deg),RealizedGain,RealizedGain_Phi,RealizedGain_Theta,RealizedGain_Total,RealizedGain_dB,Theta(deg),_极值列,_极值数值,_极值类型,rEPhi_Imag,rEPhi_Real,rETheta_Imag,rETheta_Real,rETotal,Freq [GHz],_最小值,_最小值所在列名,"dB(S(ground_T1,ground_T1)) []"
2.5,2.2626316807867024,1.575,0.5,0.01GHz,0.035,1.15,1.5,201.0,27.284868775882668,Patch,15.429315122145562,0.035,2.0,3.0,1.575,50.0,60.0,Interpolating,GHz,1.8670383209301546,0.007380134773016383,1.8596581861571386,1.8670383209301546,2.711532319274994,1.5247479620929594,0.006027110064630046,1.5187208520283297,1.5247479620929594,1.8319806157236935,-5.0,0.009148487772557758,3.616266038778027e-05,0.00911232511216998,0.009148487772557758,-20.386506880439867,35.0,RealizedGain,0.009148487772557758,max,0.0001497116212706561,0.00465571625411553,-0.03409979086923075,0.06561042704366017,0.07408928385120958,3.0,-0.0903624869286666,"dB(S(ground_T1,ground_T1)) []",-0.0903624869286666
