center_frequency,feed_center,feed_h,feed_r1,freq_step,ground_thickness,lumpedport_D,lumpedport_r,num_of_freq_points,patch_length,patch_name,patch_width,signal_layer_thickness,start_frequency,stop_frequency,sub_high,sub_length,sub_width,sweep_type,unit,Directivity,Directivity_Phi,Directivity_Theta,Directivity_Total,Directivity_dB,Gain,Gain_Phi,Gain_Theta,Gain_Total,Gain_dB,Phi(deg),RealizedGain,RealizedGain_Phi,RealizedGain_Theta,RealizedGain_Total,RealizedGain_dB,Theta(deg),_极值列,_极值数值,_极值类型,rEPhi_Imag,rEPhi_Real,rETheta_Imag,rETheta_Real,rETotal,Freq [GHz],_最小值,_最小值所在列名,"dB(S(ground_T1,ground_T1)) []"
2.5,2.1708206965947725,1.575,0.5,0.01GHz,0.035,1.15,1.5,201.0,27.935318513863876,Patch,14.841816259940968,0.035,2.0,3.0,1.575,50.0,60.0,Interpolating,GHz,2.8767561994475868,0.001308999555836815,2.8754471998917506,2.8767561994475868,4.5890305767722035,2.4830948247863383,0.0011298733008275668,2.4819649514855104,2.4830948247863383,3.9499330477208927,5.0,0.023589400835470214,1.0733796357861884e-05,0.023578667039112353,0.023589400835470214,-16.27283089939063,15.0,RealizedGain,0.023589400835470214,max,-0.0019963712416303635,-0.001566822072674266,-0.01801106218197278,0.1175718297797797,0.11897047511139144,3.0,-8.58060811095268,"dB(S(ground_T1,ground_T1)) []",-8.58060811095268
