center_frequency,feed_center,feed_h,feed_r1,freq_step,ground_thickness,lumpedport_D,lumpedport_r,num_of_freq_points,patch_length,patch_name,patch_width,signal_layer_thickness,start_frequency,stop_frequency,sub_high,sub_length,sub_width,sweep_type,unit,Directivity,Directivity_Phi,Directivity_Theta,Directivity_Total,Directivity_dB,Gain,Gain_Phi,Gain_Theta,Gain_Total,Gain_dB,Phi(deg),RealizedGain,RealizedGain_Phi,RealizedGain_Theta,RealizedGain_Total,RealizedGain_dB,Theta(deg),_极值列,_极值数值,_极值类型,rEPhi_Imag,rEPhi_Real,rETheta_Imag,rETheta_Real,rETotal,Freq [GHz],_最小值,_最小值所在列名,"dB(S(ground_T1,ground_T1)) []"
2.5,2.1826540077208327,1.575,0.5,0.01GHz,0.035,1.15,1.5,201.0,13.478209292274826,Patch,14.917598511797493,0.035,2.0,3.0,1.575,50.0,60.0,Interpolating,GHz,1.5318248169257604,0.015352419862598365,1.5164723970631626,1.5318248169257604,1.8520910120213188,1.0531295616364604,0.010554788655536376,1.0425747729809243,1.0531295616364604,0.224818037044322,-20.0,0.00505502189585501,5.0662985546574604e-05,0.005004358910308437,0.00505502189585501,-22.962769589199805,50.0,RealizedGain,0.00505502189585501,max,0.002657869494196824,0.004830552476082655,-0.02930695767941261,0.04630106172281143,0.05507344725505065,3.0,-0.0348145774492795,"dB(S(ground_T1,ground_T1)) []",-0.0348145774492795
