center_frequency,feed_center,feed_h,feed_r1,freq_step,ground_thickness,lumpedport_D,lumpedport_r,num_of_freq_points,patch_length,patch_name,patch_width,signal_layer_thickness,start_frequency,stop_frequency,sub_high,sub_length,sub_width,sweep_type,unit,Directivity,Directivity_Phi,Directivity_Theta,Directivity_Total,Directivity_dB,Gain,Gain_Phi,Gain_Theta,Gain_Total,Gain_dB,Phi(deg),RealizedGain,RealizedGain_Phi,RealizedGain_Theta,RealizedGain_Total,RealizedGain_dB,Theta(deg),_极值列,_极值数值,_极值类型,rEPhi_Imag,rEPhi_Real,rETheta_Imag,rETheta_Real,rETotal,Freq [GHz],_最小值,_最小值所在列名,"dB(S(ground_T1,ground_T1)) []"
2.5,2.237246413666648,1.575,0.5,0.01GHz,0.035,1.15,1.5,201.0,43.53417068959113,Patch,15.266981560923501,0.035,2.0,3.0,1.575,50.0,60.0,Interpolating,GHz,2.7356684454861617,0.019637602258544738,2.7160308432276152,2.7356684454861617,4.3706346109589775,2.359200310786231,0.016935179929387204,2.3422651308568425,2.359200310786231,3.727648167549727,175.0,0.02571528338756992,0.00018459346123032055,0.025530689926339584,0.02571528338756992,-15.898086853044035,5.0,RealizedGain,0.02571528338756992,max,0.001265782255454141,0.010447797917877292,0.00024070314603910235,0.12376880425113072,0.124215673446672,2.19,-10.5811775534373,"dB(S(ground_T1,ground_T1)) []",-10.5811775534373
