center_frequency,feed_center,feed_h,feed_r1,freq_step,ground_thickness,lumpedport_D,lumpedport_r,num_of_freq_points,patch_length,patch_name,patch_width,signal_layer_thickness,start_frequency,stop_frequency,sub_high,sub_length,sub_width,sweep_type,unit,Directivity,Directivity_Phi,Directivity_Theta,Directivity_Total,Directivity_dB,Gain,Gain_Phi,Gain_Theta,Gain_Total,Gain_dB,Phi(deg),RealizedGain,RealizedGain_Phi,RealizedGain_Theta,RealizedGain_Total,RealizedGain_dB,Theta(deg),_极值列,_极值数值,_极值类型,rEPhi_Imag,rEPhi_Real,rETheta_Imag,rETheta_Real,rETotal,Freq [GHz],_最小值,_最小值所在列名,"dB(S(ground_T1,ground_T1)) []"
2.5,1.541055350135212,1.575,0.5,0.01GHz,0.035,1.15,1.5,201.0,44.002750054334875,Patch,10.776642321536947,0.035,2.0,3.0,1.575,50.0,60.0,Interpolating,GHz,1.6993331166566956,0.02057245198855451,1.6787606646681414,1.6993331166566956,2.3027852103806206,1.383178118208938,0.016745019060451345,1.366433099148487,1.383178118208938,1.4087810980875108,170.0,0.011895331816596867,0.00014400716391988155,0.01175132465267699,0.011895331816596867,-19.24623438947681,20.0,RealizedGain,0.011895331816596867,max,-0.00019394995351525082,0.009293477141224043,-0.02855268700008175,0.0789664800217115,0.08448294050222754,2.19,-18.2302158843057,"dB(S(ground_T1,ground_T1)) []",-18.2302158843057
