center_frequency,feed_center,feed_h,feed_r1,freq_step,ground_thickness,lumpedport_D,lumpedport_r,num_of_freq_points,patch_length,patch_name,patch_width,signal_layer_thickness,start_frequency,stop_frequency,sub_high,sub_length,sub_width,sweep_type,unit,Directivity,Directivity_Phi,Directivity_Theta,Directivity_Total,Directivity_dB,Gain,Gain_Phi,Gain_Theta,Gain_Total,Gain_dB,Phi(deg),RealizedGain,RealizedGain_Phi,RealizedGain_Theta,RealizedGain_Total,RealizedGain_dB,Theta(deg),_极值列,_极值数值,_极值类型,rEPhi_Imag,rEPhi_Real,rETheta_Imag,rETheta_Real,rETotal,Freq [GHz],_最小值,_最小值所在列名,"dB(S(ground_T1,ground_T1)) []"
2.5,3.480887999618522,1.575,0.5,0.01GHz,0.035,1.15,1.5,201.0,26.33983992637222,Patch,23.148257349605814,0.035,2.0,3.0,1.575,50.0,60.0,Interpolating,GHz,2.7652504631513155,0.023844140063560556,2.7414063230877543,2.7652504631513155,4.417344737377293,2.430989418155003,0.020961881374558733,2.4100275367804436,2.430989418155003,3.857830684085793,-10.0,0.022122003705210527,0.00019075312050848445,0.021931250584702036,0.022122003705210527,-16.55175539270327,20.0,RealizedGain,0.022122003705210527,max,0.0013697689148082664,0.010610292258347196,-0.0277268060900124,0.11131165519884029,0.11521074137312969,3.0,-0.431348052499076,"dB(S(ground_T1,ground_T1)) []",-0.431348052499076
