center_frequency,feed_center,feed_h,feed_r1,freq_step,ground_thickness,lumpedport_D,lumpedport_r,num_of_freq_points,patch_length,patch_name,patch_width,signal_layer_thickness,start_frequency,stop_frequency,sub_high,sub_length,sub_width,sweep_type,unit,Directivity,Directivity_Phi,Directivity_Theta,Directivity_Total,Directivity_dB,Gain,Gain_Phi,Gain_Theta,Gain_Total,Gain_dB,Phi(deg),RealizedGain,RealizedGain_Phi,RealizedGain_Theta,RealizedGain_Total,RealizedGain_dB,Theta(deg),_极值列,_极值数值,_极值类型,rEPhi_Imag,rEPhi_Real,rETheta_Imag,rETheta_Real,rETotal,Freq [GHz],_最小值,_最小值所在列名,"dB(S(ground_T1,ground_T1)) []"
2.5,3.845331443361617,1.575,0.5,0.01GHz,0.035,1.15,1.5,201.0,15.970713101499804,Patch,25.437989955676052,0.035,2.0,3.0,1.575,50.0,60.0,Interpolating,GHz,2.1496456230505867,0.0013310823554570884,2.1483145406951296,2.1496456230505867,3.3236687078129745,1.796718729713923,0.0011125464463521931,1.795606183267571,1.796718729713923,2.544800950866714,5.0,0.012038015489083283,7.454061190559695e-06,0.012030561427892727,0.012038015489083283,-19.194451022125023,30.0,RealizedGain,0.012038015489083283,max,-0.0017883672434855944,-0.0011288421870752593,-0.026509360746836623,0.0807202620598248,0.0849881136176913,3.0,-0.0562014661622644,"dB(S(ground_T1,ground_T1)) []",-0.0562014661622644
