center_frequency,feed_center,feed_h,feed_r1,freq_step,ground_thickness,lumpedport_D,lumpedport_r,num_of_freq_points,patch_length,patch_name,patch_width,signal_layer_thickness,start_frequency,stop_frequency,sub_high,sub_length,sub_width,sweep_type,unit,Directivity,Directivity_Phi,Directivity_Theta,Directivity_Total,Directivity_dB,Gain,Gain_Phi,Gain_Theta,Gain_Total,Gain_dB,Phi(deg),RealizedGain,RealizedGain_Phi,RealizedGain_Theta,RealizedGain_Total,RealizedGain_dB,Theta(deg),_极值列,_极值数值,_极值类型,rEPhi_Imag,rEPhi_Real,rETheta_Imag,rETheta_Real,rETotal,Freq [GHz],_最小值,_最小值所在列名,"dB(S(ground_T1,ground_T1)) []"
2.5,4.84248801135428,1.575,0.5,0.01GHz,0.035,1.15,1.5,201.0,18.860781778131212,Patch,31.674883855413658,0.035,2.0,3.0,1.575,50.0,60.0,Interpolating,GHz,2.6585872084801507,0.001790480929814609,2.6567967275503372,2.6585872084801507,4.2465091085689775,2.3727176161704575,0.0015979560986517478,2.3711196600718067,2.3727176161704575,3.7524605467903664,-5.0,0.022066273830385254,1.4860991717461254e-05,0.022051412838667798,0.022066273830385254,-16.56270996767028,15.0,RealizedGain,0.022066273830385254,max,0.0027028658156661224,0.001269378383257497,-0.022914360138045826,0.11272130015862289,0.11506553009083038,3.0,-0.0984269744767745,"dB(S(ground_T1,ground_T1)) []",-0.0984269744767745
