center_frequency,feed_center,feed_h,feed_r1,freq_step,ground_thickness,lumpedport_D,lumpedport_r,num_of_freq_points,patch_length,patch_name,patch_width,signal_layer_thickness,start_frequency,stop_frequency,sub_high,sub_length,sub_width,sweep_type,unit,Directivity,Directivity_Phi,Directivity_Theta,Directivity_Total,Directivity_dB,Gain,Gain_Phi,Gain_Theta,Gain_Total,Gain_dB,Phi(deg),RealizedGain,RealizedGain_Phi,RealizedGain_Theta,RealizedGain_Total,RealizedGain_dB,Theta(deg),_极值列,_极值数值,_极值类型,rEPhi_Imag,rEPhi_Real,rETheta_Imag,rETheta_Real,rETotal,Freq [GHz],_最小值,_最小值所在列名,"dB(S(ground_T1,ground_T1)) []"
2.5,4.813180243060488,1.575,0.5,0.01GHz,0.035,1.15,1.5,201.0,11.856673771598807,Patch,31.492044014924126,0.035,2.0,3.0,1.575,50.0,60.0,Interpolating,GHz,2.3274932613077723,0.5992083277565652,1.7282849335512072,2.3274932613077723,3.668884322608619,1.9345398535545117,0.4980432854080542,1.4364965681464577,1.9345398535545117,2.8657768107226715,-70.0,0.014895956872369743,0.0038349332976420174,0.011061023574727725,0.014895956872369743,-18.26931593755251,30.0,RealizedGain,0.014895956872369743,max,0.002952852050744622,0.04787791611885613,-0.047931105072417136,0.06587396802979556,0.09453985765047157,2.69,-0.339091400347644,"dB(S(ground_T1,ground_T1)) []",-0.339091400347644
