center_frequency,feed_center,feed_h,feed_r1,freq_step,ground_thickness,lumpedport_D,lumpedport_r,num_of_freq_points,patch_length,patch_name,patch_width,signal_layer_thickness,start_frequency,stop_frequency,sub_high,sub_length,sub_width,sweep_type,unit,Directivity,Directivity_Phi,Directivity_Theta,Directivity_Total,Directivity_dB,Gain,Gain_Phi,Gain_Theta,Gain_Total,Gain_dB,Phi(deg),RealizedGain,RealizedGain_Phi,RealizedGain_Theta,RealizedGain_Total,RealizedGain_dB,Theta(deg),_极值列,_极值数值,_极值类型,rEPhi_Imag,rEPhi_Real,rETheta_Imag,rETheta_Real,rETotal,Freq [GHz],_最小值,_最小值所在列名,"dB(S(ground_T1,ground_T1)) []"
2.5,1.7250665086130925,1.575,0.5,0.01GHz,0.035,1.15,1.5,201.0,34.143330749994234,Patch,11.971879014792972,0.035,2.0,3.0,1.575,50.0,60.0,Interpolating,GHz,2.3240348295538125,0.00022593886553449042,2.3238088906882783,2.3240348295538125,3.6624263239715757,1.9265025560775024,0.0001872914280088539,1.9263152646494937,1.9265025560775024,2.847695895699479,0.0,0.014641419426189019,1.4234148528672898e-06,0.014639996011336153,0.014641419426189019,-18.344168181492606,25.0,RealizedGain,0.014641419426189019,max,0.0006310972978735139,-0.0006751186806449513,-0.029881414985549387,0.08883302082159007,0.09372864353472747,2.8,-5.93130387796865,"dB(S(ground_T1,ground_T1)) []",-5.93130387796865
