center_frequency,feed_center,feed_h,feed_r1,freq_step,ground_thickness,lumpedport_D,lumpedport_r,num_of_freq_points,patch_length,patch_name,patch_width,signal_layer_thickness,start_frequency,stop_frequency,sub_high,sub_length,sub_width,sweep_type,unit,Directivity,Directivity_Phi,Directivity_Theta,Directivity_Total,Directivity_dB,Gain,Gain_Phi,Gain_Theta,Gain_Total,Gain_dB,Phi(deg),RealizedGain,RealizedGain_Phi,RealizedGain_Theta,RealizedGain_Total,RealizedGain_dB,Theta(deg),_极值列,_极值数值,_极值类型,rEPhi_Imag,rEPhi_Real,rETheta_Imag,rETheta_Real,rETotal,Freq [GHz],_最小值,_最小值所在列名,"dB(S(ground_T1,ground_T1)) []"
2.5,3.1370868270284307,1.575,0.5,0.01GHz,0.035,1.15,1.5,201.0,20.284600926497838,Patch,20.98147901319268,0.035,2.0,3.0,1.575,50.0,60.0,Interpolating,GHz,2.199576100397354,0.06150960932357339,2.1380664910737806,2.199576100397354,3.4233899218735653,1.8434542555711155,0.051550910671185314,1.7919033448999302,1.8434542555711155,2.6563236526758702,-15.0,0.019356269683496713,0.0005412845620474459,0.018814985121449267,0.019356269683496713,-17.131783356624748,25.0,RealizedGain,0.019356269683496713,max,0.001716549368080936,0.017939672427325977,-0.03583690905017333,0.10002486181446027,0.10776843424586387,3.0,-0.201775406035231,"dB(S(ground_T1,ground_T1)) []",-0.201775406035231
