center_frequency,feed_center,feed_h,feed_r1,freq_step,ground_thickness,lumpedport_D,lumpedport_r,num_of_freq_points,patch_length,patch_name,patch_width,signal_layer_thickness,start_frequency,stop_frequency,sub_high,sub_length,sub_width,sweep_type,unit,Directivity,Directivity_Phi,Directivity_Theta,Directivity_Total,Directivity_dB,Gain,Gain_Phi,Gain_Theta,Gain_Total,Gain_dB,Phi(deg),RealizedGain,RealizedGain_Phi,RealizedGain_Theta,RealizedGain_Total,RealizedGain_dB,Theta(deg),_极值列,_极值数值,_极值类型,rEPhi_Imag,rEPhi_Real,rETheta_Imag,rETheta_Real,rETotal,Freq [GHz],_最小值,_最小值所在列名,"dB(S(ground_T1,ground_T1)) []"
2.5,2.002285110026546,1.575,0.5,0.01GHz,0.035,1.15,1.5,201.0,26.701248314350778,Patch,13.760393290274216,0.035,2.0,3.0,1.575,50.0,60.0,Interpolating,GHz,1.7808835313438571,0.011942650128620828,1.7689408812152367,1.7808835313438571,2.5063551780763045,1.4059606826398874,0.0094284079962796,1.396532274643608,1.4059606826398874,1.4797317591048278,-10.0,0.008013975891047357,5.374192557879372e-05,0.007960233965468567,0.008013975891047357,-20.96151968417026,40.0,RealizedGain,0.008013975891047357,max,0.001189646012246594,0.005552536121401672,-0.036292713618535255,0.05881404457291336,0.06934334009719735,3.0,-0.0642559150291747,"dB(S(ground_T1,ground_T1)) []",-0.0642559150291747
