center_frequency,feed_center,feed_h,feed_r1,freq_step,ground_thickness,lumpedport_D,lumpedport_r,num_of_freq_points,patch_length,patch_name,patch_width,signal_layer_thickness,start_frequency,stop_frequency,sub_high,sub_length,sub_width,sweep_type,unit,Directivity,Directivity_Phi,Directivity_Theta,Directivity_Total,Directivity_dB,Gain,Gain_Phi,Gain_Theta,Gain_Total,Gain_dB,Phi(deg),RealizedGain,RealizedGain_Phi,RealizedGain_Theta,RealizedGain_Total,RealizedGain_dB,Theta(deg),_极值列,_极值数值,_极值类型,rEPhi_Imag,rEPhi_Real,rETheta_Imag,rETheta_Real,rETotal,Freq [GHz],_最小值,_最小值所在列名,"dB(S(ground_T1,ground_T1)) []"
2.5,2.823266743258027,1.575,0.5,0.01GHz,0.035,1.15,1.5,201.0,10.989656052017684,Patch,18.996688094720326,0.035,2.0,3.0,1.575,50.0,60.0,Interpolating,GHz,1.6584261861762806,0.011154188520232604,1.6472719976560481,1.6584261861762806,2.1969614655208254,1.1800340170869688,0.007936634139396277,1.1720973829475727,1.1800340170869688,0.7189452698427834,-10.0,0.006136176888852238,4.1270497524860634e-05,0.006094906391327377,0.006136176888852238,-22.12102129380923,40.0,RealizedGain,0.006136176888852238,max,0.0021999542178532784,0.00446352812599923,-0.021191497903903414,0.056638771223157,0.060677779054382805,3.0,-0.0379338882709612,"dB(S(ground_T1,ground_T1)) []",-0.0379338882709612
