center_frequency,feed_center,feed_h,feed_r1,freq_step,ground_thickness,lumpedport_D,lumpedport_r,num_of_freq_points,patch_length,patch_name,patch_width,signal_layer_thickness,start_frequency,stop_frequency,sub_high,sub_length,sub_width,sweep_type,unit,Directivity,Directivity_Phi,Directivity_Theta,Directivity_Total,Directivity_dB,Gain,Gain_Phi,Gain_Theta,Gain_Total,Gain_dB,Phi(deg),RealizedGain,RealizedGain_Phi,RealizedGain_Theta,RealizedGain_Total,RealizedGain_dB,Theta(deg),_极值列,_极值数值,_极值类型,rEPhi_Imag,rEPhi_Real,rETheta_Imag,rETheta_Real,rETotal,Freq [GHz],_最小值,_最小值所在列名,"dB(S(ground_T1,ground_T1)) []"
2.5,1.9171913337052748,1.575,0.5,0.01GHz,0.035,1.15,1.5,201.0,10.843485969623185,Patch,13.21277953036903,0.035,2.0,3.0,1.575,50.0,60.0,Interpolating,GHz,1.4719463499541747,0.0001767169061985653,1.4717696330479761,1.4719463499541747,1.6789198096379483,0.9279661771450232,0.00011140848434257375,0.9278547686606805,0.9279661771450232,-0.32467852818823173,5.0,0.004268644414867106,5.124790279758394e-07,0.00426813193583913,0.004268644414867106,-23.697100211372494,55.0,RealizedGain,0.004268644414867106,max,-0.00039109482507217614,-0.0003931151214494892,-0.026089186735511978,0.04336235497497969,0.05060876394615335,3.0,-0.0320264497371392,"dB(S(ground_T1,ground_T1)) []",-0.0320264497371392
