center_frequency,feed_center,feed_h,feed_r1,freq_step,ground_thickness,lumpedport_D,lumpedport_r,num_of_freq_points,patch_length,patch_name,patch_width,signal_layer_thickness,start_frequency,stop_frequency,sub_high,sub_length,sub_width,sweep_type,unit,Directivity,Directivity_Phi,Directivity_Theta,Directivity_Total,Directivity_dB,Gain,Gain_Phi,Gain_Theta,Gain_Total,Gain_dB,Phi(deg),RealizedGain,RealizedGain_Phi,RealizedGain_Theta,RealizedGain_Total,RealizedGain_dB,Theta(deg),_极值列,_极值数值,_极值类型,rEPhi_Imag,rEPhi_Real,rETheta_Imag,rETheta_Real,rETotal,Freq [GHz],_最小值,_最小值所在列名,"dB(S(ground_T1,ground_T1)) []"
2.5,3.7697750867533384,1.575,0.5,0.01GHz,0.035,1.15,1.5,201.0,12.912420373244252,Patch,24.96381909732901,0.035,2.0,3.0,1.575,50.0,60.0,Interpolating,GHz,1.887053547499406,0.007982620754681582,1.8790709267447248,1.887053547499406,2.7578422398769673,1.5158298988109984,0.006412269130809795,1.5094176296801887,1.5158298988109984,1.8065046900544346,-5.0,0.009246562382747089,3.911484169793975e-05,0.00920744754104915,0.009246562382747089,-20.340196959837897,30.0,RealizedGain,0.009246562382747089,max,0.0016684231943246471,0.0045481668801336415,-0.020205302890077017,0.07152862651570646,0.07448535516481132,3.0,-0.0481912245707704,"dB(S(ground_T1,ground_T1)) []",-0.0481912245707704
