center_frequency,feed_center,feed_h,feed_r1,freq_step,ground_thickness,lumpedport_D,lumpedport_r,num_of_freq_points,patch_length,patch_name,patch_width,signal_layer_thickness,start_frequency,stop_frequency,sub_high,sub_length,sub_width,sweep_type,unit,Directivity,Directivity_Phi,Directivity_Theta,Directivity_Total,Directivity_dB,Gain,Gain_Phi,Gain_Theta,Gain_Total,Gain_dB,Phi(deg),RealizedGain,RealizedGain_Phi,RealizedGain_Theta,RealizedGain_Total,RealizedGain_dB,Theta(deg),_极值列,_极值数值,_极值类型,rEPhi_Imag,rEPhi_Real,rETheta_Imag,rETheta_Real,rETotal,Freq [GHz],_最小值,_最小值所在列名,"dB(S(ground_T1,ground_T1)) []"
2.5,3.697664166507341,1.575,0.5,0.01GHz,0.035,1.15,1.5,201.0,12.866920303748692,Patch,24.5110194424602,0.035,2.0,3.0,1.575,50.0,60.0,Interpolating,GHz,1.9057765939260949,0.00042137954088724606,1.9053552143852077,1.9057765939260949,2.800719887935169,1.4928583319087743,0.000330080640361676,1.4925282512684126,1.4928583319087743,1.7401859634559071,0.0,0.008957149991452645,1.9804838421700562e-06,0.008955169507610475,0.008957149991452645,-20.478301532707658,35.0,RealizedGain,0.008957149991452645,max,0.00020429835154469329,0.0010707849849065155,-0.02389305871250272,0.06929899014657948,0.07331041268656975,3.0,-0.0465742280359162,"dB(S(ground_T1,ground_T1)) []",-0.0465742280359162
