center_frequency,feed_center,feed_h,feed_r1,freq_step,ground_thickness,lumpedport_D,lumpedport_r,num_of_freq_points,patch_length,patch_name,patch_width,signal_layer_thickness,start_frequency,stop_frequency,sub_high,sub_length,sub_width,sweep_type,unit,Directivity,Directivity_Phi,Directivity_Theta,Directivity_Total,Directivity_dB,Gain,Gain_Phi,Gain_Theta,Gain_Total,Gain_dB,Phi(deg),RealizedGain,RealizedGain_Phi,RealizedGain_Theta,RealizedGain_Total,RealizedGain_dB,Theta(deg),_极值列,_极值数值,_极值类型,rEPhi_Imag,rEPhi_Real,rETheta_Imag,rETheta_Real,rETotal,Freq [GHz],_最小值,_最小值所在列名,"dB(S(ground_T1,ground_T1)) []"
2.5,1.5928858629914417,1.575,0.5,0.01GHz,0.035,1.15,1.5,201.0,25.79453006947942,Patch,11.114043994964891,0.035,2.0,3.0,1.575,50.0,60.0,Interpolating,GHz,1.5633438847502428,0.00044101515775471446,1.5629028695924885,1.5633438847502428,1.9405451917239906,1.1954982648090093,0.0003372468853418405,1.1951610179236676,1.1954982648090093,0.7754895010096198,-5.0,0.006097041150525947,1.7199591152433865e-06,0.006095321191410705,0.006097041150525947,-22.148808738011017,55.0,RealizedGain,0.006097041150525947,max,-6.728291489258362e-05,0.0010136433252958116,-0.04441261410194753,0.04104629805019128,0.060483972048594806,3.0,-0.0462617489930463,"dB(S(ground_T1,ground_T1)) []",-0.0462617489930463
