center_frequency,feed_center,feed_h,feed_r1,freq_step,ground_thickness,lumpedport_D,lumpedport_r,num_of_freq_points,patch_length,patch_name,patch_width,signal_layer_thickness,start_frequency,stop_frequency,sub_high,sub_length,sub_width,sweep_type,unit,Directivity,Directivity_Phi,Directivity_Theta,Directivity_Total,Directivity_dB,Gain,Gain_Phi,Gain_Theta,Gain_Total,Gain_dB,Phi(deg),RealizedGain,RealizedGain_Phi,RealizedGain_Theta,RealizedGain_Total,RealizedGain_dB,Theta(deg),_极值列,_极值数值,_极值类型,rEPhi_Imag,rEPhi_Real,rETheta_Imag,rETheta_Real,rETotal,Freq [GHz],_最小值,_最小值所在列名,"dB(S(ground_T1,ground_T1)) []"
2.5,5.199644659359718,1.575,0.5,0.01GHz,0.035,1.15,1.5,201.0,11.590684074635003,Patch,33.90118572016036,0.035,2.0,3.0,1.575,50.0,60.0,Interpolating,GHz,2.2325688841949987,0.12475748946802219,2.1078113947269763,2.2325688841949987,3.4880486758936593,1.9051254478463988,0.1064597243460456,1.7986657235003534,1.9051254478463988,2.79923578181553,-15.0,0.014288440858847987,0.0007984479325953419,0.013489992926252648,0.014288440858847987,-18.45015158426747,25.0,RealizedGain,0.014288440858847987,max,0.0024985781824260075,0.021744818993256417,-0.026929788641902166,0.08584272203664982,0.09259193533425158,3.0,-0.0597203040488973,"dB(S(ground_T1,ground_T1)) []",-0.0597203040488973
