center_frequency,feed_center,feed_h,feed_r1,freq_step,ground_thickness,lumpedport_D,lumpedport_r,num_of_freq_points,patch_length,patch_name,patch_width,signal_layer_thickness,start_frequency,stop_frequency,sub_high,sub_length,sub_width,sweep_type,unit,Directivity,Directivity_Phi,Directivity_Theta,Directivity_Total,Directivity_dB,Gain,Gain_Phi,Gain_Theta,Gain_Total,Gain_dB,Phi(deg),RealizedGain,RealizedGain_Phi,RealizedGain_Theta,RealizedGain_Total,RealizedGain_dB,Theta(deg),_极值列,_极值数值,_极值类型,rEPhi_Imag,rEPhi_Real,rETheta_Imag,rETheta_Real,rETotal,Freq [GHz],_最小值,_最小值所在列名,"dB(S(ground_T1,ground_T1)) []"
2.5,2.414900860501251,1.575,0.5,0.01GHz,0.035,1.15,1.5,201.0,12.073768945252441,Patch,16.401434765875607,0.035,2.0,3.0,1.575,50.0,60.0,Interpolating,GHz,1.5659035676572235,0.00024429912580332773,1.56565926853142,1.5659035676572235,1.9476501358152987,1.118502548326588,0.0001744993755738055,1.1183280489510141,1.118502548326588,0.4863697790329177,0.0,0.005480662486800281,8.550469403116469e-07,0.0054798074398599685,0.005480662486800281,-22.61166942068194,45.0,RealizedGain,0.005480662486800281,max,-0.00037646710137989755,0.0006093543896981376,-0.024397263777752292,0.05189157391768102,0.05734522616352684,3.0,-0.0359797526911131,"dB(S(ground_T1,ground_T1)) []",-0.0359797526911131
