center_frequency,feed_center,feed_h,feed_r1,freq_step,ground_thickness,lumpedport_D,lumpedport_r,num_of_freq_points,patch_length,patch_name,patch_width,signal_layer_thickness,start_frequency,stop_frequency,sub_high,sub_length,sub_width,sweep_type,unit,Directivity,Directivity_Phi,Directivity_Theta,Directivity_Total,Directivity_dB,Gain,Gain_Phi,Gain_Theta,Gain_Total,Gain_dB,Phi(deg),RealizedGain,RealizedGain_Phi,RealizedGain_Theta,RealizedGain_Total,RealizedGain_dB,Theta(deg),_极值列,_极值数值,_极值类型,rEPhi_Imag,rEPhi_Real,rETheta_Imag,rETheta_Real,rETotal,Freq [GHz],_最小值,_最小值所在列名,"dB(S(ground_T1,ground_T1)) []"
2.5,2.600717107474319,1.575,0.5,0.01GHz,0.035,1.15,1.5,201.0,12.757578400836923,Patch,17.58430704868885,0.035,2.0,3.0,1.575,50.0,60.0,Interpolating,GHz,1.652463653562095,0.011518699385229326,1.6409449541768653,1.652463653562095,2.1813191582423377,1.1988461800352455,0.00835670347555853,1.1904894765596867,1.1988461800352455,0.7876346379329247,-10.0,0.006114115518179751,4.2619187725348504e-05,0.006071496330454402,0.006114115518179751,-22.13666360108771,45.0,RealizedGain,0.006114115518179751,max,0.0014274420712053607,0.004851239450927349,-0.0265760775952382,0.05419128824171333,0.06056860355597989,3.0,-0.0378184192145539,"dB(S(ground_T1,ground_T1)) []",-0.0378184192145539
