center_frequency,feed_center,feed_h,feed_r1,freq_step,ground_thickness,lumpedport_D,lumpedport_r,num_of_freq_points,patch_length,patch_name,patch_width,signal_layer_thickness,start_frequency,stop_frequency,sub_high,sub_length,sub_width,sweep_type,unit,Directivity,Directivity_Phi,Directivity_Theta,Directivity_Total,Directivity_dB,Gain,Gain_Phi,Gain_Theta,Gain_Total,Gain_dB,Phi(deg),RealizedGain,RealizedGain_Phi,RealizedGain_Theta,RealizedGain_Total,RealizedGain_dB,Theta(deg),_极值列,_极值数值,_极值类型,rEPhi_Imag,rEPhi_Real,rETheta_Imag,rETheta_Real,rETotal,Freq [GHz],_最小值,_最小值所在列名,"dB(S(ground_T1,ground_T1)) []"
2.5,1.5175746622152613,1.575,0.5,0.01GHz,0.035,1.15,1.5,201.0,22.18783794345733,Patch,10.623585560178286,0.035,2.0,3.0,1.575,50.0,60.0,Interpolating,GHz,1.4833703862853918,0.0006934943450523862,1.4826768919403388,1.4833703862853918,1.7124960459270961,1.0595502759181368,0.0004953531036088473,1.0590549228145276,1.0595502759181368,0.25121568914471504,-5.0,0.005191796351998871,2.4272302076833517e-06,0.005189369121791185,0.005191796351998871,-22.846823510570147,55.0,RealizedGain,0.005191796351998871,max,0.00048122768218645693,0.0011067033715112396,-0.03902301453883528,0.039886077313741476,0.055813539572495574,3.0,-0.0378595448463304,"dB(S(ground_T1,ground_T1)) []",-0.0378595448463304
