center_frequency,feed_center,feed_h,feed_r1,freq_step,ground_thickness,lumpedport_D,lumpedport_r,num_of_freq_points,patch_length,patch_name,patch_width,signal_layer_thickness,start_frequency,stop_frequency,sub_high,sub_length,sub_width,sweep_type,unit,Directivity,Directivity_Phi,Directivity_Theta,Directivity_Total,Directivity_dB,Gain,Gain_Phi,Gain_Theta,Gain_Total,Gain_dB,Phi(deg),RealizedGain,RealizedGain_Phi,RealizedGain_Theta,RealizedGain_Total,RealizedGain_dB,Theta(deg),_极值列,_极值数值,_极值类型,rEPhi_Imag,rEPhi_Real,rETheta_Imag,rETheta_Real,rETotal,Freq [GHz],_最小值,_最小值所在列名,"dB(S(ground_T1,ground_T1)) []"
2.5,2.032644207537043,1.575,0.5,0.01GHz,0.035,1.15,1.5,201.0,14.28186505150068,Patch,13.955496407560826,0.035,2.0,3.0,1.575,50.0,60.0,Interpolating,GHz,1.5092117005073669,0.0011953698212709754,1.5080163306860959,1.5092117005073669,1.787501635088726,1.0596592790796406,0.0008393022149349403,1.0588199768647055,1.0596592790796406,0.25166245451042646,5.0,0.004980398611674311,3.944720410194219e-06,0.004976453891264116,0.004980398611674311,-23.027358966132397,50.0,RealizedGain,0.004980398611674311,max,-0.0006836833797770478,-0.0013782108121607203,-0.028875168527378845,0.04639145742182684,0.05466543301952563,3.0,-0.0344449428211387,"dB(S(ground_T1,ground_T1)) []",-0.0344449428211387
