center_frequency,feed_center,feed_h,feed_r1,freq_step,ground_thickness,lumpedport_D,lumpedport_r,num_of_freq_points,patch_length,patch_name,patch_width,signal_layer_thickness,start_frequency,stop_frequency,sub_high,sub_length,sub_width,sweep_type,unit,Directivity,Directivity_Phi,Directivity_Theta,Directivity_Total,Directivity_dB,Gain,Gain_Phi,Gain_Theta,Gain_Total,Gain_dB,Phi(deg),RealizedGain,RealizedGain_Phi,RealizedGain_Theta,RealizedGain_Total,RealizedGain_dB,Theta(deg),_极值列,_极值数值,_极值类型,rEPhi_Imag,rEPhi_Real,rETheta_Imag,rETheta_Real,rETotal,Freq [GHz],_最小值,_最小值所在列名,"dB(S(ground_T1,ground_T1)) []"
2.5,1.7734182631550106,1.575,0.5,0.01GHz,0.035,1.15,1.5,201.0,33.48048536769018,Patch,12.28480273083279,0.035,2.0,3.0,1.575,50.0,60.0,Interpolating,GHz,2.276253508043529,0.00014244023767167127,2.2761110678058585,2.276253508043529,3.5722062811556206,1.8763711350088552,0.00011741695267529659,1.8762537180561807,1.8763711350088552,2.733187433953529,0.0,0.013885146399065528,8.688854497971947e-07,0.013884277513615737,0.013885146399065528,-18.57449536873671,25.0,RealizedGain,0.013885146399065528,max,-0.00055854621628851,0.0004575693130450701,-0.02854531320743997,0.08669445116418158,0.09127586818169127,2.845,-7.12052022025347,"dB(S(ground_T1,ground_T1)) []",-7.12052022025347
