center_frequency,feed_center,feed_h,feed_r1,freq_step,ground_thickness,lumpedport_D,lumpedport_r,num_of_freq_points,patch_length,patch_name,patch_width,signal_layer_thickness,start_frequency,stop_frequency,sub_high,sub_length,sub_width,sweep_type,unit,Directivity,Directivity_Phi,Directivity_Theta,Directivity_Total,Directivity_dB,Gain,Gain_Phi,Gain_Theta,Gain_Total,Gain_dB,Phi(deg),RealizedGain,RealizedGain_Phi,RealizedGain_Theta,RealizedGain_Total,RealizedGain_dB,Theta(deg),_极值列,_极值数值,_极值类型,rEPhi_Imag,rEPhi_Real,rETheta_Imag,rETheta_Real,rETotal,Freq [GHz],_最小值,_最小值所在列名,"dB(S(ground_T1,ground_T1)) []"
2.5,3.3805905847178863,1.575,0.5,0.01GHz,0.035,1.15,1.5,201.0,16.912270292229273,Patch,22.516877027113303,0.035,2.0,3.0,1.575,50.0,60.0,Interpolating,GHz,2.0236198425149254,0.0018453597555272198,2.021774482759398,2.0236198425149254,3.061289292127552,1.661180467736133,0.0015148475605074193,1.659665620175625,1.661180467736133,2.2041681600617267,-15.0,0.011129909133832092,1.0149478655399708e-05,0.011119759655176687,0.011129909133832092,-19.53508381293001,30.0,RealizedGain,0.011129909133832092,max,0.0022438258361618733,0.0010271690599535077,-0.027181320800595835,0.07702719503863165,0.08171965985394859,3.0,-0.0638773865935995,"dB(S(ground_T1,ground_T1)) []",-0.0638773865935995
