center_frequency,feed_center,feed_h,feed_r1,freq_step,ground_thickness,lumpedport_D,lumpedport_r,num_of_freq_points,patch_length,patch_name,patch_width,signal_layer_thickness,start_frequency,stop_frequency,sub_high,sub_length,sub_width,sweep_type,unit,Directivity,Directivity_Phi,Directivity_Theta,Directivity_Total,Directivity_dB,Gain,Gain_Phi,Gain_Theta,Gain_Total,Gain_dB,Phi(deg),RealizedGain,RealizedGain_Phi,RealizedGain_Theta,RealizedGain_Total,RealizedGain_dB,Theta(deg),_极值列,_极值数值,_极值类型,rEPhi_Imag,rEPhi_Real,rETheta_Imag,rETheta_Real,rETotal,Freq [GHz],_最小值,_最小值所在列名,"dB(S(ground_T1,ground_T1)) []"
2.5,3.3159834332374274,1.575,0.5,0.01GHz,0.035,1.15,1.5,201.0,23.021992682808428,Patch,22.1098599695586,0.035,2.0,3.0,1.575,50.0,60.0,Interpolating,GHz,2.4247476183064234,0.016180422201081852,2.408567196105342,2.4247476183064234,3.846665414203565,2.0610354755604594,0.013753358870919573,2.0472821166895403,2.0610354755604594,3.1408546713464913,5.0,0.016488283804483677,0.00011002687096735658,0.016378256933516324,0.016488283804483677,-17.828245458734074,20.0,RealizedGain,0.016488283804483677,max,-0.0005425252126656561,-0.0081069935397827,-0.023622452626997508,0.09627650495387018,0.0994645834058927,3.0,-0.119372045540306,"dB(S(ground_T1,ground_T1)) []",-0.119372045540306
