center_frequency,feed_center,feed_h,feed_r1,freq_step,ground_thickness,lumpedport_D,lumpedport_r,num_of_freq_points,patch_length,patch_name,patch_width,signal_layer_thickness,start_frequency,stop_frequency,sub_high,sub_length,sub_width,sweep_type,unit,Directivity,Directivity_Phi,Directivity_Theta,Directivity_Total,Directivity_dB,Gain,Gain_Phi,Gain_Theta,Gain_Total,Gain_dB,Phi(deg),RealizedGain,RealizedGain_Phi,RealizedGain_Theta,RealizedGain_Total,RealizedGain_dB,Theta(deg),_极值列,_极值数值,_极值类型,rEPhi_Imag,rEPhi_Real,rETheta_Imag,rETheta_Real,rETotal,Freq [GHz],_最小值,_最小值所在列名,"dB(S(ground_T1,ground_T1)) []"
2.5,1.6209175696202525,1.575,0.5,0.01GHz,0.035,1.15,1.5,201.0,18.078655611398954,Patch,11.296272603556725,0.035,2.0,3.0,1.575,50.0,60.0,Interpolating,GHz,1.4436028055078653,0.000752855657660313,1.4428499498502045,1.4436028055078653,1.5944771739924632,1.0135934591863736,0.0005286007809104327,1.013064858405463,1.0135934591863736,0.05863799341416342,-5.0,0.004763889258175956,2.4844236702790334e-06,0.004761404834505676,0.004763889258175956,-23.22038342722866,55.0,RealizedGain,0.004763889258175956,max,0.0003394618509798423,0.001172797924776192,-0.034962564475212024,0.040429312270315765,0.0534640149507563,3.0,-0.0347796213489671,"dB(S(ground_T1,ground_T1)) []",-0.0347796213489671
