center_frequency,feed_center,feed_h,feed_r1,freq_step,ground_thickness,lumpedport_D,lumpedport_r,num_of_freq_points,patch_length,patch_name,patch_width,signal_layer_thickness,start_frequency,stop_frequency,sub_high,sub_length,sub_width,sweep_type,unit,Directivity,Directivity_Phi,Directivity_Theta,Directivity_Total,Directivity_dB,Gain,Gain_Phi,Gain_Theta,Gain_Total,Gain_dB,Phi(deg),RealizedGain,RealizedGain_Phi,RealizedGain_Theta,RealizedGain_Total,RealizedGain_dB,Theta(deg),_极值列,_极值数值,_极值类型,rEPhi_Imag,rEPhi_Real,rETheta_Imag,rETheta_Real,rETotal,Freq [GHz],_最小值,_最小值所在列名,"dB(S(ground_T1,ground_T1)) []"
2.5,4.004601636548239,1.575,0.5,0.01GHz,0.035,1.15,1.5,201.0,12.463947366879582,Patch,26.436688597020115,0.035,2.0,3.0,1.575,50.0,60.0,Interpolating,GHz,1.9746107695496269,0.024521430726147646,1.95008933882348,1.9746107695496269,2.9548150133152724,1.5984944324925552,0.019850682016405236,1.5786437504761504,1.5984944324925552,2.037111279758819,-10.0,0.010070514924703096,0.000125059296703353,0.009945455627999747,0.010070514924703096,-19.969483225705364,30.0,RealizedGain,0.010070514924703096,max,0.0019343144132117737,0.00844368246342167,-0.021191280630840536,0.07428555435331738,0.07773320594280773,3.0,-0.049390344583827,"dB(S(ground_T1,ground_T1)) []",-0.049390344583827
