center_frequency,feed_center,feed_h,feed_r1,freq_step,ground_thickness,lumpedport_D,lumpedport_r,num_of_freq_points,patch_length,patch_name,patch_width,signal_layer_thickness,start_frequency,stop_frequency,sub_high,sub_length,sub_width,sweep_type,unit,Directivity,Directivity_Phi,Directivity_Theta,Directivity_Total,Directivity_dB,Gain,Gain_Phi,Gain_Theta,Gain_Total,Gain_dB,Phi(deg),RealizedGain,RealizedGain_Phi,RealizedGain_Theta,RealizedGain_Total,RealizedGain_dB,Theta(deg),_极值列,_极值数值,_极值类型,rEPhi_Imag,rEPhi_Real,rETheta_Imag,rETheta_Real,rETotal,Freq [GHz],_最小值,_最小值所在列名,"dB(S(ground_T1,ground_T1)) []"
2.5,4.392414556636618,1.575,0.5,0.01GHz,0.035,1.15,1.5,201.0,15.597667461095416,Patch,28.864175773893173,0.035,2.0,3.0,1.575,50.0,60.0,Interpolating,GHz,2.267172836150353,0.008454264666363627,2.2587185714839895,2.267172836150353,3.55484629489182,1.9514905425091644,0.007277088573578819,1.9442134539355862,1.9514905425091644,2.9036645090497686,-5.0,0.015416775285822398,5.748899973127267e-05,0.015359286286091128,0.015416775285822398,-18.120064578045817,20.0,RealizedGain,0.015416775285822398,max,0.0003140096447640743,0.005864777098493219,-0.021522732227193496,0.09355512214546852,0.09617839203609624,3.0,-0.0745600420909598,"dB(S(ground_T1,ground_T1)) []",-0.0745600420909598
