center_frequency,feed_center,feed_h,feed_r1,freq_step,ground_thickness,lumpedport_D,lumpedport_r,num_of_freq_points,patch_length,patch_name,patch_width,signal_layer_thickness,start_frequency,stop_frequency,sub_high,sub_length,sub_width,sweep_type,unit,Directivity,Directivity_Phi,Directivity_Theta,Directivity_Total,Directivity_dB,Gain,Gain_Phi,Gain_Theta,Gain_Total,Gain_dB,Phi(deg),RealizedGain,RealizedGain_Phi,RealizedGain_Theta,RealizedGain_Total,RealizedGain_dB,Theta(deg),_极值列,_极值数值,_极值类型,rEPhi_Imag,rEPhi_Real,rETheta_Imag,rETheta_Real,rETotal,Freq [GHz],_最小值,_最小值所在列名,"dB(S(ground_T1,ground_T1)) []"
2.5,1.93328828218446,1.575,0.5,0.01GHz,0.035,1.15,1.5,201.0,43.47544278184688,Patch,13.316458173905602,0.035,2.0,3.0,1.575,50.0,60.0,Interpolating,GHz,2.6099909713659164,0.06831235116121769,2.5416786202046984,2.6099909713659164,4.166390050038965,2.2371351183136428,0.058553443852472305,2.1785816744611703,2.2371351183136428,3.4969221537328328,170.0,0.023489918742293246,0.0006148111604509591,0.022875107581842285,0.023489918742293246,-16.291184855567785,5.0,RealizedGain,0.023489918742293246,max,0.001990565774269188,0.019103220534906262,0.00034371166071508905,0.11715489644691156,0.11871934672200331,2.23,-19.6091233687611,"dB(S(ground_T1,ground_T1)) []",-19.6091233687611
