center_frequency,feed_center,feed_h,feed_r1,freq_step,ground_thickness,lumpedport_D,lumpedport_r,num_of_freq_points,patch_length,patch_name,patch_width,signal_layer_thickness,start_frequency,stop_frequency,sub_high,sub_length,sub_width,sweep_type,unit,Directivity,Directivity_Phi,Directivity_Theta,Directivity_Total,Directivity_dB,Gain,Gain_Phi,Gain_Theta,Gain_Total,Gain_dB,Phi(deg),RealizedGain,RealizedGain_Phi,RealizedGain_Theta,RealizedGain_Total,RealizedGain_dB,Theta(deg),_极值列,_极值数值,_极值类型,rEPhi_Imag,rEPhi_Real,rETheta_Imag,rETheta_Real,rETotal,Freq [GHz],_最小值,_最小值所在列名,"dB(S(ground_T1,ground_T1)) []"
2.5,3.576478682420394,1.575,0.5,0.01GHz,0.035,1.15,1.5,201.0,14.48568234231562,Patch,23.7494900260357,0.035,2.0,3.0,1.575,50.0,60.0,Interpolating,GHz,1.9072552357567407,0.0004531681366715098,1.9068020676200699,1.9072552357567407,2.804088157850731,1.557591775868005,0.00037008731161506633,1.5572216885563903,1.557591775868005,1.9245364542994314,0.0,0.00934555065520803,2.220523869690398e-06,0.009343330131338342,0.00934555065520803,-20.293951041864133,30.0,RealizedGain,0.00934555065520803,max,0.00019277252130458147,0.0011380617140395153,-0.021068345503193732,0.07184883415057748,0.07488299203924122,3.0,-0.0483842416547577,"dB(S(ground_T1,ground_T1)) []",-0.0483842416547577
