center_frequency,feed_center,feed_h,feed_r1,freq_step,ground_thickness,lumpedport_D,lumpedport_r,num_of_freq_points,patch_length,patch_name,patch_width,signal_layer_thickness,start_frequency,stop_frequency,sub_high,sub_length,sub_width,sweep_type,unit,Directivity,Directivity_Phi,Directivity_Theta,Directivity_Total,Directivity_dB,Gain,Gain_Phi,Gain_Theta,Gain_Total,Gain_dB,Phi(deg),RealizedGain,RealizedGain_Phi,RealizedGain_Theta,RealizedGain_Total,RealizedGain_dB,Theta(deg),_极值列,_极值数值,_极值类型,rEPhi_Imag,rEPhi_Real,rETheta_Imag,rETheta_Real,rETotal,Freq [GHz],_最小值,_最小值所在列名,"dB(S(ground_T1,ground_T1)) []"
2.5,3.1194130174349524,1.575,0.5,0.01GHz,0.035,1.15,1.5,201.0,14.748687618741494,Patch,20.869888646979675,0.035,2.0,3.0,1.575,50.0,60.0,Interpolating,GHz,1.8444302742158991,0.002019388852700197,1.8424108853631986,1.8444302742158991,2.658622420536616,1.4755442193727193,0.0016155110821601574,1.473928708290559,1.4755442193727193,1.6895222904560516,0.0,0.008853265316236316,9.693066492960945e-06,0.008843572249743354,0.008853265316236316,-20.52896520570751,35.0,RealizedGain,0.008853265316236316,max,0.00010632576009295252,-0.002409288638672514,-0.028878575092771627,0.06687522903428085,0.07288404718927227,3.0,-0.0516080771587917,"dB(S(ground_T1,ground_T1)) []",-0.0516080771587917
