center_frequency,feed_center,feed_h,feed_r1,freq_step,ground_thickness,lumpedport_D,lumpedport_r,num_of_freq_points,patch_length,patch_name,patch_width,signal_layer_thickness,start_frequency,stop_frequency,sub_high,sub_length,sub_width,sweep_type,unit,Directivity,Directivity_Phi,Directivity_Theta,Directivity_Total,Directivity_dB,Gain,Gain_Phi,Gain_Theta,Gain_Total,Gain_dB,Phi(deg),RealizedGain,RealizedGain_Phi,RealizedGain_Theta,RealizedGain_Total,RealizedGain_dB,Theta(deg),_极值列,_极值数值,_极值类型,rEPhi_Imag,rEPhi_Real,rETheta_Imag,rETheta_Real,rETotal,Freq [GHz],_最小值,_最小值所在列名,"dB(S(ground_T1,ground_T1)) []"
2.5,1.9669204211391222,1.575,0.5,0.01GHz,0.035,1.15,1.5,201.0,25.458984766634497,Patch,13.532945001809324,0.035,2.0,3.0,1.575,50.0,60.0,Interpolating,GHz,1.678012021008456,0.002068499271157534,1.6759435217372982,1.678012021008456,2.247950677197013,1.3051204607843545,0.00160883276645586,1.3035116280178987,1.3051204607843545,1.1565059829463324,5.0,0.007047650488235514,8.687696938861643e-06,0.007038962791296652,0.007047650488235514,-21.519556418823985,45.0,RealizedGain,0.007047650488235514,max,-0.00025726800924525094,-0.0022686018027185074,-0.037976955686791866,0.05273734929339353,0.06502837776461771,3.0,-0.0531154819214012,"dB(S(ground_T1,ground_T1)) []",-0.0531154819214012
