center_frequency,feed_center,feed_h,feed_r1,freq_step,ground_thickness,lumpedport_D,lumpedport_r,num_of_freq_points,patch_length,patch_name,patch_width,signal_layer_thickness,start_frequency,stop_frequency,sub_high,sub_length,sub_width,sweep_type,unit,Directivity,Directivity_Phi,Directivity_Theta,Directivity_Total,Directivity_dB,Gain,Gain_Phi,Gain_Theta,Gain_Total,Gain_dB,Phi(deg),RealizedGain,RealizedGain_Phi,RealizedGain_Theta,RealizedGain_Total,RealizedGain_dB,Theta(deg),_极值列,_极值数值,_极值类型,rEPhi_Imag,rEPhi_Real,rETheta_Imag,rETheta_Real,rETotal,Freq [GHz],_最小值,_最小值所在列名,"dB(S(ground_T1,ground_T1)) []"
2.5,1.8038133336208553,1.575,0.5,0.01GHz,0.035,1.15,1.5,201.0,25.69889897394029,Patch,12.481290283422656,0.035,2.0,3.0,1.575,50.0,60.0,Interpolating,GHz,1.655276091583768,0.001373334744286094,1.6539027568394813,1.655276091583768,2.188704422513145,1.2804965991497075,0.0010623910285986766,1.279434208121108,1.2804965991497075,1.0737842937026096,5.0,0.0067866319754934495,5.630672451572986e-06,0.006781001303041873,0.0067866319754934495,-21.6834570102895,45.0,RealizedGain,0.0067866319754934495,max,-0.00011445768789508888,-0.0018344978879112127,-0.03789707870813421,0.051307972672511436,0.06381281311332991,3.0,-0.0493677936989254,"dB(S(ground_T1,ground_T1)) []",-0.0493677936989254
