center_frequency,feed_center,feed_h,feed_r1,freq_step,ground_thickness,lumpedport_D,lumpedport_r,num_of_freq_points,patch_length,patch_name,patch_width,signal_layer_thickness,start_frequency,stop_frequency,sub_high,sub_length,sub_width,sweep_type,unit,Directivity,Directivity_Phi,Directivity_Theta,Directivity_Total,Directivity_dB,Gain,Gain_Phi,Gain_Theta,Gain_Total,Gain_dB,Phi(deg),RealizedGain,RealizedGain_Phi,RealizedGain_Theta,RealizedGain_Total,RealizedGain_dB,Theta(deg),_极值列,_极值数值,_极值类型,rEPhi_Imag,rEPhi_Real,rETheta_Imag,rETheta_Real,rETotal,Freq [GHz],_最小值,_最小值所在列名,"dB(S(ground_T1,ground_T1)) []"
2.5,6.3,1.575,0.5,0.01GHz,0.035,1.15,1.5,201.0,10.445178244668831,Patch,32.913235420523094,0.035,2.0,3.0,1.575,50.0,60.0,Interpolating,GHz,1.2534022962726794e-06,1.4241223199236997e-07,1.110990064280309e-06,1.2534022962726794e-06,-59.019095139940816,0.17905747089609705,0.020344604570338567,0.15871286632575843,0.17905747089609705,-7.470075540083387,80.0,0.00012534022962726795,1.4241223199236996e-05,0.00011109900642803089,0.00012534022962726795,-39.019095139940816,30.0,RealizedGain,0.00012534022962726795,max,-0.002921000178191082,0.00011266403481202623,0.0064060734173070665,0.005061936157643318,0.008672134080935184,3.0,-0.00385305669393292,"dB(S(ground_T1,ground_T1)) []",-0.00385305669393292
