center_frequency,feed_center,feed_h,feed_r1,freq_step,ground_thickness,lumpedport_D,lumpedport_r,num_of_freq_points,patch_length,patch_name,patch_width,signal_layer_thickness,start_frequency,stop_frequency,sub_high,sub_length,sub_width,sweep_type,unit,Directivity,Directivity_Phi,Directivity_Theta,Directivity_Total,Directivity_dB,Gain,Gain_Phi,Gain_Theta,Gain_Total,Gain_dB,Phi(deg),RealizedGain,RealizedGain_Phi,RealizedGain_Theta,RealizedGain_Total,RealizedGain_dB,Theta(deg),_极值列,_极值数值,_极值类型,rEPhi_Imag,rEPhi_Real,rETheta_Imag,rETheta_Real,rETotal,Freq [GHz],_最小值,_最小值所在列名,"dB(S(ground_T1,ground_T1)) []"
2.5,2.3390561109819354,1.575,0.5,0.01GHz,0.035,1.15,1.5,201.0,19.314779076130797,Patch,15.917561551811279,0.035,2.0,3.0,1.575,50.0,60.0,Interpolating,GHz,1.6213495089589516,0.008600759642532362,1.6127487493164185,1.6213495089589516,2.0987664436773668,1.2471919299684244,0.006615968955794126,1.2405759610126297,1.2471919299684244,0.9593329206089997,-10.0,0.006485398035835806,3.440303857012945e-05,0.006450994997265674,0.006485398035835806,-21.880633643043012,45.0,RealizedGain,0.006485398035835806,max,0.0016959008029632356,0.004215000582590662,-0.03398007022240255,0.05211566956107165,0.06238052977943479,3.0,-0.0417831793217723,"dB(S(ground_T1,ground_T1)) []",-0.0417831793217723
