center_frequency,feed_center,feed_h,feed_r1,freq_step,ground_thickness,lumpedport_D,lumpedport_r,num_of_freq_points,patch_length,patch_name,patch_width,signal_layer_thickness,start_frequency,stop_frequency,sub_high,sub_length,sub_width,sweep_type,unit,Directivity,Directivity_Phi,Directivity_Theta,Directivity_Total,Directivity_dB,Gain,Gain_Phi,Gain_Theta,Gain_Total,Gain_dB,Phi(deg),RealizedGain,RealizedGain_Phi,RealizedGain_Theta,RealizedGain_Total,RealizedGain_dB,Theta(deg),_极值列,_极值数值,_极值类型,rEPhi_Imag,rEPhi_Real,rETheta_Imag,rETheta_Real,rETotal,Freq [GHz],_最小值,_最小值所在列名,"dB(S(ground_T1,ground_T1)) []"
2.5,3.564259148587939,1.575,0.5,0.01GHz,0.035,1.15,1.5,201.0,17.427095988713205,Patch,23.672660588825295,0.035,2.0,3.0,1.575,50.0,60.0,Interpolating,GHz,2.0341769187502443,0.0013247772355214232,2.0328521415147227,2.0341769187502443,3.0838872218338063,1.6845527608400463,0.0010970811481661785,1.6834556796918798,1.6845527608400463,2.264846178002826,5.0,0.010781137669376294,7.021319348263543e-06,0.01077411635002803,0.010781137669376294,-19.673354082158305,30.0,RealizedGain,0.010781137669376294,max,-0.0007031202044879797,-0.001928344584495402,-0.02484089787958494,0.07646928729630777,0.08042906811549998,3.0,-0.0551829336994925,"dB(S(ground_T1,ground_T1)) []",-0.0551829336994925
