center_frequency,feed_center,feed_h,feed_r1,freq_step,ground_thickness,lumpedport_D,lumpedport_r,num_of_freq_points,patch_length,patch_name,patch_width,signal_layer_thickness,start_frequency,stop_frequency,sub_high,sub_length,sub_width,sweep_type,unit,Directivity,Directivity_Phi,Directivity_Theta,Directivity_Total,Directivity_dB,Gain,Gain_Phi,Gain_Theta,Gain_Total,Gain_dB,Phi(deg),RealizedGain,RealizedGain_Phi,RealizedGain_Theta,RealizedGain_Total,RealizedGain_dB,Theta(deg),_极值列,_极值数值,_极值类型,rEPhi_Imag,rEPhi_Real,rETheta_Imag,rETheta_Real,rETotal,Freq [GHz],_最小值,_最小值所在列名,"dB(S(ground_T1,ground_T1)) []"
2.5,2.55502757252729,1.575,0.5,0.01GHz,0.035,1.15,1.5,201.0,16.979002114096122,Patch,17.293780077170894,0.035,2.0,3.0,1.575,50.0,60.0,Interpolating,GHz,1.6606480602825016,0.007861505587497094,1.6527865546950047,1.6606480602825016,2.202776025463171,1.2454860452118761,0.005896129190622821,1.2395899160212536,1.2454860452118761,0.9533886593801713,-10.0,0.006476527435101756,3.0659871791238665e-05,0.006445867563310518,0.006476527435101756,-21.88657790427184,45.0,RealizedGain,0.006476527435101756,max,0.0015557728866334478,0.003996989766216791,-0.03158378610224809,0.05357309127457501,0.06233785374660031,3.0,-0.0417611917832851,"dB(S(ground_T1,ground_T1)) []",-0.0417611917832851
