center_frequency,feed_center,feed_h,feed_r1,freq_step,ground_thickness,lumpedport_D,lumpedport_r,num_of_freq_points,patch_length,patch_name,patch_width,signal_layer_thickness,start_frequency,stop_frequency,sub_high,sub_length,sub_width,sweep_type,unit,Directivity,Directivity_Phi,Directivity_Theta,Directivity_Total,Directivity_dB,Gain,Gain_Phi,Gain_Theta,Gain_Total,Gain_dB,Phi(deg),RealizedGain,RealizedGain_Phi,RealizedGain_Theta,RealizedGain_Total,RealizedGain_dB,Theta(deg),_极值列,_极值数值,_极值类型,rEPhi_Imag,rEPhi_Real,rETheta_Imag,rETheta_Real,rETotal,Freq [GHz],_最小值,_最小值所在列名,"dB(S(ground_T1,ground_T1)) []"
2.5,3.5796573171816437,1.575,0.5,0.01GHz,0.035,1.15,1.5,201.0,11.769684161888684,Patch,23.769474177359125,0.035,2.0,3.0,1.575,50.0,60.0,Interpolating,GHz,1.8441572086995277,0.005510528994642001,1.8386466797048864,1.8441572086995277,2.6579794055737116,1.4308116274392888,0.004275410426877415,1.4265362170124118,1.4308116274392888,1.5558246076977755,5.0,0.008298707439147875,2.4797380475889005e-05,0.008273910058671988,0.008298707439147875,-20.809895456672855,35.0,RealizedGain,0.008298707439147875,max,-0.0012663655070623478,-0.0036435006807118623,-0.021636165448712642,0.06705474879062924,0.07056445117413077,3.0,-0.0446162895190857,"dB(S(ground_T1,ground_T1)) []",-0.0446162895190857
