center_frequency,feed_center,feed_h,feed_r1,freq_step,ground_thickness,lumpedport_D,lumpedport_r,num_of_freq_points,patch_length,patch_name,patch_width,signal_layer_thickness,start_frequency,stop_frequency,sub_high,sub_length,sub_width,sweep_type,unit,Directivity,Directivity_Phi,Directivity_Theta,Directivity_Total,Directivity_dB,Gain,Gain_Phi,Gain_Theta,Gain_Total,Gain_dB,Phi(deg),RealizedGain,RealizedGain_Phi,RealizedGain_Theta,RealizedGain_Total,RealizedGain_dB,Theta(deg),_极值列,_极值数值,_极值类型,rEPhi_Imag,rEPhi_Real,rETheta_Imag,rETheta_Real,rETotal,Freq [GHz],_最小值,_最小值所在列名,"dB(S(ground_T1,ground_T1)) []"
2.5,2.106118985349022,1.575,0.5,0.01GHz,0.035,1.15,1.5,201.0,24.28061983762362,Patch,14.42712519157245,0.035,2.0,3.0,1.575,50.0,60.0,Interpolating,GHz,1.656549244542743,0.0002646982937460498,1.6562845462489966,1.656549244542743,2.1920435076146916,1.3252393956341944,0.00021175863499683982,1.3250276369991973,1.3252393956341944,1.2229433775341274,0.0,0.0072888166759880685,1.164672492482619e-06,0.007287652003495585,0.0072888166759880685,-21.373429727523433,45.0,RealizedGain,0.0072888166759880685,max,0.0007715828251239012,0.0003216829225194918,-0.03907988021684314,0.0533428268713051,0.06613163415751575,3.0,-0.0571466327711004,"dB(S(ground_T1,ground_T1)) []",-0.0571466327711004
