center_frequency,feed_center,feed_h,feed_r1,freq_step,ground_thickness,lumpedport_D,lumpedport_r,num_of_freq_points,patch_length,patch_name,patch_width,signal_layer_thickness,start_frequency,stop_frequency,sub_high,sub_length,sub_width,sweep_type,unit,Directivity,Directivity_Phi,Directivity_Theta,Directivity_Total,Directivity_dB,Gain,Gain_Phi,Gain_Theta,Gain_Total,Gain_dB,Phi(deg),RealizedGain,RealizedGain_Phi,RealizedGain_Theta,RealizedGain_Total,RealizedGain_dB,Theta(deg),_极值列,_极值数值,_极值类型,rEPhi_Imag,rEPhi_Real,rETheta_Imag,rETheta_Real,rETotal,Freq [GHz],_最小值,_最小值所在列名,"dB(S(ground_T1,ground_T1)) []"
2.5,1.5786128560390358,1.575,0.5,0.01GHz,0.035,1.15,1.5,201.0,26.381412798850373,Patch,11.021191485169048,0.035,2.0,3.0,1.575,50.0,60.0,Interpolating,GHz,1.5761942873659123,0.000853677674258194,1.5753406096916536,1.5761942873659123,1.9760974914994653,1.1821457155244344,0.0006402582556936455,1.1815054572687402,1.1821457155244344,0.7267101254164665,-5.0,0.006147157720727057,3.3293429296069565e-06,0.006143828377797449,0.006147157720727057,-22.113256438235545,50.0,RealizedGain,0.006147157720727057,max,0.0004827944923376288,0.0013283682839162483,-0.040499609953539205,0.045234560527412,0.060732046938304814,3.0,-0.0475280533732286,"dB(S(ground_T1,ground_T1)) []",-0.0475280533732286
