center_frequency,feed_center,feed_h,feed_r1,freq_step,ground_thickness,lumpedport_D,lumpedport_r,num_of_freq_points,patch_length,patch_name,patch_width,signal_layer_thickness,start_frequency,stop_frequency,sub_high,sub_length,sub_width,sweep_type,unit,Directivity,Directivity_Phi,Directivity_Theta,Directivity_Total,Directivity_dB,Gain,Gain_Phi,Gain_Theta,Gain_Total,Gain_dB,Phi(deg),RealizedGain,RealizedGain_Phi,RealizedGain_Theta,RealizedGain_Total,RealizedGain_dB,Theta(deg),_极值列,_极值数值,_极值类型,rEPhi_Imag,rEPhi_Real,rETheta_Imag,rETheta_Real,rETotal,Freq [GHz],_最小值,_最小值所在列名,"dB(S(ground_T1,ground_T1)) []"
2.5,4.604270230862614,1.575,0.5,0.01GHz,0.035,1.15,1.5,201.0,22.541300816703767,Patch,30.188004189807184,0.035,2.0,3.0,1.575,50.0,60.0,Interpolating,GHz,2.760928274495,0.0002505821142969303,2.7606776923807033,2.760928274495,4.4105512435181335,2.4785606100580115,0.00022495439806201703,2.4783356556599494,2.4785606100580115,3.9419954349208624,0.0,0.021811333368510502,1.9795987029457498e-06,0.02180935376980755,0.021811333368510502,-16.61317784357745,15.0,RealizedGain,0.021811333368510502,max,0.0007713653282769278,0.0007699238498909632,-0.020488401527637617,0.11254397340549668,0.11439890005703353,3.0,-0.0980225272834892,"dB(S(ground_T1,ground_T1)) []",-0.0980225272834892
