center_frequency,feed_center,feed_h,feed_r1,freq_step,ground_thickness,lumpedport_D,lumpedport_r,num_of_freq_points,patch_length,patch_name,patch_width,signal_layer_thickness,start_frequency,stop_frequency,sub_high,sub_length,sub_width,sweep_type,unit,Directivity,Directivity_Phi,Directivity_Theta,Directivity_Total,Directivity_dB,Gain,Gain_Phi,Gain_Theta,Gain_Total,Gain_dB,Phi(deg),RealizedGain,RealizedGain_Phi,RealizedGain_Theta,RealizedGain_Total,RealizedGain_dB,Theta(deg),_极值列,_极值数值,_极值类型,rEPhi_Imag,rEPhi_Real,rETheta_Imag,rETheta_Real,rETotal,Freq [GHz],_最小值,_最小值所在列名,"dB(S(ground_T1,ground_T1)) []"
2.5,2.5569287844850566,1.575,0.5,0.01GHz,0.035,1.15,1.5,201.0,29.82180642374571,Patch,17.30587342708077,0.035,2.0,3.0,1.575,50.0,60.0,Interpolating,GHz,2.8039212101384234,0.0005516159787909225,2.803369594159632,2.8039212101384234,4.477658058413867,2.4421249249592725,0.00048043972346306163,2.4416444852358086,2.4421249249592725,3.877678761661014,0.0,0.02271176180212123,4.4680894282064726e-06,0.02270729371269302,0.02271176180212123,-16.437491752799637,15.0,RealizedGain,0.02271176180212123,max,-0.0001803929154930469,0.0016273829332542813,-0.018225128006046455,0.11529328651200946,0.11673636161193517,2.985,-17.0413406623789,"dB(S(ground_T1,ground_T1)) []",-17.0413406623789
