center_frequency,feed_center,feed_h,feed_r1,freq_step,ground_thickness,lumpedport_D,lumpedport_r,num_of_freq_points,patch_length,patch_name,patch_width,signal_layer_thickness,start_frequency,stop_frequency,sub_high,sub_length,sub_width,sweep_type,unit,Directivity,Directivity_Phi,Directivity_Theta,Directivity_Total,Directivity_dB,Gain,Gain_Phi,Gain_Theta,Gain_Total,Gain_dB,Phi(deg),RealizedGain,RealizedGain_Phi,RealizedGain_Theta,RealizedGain_Total,RealizedGain_dB,Theta(deg),_极值列,_极值数值,_极值类型,rEPhi_Imag,rEPhi_Real,rETheta_Imag,rETheta_Real,rETotal,Freq [GHz],_最小值,_最小值所在列名,"dB(S(ground_T1,ground_T1)) []"
2.5,2.6011761796242983,1.575,0.5,0.01GHz,0.035,1.15,1.5,201.0,12.036386344993115,Patch,17.587225133796018,0.035,2.0,3.0,1.575,50.0,60.0,Interpolating,GHz,1.6065041480164215,0.0011412804828411758,1.6053628675335805,1.6065041480164215,2.058818512434765,1.1566829865718236,0.0008217219476456466,1.1558612646241777,1.1566829865718236,0.6321434767474499,5.0,0.005783414932859118,4.108609738228233e-06,0.005779306323120889,0.005783414932859118,-22.378156479892365,45.0,RealizedGain,0.005783414932859118,max,-0.0002983644691691711,-0.0015414936145013204,-0.024884245965890624,0.053370776551539933,0.0589078153637135,3.0,-0.0366776086288041,"dB(S(ground_T1,ground_T1)) []",-0.0366776086288041
