center_frequency,feed_center,feed_h,feed_r1,freq_step,ground_thickness,lumpedport_D,lumpedport_r,num_of_freq_points,patch_length,patch_name,patch_width,signal_layer_thickness,start_frequency,stop_frequency,sub_high,sub_length,sub_width,sweep_type,unit,Directivity,Directivity_Phi,Directivity_Theta,Directivity_Total,Directivity_dB,Gain,Gain_Phi,Gain_Theta,Gain_Total,Gain_dB,Phi(deg),RealizedGain,RealizedGain_Phi,RealizedGain_Theta,RealizedGain_Total,RealizedGain_dB,Theta(deg),_极值列,_极值数值,_极值类型,rEPhi_Imag,rEPhi_Real,rETheta_Imag,rETheta_Real,rETotal,Freq [GHz],_最小值,_最小值所在列名,"dB(S(ground_T1,ground_T1)) []"
2.5,7.4957357428164855,1.575,0.5,0.01GHz,0.035,1.15,1.5,201.0,15.857088841626759,Patch,48.15453288499957,0.035,2.0,3.0,1.575,50.0,60.0,Interpolating,GHz,2.7789353619571324,0.015179133458915034,2.7637562284982184,2.7789353619571324,4.438784452042116,2.551153774911466,0.013934942191790853,2.537218832719676,2.551153774911466,4.0673663719964495,-5.0,0.031124076053919883,0.00017000629473984838,0.030954069759180046,0.031124076053919883,-15.069035321256068,15.0,RealizedGain,0.031124076053919883,max,-0.0017685187944054869,0.009943767959597526,-0.04563282981175485,0.12841543617799353,0.13665608506529592,3.0,-0.116935951530207,"dB(S(ground_T1,ground_T1)) []",-0.116935951530207
