center_frequency,feed_center,feed_h,feed_r1,freq_step,ground_thickness,lumpedport_D,lumpedport_r,num_of_freq_points,patch_length,patch_name,patch_width,signal_layer_thickness,start_frequency,stop_frequency,sub_high,sub_length,sub_width,sweep_type,unit,Directivity,Directivity_Phi,Directivity_Theta,Directivity_Total,Directivity_dB,Gain,Gain_Phi,Gain_Theta,Gain_Total,Gain_dB,Phi(deg),RealizedGain,RealizedGain_Phi,RealizedGain_Theta,RealizedGain_Total,RealizedGain_dB,Theta(deg),_极值列,_极值数值,_极值类型,rEPhi_Imag,rEPhi_Real,rETheta_Imag,rETheta_Real,rETotal,Freq [GHz],_最小值,_最小值所在列名,"dB(S(ground_T1,ground_T1)) []"
2.5,5.266202278261356,1.575,0.5,0.01GHz,0.035,1.15,1.5,201.0,13.080553467819094,Patch,34.31570971850047,0.035,2.0,3.0,1.575,50.0,60.0,Interpolating,GHz,2.350727437414078,0.041813946468731766,2.3089134909453457,2.350727437414078,3.712022763859737,2.027502414769642,0.03606452882928114,1.9914378859403608,2.027502414769642,3.0696138013128538,-10.0,0.016220019318157135,0.00028851623063424917,0.015931503087522888,0.016220019318157135,-17.89948632876771,20.0,RealizedGain,0.016220019318157135,max,0.0029739783123665675,0.012816757378008478,-0.02446148253369743,0.09466130637084696,0.09865212044487892,3.0,-0.0659831189099014,"dB(S(ground_T1,ground_T1)) []",-0.0659831189099014
