center_frequency,feed_center,feed_h,feed_r1,freq_step,ground_thickness,lumpedport_D,lumpedport_r,num_of_freq_points,patch_length,patch_name,patch_width,signal_layer_thickness,start_frequency,stop_frequency,sub_high,sub_length,sub_width,sweep_type,unit,Directivity,Directivity_Phi,Directivity_Theta,Directivity_Total,Directivity_dB,Gain,Gain_Phi,Gain_Theta,Gain_Total,Gain_dB,Phi(deg),RealizedGain,RealizedGain_Phi,RealizedGain_Theta,RealizedGain_Total,RealizedGain_dB,Theta(deg),_极值列,_极值数值,_极值类型,rEPhi_Imag,rEPhi_Real,rETheta_Imag,rETheta_Real,rETotal,Freq [GHz],_最小值,_最小值所在列名,"dB(S(ground_T1,ground_T1)) []"
2.5,1.6891702192519102,1.575,0.5,0.01GHz,0.035,1.15,1.5,201.0,14.036658176262788,Patch,11.739271724209285,0.035,2.0,3.0,1.575,50.0,60.0,Interpolating,GHz,1.4593302371098407,0.0006179757882058932,1.4587122613216343,1.4593302371098407,1.6415358108177711,0.9517371111585917,0.0004030276879603652,0.9513340834706312,0.9517371111585917,-0.21482995880134528,5.0,0.004377990711329522,1.8539273646176798e-06,0.004376136783964903,0.004377990711329522,-23.587251641985603,55.0,RealizedGain,0.004377990711329522,max,-0.00031974690760883627,-0.00100505947085469,-0.030024698933960297,0.041524226458717985,0.05125286637540121,3.0,-0.0324497336383073,"dB(S(ground_T1,ground_T1)) []",-0.0324497336383073
