center_frequency,feed_center,feed_h,feed_r1,freq_step,ground_thickness,lumpedport_D,lumpedport_r,num_of_freq_points,patch_length,patch_name,patch_width,signal_layer_thickness,start_frequency,stop_frequency,sub_high,sub_length,sub_width,sweep_type,unit,Directivity,Directivity_Phi,Directivity_Theta,Directivity_Total,Directivity_dB,Gain,Gain_Phi,Gain_Theta,Gain_Total,Gain_dB,Phi(deg),RealizedGain,RealizedGain_Phi,RealizedGain_Theta,RealizedGain_Total,RealizedGain_dB,Theta(deg),_极值列,_极值数值,_极值类型,rEPhi_Imag,rEPhi_Real,rETheta_Imag,rETheta_Real,rETotal,Freq [GHz],_最小值,_最小值所在列名,"dB(S(ground_T1,ground_T1)) []"
2.5,2.088116982936177,1.575,0.5,0.01GHz,0.035,1.15,1.5,201.0,18.32893174264207,Patch,14.311643052686925,0.035,2.0,3.0,1.575,50.0,60.0,Interpolating,GHz,1.5312951011793858,0.0010434699637725618,1.530251631215614,1.5312951011793858,1.8505889315669344,1.1250331355603653,0.0007666309937920862,1.1242665045665736,1.1250331355603653,0.5116531389546713,5.0,0.0055126623642457896,3.756491869581222e-06,0.00550890587237621,0.0055126623642457896,-22.58638606076019,50.0,RealizedGain,0.0055126623642457896,max,-0.00015959677130674574,-0.0014928084579290157,-0.03416823406778322,0.046238005742180587,0.057512392947487605,3.0,-0.0381427056607792,"dB(S(ground_T1,ground_T1)) []",-0.0381427056607792
