center_frequency,feed_center,feed_h,feed_r1,freq_step,ground_thickness,lumpedport_D,lumpedport_r,num_of_freq_points,patch_length,patch_name,patch_width,signal_layer_thickness,start_frequency,stop_frequency,sub_high,sub_length,sub_width,sweep_type,unit,Directivity,Directivity_Phi,Directivity_Theta,Directivity_Total,Directivity_dB,Gain,Gain_Phi,Gain_Theta,Gain_Total,Gain_dB,Phi(deg),RealizedGain,RealizedGain_Phi,RealizedGain_Theta,RealizedGain_Total,RealizedGain_dB,Theta(deg),_极值列,_极值数值,_极值类型,rEPhi_Imag,rEPhi_Real,rETheta_Imag,rETheta_Real,rETotal,Freq [GHz],_最小值,_最小值所在列名,"dB(S(ground_T1,ground_T1)) []"
2.5,1.838473137838156,1.575,0.5,0.01GHz,0.035,1.15,1.5,201.0,48.550706238637666,Patch,12.705143431897783,0.035,2.0,3.0,1.575,50.0,60.0,Interpolating,GHz,1.5553830672725648,0.3102597903314214,1.2451232769411436,1.5553830672725648,1.9183736668409397,1.2865514260155784,0.25663464138524983,1.0299167846303288,1.2865514260155784,1.0942715050627068,30.0,0.010421066550726185,0.0020787405952205234,0.008342325955505662,0.010421066550726185,-19.820878306150796,75.0,RealizedGain,0.010421066550726185,max,-0.0050116564116182444,0.034959362710028696,-0.06737032899382618,-0.02160445017009735,0.07907456757370257,2.045,-20.7239955079512,"dB(S(ground_T1,ground_T1)) []",-20.7239955079512
