center_frequency,feed_center,feed_h,feed_r1,freq_step,ground_thickness,lumpedport_D,lumpedport_r,num_of_freq_points,patch_length,patch_name,patch_width,signal_layer_thickness,start_frequency,stop_frequency,sub_high,sub_length,sub_width,sweep_type,unit,Directivity,Directivity_Phi,Directivity_Theta,Directivity_Total,Directivity_dB,Gain,Gain_Phi,Gain_Theta,Gain_Total,Gain_dB,Phi(deg),RealizedGain,RealizedGain_Phi,RealizedGain_Theta,RealizedGain_Total,RealizedGain_dB,Theta(deg),_极值列,_极值数值,_极值类型,rEPhi_Imag,rEPhi_Real,rETheta_Imag,rETheta_Real,rETotal,Freq [GHz],_最小值,_最小值所在列名,"dB(S(ground_T1,ground_T1)) []"
2.5,4.475035593429615,1.575,0.5,0.01GHz,0.035,1.15,1.5,201.0,18.382818586323243,Patch,29.38062876855227,0.035,2.0,3.0,1.575,50.0,60.0,Interpolating,GHz,2.6027843366693495,0.09838909787150378,2.504395238797845,2.6027843366693495,4.154381845231143,2.3036137232590796,0.08708000616213551,2.2165337170969437,2.3036137232590796,3.624096570769777,-15.0,0.020041439392353994,0.0007575960536105791,0.01928384333874341,0.020041439392353994,-16.980710903044034,20.0,RealizedGain,0.020041439392353994,max,0.002700788200694232,0.02114885538811397,-0.026443526722331315,0.10426561505913161,0.10965923093978924,3.0,-0.0910485224593122,"dB(S(ground_T1,ground_T1)) []",-0.0910485224593122
