center_frequency,feed_center,feed_h,feed_r1,freq_step,ground_thickness,lumpedport_D,lumpedport_r,num_of_freq_points,patch_length,patch_name,patch_width,signal_layer_thickness,start_frequency,stop_frequency,sub_high,sub_length,sub_width,sweep_type,unit,Directivity,Directivity_Phi,Directivity_Theta,Directivity_Total,Directivity_dB,Gain,Gain_Phi,Gain_Theta,Gain_Total,Gain_dB,Phi(deg),RealizedGain,RealizedGain_Phi,RealizedGain_Theta,RealizedGain_Total,RealizedGain_dB,Theta(deg),_极值列,_极值数值,_极值类型,rEPhi_Imag,rEPhi_Real,rETheta_Imag,rETheta_Real,rETotal,Freq [GHz],_最小值,_最小值所在列名,"dB(S(ground_T1,ground_T1)) []"
2.5,2.840056508066493,1.575,0.5,0.01GHz,0.035,1.15,1.5,201.0,14.492553366706428,Patch,19.103068542764376,0.035,2.0,3.0,1.575,50.0,60.0,Interpolating,GHz,1.6916288780044102,0.003990174158767118,1.687638703845644,1.6916288780044102,2.283050904326033,1.2843848888552005,0.0030295766761009603,1.2813553121791,1.2843848888552005,1.0869518732937036,-5.0,0.006935678399818082,1.6359714050945186e-05,0.006919318685767139,0.006935678399818082,-21.58911052847661,40.0,RealizedGain,0.006935678399818082,max,0.000555693455517493,0.003083385228298204,-0.026005413295064145,0.05895258686895003,0.06450972855989079,3.0,-0.0414071637047372,"dB(S(ground_T1,ground_T1)) []",-0.0414071637047372
