center_frequency,feed_center,feed_h,feed_r1,freq_step,ground_thickness,lumpedport_D,lumpedport_r,num_of_freq_points,patch_length,patch_name,patch_width,signal_layer_thickness,start_frequency,stop_frequency,sub_high,sub_length,sub_width,sweep_type,unit,Directivity,Directivity_Phi,Directivity_Theta,Directivity_Total,Directivity_dB,Gain,Gain_Phi,Gain_Theta,Gain_Total,Gain_dB,Phi(deg),RealizedGain,RealizedGain_Phi,RealizedGain_Theta,RealizedGain_Total,RealizedGain_dB,Theta(deg),_极值列,_极值数值,_极值类型,rEPhi_Imag,rEPhi_Real,rETheta_Imag,rETheta_Real,rETotal,Freq [GHz],_最小值,_最小值所在列名,"dB(S(ground_T1,ground_T1)) []"
2.5,3.793118802103064,1.575,0.5,0.01GHz,0.035,1.15,1.5,201.0,11.351774841121657,Patch,25.110346111242563,0.035,2.0,3.0,1.575,50.0,60.0,Interpolating,GHz,2.1843171306182025,0.38465745645177424,1.7996596741664292,2.1843171306182025,3.393156917611803,1.7727791205017296,0.3121857617579617,1.4605933587437685,1.7727791205017296,2.4865462803012535,-60.0,0.012232175931461933,0.0021540817561299355,0.010078094175332003,0.012232175931461933,-19.124962812326196,30.0,RealizedGain,0.012232175931461933,max,0.004738485367383314,0.035637427783580276,-0.03764410296342893,0.06804351898409745,0.08567075619058859,3.0,-0.118376850386425,"dB(S(ground_T1,ground_T1)) []",-0.118376850386425
