center_frequency,feed_center,feed_h,feed_r1,freq_step,ground_thickness,lumpedport_D,lumpedport_r,num_of_freq_points,patch_length,patch_name,patch_width,signal_layer_thickness,start_frequency,stop_frequency,sub_high,sub_length,sub_width,sweep_type,unit,Directivity,Directivity_Phi,Directivity_Theta,Directivity_Total,Directivity_dB,Gain,Gain_Phi,Gain_Theta,Gain_Total,Gain_dB,Phi(deg),RealizedGain,RealizedGain_Phi,RealizedGain_Theta,RealizedGain_Total,RealizedGain_dB,Theta(deg),_极值列,_极值数值,_极值类型,rEPhi_Imag,rEPhi_Real,rETheta_Imag,rETheta_Real,rETotal,Freq [GHz],_最小值,_最小值所在列名,"dB(S(ground_T1,ground_T1)) []"
2.5,1.8366423248126926,1.575,0.5,0.01GHz,0.035,1.15,1.5,201.0,20.770211442913514,Patch,12.693324301015087,0.035,2.0,3.0,1.575,50.0,60.0,Interpolating,GHz,1.5601442793685498,0.0041252708171714975,1.5560190085513779,1.5601442793685498,1.931647629930475,1.1462284501483224,0.0030308112126157935,1.1431976389357064,1.1462284501483224,0.5927118373182113,10.0,0.005616519405726779,1.485097494181739e-05,0.00560166843078496,0.005616519405726779,-22.505327362396656,50.0,RealizedGain,0.005616519405726779,max,-0.0008559119136762055,-0.002859756927857162,-0.03615696194087262,0.04531836651753228,0.0580516238834152,3.0,-0.0386762545531446,"dB(S(ground_T1,ground_T1)) []",-0.0386762545531446
