center_frequency,feed_center,feed_h,feed_r1,freq_step,ground_thickness,lumpedport_D,lumpedport_r,num_of_freq_points,patch_length,patch_name,patch_width,signal_layer_thickness,start_frequency,stop_frequency,sub_high,sub_length,sub_width,sweep_type,unit,Directivity,Directivity_Phi,Directivity_Theta,Directivity_Total,Directivity_dB,Gain,Gain_Phi,Gain_Theta,Gain_Total,Gain_dB,Phi(deg),RealizedGain,RealizedGain_Phi,RealizedGain_Theta,RealizedGain_Total,RealizedGain_dB,Theta(deg),_极值列,_极值数值,_极值类型,rEPhi_Imag,rEPhi_Real,rETheta_Imag,rETheta_Real,rETotal,Freq [GHz],_最小值,_最小值所在列名,"dB(S(ground_T1,ground_T1)) []"
2.5,3.3314674751522366,1.575,0.5,0.01GHz,0.035,1.15,1.5,201.0,10.550377343831245,Patch,22.207430275660652,0.035,2.0,3.0,1.575,50.0,60.0,Interpolating,GHz,1.7337516567214082,0.005000932329777628,1.72875072439163,1.7337516567214082,2.389868890804022,1.3003137425410558,0.0037506992473332213,1.2965630432937225,1.3003137425410558,1.1404815247210212,-5.0,0.007281756958229913,2.1003915785066038e-05,0.007260753042444846,0.007281756958229913,-21.377638205216975,35.0,RealizedGain,0.007281756958229913,max,0.0015932313960875912,0.003172421801951495,-0.019725362869904246,0.06298781246539606,0.06609959989210432,3.0,-0.0413942242952776,"dB(S(ground_T1,ground_T1)) []",-0.0413942242952776
