center_frequency,feed_center,feed_h,feed_r1,freq_step,ground_thickness,lumpedport_D,lumpedport_r,num_of_freq_points,patch_length,patch_name,patch_width,signal_layer_thickness,start_frequency,stop_frequency,sub_high,sub_length,sub_width,sweep_type,unit,Directivity,Directivity_Phi,Directivity_Theta,Directivity_Total,Directivity_dB,Gain,Gain_Phi,Gain_Theta,Gain_Total,Gain_dB,Phi(deg),RealizedGain,RealizedGain_Phi,RealizedGain_Theta,RealizedGain_Total,RealizedGain_dB,Theta(deg),_极值列,_极值数值,_极值类型,rEPhi_Imag,rEPhi_Real,rETheta_Imag,rETheta_Real,rETotal,Freq [GHz],_最小值,_最小值所在列名,"dB(S(ground_T1,ground_T1)) []"
2.5,6.194354083814248,1.575,0.5,0.01GHz,0.035,1.15,1.5,201.0,12.004609356430676,Patch,40.08651856641761,0.035,2.0,3.0,1.575,50.0,60.0,Interpolating,GHz,2.5106032669149134,0.04986887937812106,2.4607343875367933,2.5106032669149134,3.997780896135489,2.1758561646595918,0.04321969546103825,2.1326364691985544,2.1758561646595918,3.376301828647044,15.0,0.022846489728925713,0.0004538068023409017,0.02239268292658482,0.022846489728925713,-16.411805180653577,15.0,RealizedGain,0.022846489728925713,max,-0.0005502116600867404,-0.016492051518835815,-0.03582128212446483,0.11023956655259759,0.11708209420281106,2.24,-0.150049985675372,"dB(S(ground_T1,ground_T1)) []",-0.150049985675372
