center_frequency,feed_center,feed_h,feed_r1,freq_step,ground_thickness,lumpedport_D,lumpedport_r,num_of_freq_points,patch_length,patch_name,patch_width,signal_layer_thickness,start_frequency,stop_frequency,sub_high,sub_length,sub_width,sweep_type,unit,Directivity,Directivity_Phi,Directivity_Theta,Directivity_Total,Directivity_dB,Gain,Gain_Phi,Gain_Theta,Gain_Total,Gain_dB,Phi(deg),RealizedGain,RealizedGain_Phi,RealizedGain_Theta,RealizedGain_Total,RealizedGain_dB,Theta(deg),_极值列,_极值数值,_极值类型,rEPhi_Imag,rEPhi_Real,rETheta_Imag,rETheta_Real,rETotal,Freq [GHz],_最小值,_最小值所在列名,"dB(S(ground_T1,ground_T1)) []"
2.5,9.20915799635073,1.575,0.5,0.01GHz,0.035,1.15,1.5,201.0,10.309108428353744,Patch,58.74983021014263,0.035,2.0,3.0,1.575,50.0,60.0,Interpolating,GHz,4.265947957082361e-07,6.046247777137444e-09,4.205485479310988e-07,4.265947957082361e-07,-63.699844470792335,0.06094211367260516,0.0008637496824482063,0.06007836399015697,0.06094211367260516,-12.150824870934912,-20.0,4.2659479570823604e-05,6.046247777137444e-07,4.205485479310987e-05,4.2659479570823604e-05,-43.69984447079234,45.0,RealizedGain,4.2659479570823604e-05,max,0.0005841796948656983,-0.000146688436429316,0.0038206788276111785,0.0032612759215800563,0.005059277690907036,3.0,-0.00369389324313767,"dB(S(ground_T1,ground_T1)) []",-0.00369389324313767
