center_frequency,feed_center,feed_h,feed_r1,freq_step,ground_thickness,lumpedport_D,lumpedport_r,num_of_freq_points,patch_length,patch_name,patch_width,signal_layer_thickness,start_frequency,stop_frequency,sub_high,sub_length,sub_width,sweep_type,unit,Directivity,Directivity_Phi,Directivity_Theta,Directivity_Total,Directivity_dB,Gain,Gain_Phi,Gain_Theta,Gain_Total,Gain_dB,Phi(deg),RealizedGain,RealizedGain_Phi,RealizedGain_Theta,RealizedGain_Total,RealizedGain_dB,Theta(deg),_极值列,_极值数值,_极值类型,rEPhi_Imag,rEPhi_Real,rETheta_Imag,rETheta_Real,rETotal,Freq [GHz],_最小值,_最小值所在列名,"dB(S(ground_T1,ground_T1)) []"
2.5,1.7546370193634386,1.575,0.5,0.01GHz,0.035,1.15,1.5,201.0,19.63048634735607,Patch,12.163306674614034,0.035,2.0,3.0,1.575,50.0,60.0,Interpolating,GHz,1.5179476862229044,0.0011825843116554896,1.516765101911248,1.5179476862229044,1.8125680451320745,1.0842483473020745,0.0008447030797539212,1.08340364422232,1.0842483473020745,0.351287688349694,5.0,0.005312816901780165,4.139045090794213e-06,0.005308677856689368,0.005312816901780165,-22.74675151136517,50.0,RealizedGain,0.005312816901780165,max,-0.0008655406621851565,-0.0013169377069065246,-0.03406935957137736,0.044995116323823914,0.05646029791065591,3.0,-0.0368583518898612,"dB(S(ground_T1,ground_T1)) []",-0.0368583518898612
