center_frequency,feed_center,feed_h,feed_r1,freq_step,ground_thickness,lumpedport_D,lumpedport_r,num_of_freq_points,patch_length,patch_name,patch_width,signal_layer_thickness,start_frequency,stop_frequency,sub_high,sub_length,sub_width,sweep_type,unit,Directivity,Directivity_Phi,Directivity_Theta,Directivity_Total,Directivity_dB,Gain,Gain_Phi,Gain_Theta,Gain_Total,Gain_dB,Phi(deg),RealizedGain,RealizedGain_Phi,RealizedGain_Theta,RealizedGain_Total,RealizedGain_dB,Theta(deg),_极值列,_极值数值,_极值类型,rEPhi_Imag,rEPhi_Real,rETheta_Imag,rETheta_Real,rETotal,Freq [GHz],_最小值,_最小值所在列名,"dB(S(ground_T1,ground_T1)) []"
2.5,4.586358000878085,1.575,0.5,0.01GHz,0.035,1.15,1.5,201.0,21.358567335055877,Patch,30.076132038754636,0.035,2.0,3.0,1.575,50.0,60.0,Interpolating,GHz,2.6866926273854674,0.0011940996318478383,2.6854985277536194,2.6866926273854674,4.292179835652482,2.4367677318147263,0.0010830205963271089,2.4356847112183986,2.4367677318147263,3.8681413501216086,0.0,0.020956202493606645,9.313977128413137e-06,0.02094688851647823,0.020956202493606645,-16.786874137442712,20.0,RealizedGain,0.020956202493606645,max,-0.00026617259806853834,0.0023489721331687525,-0.024702466886680825,0.10935363429456593,0.11213392761181425,3.0,-0.0929341945798118,"dB(S(ground_T1,ground_T1)) []",-0.0929341945798118
