center_frequency,feed_center,feed_h,feed_r1,freq_step,ground_thickness,lumpedport_D,lumpedport_r,num_of_freq_points,patch_length,patch_name,patch_width,signal_layer_thickness,start_frequency,stop_frequency,sub_high,sub_length,sub_width,sweep_type,unit,Directivity,Directivity_Phi,Directivity_Theta,Directivity_Total,Directivity_dB,Gain,Gain_Phi,Gain_Theta,Gain_Total,Gain_dB,Phi(deg),RealizedGain,RealizedGain_Phi,RealizedGain_Theta,RealizedGain_Total,RealizedGain_dB,Theta(deg),_极值列,_极值数值,_极值类型,rEPhi_Imag,rEPhi_Real,rETheta_Imag,rETheta_Real,rETotal,Freq [GHz],_最小值,_最小值所在列名,"dB(S(ground_T1,ground_T1)) []"
2.5,6.979866001337729,1.575,0.5,0.01GHz,0.035,1.15,1.5,201.0,21.19983469626655,Patch,44.959009875851734,0.035,2.0,3.0,1.575,50.0,60.0,Interpolating,GHz,3.2240658882625888,0.008883360759444871,3.215182527503144,3.2240658882625888,5.084039086344394,3.0293236534010903,0.008346781921626053,3.020976871479464,3.0293236534010903,4.813456759004034,0.0,0.045136922435676234,0.00012436705063222818,0.04501255538504401,0.045136922435676234,-13.454680556873226,10.0,RealizedGain,0.045136922435676234,max,0.0017127703125792463,-0.008466900626599532,-0.039106735562451915,0.15962090319782998,0.1645685009119513,3.0,-0.177869695487872,"dB(S(ground_T1,ground_T1)) []",-0.177869695487872
