center_frequency,feed_center,feed_h,feed_r1,freq_step,ground_thickness,lumpedport_D,lumpedport_r,num_of_freq_points,patch_length,patch_name,patch_width,signal_layer_thickness,start_frequency,stop_frequency,sub_high,sub_length,sub_width,sweep_type,unit,Directivity,Directivity_Phi,Directivity_Theta,Directivity_Total,Directivity_dB,Gain,Gain_Phi,Gain_Theta,Gain_Total,Gain_dB,Phi(deg),RealizedGain,RealizedGain_Phi,RealizedGain_Theta,RealizedGain_Total,RealizedGain_dB,Theta(deg),_极值列,_极值数值,_极值类型,rEPhi_Imag,rEPhi_Real,rETheta_Imag,rETheta_Real,rETotal,Freq [GHz],_最小值,_最小值所在列名,"dB(S(ground_T1,ground_T1)) []"
2.5,2.4152595422237133,1.575,0.5,0.01GHz,0.035,1.15,1.5,201.0,27.003126885837304,Patch,16.403721552651636,0.035,2.0,3.0,1.575,50.0,60.0,Interpolating,GHz,1.9388657340471862,0.0003271087032457351,1.9385386253439405,1.9388657340471862,2.875477353389542,1.5892342082353985,0.0002681218879063402,1.5889660863474924,1.5892342082353985,2.01187904664206,0.0,0.009694328670235931,1.6355435162286755e-06,0.009692693126719703,0.009694328670235931,-20.13482260325027,35.0,RealizedGain,0.009694328670235931,max,-0.00038722271646856346,-0.0009118156594082217,-0.03224677859042722,0.06910787333736525,0.07626751756745623,3.0,-0.0810925752008203,"dB(S(ground_T1,ground_T1)) []",-0.0810925752008203
