center_frequency,feed_center,feed_h,feed_r1,freq_step,ground_thickness,lumpedport_D,lumpedport_r,num_of_freq_points,patch_length,patch_name,patch_width,signal_layer_thickness,start_frequency,stop_frequency,sub_high,sub_length,sub_width,sweep_type,unit,Directivity,Directivity_Phi,Directivity_Theta,Directivity_Total,Directivity_dB,Gain,Gain_Phi,Gain_Theta,Gain_Total,Gain_dB,Phi(deg),RealizedGain,RealizedGain_Phi,RealizedGain_Theta,RealizedGain_Total,RealizedGain_dB,Theta(deg),_极值列,_极值数值,_极值类型,rEPhi_Imag,rEPhi_Real,rETheta_Imag,rETheta_Real,rETotal,Freq [GHz],_最小值,_最小值所在列名,"dB(S(ground_T1,ground_T1)) []"
2.5,1.9777428993162258,1.575,0.5,0.01GHz,0.035,1.15,1.5,201.0,16.412969168237645,Patch,13.602570364745677,0.035,2.0,3.0,1.575,50.0,60.0,Interpolating,GHz,1.4919092657755488,7.574233020355738e-05,1.4918335234453453,1.4919092657755488,1.7374241122562908,1.0567690632576805,5.3650817227519803e-05,1.0567154124404528,1.0567690632576805,0.23980090892297026,0.0,0.005072491503636866,2.575239226920951e-07,0.005072233979714173,0.005072491503636866,-22.947786717321158,50.0,RealizedGain,0.005072491503636866,max,0.00026929820676176776,-0.00028635025697272575,-0.03107929521427421,0.045579485463912356,0.055168529110035544,3.0,-0.0354954268909518,"dB(S(ground_T1,ground_T1)) []",-0.0354954268909518
