center_frequency,feed_center,feed_h,feed_r1,freq_step,ground_thickness,lumpedport_D,lumpedport_r,num_of_freq_points,patch_length,patch_name,patch_width,signal_layer_thickness,start_frequency,stop_frequency,sub_high,sub_length,sub_width,sweep_type,unit,Directivity,Directivity_Phi,Directivity_Theta,Directivity_Total,Directivity_dB,Gain,Gain_Phi,Gain_Theta,Gain_Total,Gain_dB,Phi(deg),RealizedGain,RealizedGain_Phi,RealizedGain_Theta,RealizedGain_Total,RealizedGain_dB,Theta(deg),_极值列,_极值数值,_极值类型,rEPhi_Imag,rEPhi_Real,rETheta_Imag,rETheta_Real,rETotal,Freq [GHz],_最小值,_最小值所在列名,"dB(S(ground_T1,ground_T1)) []"
2.5,4.630953993550717,1.575,0.5,0.01GHz,0.035,1.15,1.5,201.0,14.644455196857983,Patch,30.354640938132835,0.035,2.0,3.0,1.575,50.0,60.0,Interpolating,GHz,2.2195879460738785,0.0074777208584184945,2.2121102252154605,2.2195879460738785,3.462723576235598,1.9069699255000927,0.0064245207375144804,1.9005454047625787,1.9069699255000927,2.803438439152515,5.0,0.013539486471050658,4.5614097236352814e-05,0.013493872373814308,0.013539486471050658,-18.683978073656732,25.0,RealizedGain,0.013539486471050658,max,-0.0024563852294752922,-0.004619012310257691,-0.02271830587590926,0.08706545092321312,0.09013258716719331,3.0,-0.0590451786678943,"dB(S(ground_T1,ground_T1)) []",-0.0590451786678943
