center_frequency,feed_center,feed_h,feed_r1,freq_step,ground_thickness,lumpedport_D,lumpedport_r,num_of_freq_points,patch_length,patch_name,patch_width,signal_layer_thickness,start_frequency,stop_frequency,sub_high,sub_length,sub_width,sweep_type,unit,Directivity,Directivity_Phi,Directivity_Theta,Directivity_Total,Directivity_dB,Gain,Gain_Phi,Gain_Theta,Gain_Total,Gain_dB,Phi(deg),RealizedGain,RealizedGain_Phi,RealizedGain_Theta,RealizedGain_Total,RealizedGain_dB,Theta(deg),_极值列,_极值数值,_极值类型,rEPhi_Imag,rEPhi_Real,rETheta_Imag,rETheta_Real,rETotal,Freq [GHz],_最小值,_最小值所在列名,"dB(S(ground_T1,ground_T1)) []"
2.5,1.5337738660028566,1.575,0.5,0.01GHz,0.035,1.15,1.5,201.0,24.350528693781605,Patch,10.729192520609889,0.035,2.0,3.0,1.575,50.0,60.0,Interpolating,GHz,1.565099892069255,0.004490865871379148,1.5606090261978756,1.565099892069255,1.9454206149268674,1.1581739201312484,0.003323240744820569,1.154850679386428,1.1581739201312484,0.6377378122366284,-15.0,0.0057908696006562415,1.6616203724102846e-05,0.005774253396932139,0.0057908696006562415,-22.372562144403183,55.0,RealizedGain,0.0057908696006562415,max,0.0005255531259520484,0.0031134789261994,-0.04194577736427162,0.041293890845664316,0.05894576843997173,3.0,-0.0411742381671735,"dB(S(ground_T1,ground_T1)) []",-0.0411742381671735
