center_frequency,feed_center,feed_h,feed_r1,freq_step,ground_thickness,lumpedport_D,lumpedport_r,num_of_freq_points,patch_length,patch_name,patch_width,signal_layer_thickness,start_frequency,stop_frequency,sub_high,sub_length,sub_width,sweep_type,unit,Directivity,Directivity_Phi,Directivity_Theta,Directivity_Total,Directivity_dB,Gain,Gain_Phi,Gain_Theta,Gain_Total,Gain_dB,Phi(deg),RealizedGain,RealizedGain_Phi,RealizedGain_Theta,RealizedGain_Total,RealizedGain_dB,Theta(deg),_极值列,_极值数值,_极值类型,rEPhi_Imag,rEPhi_Real,rETheta_Imag,rETheta_Real,rETotal,Freq [GHz],_最小值,_最小值所在列名,"dB(S(ground_T1,ground_T1)) []"
2.5,5.986970534786284,1.575,0.5,0.01GHz,0.035,1.15,1.5,201.0,15.612226398682498,Patch,38.79853273155756,0.035,2.0,3.0,1.575,50.0,60.0,Interpolating,GHz,2.680001721616324,0.009523426305375442,2.6704782953109487,2.680001721616324,4.281350730169341,2.3822237525478434,0.008465267827000394,2.373758484720843,2.3822237525478434,3.7698255056955277,20.0,0.023584015150223646,8.380615148730388e-05,0.023500208998736342,0.023584015150223646,-16.273822548328972,15.0,RealizedGain,0.023584015150223646,max,0.0006855496677629074,-0.007057966929903873,-0.026452313937590885,0.11576153364900493,0.11895689328892695,3.0,-0.0878084721476277,"dB(S(ground_T1,ground_T1)) []",-0.0878084721476277
