center_frequency,feed_center,feed_h,feed_r1,freq_step,ground_thickness,lumpedport_D,lumpedport_r,num_of_freq_points,patch_length,patch_name,patch_width,signal_layer_thickness,start_frequency,stop_frequency,sub_high,sub_length,sub_width,sweep_type,unit,Directivity,Directivity_Phi,Directivity_Theta,Directivity_Total,Directivity_dB,Gain,Gain_Phi,Gain_Theta,Gain_Total,Gain_dB,Phi(deg),RealizedGain,RealizedGain_Phi,RealizedGain_Theta,RealizedGain_Total,RealizedGain_dB,Theta(deg),_极值列,_极值数值,_极值类型,rEPhi_Imag,rEPhi_Real,rETheta_Imag,rETheta_Real,rETotal,Freq [GHz],_最小值,_最小值所在列名,"dB(S(ground_T1,ground_T1)) []"
2.5,3.941448395133331,1.575,0.5,0.01GHz,0.035,1.15,1.5,201.0,21.45844334848882,Patch,26.04082010952526,0.035,2.0,3.0,1.575,50.0,60.0,Interpolating,GHz,2.3849715644324605,0.00015356668992674326,2.3848179977425343,2.3849715644324605,3.774832053955492,2.058263130948562,0.0001325301570600661,2.058130600791502,2.058263130948562,3.1350089472867504,0.0,0.015025320855924501,9.674701465384825e-07,0.015024353385777966,0.015025320855924501,-18.23176245150869,25.0,RealizedGain,0.015025320855924501,max,-0.000392997359615868,0.0006527241675395237,-0.025582873984957934,0.09143490015431442,0.09494948606139603,3.0,-0.0714943697483415,"dB(S(ground_T1,ground_T1)) []",-0.0714943697483415
