center_frequency,feed_center,feed_h,feed_r1,freq_step,ground_thickness,lumpedport_D,lumpedport_r,num_of_freq_points,patch_length,patch_name,patch_width,signal_layer_thickness,start_frequency,stop_frequency,sub_high,sub_length,sub_width,sweep_type,unit,Directivity,Directivity_Phi,Directivity_Theta,Directivity_Total,Directivity_dB,Gain,Gain_Phi,Gain_Theta,Gain_Total,Gain_dB,Phi(deg),RealizedGain,RealizedGain_Phi,RealizedGain_Theta,RealizedGain_Total,RealizedGain_dB,Theta(deg),_极值列,_极值数值,_极值类型,rEPhi_Imag,rEPhi_Real,rETheta_Imag,rETheta_Real,rETotal,Freq [GHz],_最小值,_最小值所在列名,"dB(S(ground_T1,ground_T1)) []"
2.5,8.519721762147794,1.575,0.5,0.01GHz,0.035,1.15,1.5,201.0,12.20385700151338,Patch,54.489472810462374,0.035,2.0,3.0,1.575,50.0,60.0,Interpolating,GHz,4.7459110400527505e-07,1.1880209153924453e-07,3.557890124660304e-07,4.7459110400527505e-07,-63.236804066952274,0.06779872914361072,0.01697172736274922,0.05082700178086149,0.06779872914361072,-11.687784467094842,85.0,4.7459110400527506e-05,1.1880209153924453e-05,3.557890124660304e-05,4.7459110400527506e-05,-43.236804066952274,50.0,RealizedGain,4.7459110400527506e-05,max,-0.0026691321690543333,-6.34577706277178e-05,0.0017063377839617087,0.004293746038018017,0.005336303692304675,3.0,-0.00376112495326816,"dB(S(ground_T1,ground_T1)) []",-0.00376112495326816
