center_frequency,feed_center,feed_h,feed_r1,freq_step,ground_thickness,lumpedport_D,lumpedport_r,num_of_freq_points,patch_length,patch_name,patch_width,signal_layer_thickness,start_frequency,stop_frequency,sub_high,sub_length,sub_width,sweep_type,unit,Directivity,Directivity_Phi,Directivity_Theta,Directivity_Total,Directivity_dB,Gain,Gain_Phi,Gain_Theta,Gain_Total,Gain_dB,Phi(deg),RealizedGain,RealizedGain_Phi,RealizedGain_Theta,RealizedGain_Total,RealizedGain_dB,Theta(deg),_极值列,_极值数值,_极值类型,rEPhi_Imag,rEPhi_Real,rETheta_Imag,rETheta_Real,rETotal,Freq [GHz],_最小值,_最小值所在列名,"dB(S(ground_T1,ground_T1)) []"
2.5,3.5266394415547424,1.575,0.5,0.01GHz,0.035,1.15,1.5,201.0,11.298564768777055,Patch,23.4360796731205,0.035,2.0,3.0,1.575,50.0,60.0,Interpolating,GHz,1.7390342088748394,0.006158807422773142,1.7328754014520673,1.7390342088748394,2.403081251766338,1.3424123717630339,0.004754167133368741,1.337658204629666,1.3424123717630339,1.2788594599032979,-5.0,0.007651750519049294,2.7098752660201824e-05,0.007624651766389095,0.007651750519049294,-21.16239198337179,35.0,RealizedGain,0.007651750519049294,max,0.001364978253279872,0.0037942679158741647,-0.02023889272024891,0.06453902741151797,0.06775808787455391,3.0,-0.0433102588624625,"dB(S(ground_T1,ground_T1)) []",-0.0433102588624625
