center_frequency,feed_center,feed_h,feed_r1,freq_step,ground_thickness,lumpedport_D,lumpedport_r,num_of_freq_points,patch_length,patch_name,patch_width,signal_layer_thickness,start_frequency,stop_frequency,sub_high,sub_length,sub_width,sweep_type,unit,Directivity,Directivity_Phi,Directivity_Theta,Directivity_Total,Directivity_dB,Gain,Gain_Phi,Gain_Theta,Gain_Total,Gain_dB,Phi(deg),RealizedGain,RealizedGain_Phi,RealizedGain_Theta,RealizedGain_Total,RealizedGain_dB,Theta(deg),_极值列,_极值数值,_极值类型,rEPhi_Imag,rEPhi_Real,rETheta_Imag,rETheta_Real,rETotal,Freq [GHz],_最小值,_最小值所在列名,"dB(S(ground_T1,ground_T1)) []"
2.5,2.0014233824798953,1.575,0.5,0.01GHz,0.035,1.15,1.5,201.0,10.312853609244229,Patch,13.754853362414472,0.035,2.0,3.0,1.575,50.0,60.0,Interpolating,GHz,1.5108183886097089,0.015304354523985281,1.4955140340857236,1.5108183886097089,1.7921226211201762,0.9524724623843818,0.009648397417295068,0.9428240649670865,0.9524724623843818,-0.21147571670600313,-25.0,0.004381373326968155,4.438262811955731e-05,0.0043369906988485986,0.004381373326968155,-23.58389739989026,55.0,RealizedGain,0.004381373326968155,max,0.003228453410190135,0.004025828215246248,-0.026924036983308624,0.04332841974009341,0.051272662588290926,3.0,-0.0319421729829983,"dB(S(ground_T1,ground_T1)) []",-0.0319421729829983
