center_frequency,feed_center,feed_h,feed_r1,freq_step,ground_thickness,lumpedport_D,lumpedport_r,num_of_freq_points,patch_length,patch_name,patch_width,signal_layer_thickness,start_frequency,stop_frequency,sub_high,sub_length,sub_width,sweep_type,unit,Directivity,Directivity_Phi,Directivity_Theta,Directivity_Total,Directivity_dB,Gain,Gain_Phi,Gain_Theta,Gain_Total,Gain_dB,Phi(deg),RealizedGain,RealizedGain_Phi,RealizedGain_Theta,RealizedGain_Total,RealizedGain_dB,Theta(deg),_极值列,_极值数值,_极值类型,rEPhi_Imag,rEPhi_Real,rETheta_Imag,rETheta_Real,rETotal,Freq [GHz],_最小值,_最小值所在列名,"dB(S(ground_T1,ground_T1)) []"
2.5,1.9114344490470183,1.575,0.5,0.01GHz,0.035,1.15,1.5,201.0,13.311690595966684,Patch,13.175689836324691,0.035,2.0,3.0,1.575,50.0,60.0,Interpolating,GHz,1.4730627751956165,0.001570391077137971,1.4714923841184788,1.4730627751956165,1.682212548807422,0.9927162180666111,0.0010583070302451543,0.9916579110363661,0.9927162180666111,-0.03174882966559195,-10.0,0.004566494603106411,4.868212339127709e-06,0.004561626390767284,0.004566494603106411,-23.404170512849852,55.0,RealizedGain,0.004566494603106411,max,0.0012730625499721713,0.0011403104672581348,-0.030444641841611424,0.04254602329557418,0.052344639757566556,3.0,-0.0331719528242452,"dB(S(ground_T1,ground_T1)) []",-0.0331719528242452
