center_frequency,feed_center,feed_h,feed_r1,freq_step,ground_thickness,lumpedport_D,lumpedport_r,num_of_freq_points,patch_length,patch_name,patch_width,signal_layer_thickness,start_frequency,stop_frequency,sub_high,sub_length,sub_width,sweep_type,unit,Directivity,Directivity_Phi,Directivity_Theta,Directivity_Total,Directivity_dB,Gain,Gain_Phi,Gain_Theta,Gain_Total,Gain_dB,Phi(deg),RealizedGain,RealizedGain_Phi,RealizedGain_Theta,RealizedGain_Total,RealizedGain_dB,Theta(deg),_极值列,_极值数值,_极值类型,rEPhi_Imag,rEPhi_Real,rETheta_Imag,rETheta_Real,rETotal,Freq [GHz],_最小值,_最小值所在列名,"dB(S(ground_T1,ground_T1)) []"
2.5,3.4037124033090316,1.575,0.5,0.01GHz,0.035,1.15,1.5,201.0,19.98582455788963,Patch,22.66248176600282,0.035,2.0,3.0,1.575,50.0,60.0,Interpolating,GHz,2.0315760720307927,0.007745417975052292,2.023830654055741,2.0315760720307927,3.0783308905211677,1.6768564404063684,0.0063930434079796684,1.670463396998389,1.6768564404063684,2.244958832333342,5.0,0.010564195574560122,4.027617347027192e-05,0.010523919401089852,0.010564195574560122,-19.76163567313084,30.0,RealizedGain,0.010564195574560122,max,0.0006485843340155142,-0.0048729469282897675,-0.025762694025916365,0.07517169678532774,0.07961574388563168,3.0,-0.0568503482255792,"dB(S(ground_T1,ground_T1)) []",-0.0568503482255792
