center_frequency,feed_center,feed_h,feed_r1,freq_step,ground_thickness,lumpedport_D,lumpedport_r,num_of_freq_points,patch_length,patch_name,patch_width,signal_layer_thickness,start_frequency,stop_frequency,sub_high,sub_length,sub_width,sweep_type,unit,Directivity,Directivity_Phi,Directivity_Theta,Directivity_Total,Directivity_dB,Gain,Gain_Phi,Gain_Theta,Gain_Total,Gain_dB,Phi(deg),RealizedGain,RealizedGain_Phi,RealizedGain_Theta,RealizedGain_Total,RealizedGain_dB,Theta(deg),_极值列,_极值数值,_极值类型,rEPhi_Imag,rEPhi_Real,rETheta_Imag,rETheta_Real,rETotal,Freq [GHz],_最小值,_最小值所在列名,"dB(S(ground_T1,ground_T1)) []"
2.5,4.494578150314007,1.575,0.5,0.01GHz,0.035,1.15,1.5,201.0,24.42965656755259,Patch,29.502753077700614,0.035,2.0,3.0,1.575,50.0,60.0,Interpolating,GHz,3.0287684563629225,0.009001802047689413,3.019766654315233,3.0287684563629225,4.812660736076843,2.7430355831211375,0.008152575439416826,2.7348830076817205,2.7430355831211375,4.382314413824825,-10.0,0.029076177181084056,8.641729965781837e-05,0.028989759881426234,0.029076177181084056,-15.364626933527472,15.0,RealizedGain,0.029076177181084056,max,0.0031697264789565176,0.006465634956542813,-0.027475680239323754,0.12899361498822468,0.13208375113422005,3.0,-0.214969415901099,"dB(S(ground_T1,ground_T1)) []",-0.214969415901099
