center_frequency,feed_center,feed_h,feed_r1,freq_step,ground_thickness,lumpedport_D,lumpedport_r,num_of_freq_points,patch_length,patch_name,patch_width,signal_layer_thickness,start_frequency,stop_frequency,sub_high,sub_length,sub_width,sweep_type,unit,Directivity,Directivity_Phi,Directivity_Theta,Directivity_Total,Directivity_dB,Gain,Gain_Phi,Gain_Theta,Gain_Total,Gain_dB,Phi(deg),RealizedGain,RealizedGain_Phi,RealizedGain_Theta,RealizedGain_Total,RealizedGain_dB,Theta(deg),_极值列,_极值数值,_极值类型,rEPhi_Imag,rEPhi_Real,rETheta_Imag,rETheta_Real,rETotal,Freq [GHz],_最小值,_最小值所在列名,"dB(S(ground_T1,ground_T1)) []"
2.5,5.1452670824486955,1.575,0.5,0.01GHz,0.035,1.15,1.5,201.0,11.10436827039646,Patch,33.56243995110806,0.035,2.0,3.0,1.575,50.0,60.0,Interpolating,GHz,2.223825061340102,0.002122921910573938,2.2217021394295275,2.223825061340102,3.471006201928911,1.8860288494909727,0.0018004527596006815,1.8842283967313718,1.8860288494909727,2.755483316032761,5.0,0.014899627910978683,1.4223576800845384e-05,0.014885404334177834,0.014899627910978683,-18.268245771062826,25.0,RealizedGain,0.014899627910978683,max,-0.002583245326629073,-0.001364254638880386,-0.027894471428000035,0.09029591062857625,0.09455150638476681,3.0,-0.0658872961020976,"dB(S(ground_T1,ground_T1)) []",-0.0658872961020976
