center_frequency,feed_center,feed_h,feed_r1,freq_step,ground_thickness,lumpedport_D,lumpedport_r,num_of_freq_points,patch_length,patch_name,patch_width,signal_layer_thickness,start_frequency,stop_frequency,sub_high,sub_length,sub_width,sweep_type,unit,Directivity,Directivity_Phi,Directivity_Theta,Directivity_Total,Directivity_dB,Gain,Gain_Phi,Gain_Theta,Gain_Total,Gain_dB,Phi(deg),RealizedGain,RealizedGain_Phi,RealizedGain_Theta,RealizedGain_Total,RealizedGain_dB,Theta(deg),_极值列,_极值数值,_极值类型,rEPhi_Imag,rEPhi_Real,rETheta_Imag,rETheta_Real,rETotal,Freq [GHz],_最小值,_最小值所在列名,"dB(S(ground_T1,ground_T1)) []"
2.5,2.09602490684928,1.575,0.5,0.01GHz,0.035,1.15,1.5,201.0,13.164004283437766,Patch,14.362377673812784,0.035,2.0,3.0,1.575,50.0,60.0,Interpolating,GHz,1.5227564279882841,0.01441216561442768,1.5083442623738568,1.5227564279882841,1.8263044145794378,1.0468950442419453,0.00990836385991903,1.0369866803820265,1.0468950442419453,0.1990314396024404,-20.0,0.0050250962123613374,4.756014652761135e-05,0.004977536065833728,0.0050250962123613374,-22.988556186641688,50.0,RealizedGain,0.0050250962123613374,max,0.0022519726842574654,0.004844107681534837,-0.0287589661496357,0.04647056988297656,0.0549101881206525,3.0,-0.0342012178867375,"dB(S(ground_T1,ground_T1)) []",-0.0342012178867375
