center_frequency,feed_center,feed_h,feed_r1,freq_step,ground_thickness,lumpedport_D,lumpedport_r,num_of_freq_points,patch_length,patch_name,patch_width,signal_layer_thickness,start_frequency,stop_frequency,sub_high,sub_length,sub_width,sweep_type,unit,Directivity,Directivity_Phi,Directivity_Theta,Directivity_Total,Directivity_dB,Gain,Gain_Phi,Gain_Theta,Gain_Total,Gain_dB,Phi(deg),RealizedGain,RealizedGain_Phi,RealizedGain_Theta,RealizedGain_Total,RealizedGain_dB,Theta(deg),_极值列,_极值数值,_极值类型,rEPhi_Imag,rEPhi_Real,rETheta_Imag,rETheta_Real,rETotal,Freq [GHz],_最小值,_最小值所在列名,"dB(S(ground_T1,ground_T1)) []"
2.5,1.7847556077441058,1.575,0.5,0.01GHz,0.035,1.15,1.5,201.0,13.67049521280261,Patch,12.358112309979067,0.035,2.0,3.0,1.575,50.0,60.0,Interpolating,GHz,1.4376863751874218,8.393374826501837e-05,1.437602441439157,1.4376863751874218,1.5766415699211995,0.9688756006697844,5.656404774381672e-05,0.9688190366220405,0.9688756006697844,-0.13731980855181405,0.0,0.004456827763081008,2.6019461962155693e-07,0.004456567568461386,0.004456827763081008,-23.509741491736072,55.0,RealizedGain,0.004456827763081008,max,-0.00027473007375802664,-0.00028397858425514486,-0.029716375774733926,0.04231950552060361,0.05171227762478979,3.0,-0.032855505219672,"dB(S(ground_T1,ground_T1)) []",-0.032855505219672
