center_frequency,feed_center,feed_h,feed_r1,freq_step,ground_thickness,lumpedport_D,lumpedport_r,num_of_freq_points,patch_length,patch_name,patch_width,signal_layer_thickness,start_frequency,stop_frequency,sub_high,sub_length,sub_width,sweep_type,unit,Directivity,Directivity_Phi,Directivity_Theta,Directivity_Total,Directivity_dB,Gain,Gain_Phi,Gain_Theta,Gain_Total,Gain_dB,Phi(deg),RealizedGain,RealizedGain_Phi,RealizedGain_Theta,RealizedGain_Total,RealizedGain_dB,Theta(deg),_极值列,_极值数值,_极值类型,rEPhi_Imag,rEPhi_Real,rETheta_Imag,rETheta_Real,rETotal,Freq [GHz],_最小值,_最小值所在列名,"dB(S(ground_T1,ground_T1)) []"
2.5,2.050452443089642,1.575,0.5,0.01GHz,0.035,1.15,1.5,201.0,25.075243826859527,Patch,14.06987757044812,0.035,2.0,3.0,1.575,50.0,60.0,Interpolating,GHz,2.2056042057819942,0.001852335974846247,2.2037518698071485,2.2056042057819942,3.4352758123798326,1.7900555873013286,0.00150334513900565,1.7885522421623234,1.7900555873013286,2.528665175069284,-5.0,0.012351383552379167,1.0373081459138983e-05,0.012341010470920032,0.012351383552379167,-19.082843917558165,30.0,RealizedGain,0.012351383552379167,max,0.0007490858769529833,0.0023796776783157293,-0.029249124218771336,0.08092755686910921,0.08608719256586166,3.0,-0.140691167541147,"dB(S(ground_T1,ground_T1)) []",-0.140691167541147
