center_frequency,feed_center,feed_h,feed_r1,freq_step,ground_thickness,lumpedport_D,lumpedport_r,num_of_freq_points,patch_length,patch_name,patch_width,signal_layer_thickness,start_frequency,stop_frequency,sub_high,sub_length,sub_width,sweep_type,unit,Directivity,Directivity_Phi,Directivity_Theta,Directivity_Total,Directivity_dB,Gain,Gain_Phi,Gain_Theta,Gain_Total,Gain_dB,Phi(deg),RealizedGain,RealizedGain_Phi,RealizedGain_Theta,RealizedGain_Total,RealizedGain_dB,Theta(deg),_极值列,_极值数值,_极值类型,rEPhi_Imag,rEPhi_Real,rETheta_Imag,rETheta_Real,rETotal,Freq [GHz],_最小值,_最小值所在列名,"dB(S(ground_T1,ground_T1)) []"
2.5,2.8271824263474645,1.575,0.5,0.01GHz,0.035,1.15,1.5,201.0,11.194579040189915,Patch,19.021500047441794,0.035,2.0,3.0,1.575,50.0,60.0,Interpolating,GHz,1.6575352438940443,0.0003488892580457829,1.6571863546359986,1.6575352438940443,2.1946277150575564,1.2112757551533402,0.00025495753472576447,1.2110207976186145,1.2112757551533402,0.8324302448776668,0.0,0.0062986339267973685,1.3257791805739753e-06,0.006297308147616795,0.0062986339267973685,-22.007536318774342,40.0,RealizedGain,0.0062986339267973685,max,0.0008789143957221809,-0.00015164344308463175,-0.022063462639005004,0.05737314284813367,0.06147576262352472,3.0,-0.0380625985289555,"dB(S(ground_T1,ground_T1)) []",-0.0380625985289555
