center_frequency,feed_center,feed_h,feed_r1,freq_step,ground_thickness,lumpedport_D,lumpedport_r,num_of_freq_points,patch_length,patch_name,patch_width,signal_layer_thickness,start_frequency,stop_frequency,sub_high,sub_length,sub_width,sweep_type,unit,Directivity,Directivity_Phi,Directivity_Theta,Directivity_Total,Directivity_dB,Gain,Gain_Phi,Gain_Theta,Gain_Total,Gain_dB,Phi(deg),RealizedGain,RealizedGain_Phi,RealizedGain_Theta,RealizedGain_Total,RealizedGain_dB,Theta(deg),_极值列,_极值数值,_极值类型,rEPhi_Imag,rEPhi_Real,rETheta_Imag,rETheta_Real,rETotal,Freq [GHz],_最小值,_最小值所在列名,"dB(S(ground_T1,ground_T1)) []"
2.5,2.1161747349790327,1.575,0.5,0.01GHz,0.035,1.15,1.5,201.0,25.132522580537557,Patch,14.491612746804485,0.035,2.0,3.0,1.575,50.0,60.0,Interpolating,GHz,1.8672922289017162,0.0016369315936419974,1.8656552973080738,1.8672922289017162,2.7121228981198975,1.4819779594458067,0.0012991520584460297,1.4806788073873602,1.4819779594458067,1.708417446944269,5.0,0.009336461144508581,8.184657968209986e-06,0.009328276486540369,0.009336461144508581,-20.298177058519915,35.0,RealizedGain,0.009336461144508581,max,-0.001726808792360088,-0.001388899517398619,-0.03360244980335767,0.06684289878949773,0.07484656746868898,3.0,-0.0969456986970264,"dB(S(ground_T1,ground_T1)) []",-0.0969456986970264
