center_frequency,feed_center,feed_h,feed_r1,freq_step,ground_thickness,lumpedport_D,lumpedport_r,num_of_freq_points,patch_length,patch_name,patch_width,signal_layer_thickness,start_frequency,stop_frequency,sub_high,sub_length,sub_width,sweep_type,unit,Directivity,Directivity_Phi,Directivity_Theta,Directivity_Total,Directivity_dB,Gain,Gain_Phi,Gain_Theta,Gain_Total,Gain_dB,Phi(deg),RealizedGain,RealizedGain_Phi,RealizedGain_Theta,RealizedGain_Total,RealizedGain_dB,Theta(deg),_极值列,_极值数值,_极值类型,rEPhi_Imag,rEPhi_Real,rETheta_Imag,rETheta_Real,rETotal,Freq [GHz],_最小值,_最小值所在列名,"dB(S(ground_T1,ground_T1)) []"
2.5,9.213749461480663,1.575,0.5,0.01GHz,0.035,1.15,1.5,201.0,16.184478106051536,Patch,58.778191896307845,0.035,2.0,3.0,1.575,50.0,60.0,Interpolating,GHz,1.170567498878163,0.08775654698305042,1.0828109518951128,1.170567498878163,0.6839646164231522,0.16722392841116612,0.012536649569007201,0.15468727884215897,0.16722392841116612,-7.767015783719416,-20.0,0.00011705674988781628,8.775654698305041e-06,0.00010828109518951126,0.00011705674988781628,-39.316035383576846,30.0,RealizedGain,0.00011705674988781628,max,0.002262247746922679,-0.0003843852213744129,0.007326669453842928,0.0033600747656170773,0.008380674470666394,3.0,-0.00468081237189419,"dB(S(ground_T1,ground_T1)) []",-0.00468081237189419
