center_frequency,feed_center,feed_h,feed_r1,freq_step,ground_thickness,lumpedport_D,lumpedport_r,num_of_freq_points,patch_length,patch_name,patch_width,signal_layer_thickness,start_frequency,stop_frequency,sub_high,sub_length,sub_width,sweep_type,unit,Directivity,Directivity_Phi,Directivity_Theta,Directivity_Total,Directivity_dB,Gain,Gain_Phi,Gain_Theta,Gain_Total,Gain_dB,Phi(deg),RealizedGain,RealizedGain_Phi,RealizedGain_Theta,RealizedGain_Total,RealizedGain_dB,Theta(deg),_极值列,_极值数值,_极值类型,rEPhi_Imag,rEPhi_Real,rETheta_Imag,rETheta_Real,rETotal,Freq [GHz],_最小值,_最小值所在列名,"dB(S(ground_T1,ground_T1)) []"
2.5,1.9733081195567699,1.575,0.5,0.01GHz,0.035,1.15,1.5,201.0,32.52453225153078,Patch,13.574041844651088,0.035,2.0,3.0,1.575,50.0,60.0,Interpolating,GHz,2.2614223997422442,0.007098857949456371,2.254323541792788,2.2614223997422442,3.543816896092606,1.8746001471547549,0.005884579615996729,1.8687155675387583,1.8746001471547549,2.7290864678205082,-5.0,0.014246961118376138,4.472280508157514e-05,0.014202238313294565,0.014246961118376138,-18.462777609371578,25.0,RealizedGain,0.014246961118376138,max,0.0001083008281882899,0.005179052631207967,-0.029749829754075426,0.08738702061920506,0.09245743917243247,2.865,-6.56949961186848,"dB(S(ground_T1,ground_T1)) []",-6.56949961186848
