center_frequency,feed_center,feed_h,feed_r1,freq_step,ground_thickness,lumpedport_D,lumpedport_r,num_of_freq_points,patch_length,patch_name,patch_width,signal_layer_thickness,start_frequency,stop_frequency,sub_high,sub_length,sub_width,sweep_type,unit,Directivity,Directivity_Phi,Directivity_Theta,Directivity_Total,Directivity_dB,Gain,Gain_Phi,Gain_Theta,Gain_Total,Gain_dB,Phi(deg),RealizedGain,RealizedGain_Phi,RealizedGain_Theta,RealizedGain_Total,RealizedGain_dB,Theta(deg),_极值列,_极值数值,_极值类型,rEPhi_Imag,rEPhi_Real,rETheta_Imag,rETheta_Real,rETotal,Freq [GHz],_最小值,_最小值所在列名,"dB(S(ground_T1,ground_T1)) []"
2.5,2.8512094193994346,1.575,0.5,0.01GHz,0.035,1.15,1.5,201.0,27.54189226440763,Patch,19.173720999430692,0.035,2.0,3.0,1.575,50.0,60.0,Interpolating,GHz,2.344870610920216,0.0001417817394919581,2.3447288291807236,2.344870610920216,3.7011888350581694,2.014607144593425,0.00012181248040858369,2.014485332113016,2.014607144593425,3.0419036979750875,0.0,0.014303710726613317,8.648686109009443e-07,0.014302845858002412,0.014303710726613317,-18.44551281483416,25.0,RealizedGain,0.014303710726613317,max,0.0005111431316485637,0.0005076082060227613,-0.026523437525892535,0.08876044701254154,0.09264139801108344,3.0,-0.124563790057348,"dB(S(ground_T1,ground_T1)) []",-0.124563790057348
