center_frequency,feed_center,feed_h,feed_r1,freq_step,ground_thickness,lumpedport_D,lumpedport_r,num_of_freq_points,patch_length,patch_name,patch_width,signal_layer_thickness,start_frequency,stop_frequency,sub_high,sub_length,sub_width,sweep_type,unit,Directivity,Directivity_Phi,Directivity_Theta,Directivity_Total,Directivity_dB,Gain,Gain_Phi,Gain_Theta,Gain_Total,Gain_dB,Phi(deg),RealizedGain,RealizedGain_Phi,RealizedGain_Theta,RealizedGain_Total,RealizedGain_dB,Theta(deg),_极值列,_极值数值,_极值类型,rEPhi_Imag,rEPhi_Real,rETheta_Imag,rETheta_Real,rETotal,Freq [GHz],_最小值,_最小值所在列名,"dB(S(ground_T1,ground_T1)) []"
2.5,1.4554830117435376,1.575,0.5,0.01GHz,0.035,1.15,1.5,201.0,25.808624763891412,Patch,10.21820313107273,0.035,2.0,3.0,1.575,50.0,60.0,Interpolating,GHz,1.5583665373018676,0.00011106149489239738,1.558255475806975,1.5583665373018676,1.9266961405893914,1.130579644709198,8.057402570624908e-05,1.1304990706834916,1.130579644709198,0.5330116202799777,0.0,0.005765956188016909,4.1092753110187025e-07,0.005765545260485808,0.005765956188016909,-22.391286618740658,55.0,RealizedGain,0.005765956188016909,max,-0.00022600132297129438,0.0004421376814122101,-0.0426445852918514,0.040507382045639646,0.058818833864951015,3.0,-0.0429416402605793,"dB(S(ground_T1,ground_T1)) []",-0.0429416402605793
