center_frequency,feed_center,feed_h,feed_r1,freq_step,ground_thickness,lumpedport_D,lumpedport_r,num_of_freq_points,patch_length,patch_name,patch_width,signal_layer_thickness,start_frequency,stop_frequency,sub_high,sub_length,sub_width,sweep_type,unit,Directivity,Directivity_Phi,Directivity_Theta,Directivity_Total,Directivity_dB,Gain,Gain_Phi,Gain_Theta,Gain_Total,Gain_dB,Phi(deg),RealizedGain,RealizedGain_Phi,RealizedGain_Theta,RealizedGain_Total,RealizedGain_dB,Theta(deg),_极值列,_极值数值,_极值类型,rEPhi_Imag,rEPhi_Real,rETheta_Imag,rETheta_Real,rETotal,Freq [GHz],_最小值,_最小值所在列名,"dB(S(ground_T1,ground_T1)) []"
2.5,1.8881753621764985,1.575,0.5,0.01GHz,0.035,1.15,1.5,201.0,20.969382404690005,Patch,13.025783588182657,0.035,2.0,3.0,1.575,50.0,60.0,Interpolating,GHz,1.5802340632281653,0.00013060493241769173,1.5801034582957478,1.5802340632281653,1.9872141913144543,1.1693732067888423,9.664764998909187e-05,1.1692765591388532,1.1693732067888423,0.6795313886242159,0.0,0.005846866033944211,4.832382499454594e-07,0.005846382795694267,0.005846866033944211,-22.330768568015596,50.0,RealizedGain,0.005846866033944211,max,0.00028946133023378327,-0.0004540505688354538,-0.036120687331694525,0.04693834536274041,0.05923007908560221,3.0,-0.0399692368916117,"dB(S(ground_T1,ground_T1)) []",-0.0399692368916117
