center_frequency,feed_center,feed_h,feed_r1,freq_step,ground_thickness,lumpedport_D,lumpedport_r,num_of_freq_points,patch_length,patch_name,patch_width,signal_layer_thickness,start_frequency,stop_frequency,sub_high,sub_length,sub_width,sweep_type,unit,Directivity,Directivity_Phi,Directivity_Theta,Directivity_Total,Directivity_dB,Gain,Gain_Phi,Gain_Theta,Gain_Total,Gain_dB,Phi(deg),RealizedGain,RealizedGain_Phi,RealizedGain_Theta,RealizedGain_Total,RealizedGain_dB,Theta(deg),_极值列,_极值数值,_极值类型,rEPhi_Imag,rEPhi_Real,rETheta_Imag,rETheta_Real,rETotal,Freq [GHz],_最小值,_最小值所在列名,"dB(S(ground_T1,ground_T1)) []"
2.5,9.363365381845936,1.575,0.5,0.01GHz,0.035,1.15,1.5,201.0,17.663589101442017,Patch,59.702301059631736,0.035,2.0,3.0,1.575,50.0,60.0,Interpolating,GHz,3.3435949751092635,0.024993907832145897,3.3186010672771165,3.3435949751092635,5.242136638840725,0.3715105527899181,0.0027771008702384323,0.3687334519196796,0.3715105527899181,-4.300288455552525,5.0,0.00033435949751092634,2.4993907832145893e-06,0.0003318601067277116,0.00033435949751092634,-34.75786336115928,20.0,RealizedGain,0.00033435949751092634,max,-0.0012244479852775768,1.9923134994088667e-05,0.013591603782172012,0.0037932916654482367,0.01416405396878556,3.0,-0.00728259559150185,"dB(S(ground_T1,ground_T1)) []",-0.00728259559150185
