center_frequency,feed_center,feed_h,feed_r1,freq_step,ground_thickness,lumpedport_D,lumpedport_r,num_of_freq_points,patch_length,patch_name,patch_width,signal_layer_thickness,start_frequency,stop_frequency,sub_high,sub_length,sub_width,sweep_type,unit,Directivity,Directivity_Phi,Directivity_Theta,Directivity_Total,Directivity_dB,Gain,Gain_Phi,Gain_Theta,Gain_Total,Gain_dB,Phi(deg),RealizedGain,RealizedGain_Phi,RealizedGain_Theta,RealizedGain_Total,RealizedGain_dB,Theta(deg),_极值列,_极值数值,_极值类型,rEPhi_Imag,rEPhi_Real,rETheta_Imag,rETheta_Real,rETotal,Freq [GHz],_最小值,_最小值所在列名,"dB(S(ground_T1,ground_T1)) []"
2.5,5.656612363077377,1.575,0.5,0.01GHz,0.035,1.15,1.5,201.0,15.063446437270734,Patch,36.74518438779138,0.035,2.0,3.0,1.575,50.0,60.0,Interpolating,GHz,2.5703661905206108,0.0031807876551101107,2.5671854028654995,2.5703661905206108,4.099950000602283,2.2998013283605463,0.0028459679019406255,2.296955360458605,2.2998013283605463,3.6169032048567322,0.0,0.02184811261942519,2.7036695068435943e-05,0.021821075924356746,0.02184811261942519,-16.60586074225479,15.0,RealizedGain,0.02184811261942519,max,0.0006067728217927568,0.003981736550780424,-0.02633618750600826,0.11135241009125373,0.11449531171493207,3.0,-0.0879329147125956,"dB(S(ground_T1,ground_T1)) []",-0.0879329147125956
