center_frequency,feed_center,feed_h,feed_r1,freq_step,ground_thickness,lumpedport_D,lumpedport_r,num_of_freq_points,patch_length,patch_name,patch_width,signal_layer_thickness,start_frequency,stop_frequency,sub_high,sub_length,sub_width,sweep_type,unit,Directivity,Directivity_Phi,Directivity_Theta,Directivity_Total,Directivity_dB,Gain,Gain_Phi,Gain_Theta,Gain_Total,Gain_dB,Phi(deg),RealizedGain,RealizedGain_Phi,RealizedGain_Theta,RealizedGain_Total,RealizedGain_dB,Theta(deg),_极值列,_极值数值,_极值类型,rEPhi_Imag,rEPhi_Real,rETheta_Imag,rETheta_Real,rETotal,Freq [GHz],_最小值,_最小值所在列名,"dB(S(ground_T1,ground_T1)) []"
2.5,9.29973487873881,1.575,0.5,0.01GHz,0.035,1.15,1.5,201.0,17.015478672957165,Patch,59.30930219024878,0.035,2.0,3.0,1.575,50.0,60.0,Interpolating,GHz,1.7556909670338485,0.054783956061644,1.7009070109722046,1.7556909670338485,2.4444807471186807,0.21946137087923107,0.0068479945077055,0.21261337637152558,0.21946137087923107,-6.586419122800756,10.0,0.00017556909670338484,5.4783956061644e-06,0.00017009070109722047,0.00017556909670338484,-37.55551925288132,25.0,RealizedGain,0.00017556909670338484,max,-0.00181130471469885,7.930973351890188e-05,0.009563885871633565,0.0032540608479862962,0.0102637195875253,3.0,-0.00555137684844918,"dB(S(ground_T1,ground_T1)) []",-0.00555137684844918
