center_frequency,feed_center,feed_h,feed_r1,freq_step,ground_thickness,lumpedport_D,lumpedport_r,num_of_freq_points,patch_length,patch_name,patch_width,signal_layer_thickness,start_frequency,stop_frequency,sub_high,sub_length,sub_width,sweep_type,unit,Directivity,Directivity_Phi,Directivity_Theta,Directivity_Total,Directivity_dB,Gain,Gain_Phi,Gain_Theta,Gain_Total,Gain_dB,Phi(deg),RealizedGain,RealizedGain_Phi,RealizedGain_Theta,RealizedGain_Total,RealizedGain_dB,Theta(deg),_极值列,_极值数值,_极值类型,rEPhi_Imag,rEPhi_Real,rETheta_Imag,rETheta_Real,rETotal,Freq [GHz],_最小值,_最小值所在列名,"dB(S(ground_T1,ground_T1)) []"
2.5,4.067311985427317,1.575,0.5,0.01GHz,0.035,1.15,1.5,201.0,14.69508186671967,Patch,26.82961572383752,0.035,2.0,3.0,1.575,50.0,60.0,Interpolating,GHz,2.1019814790084044,0.011098851042112372,2.090882627966292,2.1019814790084044,3.226288850509836,1.7516512325070035,0.009249042535093644,1.7424021899719098,1.7516512325070035,2.4344763900335877,5.0,0.012611888874050427,6.659310625267424e-05,0.01254529576779775,0.012611888874050427,-18.992198645653726,25.0,RealizedGain,0.012611888874050427,max,-0.00035388683963018247,-0.006311225648025438,-0.024355137505053158,0.08327173632914427,0.08699029600614157,3.0,-0.0755940204905263,"dB(S(ground_T1,ground_T1)) []",-0.0755940204905263
