center_frequency,feed_center,feed_h,feed_r1,freq_step,ground_thickness,lumpedport_D,lumpedport_r,num_of_freq_points,patch_length,patch_name,patch_width,signal_layer_thickness,start_frequency,stop_frequency,sub_high,sub_length,sub_width,sweep_type,unit,Directivity,Directivity_Phi,Directivity_Theta,Directivity_Total,Directivity_dB,Gain,Gain_Phi,Gain_Theta,Gain_Total,Gain_dB,Phi(deg),RealizedGain,RealizedGain_Phi,RealizedGain_Theta,RealizedGain_Total,RealizedGain_dB,Theta(deg),_极值列,_极值数值,_极值类型,rEPhi_Imag,rEPhi_Real,rETheta_Imag,rETheta_Real,rETotal,Freq [GHz],_最小值,_最小值所在列名,"dB(S(ground_T1,ground_T1)) []"
2.5,1.490235153865435,1.575,0.5,0.01GHz,0.035,1.15,1.5,201.0,45.191389693170564,Patch,10.445209185655587,0.035,2.0,3.0,1.575,50.0,60.0,Interpolating,GHz,1.5937019152473544,0.16029816638553354,1.4334037488618216,1.5937019152473544,2.024070945574677,1.2667887018632817,0.12741649122952667,1.1393722106337558,1.2667887018632817,1.0270418136524118,25.0,0.009880951874533597,0.0009938486315903081,0.008887103242943294,0.009880951874533597,-20.052012159442786,80.0,RealizedGain,0.009880951874533597,max,-0.004791581908537089,0.023945019738392578,-0.06966474219746124,-0.021890894536040657,0.07699812203219648,2.095,-11.5508303526064,"dB(S(ground_T1,ground_T1)) []",-11.5508303526064
