center_frequency,feed_center,feed_h,feed_r1,freq_step,ground_thickness,lumpedport_D,lumpedport_r,num_of_freq_points,patch_length,patch_name,patch_width,signal_layer_thickness,start_frequency,stop_frequency,sub_high,sub_length,sub_width,sweep_type,unit,Directivity,Directivity_Phi,Directivity_Theta,Directivity_Total,Directivity_dB,Gain,Gain_Phi,Gain_Theta,Gain_Total,Gain_dB,Phi(deg),RealizedGain,RealizedGain_Phi,RealizedGain_Theta,RealizedGain_Total,RealizedGain_dB,Theta(deg),_极值列,_极值数值,_极值类型,rEPhi_Imag,rEPhi_Real,rETheta_Imag,rETheta_Real,rETotal,Freq [GHz],_最小值,_最小值所在列名,"dB(S(ground_T1,ground_T1)) []"
2.5,1.7337017734654798,1.575,0.5,0.01GHz,0.035,1.15,1.5,201.0,22.53250444399924,Patch,12.027797640802238,0.035,2.0,3.0,1.575,50.0,60.0,Interpolating,GHz,1.5274442196314955,0.00047939045235394234,1.5269648291791411,1.5274442196314955,1.8396535930832663,1.1303087225273065,0.00035474893474191733,1.1299539735925643,1.1303087225273065,0.531970790393028,5.0,0.005651543612636533,1.7737446737095864e-06,0.005649769867962823,0.005651543612636533,-22.47832916624678,50.0,RealizedGain,0.005651543612636533,max,-6.0196530720836484e-05,-0.0010298777862472362,-0.0374905793030481,0.044546585125859545,0.05823234543387812,3.0,-0.0400085839053574,"dB(S(ground_T1,ground_T1)) []",-0.0400085839053574
