center_frequency,feed_center,feed_h,feed_r1,freq_step,ground_thickness,lumpedport_D,lumpedport_r,num_of_freq_points,patch_length,patch_name,patch_width,signal_layer_thickness,start_frequency,stop_frequency,sub_high,sub_length,sub_width,sweep_type,unit,Directivity,Directivity_Phi,Directivity_Theta,Directivity_Total,Directivity_dB,Gain,Gain_Phi,Gain_Theta,Gain_Total,Gain_dB,Phi(deg),RealizedGain,RealizedGain_Phi,RealizedGain_Theta,RealizedGain_Total,RealizedGain_dB,Theta(deg),_极值列,_极值数值,_极值类型,rEPhi_Imag,rEPhi_Real,rETheta_Imag,rETheta_Real,rETotal,Freq [GHz],_最小值,_最小值所在列名,"dB(S(ground_T1,ground_T1)) []"
2.5,6.112228645419027,1.575,0.5,0.01GHz,0.035,1.15,1.5,201.0,13.384503382004254,Patch,39.57655463878444,0.035,2.0,3.0,1.575,50.0,60.0,Interpolating,GHz,2.6049088697658296,0.25645786931805253,2.3484510004477768,2.6049088697658296,4.157925345260943,2.2884246145606353,0.22529943659716764,2.0631251779634674,2.2884246145606353,3.595366104405833,-40.0,0.024486143375798793,0.002410703971589694,0.022075439404209102,0.024486143375798793,-16.110796118742073,20.0,RealizedGain,0.024486143375798793,max,0.000447695423337244,0.03802967299573758,-0.041314848263055065,0.10741815024444616,0.12121069320935543,2.36,-0.235945298414974,"dB(S(ground_T1,ground_T1)) []",-0.235945298414974
