center_frequency,feed_center,feed_h,feed_r1,freq_step,ground_thickness,lumpedport_D,lumpedport_r,num_of_freq_points,patch_length,patch_name,patch_width,signal_layer_thickness,start_frequency,stop_frequency,sub_high,sub_length,sub_width,sweep_type,unit,Directivity,Directivity_Phi,Directivity_Theta,Directivity_Total,Directivity_dB,Gain,Gain_Phi,Gain_Theta,Gain_Total,Gain_dB,Phi(deg),RealizedGain,RealizedGain_Phi,RealizedGain_Theta,RealizedGain_Total,RealizedGain_dB,Theta(deg),_极值列,_极值数值,_极值类型,rEPhi_Imag,rEPhi_Real,rETheta_Imag,rETheta_Real,rETotal,Freq [GHz],_最小值,_最小值所在列名,"dB(S(ground_T1,ground_T1)) []"
2.5,9.33042129637535,1.575,0.5,0.01GHz,0.035,1.15,1.5,201.0,12.817138843545713,Patch,59.49883287899134,0.035,2.0,3.0,1.575,50.0,60.0,Interpolating,GHz,4.962099158734653e-07,4.1853760355719955e-09,4.920245398378932e-07,4.962099158734653e-07,-63.04334561373562,0.07088713083906649,0.0005979108622245708,0.07028921997684189,0.07088713083906649,-11.494326013878187,10.0,4.962099158734654e-05,4.185376035571996e-07,4.920245398378932e-05,4.962099158734654e-05,-43.04334561373562,45.0,RealizedGain,4.962099158734654e-05,max,-0.00047881272407201015,0.00014787445222595643,0.004340157578879085,0.0032688224301600315,0.0054564912139371475,3.0,-0.00379080981828296,"dB(S(ground_T1,ground_T1)) []",-0.00379080981828296
