center_frequency,feed_center,feed_h,feed_r1,freq_step,ground_thickness,lumpedport_D,lumpedport_r,num_of_freq_points,patch_length,patch_name,patch_width,signal_layer_thickness,start_frequency,stop_frequency,sub_high,sub_length,sub_width,sweep_type,unit,Directivity,Directivity_Phi,Directivity_Theta,Directivity_Total,Directivity_dB,Gain,Gain_Phi,Gain_Theta,Gain_Total,Gain_dB,Phi(deg),RealizedGain,RealizedGain_Phi,RealizedGain_Theta,RealizedGain_Total,RealizedGain_dB,Theta(deg),_极值列,_极值数值,_极值类型,rEPhi_Imag,rEPhi_Real,rETheta_Imag,rETheta_Real,rETotal,Freq [GHz],_最小值,_最小值所在列名,"dB(S(ground_T1,ground_T1)) []"
2.5,2.498723390998299,1.575,0.5,0.01GHz,0.035,1.15,1.5,201.0,20.14061818998089,Patch,16.935472532568788,0.035,2.0,3.0,1.575,50.0,60.0,Interpolating,GHz,1.9819701738435167,0.05902315133855017,1.9229470225049663,1.9819701738435167,2.9709711461311006,1.5855761390748133,0.04721852107084014,1.538357618003973,1.5855761390748133,2.0018710160505364,-25.0,0.009513456834448882,0.0002833111264250408,0.009230145708023838,0.009513456834448882,-20.21661648011303,40.0,RealizedGain,0.009513456834448882,max,0.003238812045733902,0.012629361706734095,-0.04037398976277963,0.06251526891705665,0.07555268742886687,3.0,-0.0611709745498174,"dB(S(ground_T1,ground_T1)) []",-0.0611709745498174
