center_frequency,feed_center,feed_h,feed_r1,freq_step,ground_thickness,lumpedport_D,lumpedport_r,num_of_freq_points,patch_length,patch_name,patch_width,signal_layer_thickness,start_frequency,stop_frequency,sub_high,sub_length,sub_width,sweep_type,unit,Directivity,Directivity_Phi,Directivity_Theta,Directivity_Total,Directivity_dB,Gain,Gain_Phi,Gain_Theta,Gain_Total,Gain_dB,Phi(deg),RealizedGain,RealizedGain_Phi,RealizedGain_Theta,RealizedGain_Total,RealizedGain_dB,Theta(deg),_极值列,_极值数值,_极值类型,rEPhi_Imag,rEPhi_Real,rETheta_Imag,rETheta_Real,rETotal,Freq [GHz],_最小值,_最小值所在列名,"dB(S(ground_T1,ground_T1)) []"
2.5,1.6618380512475883,1.575,0.5,0.01GHz,0.035,1.15,1.5,201.0,24.028855000666418,Patch,11.561986285828532,0.035,2.0,3.0,1.575,50.0,60.0,Interpolating,GHz,1.5574183182342378,0.00048506337704362927,1.5569332548571941,1.5574183182342378,1.9240527852839793,1.1604293351549224,0.0003614197711305473,1.1600679153837918,1.1604293351549224,0.6461869904727175,5.0,0.005918189609290104,1.8432408327657914e-06,0.005916346368457339,0.005918189609290104,-22.27811124854792,50.0,RealizedGain,0.005918189609290104,max,-0.0002613093344691873,-0.0010186697141022969,-0.038533242998788464,0.045443158289528364,0.05959024602974484,3.0,-0.0417456135069503,"dB(S(ground_T1,ground_T1)) []",-0.0417456135069503
