center_frequency,feed_center,feed_h,feed_r1,freq_step,ground_thickness,lumpedport_D,lumpedport_r,num_of_freq_points,patch_length,patch_name,patch_width,signal_layer_thickness,start_frequency,stop_frequency,sub_high,sub_length,sub_width,sweep_type,unit,Directivity,Directivity_Phi,Directivity_Theta,Directivity_Total,Directivity_dB,Gain,Gain_Phi,Gain_Theta,Gain_Total,Gain_dB,Phi(deg),RealizedGain,RealizedGain_Phi,RealizedGain_Theta,RealizedGain_Total,RealizedGain_dB,Theta(deg),_极值列,_极值数值,_极值类型,rEPhi_Imag,rEPhi_Real,rETheta_Imag,rETheta_Real,rETotal,Freq [GHz],_最小值,_最小值所在列名,"dB(S(ground_T1,ground_T1)) []"
2.5,3.4796624505050064,1.575,0.5,0.01GHz,0.035,1.15,1.5,201.0,19.901354821384416,Patch,23.14054584135173,0.035,2.0,3.0,1.575,50.0,60.0,Interpolating,GHz,2.102768395501255,0.00043183868671201156,2.1023365568145427,2.102768395501255,3.227914409721458,1.7663254522210543,0.0003627444968380897,1.7659627077242162,1.7663254522210543,2.4707072703402746,0.0,0.013247440891657906,2.7205837262856728e-06,0.01324472030793162,0.013247440891657906,-18.778680095742725,25.0,RealizedGain,0.013247440891657906,max,0.0011228237102157966,0.000609635635639359,-0.026620652529182883,0.08507855348938724,0.0891552118141081,3.0,-0.0820192306517008,"dB(S(ground_T1,ground_T1)) []",-0.0820192306517008
