center_frequency,feed_center,feed_h,feed_r1,freq_step,ground_thickness,lumpedport_D,lumpedport_r,num_of_freq_points,patch_length,patch_name,patch_width,signal_layer_thickness,start_frequency,stop_frequency,sub_high,sub_length,sub_width,sweep_type,unit,Directivity,Directivity_Phi,Directivity_Theta,Directivity_Total,Directivity_dB,Gain,Gain_Phi,Gain_Theta,Gain_Total,Gain_dB,Phi(deg),RealizedGain,RealizedGain_Phi,RealizedGain_Theta,RealizedGain_Total,RealizedGain_dB,Theta(deg),_极值列,_极值数值,_极值类型,rEPhi_Imag,rEPhi_Real,rETheta_Imag,rETheta_Real,rETotal,Freq [GHz],_最小值,_最小值所在列名,"dB(S(ground_T1,ground_T1)) []"
2.5,1.5418342012706614,1.575,0.5,0.01GHz,0.035,1.15,1.5,201.0,41.31105804628018,Patch,10.781716972280117,0.035,2.0,3.0,1.575,50.0,60.0,Interpolating,GHz,2.5336823753365767,0.00018871994753119061,2.533493655389045,2.5336823753365767,4.0375217041933045,2.1401006471289534,0.00015940422752634548,2.1399412429014264,2.1401006471289534,3.304341983327768,-180.0,0.022043036665428218,1.6418635435213584e-06,0.02204139480188469,0.022043036665428218,-16.56728576962051,10.0,RealizedGain,0.022043036665428218,max,0.0001475902933820698,-0.000981508247496076,-0.008142078283341255,0.11471205258182324,0.11500492853630943,2.28,-12.4388034637825,"dB(S(ground_T1,ground_T1)) []",-12.4388034637825
