center_frequency,feed_center,feed_h,feed_r1,freq_step,ground_thickness,lumpedport_D,lumpedport_r,num_of_freq_points,patch_length,patch_name,patch_width,signal_layer_thickness,start_frequency,stop_frequency,sub_high,sub_length,sub_width,sweep_type,unit,Directivity,Directivity_Phi,Directivity_Theta,Directivity_Total,Directivity_dB,Gain,Gain_Phi,Gain_Theta,Gain_Total,Gain_dB,Phi(deg),RealizedGain,RealizedGain_Phi,RealizedGain_Theta,RealizedGain_Total,RealizedGain_dB,Theta(deg),_极值列,_极值数值,_极值类型,rEPhi_Imag,rEPhi_Real,rETheta_Imag,rETheta_Real,rETotal,Freq [GHz],_最小值,_最小值所在列名,"dB(S(ground_T1,ground_T1)) []"
2.5,5.6655160808700975,1.575,0.5,0.01GHz,0.035,1.15,1.5,201.0,10.711169157112677,Patch,36.80055335080083,0.035,2.0,3.0,1.575,50.0,60.0,Interpolating,GHz,2.3903184607200543,0.09273111713063538,2.2975873435894187,2.3903184607200543,3.7845576560078102,1.9583331967345023,0.07597248150461694,1.8823607152298851,1.9583331967345023,2.9188658593094345,-20.0,0.01625416553289637,0.0006305715964883206,0.015623593936408046,0.01625416553289637,-17.890353216929824,20.0,RealizedGain,0.01625416553289637,max,0.003063053691121859,0.01920858072309443,-0.03085396930888698,0.09177368787600669,0.09875590655645246,3.0,-0.0637195985853064,"dB(S(ground_T1,ground_T1)) []",-0.0637195985853064
