center_frequency,feed_center,feed_h,feed_r1,freq_step,ground_thickness,lumpedport_D,lumpedport_r,num_of_freq_points,patch_length,patch_name,patch_width,signal_layer_thickness,start_frequency,stop_frequency,sub_high,sub_length,sub_width,sweep_type,unit,Directivity,Directivity_Phi,Directivity_Theta,Directivity_Total,Directivity_dB,Gain,Gain_Phi,Gain_Theta,Gain_Total,Gain_dB,Phi(deg),RealizedGain,RealizedGain_Phi,RealizedGain_Theta,RealizedGain_Total,RealizedGain_dB,Theta(deg),_极值列,_极值数值,_极值类型,rEPhi_Imag,rEPhi_Real,rETheta_Imag,rETheta_Real,rETotal,Freq [GHz],_最小值,_最小值所在列名,"dB(S(ground_T1,ground_T1)) []"
2.5,1.7363854819792681,1.575,0.5,0.01GHz,0.035,1.15,1.5,201.0,32.99200005610325,Patch,12.045173360001495,0.035,2.0,3.0,1.575,50.0,60.0,Interpolating,GHz,2.21999085973009,0.00030911500981526145,2.2196817447202744,2.21999085973009,3.463511863529103,1.8191591767232684,0.0002533025774875059,1.8189058741457804,1.8191591767232684,2.598707015637861,0.0,0.013097946072407532,1.8237785579100425e-06,0.013096122293849618,0.013097946072407532,-18.827968020049454,25.0,RealizedGain,0.013097946072407532,max,0.0010190502338950401,-0.00023628274479288767,-0.02607718736094433,0.0847221269522801,0.08865073484687394,2.925,-10.3592692291332,"dB(S(ground_T1,ground_T1)) []",-10.3592692291332
