center_frequency,feed_center,feed_h,feed_r1,freq_step,ground_thickness,lumpedport_D,lumpedport_r,num_of_freq_points,patch_length,patch_name,patch_width,signal_layer_thickness,start_frequency,stop_frequency,sub_high,sub_length,sub_width,sweep_type,unit,Directivity,Directivity_Phi,Directivity_Theta,Directivity_Total,Directivity_dB,Gain,Gain_Phi,Gain_Theta,Gain_Total,Gain_dB,Phi(deg),RealizedGain,RealizedGain_Phi,RealizedGain_Theta,RealizedGain_Total,RealizedGain_dB,Theta(deg),_极值列,_极值数值,_极值类型,rEPhi_Imag,rEPhi_Real,rETheta_Imag,rETheta_Real,rETotal,Freq [GHz],_最小值,_最小值所在列名,"dB(S(ground_T1,ground_T1)) []"
2.5,8.589570260535352,1.575,0.5,0.01GHz,0.035,1.15,1.5,201.0,20.029219838543327,Patch,54.92126076774162,0.035,2.0,3.0,1.575,50.0,60.0,Interpolating,GHz,3.1988279243736275,0.00017622033271288314,3.1986517040409144,3.1988279243736275,5.049908785633206,3.0339398870347805,0.00016713681040809536,3.0337727502243723,3.0339398870347805,4.82006971642631,0.0,0.05885843380847475,3.2424541219170497e-06,0.058855191354352826,0.05885843380847475,-12.301912984271429,10.0,RealizedGain,0.05885843380847475,max,0.0011065058456555385,0.0008492132360304852,-0.06481648685928833,0.17638812258433212,0.18792523054638616,3.0,-0.232922206513249,"dB(S(ground_T1,ground_T1)) []",-0.232922206513249
