center_frequency,feed_center,feed_h,feed_r1,freq_step,ground_thickness,lumpedport_D,lumpedport_r,num_of_freq_points,patch_length,patch_name,patch_width,signal_layer_thickness,start_frequency,stop_frequency,sub_high,sub_length,sub_width,sweep_type,unit,Directivity,Directivity_Phi,Directivity_Theta,Directivity_Total,Directivity_dB,Gain,Gain_Phi,Gain_Theta,Gain_Total,Gain_dB,Phi(deg),RealizedGain,RealizedGain_Phi,RealizedGain_Theta,RealizedGain_Total,RealizedGain_dB,Theta(deg),_极值列,_极值数值,_极值类型,rEPhi_Imag,rEPhi_Real,rETheta_Imag,rETheta_Real,rETotal,Freq [GHz],_最小值,_最小值所在列名,"dB(S(ground_T1,ground_T1)) []"
2.5,4.6651965667314235,1.575,0.5,0.01GHz,0.035,1.15,1.5,201.0,15.103497154729597,Patch,30.568449188315796,0.035,2.0,3.0,1.575,50.0,60.0,Interpolating,GHz,2.3094698243145926,0.0060111888814237315,2.3034586354331683,2.3094698243145926,3.635122920992245,1.9931040949564292,0.00518773834972185,1.987916356606707,1.9931040949564292,2.995299814323503,5.0,0.014549659893181932,3.787048995296951e-05,0.014511789403228961,0.014549659893181932,-18.371471584471937,25.0,RealizedGain,0.014549659893181932,max,-0.0010445251954262669,-0.004650999505973175,-0.023922889342148115,0.09019409148180255,0.09343447758719944,3.0,-0.0619445261409521,"dB(S(ground_T1,ground_T1)) []",-0.0619445261409521
