center_frequency,feed_center,feed_h,feed_r1,freq_step,ground_thickness,lumpedport_D,lumpedport_r,num_of_freq_points,patch_length,patch_name,patch_width,signal_layer_thickness,start_frequency,stop_frequency,sub_high,sub_length,sub_width,sweep_type,unit,Directivity,Directivity_Phi,Directivity_Theta,Directivity_Total,Directivity_dB,Gain,Gain_Phi,Gain_Theta,Gain_Total,Gain_dB,Phi(deg),RealizedGain,RealizedGain_Phi,RealizedGain_Theta,RealizedGain_Total,RealizedGain_dB,Theta(deg),_极值列,_极值数值,_极值类型,rEPhi_Imag,rEPhi_Real,rETheta_Imag,rETheta_Real,rETotal,Freq [GHz],_最小值,_最小值所在列名,"dB(S(ground_T1,ground_T1)) []"
2.5,1.9510717622585814,1.575,0.5,0.01GHz,0.035,1.15,1.5,201.0,20.10313988738592,Patch,13.430951079562044,0.035,2.0,3.0,1.575,50.0,60.0,Interpolating,GHz,1.5659720765712486,0.004324301391707682,1.561647775179541,1.5659720765712486,1.9478401372502654,1.1588193366627237,0.0031999830298636844,1.1556193536328605,1.1588193366627237,0.6401573345600265,-10.0,0.00579409668331362,1.599991514931842e-05,0.005778096768164302,0.00579409668331362,-22.370142622079783,50.0,RealizedGain,0.00579409668331362,max,0.0010209620808979247,0.0029253737684376943,-0.03583905173058325,0.04671725706830788,0.058962190530792526,3.0,-0.0390480191776339,"dB(S(ground_T1,ground_T1)) []",-0.0390480191776339
