center_frequency,feed_center,feed_h,feed_r1,freq_step,ground_thickness,lumpedport_D,lumpedport_r,num_of_freq_points,patch_length,patch_name,patch_width,signal_layer_thickness,start_frequency,stop_frequency,sub_high,sub_length,sub_width,sweep_type,unit,Directivity,Directivity_Phi,Directivity_Theta,Directivity_Total,Directivity_dB,Gain,Gain_Phi,Gain_Theta,Gain_Total,Gain_dB,Phi(deg),RealizedGain,RealizedGain_Phi,RealizedGain_Theta,RealizedGain_Total,RealizedGain_dB,Theta(deg),_极值列,_极值数值,_极值类型,rEPhi_Imag,rEPhi_Real,rETheta_Imag,rETheta_Real,rETotal,Freq [GHz],_最小值,_最小值所在列名,"dB(S(ground_T1,ground_T1)) []"
2.5,3.4435354379572547,1.575,0.5,0.01GHz,0.035,1.15,1.5,201.0,17.015474143281928,Patch,22.9131866820816,0.035,2.0,3.0,1.575,50.0,60.0,Interpolating,GHz,2.1377966785324403,0.005429652714135013,2.1323670258183056,2.1377966785324403,3.2996639797736034,1.7660059518311466,0.004485365285589795,1.7615205865455572,1.7660059518311466,2.4699216291259645,-10.0,0.01218544106763491,3.094902047056957e-05,0.012154492047164343,0.01218544106763491,-19.141587463501484,25.0,RealizedGain,0.01218544106763491,max,0.0014390179870541018,0.004061905586520617,-0.02330924071961361,0.08215562266008737,0.08550694058000453,3.0,-0.0637665751437115,"dB(S(ground_T1,ground_T1)) []",-0.0637665751437115
