center_frequency,feed_center,feed_h,feed_r1,freq_step,ground_thickness,lumpedport_D,lumpedport_r,num_of_freq_points,patch_length,patch_name,patch_width,signal_layer_thickness,start_frequency,stop_frequency,sub_high,sub_length,sub_width,sweep_type,unit,Directivity,Directivity_Phi,Directivity_Theta,Directivity_Total,Directivity_dB,Gain,Gain_Phi,Gain_Theta,Gain_Total,Gain_dB,Phi(deg),RealizedGain,RealizedGain_Phi,RealizedGain_Theta,RealizedGain_Total,RealizedGain_dB,Theta(deg),_极值列,_极值数值,_极值类型,rEPhi_Imag,rEPhi_Real,rETheta_Imag,rETheta_Real,rETotal,Freq [GHz],_最小值,_最小值所在列名,"dB(S(ground_T1,ground_T1)) []"
2.5,3.755476958400894,1.575,0.5,0.01GHz,0.035,1.15,1.5,201.0,18.261036723371518,Patch,24.874057964411698,0.035,2.0,3.0,1.575,50.0,60.0,Interpolating,GHz,2.1875318728511144,0.013292857824330139,2.1742390150267843,2.1875318728511144,3.3995438951264525,1.843776864260225,0.011203980166221117,1.832572884094004,1.843776864260225,2.657083611405326,-5.0,0.012906438049821573,7.842786116354782e-05,0.012828010188658028,0.012906438049821573,-18.891935988452108,25.0,RealizedGain,0.012906438049821573,max,0.0006334162089525248,0.006830564341105389,-0.024931566260969318,0.08411542335831768,0.0880002572057938,3.0,-0.0668196103444054,"dB(S(ground_T1,ground_T1)) []",-0.0668196103444054
