center_frequency,feed_center,feed_h,feed_r1,freq_step,ground_thickness,lumpedport_D,lumpedport_r,num_of_freq_points,patch_length,patch_name,patch_width,signal_layer_thickness,start_frequency,stop_frequency,sub_high,sub_length,sub_width,sweep_type,unit,Directivity,Directivity_Phi,Directivity_Theta,Directivity_Total,Directivity_dB,Gain,Gain_Phi,Gain_Theta,Gain_Total,Gain_dB,Phi(deg),RealizedGain,RealizedGain_Phi,RealizedGain_Theta,RealizedGain_Total,RealizedGain_dB,Theta(deg),_极值列,_极值数值,_极值类型,rEPhi_Imag,rEPhi_Real,rETheta_Imag,rETheta_Real,rETotal,Freq [GHz],_最小值,_最小值所在列名,"dB(S(ground_T1,ground_T1)) []"
2.5,7.515196192894383,1.575,0.5,0.01GHz,0.035,1.15,1.5,201.0,13.855980480131036,Patch,48.27502055906123,0.035,2.0,3.0,1.575,50.0,60.0,Interpolating,GHz,1.5199421586415365,0.002966837249576906,1.5169753213919597,1.5199421586415365,1.8182706119426308,0.18999276983019206,0.00037085465619711325,0.18962191517399496,0.18999276983019206,-7.212629257976805,-5.0,0.00015199421586415364,2.966837249576906e-07,0.00015169753213919597,0.00015199421586415364,-38.18172938805737,25.0,RealizedGain,0.00015199421586415364,max,0.00034411950190125124,-0.00024412332364139505,0.009007684134023248,0.0031436110031366604,0.00954979989455855,3.0,-0.00478765287024839,"dB(S(ground_T1,ground_T1)) []",-0.00478765287024839
