center_frequency,feed_center,feed_h,feed_r1,freq_step,ground_thickness,lumpedport_D,lumpedport_r,num_of_freq_points,patch_length,patch_name,patch_width,signal_layer_thickness,start_frequency,stop_frequency,sub_high,sub_length,sub_width,sweep_type,unit,Directivity,Directivity_Phi,Directivity_Theta,Directivity_Total,Directivity_dB,Gain,Gain_Phi,Gain_Theta,Gain_Total,Gain_dB,Phi(deg),RealizedGain,RealizedGain_Phi,RealizedGain_Theta,RealizedGain_Total,RealizedGain_dB,Theta(deg),_极值列,_极值数值,_极值类型,rEPhi_Imag,rEPhi_Real,rETheta_Imag,rETheta_Real,rETotal,Freq [GHz],_最小值,_最小值所在列名,"dB(S(ground_T1,ground_T1)) []"
2.5,1.9997389311718028,1.575,0.5,0.01GHz,0.035,1.15,1.5,201.0,10.55600161360832,Patch,13.744023930831153,0.035,2.0,3.0,1.575,50.0,60.0,Interpolating,GHz,1.458256657364104,0.005013411430086721,1.4532432459340172,1.458256657364104,1.6383396778670567,0.9397654014124226,0.0032308651438336645,0.936534536268589,0.9397654014124226,-0.26980548089681916,-15.0,0.004228944306355902,1.453889314725149e-05,0.0042144054132086505,0.004228944306355902,-23.73768034314338,55.0,RealizedGain,0.004228944306355902,max,0.0018101341828819092,0.0023338713851033407,-0.02604019956976262,0.04301872646692702,0.05037287327393181,3.0,-0.0319541211151337,"dB(S(ground_T1,ground_T1)) []",-0.0319541211151337
