center_frequency,feed_center,feed_h,feed_r1,freq_step,ground_thickness,lumpedport_D,lumpedport_r,num_of_freq_points,patch_length,patch_name,patch_width,signal_layer_thickness,start_frequency,stop_frequency,sub_high,sub_length,sub_width,sweep_type,unit,Directivity,Directivity_Phi,Directivity_Theta,Directivity_Total,Directivity_dB,Gain,Gain_Phi,Gain_Theta,Gain_Total,Gain_dB,Phi(deg),RealizedGain,RealizedGain_Phi,RealizedGain_Theta,RealizedGain_Total,RealizedGain_dB,Theta(deg),_极值列,_极值数值,_极值类型,rEPhi_Imag,rEPhi_Real,rETheta_Imag,rETheta_Real,rETotal,Freq [GHz],_最小值,_最小值所在列名,"dB(S(ground_T1,ground_T1)) []"
2.5,2.593611783356777,1.575,0.5,0.01GHz,0.035,1.15,1.5,201.0,13.044829518876488,Patch,17.539139584319337,0.035,2.0,3.0,1.575,50.0,60.0,Interpolating,GHz,1.6274156701127132,0.0018714664316447154,1.6255442036810688,1.6274156701127132,2.1149849342850096,1.1717392824811532,0.0013474558307841951,1.1703918266503692,1.1717392824811532,0.688309898597693,-5.0,0.0058586964124057676,6.737279153920975e-06,0.0058519591332518465,0.0058586964124057676,-22.321990058042118,45.0,RealizedGain,0.0058586964124057676,max,0.001071753127271238,0.0017011196198542145,-0.0268198944044976,0.05283891997567849,0.059289971013582264,3.0,-0.0377852746103786,"dB(S(ground_T1,ground_T1)) []",-0.0377852746103786
