center_frequency,feed_center,feed_h,feed_r1,freq_step,ground_thickness,lumpedport_D,lumpedport_r,num_of_freq_points,patch_length,patch_name,patch_width,signal_layer_thickness,start_frequency,stop_frequency,sub_high,sub_length,sub_width,sweep_type,unit,Directivity,Directivity_Phi,Directivity_Theta,Directivity_Total,Directivity_dB,Gain,Gain_Phi,Gain_Theta,Gain_Total,Gain_dB,Phi(deg),RealizedGain,RealizedGain_Phi,RealizedGain_Theta,RealizedGain_Total,RealizedGain_dB,Theta(deg),_极值列,_极值数值,_极值类型,rEPhi_Imag,rEPhi_Real,rETheta_Imag,rETheta_Real,rETotal,Freq [GHz],_最小值,_最小值所在列名,"dB(S(ground_T1,ground_T1)) []"
2.5,2.2286720654903296,1.575,0.5,0.01GHz,0.035,1.15,1.5,201.0,15.816984991555039,Patch,15.212132193245793,0.035,2.0,3.0,1.575,50.0,60.0,Interpolating,GHz,1.5590716084330019,0.0012582484721938418,1.5578133599608077,1.5590716084330019,1.9286606286883194,1.1454403653793483,0.000924427448958741,1.1445159379303895,1.1454403653793483,0.5897248360760559,-5.0,0.005612657790358806,4.52969449989783e-06,0.005608128095858908,0.005612657790358806,-22.50831436363881,50.0,RealizedGain,0.005612657790358806,max,0.00014540197766269253,0.0016421750802304213,-0.032147123347031736,0.048285801137358295,0.05803166387150228,3.0,-0.0373165892965261,"dB(S(ground_T1,ground_T1)) []",-0.0373165892965261
