center_frequency,feed_center,feed_h,feed_r1,freq_step,ground_thickness,lumpedport_D,lumpedport_r,num_of_freq_points,patch_length,patch_name,patch_width,signal_layer_thickness,start_frequency,stop_frequency,sub_high,sub_length,sub_width,sweep_type,unit,Directivity,Directivity_Phi,Directivity_Theta,Directivity_Total,Directivity_dB,Gain,Gain_Phi,Gain_Theta,Gain_Total,Gain_dB,Phi(deg),RealizedGain,RealizedGain_Phi,RealizedGain_Theta,RealizedGain_Total,RealizedGain_dB,Theta(deg),_极值列,_极值数值,_极值类型,rEPhi_Imag,rEPhi_Real,rETheta_Imag,rETheta_Real,rETotal,Freq [GHz],_最小值,_最小值所在列名,"dB(S(ground_T1,ground_T1)) []"
2.5,2.656401479780698,1.575,0.5,0.01GHz,0.035,1.15,1.5,201.0,16.650740024143854,Patch,17.938118415526834,0.035,2.0,3.0,1.575,50.0,60.0,Interpolating,GHz,1.7124228507692805,0.009976577017696185,1.702446273751584,1.7124228507692805,2.3361101447691333,1.292394604354174,0.007529492088827311,1.2848651122653465,1.292394604354174,1.1139513620408672,-10.0,0.006849691403077123,3.9906308070784744e-05,0.0068097850950063375,0.006849691403077123,-21.64328994195124,40.0,RealizedGain,0.006849691403077123,max,0.001704479188045426,0.004586839830849829,-0.027914311142369353,0.05750442200275914,0.06410859275760751,3.0,-0.0408882864512524,"dB(S(ground_T1,ground_T1)) []",-0.0408882864512524
