center_frequency,feed_center,feed_h,feed_r1,freq_step,ground_thickness,lumpedport_D,lumpedport_r,num_of_freq_points,patch_length,patch_name,patch_width,signal_layer_thickness,start_frequency,stop_frequency,sub_high,sub_length,sub_width,sweep_type,unit,Directivity,Directivity_Phi,Directivity_Theta,Directivity_Total,Directivity_dB,Gain,Gain_Phi,Gain_Theta,Gain_Total,Gain_dB,Phi(deg),RealizedGain,RealizedGain_Phi,RealizedGain_Theta,RealizedGain_Total,RealizedGain_dB,Theta(deg),_极值列,_极值数值,_极值类型,rEPhi_Imag,rEPhi_Real,rETheta_Imag,rETheta_Real,rETotal,Freq [GHz],_最小值,_最小值所在列名,"dB(S(ground_T1,ground_T1)) []"
2.5,2.260103562392545,1.575,0.5,0.01GHz,0.035,1.15,1.5,201.0,18.909910347527013,Patch,15.413151902588591,0.035,2.0,3.0,1.575,50.0,60.0,Interpolating,GHz,1.629718477089638,0.008268218787808113,1.6214502583018298,1.629718477089638,2.121125894309392,1.2222888578172286,0.006201164090856086,1.2160876937263725,1.2222888578172286,0.8717385282263932,10.0,0.006355902060649589,3.2246053272451645e-05,0.006323656007377137,0.006355902060649589,-21.968228035425614,45.0,RealizedGain,0.006355902060649589,max,-0.0020699625902405334,-0.003881152232412078,-0.032391852423078724,0.052393233234758856,0.06175460371475557,3.0,-0.0411066245889793,"dB(S(ground_T1,ground_T1)) []",-0.0411066245889793
