center_frequency,feed_center,feed_h,feed_r1,freq_step,ground_thickness,lumpedport_D,lumpedport_r,num_of_freq_points,patch_length,patch_name,patch_width,signal_layer_thickness,start_frequency,stop_frequency,sub_high,sub_length,sub_width,sweep_type,unit,Directivity,Directivity_Phi,Directivity_Theta,Directivity_Total,Directivity_dB,Gain,Gain_Phi,Gain_Theta,Gain_Total,Gain_dB,Phi(deg),RealizedGain,RealizedGain_Phi,RealizedGain_Theta,RealizedGain_Total,RealizedGain_dB,Theta(deg),_极值列,_极值数值,_极值类型,rEPhi_Imag,rEPhi_Real,rETheta_Imag,rETheta_Real,rETotal,Freq [GHz],_最小值,_最小值所在列名,"dB(S(ground_T1,ground_T1)) []"
2.5,1.7650517876647096,1.575,0.5,0.01GHz,0.035,1.15,1.5,201.0,17.548823622332577,Patch,12.230688085028959,0.035,2.0,3.0,1.575,50.0,60.0,Interpolating,GHz,1.4422649809935415,0.00011567605810811548,1.4421493049354333,1.4422649809935415,1.5904505872675692,1.01265413559121,8.121935994825131e-05,1.0125729162312618,1.01265413559121,0.05461140668926935,-5.0,0.004759474437278687,3.8173099175678107e-07,0.0047590927062869295,0.004759474437278687,-23.22441001395356,55.0,RealizedGain,0.004759474437278687,max,-0.00011465415600780249,0.00046464870117758324,-0.03465492387919054,0.04067627252646606,0.05343923595740141,3.0,-0.0346615485133599,"dB(S(ground_T1,ground_T1)) []",-0.0346615485133599
