center_frequency,feed_center,feed_h,feed_r1,freq_step,ground_thickness,lumpedport_D,lumpedport_r,num_of_freq_points,patch_length,patch_name,patch_width,signal_layer_thickness,start_frequency,stop_frequency,sub_high,sub_length,sub_width,sweep_type,unit,Directivity,Directivity_Phi,Directivity_Theta,Directivity_Total,Directivity_dB,Gain,Gain_Phi,Gain_Theta,Gain_Total,Gain_dB,Phi(deg),RealizedGain,RealizedGain_Phi,RealizedGain_Theta,RealizedGain_Total,RealizedGain_dB,Theta(deg),_极值列,_极值数值,_极值类型,rEPhi_Imag,rEPhi_Real,rETheta_Imag,rETheta_Real,rETotal,Freq [GHz],_最小值,_最小值所在列名,"dB(S(ground_T1,ground_T1)) []"
2.5,1.9779089162103711,1.575,0.5,0.01GHz,0.035,1.15,1.5,201.0,15.228067602824403,Patch,13.603638276505583,0.035,2.0,3.0,1.575,50.0,60.0,Interpolating,GHz,1.5060954439635783,0.00408570541925371,1.5020097385443243,1.5060954439635783,1.7785249475530596,1.0354406177249602,0.0028089224757369257,1.0326316952492232,1.0354406177249602,0.15125197257606268,10.0,0.004970114965079809,1.3482827883537245e-05,0.004956632137196271,0.004970114965079809,-23.03633565366806,50.0,RealizedGain,0.004970114965079809,max,-0.0017963284204762207,-0.0022052418284256403,-0.029815223520535034,0.04566291485435406,0.05460896660706466,3.0,-0.0348013206847352,"dB(S(ground_T1,ground_T1)) []",-0.0348013206847352
