center_frequency,feed_center,feed_h,feed_r1,freq_step,ground_thickness,lumpedport_D,lumpedport_r,num_of_freq_points,patch_length,patch_name,patch_width,signal_layer_thickness,start_frequency,stop_frequency,sub_high,sub_length,sub_width,sweep_type,unit,Directivity,Directivity_Phi,Directivity_Theta,Directivity_Total,Directivity_dB,Gain,Gain_Phi,Gain_Theta,Gain_Total,Gain_dB,Phi(deg),RealizedGain,RealizedGain_Phi,RealizedGain_Theta,RealizedGain_Total,RealizedGain_dB,Theta(deg),_极值列,_极值数值,_极值类型,rEPhi_Imag,rEPhi_Real,rETheta_Imag,rETheta_Real,rETotal,Freq [GHz],_最小值,_最小值所在列名,"dB(S(ground_T1,ground_T1)) []"
2.5,3.990065510854424,1.575,0.5,0.01GHz,0.035,1.15,1.5,201.0,15.214969069223967,Patch,26.345585622997,0.035,2.0,3.0,1.575,50.0,60.0,Interpolating,GHz,2.1228605129912057,0.06397149102721954,2.0588890219639855,2.1228605129912057,3.2692145887236257,1.769050427492671,0.053309575856016284,1.7157408516366548,1.769050427492671,2.4774021282473764,-5.0,0.012737163077947231,0.00038382894616331725,0.012353334131783914,0.012737163077947231,-18.949272907439937,25.0,RealizedGain,0.012737163077947231,max,0.0007271234571142469,0.015158300853771692,-0.0246196683163283,0.08249876987616787,0.0874212668198206,3.0,-0.0787398193336146,"dB(S(ground_T1,ground_T1)) []",-0.0787398193336146
