center_frequency,feed_center,feed_h,feed_r1,freq_step,ground_thickness,lumpedport_D,lumpedport_r,num_of_freq_points,patch_length,patch_name,patch_width,signal_layer_thickness,start_frequency,stop_frequency,sub_high,sub_length,sub_width,sweep_type,unit,Directivity,Directivity_Phi,Directivity_Theta,Directivity_Total,Directivity_dB,Gain,Gain_Phi,Gain_Theta,Gain_Total,Gain_dB,Phi(deg),RealizedGain,RealizedGain_Phi,RealizedGain_Theta,RealizedGain_Total,RealizedGain_dB,Theta(deg),_极值列,_极值数值,_极值类型,rEPhi_Imag,rEPhi_Real,rETheta_Imag,rETheta_Real,rETotal,Freq [GHz],_最小值,_最小值所在列名,"dB(S(ground_T1,ground_T1)) []"
2.5,2.8330857989813323,1.575,0.5,0.01GHz,0.035,1.15,1.5,201.0,17.613136191951995,Patch,19.05890472801633,0.035,2.0,3.0,1.575,50.0,60.0,Interpolating,GHz,1.8035107140559874,0.00014334642878479451,1.8033673676272026,1.8035107140559874,2.561187266607989,1.4170441324725616,0.00011262933690233854,1.4169315031356593,1.4170441324725616,1.513833761407859,0.0,0.007935447141846344,6.307242866530958e-07,0.00793481641755969,0.007935447141846344,-21.004285968530137,35.0,RealizedGain,0.007935447141846344,max,-9.76132856357638e-05,0.0006073838440680912,-0.026013577969667735,0.06390849531950901,0.06900275687445578,3.0,-0.0451112586562257,"dB(S(ground_T1,ground_T1)) []",-0.0451112586562257
