center_frequency,feed_center,feed_h,feed_r1,freq_step,ground_thickness,lumpedport_D,lumpedport_r,num_of_freq_points,patch_length,patch_name,patch_width,signal_layer_thickness,start_frequency,stop_frequency,sub_high,sub_length,sub_width,sweep_type,unit,Directivity,Directivity_Phi,Directivity_Theta,Directivity_Total,Directivity_dB,Gain,Gain_Phi,Gain_Theta,Gain_Total,Gain_dB,Phi(deg),RealizedGain,RealizedGain_Phi,RealizedGain_Theta,RealizedGain_Total,RealizedGain_dB,Theta(deg),_极值列,_极值数值,_极值类型,rEPhi_Imag,rEPhi_Real,rETheta_Imag,rETheta_Real,rETotal,Freq [GHz],_最小值,_最小值所在列名,"dB(S(ground_T1,ground_T1)) []"
2.5,3.065199616267355,1.575,0.5,0.01GHz,0.035,1.15,1.5,201.0,10.55345368397039,Patch,20.527457407848807,0.035,2.0,3.0,1.575,50.0,60.0,Interpolating,GHz,1.683826316938381,0.02903816942526218,1.6547881475131188,1.683826316938381,2.2629729293243845,1.2390420068037145,0.021367709577079716,1.2176742972266346,1.2390420068037145,0.9308603035814871,15.0,0.006566922636059686,0.00011324886075852248,0.006453673775301164,0.006566922636059686,-21.826381000410624,40.0,RealizedGain,0.006566922636059686,max,-0.002648064688480234,-0.007806322481493851,-0.022297365362019095,0.05809580870181508,0.0627713820788161,3.0,-0.039680980443873,"dB(S(ground_T1,ground_T1)) []",-0.039680980443873
