center_frequency,feed_center,feed_h,feed_r1,freq_step,ground_thickness,lumpedport_D,lumpedport_r,num_of_freq_points,patch_length,patch_name,patch_width,signal_layer_thickness,start_frequency,stop_frequency,sub_high,sub_length,sub_width,sweep_type,unit,Directivity,Directivity_Phi,Directivity_Theta,Directivity_Total,Directivity_dB,Gain,Gain_Phi,Gain_Theta,Gain_Total,Gain_dB,Phi(deg),RealizedGain,RealizedGain_Phi,RealizedGain_Theta,RealizedGain_Total,RealizedGain_dB,Theta(deg),_极值列,_极值数值,_极值类型,rEPhi_Imag,rEPhi_Real,rETheta_Imag,rETheta_Real,rETotal,Freq [GHz],_最小值,_最小值所在列名,"dB(S(ground_T1,ground_T1)) []"
2.5,1.4260716096382147,1.575,0.5,0.01GHz,0.035,1.15,1.5,201.0,14.458484644485994,Patch,10.025843252314095,0.035,2.0,3.0,1.575,50.0,60.0,Interpolating,GHz,1.4343669391947271,0.00022107376057563775,1.4341458654341517,1.4343669391947271,1.566602665912384,0.8924949843878301,0.00013755700658039683,0.8923574273812498,0.8924949843878301,-0.49394215841886124,0.0,0.004016227429745236,6.190065296117857e-07,0.004015608423215625,0.004016227429745236,-23.961817020665425,60.0,RealizedGain,0.004016227429745236,max,-0.00038826699135909395,0.0004697461134781931,-0.031219528445354257,0.037878263688256086,0.04908964482510593,3.0,-0.031380065372329,"dB(S(ground_T1,ground_T1)) []",-0.031380065372329
