center_frequency,feed_center,feed_h,feed_r1,freq_step,ground_thickness,lumpedport_D,lumpedport_r,num_of_freq_points,patch_length,patch_name,patch_width,signal_layer_thickness,start_frequency,stop_frequency,sub_high,sub_length,sub_width,sweep_type,unit,Directivity,Directivity_Phi,Directivity_Theta,Directivity_Total,Directivity_dB,Gain,Gain_Phi,Gain_Theta,Gain_Total,Gain_dB,Phi(deg),RealizedGain,RealizedGain_Phi,RealizedGain_Theta,RealizedGain_Total,RealizedGain_dB,Theta(deg),_极值列,_极值数值,_极值类型,rEPhi_Imag,rEPhi_Real,rETheta_Imag,rETheta_Real,rETotal,Freq [GHz],_最小值,_最小值所在列名,"dB(S(ground_T1,ground_T1)) []"
2.5,2.8637562424733143,1.575,0.5,0.01GHz,0.035,1.15,1.5,201.0,27.615873855958753,Patch,19.253191701737578,0.035,2.0,3.0,1.575,50.0,60.0,Interpolating,GHz,2.203319794260265,0.0002798853306553637,2.2030399089296098,2.203319794260265,3.4307753609905376,1.883998084947183,0.00023932223925603568,1.883758762707927,1.883998084947183,2.750804570039426,0.0,0.012999586786135563,1.651323450866646e-06,0.012997935462684698,0.012999586786135563,-18.860704522588023,25.0,RealizedGain,0.012999586786135563,max,-0.0009109992873320796,0.00040112056941915585,-0.026804114005812632,0.08414561475041246,0.08831724535318208,3.0,-0.135241487432207,"dB(S(ground_T1,ground_T1)) []",-0.135241487432207
