center_frequency,feed_center,feed_h,feed_r1,freq_step,ground_thickness,lumpedport_D,lumpedport_r,num_of_freq_points,patch_length,patch_name,patch_width,signal_layer_thickness,start_frequency,stop_frequency,sub_high,sub_length,sub_width,sweep_type,unit,Directivity,Directivity_Phi,Directivity_Theta,Directivity_Total,Directivity_dB,Gain,Gain_Phi,Gain_Theta,Gain_Total,Gain_dB,Phi(deg),RealizedGain,RealizedGain_Phi,RealizedGain_Theta,RealizedGain_Total,RealizedGain_dB,Theta(deg),_极值列,_极值数值,_极值类型,rEPhi_Imag,rEPhi_Real,rETheta_Imag,rETheta_Real,rETotal,Freq [GHz],_最小值,_最小值所在列名,"dB(S(ground_T1,ground_T1)) []"
2.5,3.08144929803123,1.575,0.5,0.01GHz,0.035,1.15,1.5,201.0,11.243276008510357,Patch,20.63011769170626,0.035,2.0,3.0,1.575,50.0,60.0,Interpolating,GHz,1.723201034138622,0.004281058091467444,1.7189199760471543,1.723201034138622,2.363359465856161,1.2764452104730535,0.003171154141827737,1.2732740563312255,1.2764452104730535,1.0600217809061008,-5.0,0.006892804136554488,1.7124232365869778e-05,0.006875679904188617,0.006892804136554488,-21.616040620864215,40.0,RealizedGain,0.006892804136554488,max,0.0011056375365422213,0.0030087118699123525,-0.0231945146316273,0.05989590657457499,0.06431002965996324,3.0,-0.0400544238932266,"dB(S(ground_T1,ground_T1)) []",-0.0400544238932266
