center_frequency,feed_center,feed_h,feed_r1,freq_step,ground_thickness,lumpedport_D,lumpedport_r,num_of_freq_points,patch_length,patch_name,patch_width,signal_layer_thickness,start_frequency,stop_frequency,sub_high,sub_length,sub_width,sweep_type,unit,Directivity,Directivity_Phi,Directivity_Theta,Directivity_Total,Directivity_dB,Gain,Gain_Phi,Gain_Theta,Gain_Total,Gain_dB,Phi(deg),RealizedGain,RealizedGain_Phi,RealizedGain_Theta,RealizedGain_Total,RealizedGain_dB,Theta(deg),_极值列,_极值数值,_极值类型,rEPhi_Imag,rEPhi_Real,rETheta_Imag,rETheta_Real,rETotal,Freq [GHz],_最小值,_最小值所在列名,"dB(S(ground_T1,ground_T1)) []"
2.5,7.936936894716525,1.575,0.5,0.01GHz,0.035,1.15,1.5,201.0,18.865413611342913,Patch,50.88523877690755,0.035,2.0,3.0,1.575,50.0,60.0,Interpolating,GHz,3.0681584610492805,0.024117082876700332,3.0440413781725812,3.0681584610492805,4.868777858447819,2.877589612536903,0.022619127418520187,2.8549704851183835,2.877589612536903,4.590288571061017,5.0,0.046329192761844135,0.00036416795143817503,0.04596502481040598,0.046329192761844135,-13.341452668620486,10.0,RealizedGain,0.046329192761844135,max,0.0017729535752312154,-0.014675236085433047,-0.050729012327202234,0.15813358887711482,0.16672783373328198,3.0,-0.178053227285202,"dB(S(ground_T1,ground_T1)) []",-0.178053227285202
