center_frequency,feed_center,feed_h,feed_r1,freq_step,ground_thickness,lumpedport_D,lumpedport_r,num_of_freq_points,patch_length,patch_name,patch_width,signal_layer_thickness,start_frequency,stop_frequency,sub_high,sub_length,sub_width,sweep_type,unit,Directivity,Directivity_Phi,Directivity_Theta,Directivity_Total,Directivity_dB,Gain,Gain_Phi,Gain_Theta,Gain_Total,Gain_dB,Phi(deg),RealizedGain,RealizedGain_Phi,RealizedGain_Theta,RealizedGain_Total,RealizedGain_dB,Theta(deg),_极值列,_极值数值,_极值类型,rEPhi_Imag,rEPhi_Real,rETheta_Imag,rETheta_Real,rETotal,Freq [GHz],_最小值,_最小值所在列名,"dB(S(ground_T1,ground_T1)) []"
2.5,1.4805095223713538,1.575,0.5,0.01GHz,0.035,1.15,1.5,201.0,24.53284049213897,Patch,10.381710342577218,0.035,2.0,3.0,1.575,50.0,60.0,Interpolating,GHz,1.5039457515916703,0.00033987780826233893,1.5036058737834082,1.5039457515916703,1.7723217122284838,1.112919856177836,0.0002515095781141308,1.1126683465997218,1.112919856177836,0.4646389095382452,0.0,0.005564599280889179,1.257547890570654e-06,0.00556334173299861,0.005564599280889179,-22.545661047101568,55.0,RealizedGain,0.005564599280889179,max,0.0003443041964166729,0.0007974967903920973,-0.04117796133848258,0.040527264652087704,0.05778268102714064,3.0,-0.0406058975124576,"dB(S(ground_T1,ground_T1)) []",-0.0406058975124576
