center_frequency,feed_center,feed_h,feed_r1,freq_step,ground_thickness,lumpedport_D,lumpedport_r,num_of_freq_points,patch_length,patch_name,patch_width,signal_layer_thickness,start_frequency,stop_frequency,sub_high,sub_length,sub_width,sweep_type,unit,Directivity,Directivity_Phi,Directivity_Theta,Directivity_Total,Directivity_dB,Gain,Gain_Phi,Gain_Theta,Gain_Total,Gain_dB,Phi(deg),RealizedGain,RealizedGain_Phi,RealizedGain_Theta,RealizedGain_Total,RealizedGain_dB,Theta(deg),_极值列,_极值数值,_极值类型,rEPhi_Imag,rEPhi_Real,rETheta_Imag,rETheta_Real,rETotal,Freq [GHz],_最小值,_最小值所在列名,"dB(S(ground_T1,ground_T1)) []"
2.5,3.3563481569510047,1.575,0.5,0.01GHz,0.035,1.15,1.5,201.0,31.031541877390584,Patch,22.36418187122773,0.035,2.0,3.0,1.575,50.0,60.0,Interpolating,GHz,3.3571993227998673,0.024418698417347243,3.3327806243825218,3.3571993227998673,5.259771268370198,3.0774327125665453,0.022383806882568302,3.055048905683978,3.0774327125665453,4.8818856594762,-5.0,0.036929192550798545,0.00026860568259081964,0.03666058686820774,0.036929192550798545,-14.326301880047552,10.0,RealizedGain,0.036929192550798545,max,0.00018512868707436955,0.012693814784675298,-0.019510247318237063,0.14702455776037826,0.14885576086088168,2.935,-13.9182750442673,"dB(S(ground_T1,ground_T1)) []",-13.9182750442673
