center_frequency,feed_center,feed_h,feed_r1,freq_step,ground_thickness,lumpedport_D,lumpedport_r,num_of_freq_points,patch_length,patch_name,patch_width,signal_layer_thickness,start_frequency,stop_frequency,sub_high,sub_length,sub_width,sweep_type,unit,Directivity,Directivity_Phi,Directivity_Theta,Directivity_Total,Directivity_dB,Gain,Gain_Phi,Gain_Theta,Gain_Total,Gain_dB,Phi(deg),RealizedGain,RealizedGain_Phi,RealizedGain_Theta,RealizedGain_Total,RealizedGain_dB,Theta(deg),_极值列,_极值数值,_极值类型,rEPhi_Imag,rEPhi_Real,rETheta_Imag,rETheta_Real,rETotal,Freq [GHz],_最小值,_最小值所在列名,"dB(S(ground_T1,ground_T1)) []"
2.5,3.9414975574954703,1.575,0.5,0.01GHz,0.035,1.15,1.5,201.0,19.490615509391844,Patch,26.041128344171916,0.035,2.0,3.0,1.575,50.0,60.0,Interpolating,GHz,2.4709948095534737,0.045467406040739816,2.4255274035127337,2.4709948095534737,3.9287183314604848,2.131233023239871,0.03921563771013809,2.092017385529733,2.131233023239871,3.286309368913601,-20.0,0.01704986418591897,0.0003137251016811047,0.016736139084237864,0.01704986418591897,-17.682790761166963,20.0,RealizedGain,0.01704986418591897,max,0.0038436003594908463,0.013170657991637903,-0.023306718199040732,0.09746136111453765,0.10114425104356639,3.0,-0.0932163090990923,"dB(S(ground_T1,ground_T1)) []",-0.0932163090990923
