center_frequency,feed_center,feed_h,feed_r1,freq_step,ground_thickness,lumpedport_D,lumpedport_r,num_of_freq_points,patch_length,patch_name,patch_width,signal_layer_thickness,start_frequency,stop_frequency,sub_high,sub_length,sub_width,sweep_type,unit,Directivity,Directivity_Phi,Directivity_Theta,Directivity_Total,Directivity_dB,Gain,Gain_Phi,Gain_Theta,Gain_Total,Gain_dB,Phi(deg),RealizedGain,RealizedGain_Phi,RealizedGain_Theta,RealizedGain_Total,RealizedGain_dB,Theta(deg),_极值列,_极值数值,_极值类型,rEPhi_Imag,rEPhi_Real,rETheta_Imag,rETheta_Real,rETotal,Freq [GHz],_最小值,_最小值所在列名,"dB(S(ground_T1,ground_T1)) []"
2.5,2.8861641732757324,1.575,0.5,0.01GHz,0.035,1.15,1.5,201.0,13.193754762874574,Patch,19.395090598226382,0.035,2.0,3.0,1.575,50.0,60.0,Interpolating,GHz,1.7060507596127654,0.0005589462236953525,1.70549181338907,1.7060507596127654,2.319919484562292,1.2875854789530305,0.0004218462065625303,1.287163632746468,1.2875854789530305,1.0977607018340259,0.0,0.006824203038451061,2.2357848947814106e-06,0.00682196725355628,0.006824203038451061,-21.659480602158084,40.0,RealizedGain,0.006824203038451061,max,-0.0011124549466812585,0.00032240740114526873,-0.024943814891359925,0.058915896686890235,0.06398920445118428,3.0,-0.0414318773009534,"dB(S(ground_T1,ground_T1)) []",-0.0414318773009534
