center_frequency,feed_center,feed_h,feed_r1,freq_step,ground_thickness,lumpedport_D,lumpedport_r,num_of_freq_points,patch_length,patch_name,patch_width,signal_layer_thickness,start_frequency,stop_frequency,sub_high,sub_length,sub_width,sweep_type,unit,Directivity,Directivity_Phi,Directivity_Theta,Directivity_Total,Directivity_dB,Gain,Gain_Phi,Gain_Theta,Gain_Total,Gain_dB,Phi(deg),RealizedGain,RealizedGain_Phi,RealizedGain_Theta,RealizedGain_Total,RealizedGain_dB,Theta(deg),_极值列,_极值数值,_极值类型,rEPhi_Imag,rEPhi_Real,rETheta_Imag,rETheta_Real,rETotal,Freq [GHz],_最小值,_最小值所在列名,"dB(S(ground_T1,ground_T1)) []"
2.5,2.328099089876839,1.575,0.5,0.01GHz,0.035,1.15,1.5,201.0,20.225618655528375,Patch,15.847603857996752,0.035,2.0,3.0,1.575,50.0,60.0,Interpolating,GHz,1.820603923686384,0.02487013256607852,1.7957337911203055,1.820603923686384,2.602154743687578,1.456483138949107,0.019896106052862815,1.4365870328962445,1.456483138949107,1.6330546136070134,-15.0,0.008738898833694641,0.00011937663631717689,0.008619522197377468,0.008738898833694641,-20.585432882556553,35.0,RealizedGain,0.008738898833694641,max,0.0024485356197954163,0.008101379052491154,-0.030734842107281255,0.06501695655709804,0.0724117589106951,3.0,-0.0593985464897313,"dB(S(ground_T1,ground_T1)) []",-0.0593985464897313
