center_frequency,feed_center,feed_h,feed_r1,freq_step,ground_thickness,lumpedport_D,lumpedport_r,num_of_freq_points,patch_length,patch_name,patch_width,signal_layer_thickness,start_frequency,stop_frequency,sub_high,sub_length,sub_width,sweep_type,unit,Directivity,Directivity_Phi,Directivity_Theta,Directivity_Total,Directivity_dB,Gain,Gain_Phi,Gain_Theta,Gain_Total,Gain_dB,Phi(deg),RealizedGain,RealizedGain_Phi,RealizedGain_Theta,RealizedGain_Total,RealizedGain_dB,Theta(deg),_极值列,_极值数值,_极值类型,rEPhi_Imag,rEPhi_Real,rETheta_Imag,rETheta_Real,rETotal,Freq [GHz],_最小值,_最小值所在列名,"dB(S(ground_T1,ground_T1)) []"
2.5,2.041913273777355,1.575,0.5,0.01GHz,0.035,1.15,1.5,201.0,25.365292269608712,Patch,14.015036841181608,0.035,2.0,3.0,1.575,50.0,60.0,Interpolating,GHz,1.7069913221539308,0.00011045482892653967,1.7068808673250038,1.7069913221539308,2.3223131329385356,1.3345568518658004,8.635559352438556e-05,1.3344704962722755,1.3345568518658004,1.2533707937919625,0.0,0.007340062685261902,4.749557643841206e-07,0.007339587729497516,0.007340062685261902,-21.343002311265597,45.0,RealizedGain,0.007340062685261902,max,0.0002480187444949307,-0.00047272283076465815,-0.03797932469763254,0.054418997433184915,0.06636370518810365,3.0,-0.0542459237483193,"dB(S(ground_T1,ground_T1)) []",-0.0542459237483193
