center_frequency,feed_center,feed_h,feed_r1,freq_step,ground_thickness,lumpedport_D,lumpedport_r,num_of_freq_points,patch_length,patch_name,patch_width,signal_layer_thickness,start_frequency,stop_frequency,sub_high,sub_length,sub_width,sweep_type,unit,Directivity,Directivity_Phi,Directivity_Theta,Directivity_Total,Directivity_dB,Gain,Gain_Phi,Gain_Theta,Gain_Total,Gain_dB,Phi(deg),RealizedGain,RealizedGain_Phi,RealizedGain_Theta,RealizedGain_Total,RealizedGain_dB,Theta(deg),_极值列,_极值数值,_极值类型,rEPhi_Imag,rEPhi_Real,rETheta_Imag,rETheta_Real,rETotal,Freq [GHz],_最小值,_最小值所在列名,"dB(S(ground_T1,ground_T1)) []"
2.5,2.5093181487562277,1.575,0.5,0.01GHz,0.035,1.15,1.5,201.0,21.922023260048743,Patch,17.00291982198946,0.035,2.0,3.0,1.575,50.0,60.0,Interpolating,GHz,1.742137152596632,9.887422876347527e-06,1.7421272651737558,1.742137152596632,2.4108234256095185,1.3937097220773054,7.909938301078021e-06,1.3937018121390046,1.3937097220773054,1.4417232955289536,0.0,0.0076654034714251805,4.3504660655929115e-08,0.007665359966764526,0.0076654034714251805,-21.15464980952861,40.0,RealizedGain,0.0076654034714251805,max,0.00015907297681860873,2.8270114924770335e-05,-0.03333120041504195,0.05906230110919292,0.06781851101898372,3.0,-0.0491407437094128,"dB(S(ground_T1,ground_T1)) []",-0.0491407437094128
