center_frequency,feed_center,feed_h,feed_r1,freq_step,ground_thickness,lumpedport_D,lumpedport_r,num_of_freq_points,patch_length,patch_name,patch_width,signal_layer_thickness,start_frequency,stop_frequency,sub_high,sub_length,sub_width,sweep_type,unit,Directivity,Directivity_Phi,Directivity_Theta,Directivity_Total,Directivity_dB,Gain,Gain_Phi,Gain_Theta,Gain_Total,Gain_dB,Phi(deg),RealizedGain,RealizedGain_Phi,RealizedGain_Theta,RealizedGain_Total,RealizedGain_dB,Theta(deg),_极值列,_极值数值,_极值类型,rEPhi_Imag,rEPhi_Real,rETheta_Imag,rETheta_Real,rETotal,Freq [GHz],_最小值,_最小值所在列名,"dB(S(ground_T1,ground_T1)) []"
2.5,2.1793718041125834,1.575,0.5,0.01GHz,0.035,1.15,1.5,201.0,24.008298584834993,Patch,14.89658064504565,0.035,2.0,3.0,1.575,50.0,60.0,Interpolating,GHz,1.6647926668830964,0.0018607906981650921,1.6629318761849314,1.6647926668830964,2.2136015421749384,1.3015651759267843,0.0014548000003836174,1.300110375926401,1.3015651759267843,1.1446592030283647,5.0,0.0071586084675973145,8.001400002109897e-06,0.007150607067595206,0.0071586084675973145,-21.451713902029198,40.0,RealizedGain,0.0071586084675973145,max,-0.0011311253438613575,-0.0018765682937696927,-0.03301462606766668,0.05657295982414239,0.06553828095667899,3.0,-0.0505267369690513,"dB(S(ground_T1,ground_T1)) []",-0.0505267369690513
