center_frequency,feed_center,feed_h,feed_r1,freq_step,ground_thickness,lumpedport_D,lumpedport_r,num_of_freq_points,patch_length,patch_name,patch_width,signal_layer_thickness,start_frequency,stop_frequency,sub_high,sub_length,sub_width,sweep_type,unit,Directivity,Directivity_Phi,Directivity_Theta,Directivity_Total,Directivity_dB,Gain,Gain_Phi,Gain_Theta,Gain_Total,Gain_dB,Phi(deg),RealizedGain,RealizedGain_Phi,RealizedGain_Theta,RealizedGain_Total,RealizedGain_dB,Theta(deg),_极值列,_极值数值,_极值类型,rEPhi_Imag,rEPhi_Real,rETheta_Imag,rETheta_Real,rETotal,Freq [GHz],_最小值,_最小值所在列名,"dB(S(ground_T1,ground_T1)) []"
2.5,2.203864322437835,1.575,0.5,0.01GHz,0.035,1.15,1.5,201.0,16.533470880363183,Patch,15.053386706198133,0.035,2.0,3.0,1.575,50.0,60.0,Interpolating,GHz,1.576524585787718,0.0024062140582312057,1.5741183717294867,1.576524585787718,1.9770074792799672,1.1582629609868949,0.0017678307366596614,1.1564951302502353,1.1582629609868949,0.6380716866677034,-5.0,0.0056754885088357845,8.662370609632341e-06,0.005666826138226152,0.0056754885088357845,-22.45996751304716,45.0,RealizedGain,0.0056754885088357845,max,0.0007072483876519241,0.002167335813967375,-0.029315759523903976,0.050405972162496634,0.05835557669085358,3.0,-0.0374491081344073,"dB(S(ground_T1,ground_T1)) []",-0.0374491081344073
