center_frequency,feed_center,feed_h,feed_r1,freq_step,ground_thickness,lumpedport_D,lumpedport_r,num_of_freq_points,patch_length,patch_name,patch_width,signal_layer_thickness,start_frequency,stop_frequency,sub_high,sub_length,sub_width,sweep_type,unit,Directivity,Directivity_Phi,Directivity_Theta,Directivity_Total,Directivity_dB,Gain,Gain_Phi,Gain_Theta,Gain_Total,Gain_dB,Phi(deg),RealizedGain,RealizedGain_Phi,RealizedGain_Theta,RealizedGain_Total,RealizedGain_dB,Theta(deg),_极值列,_极值数值,_极值类型,rEPhi_Imag,rEPhi_Real,rETheta_Imag,rETheta_Real,rETotal,Freq [GHz],_最小值,_最小值所在列名,"dB(S(ground_T1,ground_T1)) []"
2.5,2.370180646765755,1.575,0.5,0.01GHz,0.035,1.15,1.5,201.0,27.838984037501532,Patch,16.116207968453075,0.035,2.0,3.0,1.575,50.0,60.0,Interpolating,GHz,1.9996393446265774,0.00014733085429839062,1.9994920137722794,1.9996393446265774,3.0095167328264893,1.6504959669933654,0.00012160641942089382,1.650374360573945,1.6504959669933654,2.176144674638664,0.0,0.010398124592058201,7.661204423516311e-07,0.010397358471615851,0.010398124592058201,-19.830449830825522,30.0,RealizedGain,0.010398124592058201,max,-0.0005314844204390521,0.00042096009989509513,-0.028728284165769502,0.07357477654242744,0.07898747835873865,3.0,-0.0971805169626104,"dB(S(ground_T1,ground_T1)) []",-0.0971805169626104
