center_frequency,feed_center,feed_h,feed_r1,freq_step,ground_thickness,lumpedport_D,lumpedport_r,num_of_freq_points,patch_length,patch_name,patch_width,signal_layer_thickness,start_frequency,stop_frequency,sub_high,sub_length,sub_width,sweep_type,unit,Directivity,Directivity_Phi,Directivity_Theta,Directivity_Total,Directivity_dB,Gain,Gain_Phi,Gain_Theta,Gain_Total,Gain_dB,Phi(deg),RealizedGain,RealizedGain_Phi,RealizedGain_Theta,RealizedGain_Total,RealizedGain_dB,Theta(deg),_极值列,_极值数值,_极值类型,rEPhi_Imag,rEPhi_Real,rETheta_Imag,rETheta_Real,rETotal,Freq [GHz],_最小值,_最小值所在列名,"dB(S(ground_T1,ground_T1)) []"
2.5,3.7400970549564034,1.575,0.5,0.01GHz,0.035,1.15,1.5,201.0,47.25700585465765,Patch,24.777494772574084,0.035,2.0,3.0,1.575,50.0,60.0,Interpolating,GHz,1.7330242124524113,1.4054115634050732,0.3276126490473372,1.7330242124524113,2.3880463037751727,1.532358251010553,1.2426796981686963,0.28967855284185606,1.532358251010553,1.8536031115055107,60.0,0.014557403384600253,0.011805457132602615,0.0027519462519976323,0.014557403384600253,-18.36916083560601,10.0,RealizedGain,0.014557403384600253,max,0.00023412366580395248,0.08416285606605682,-0.014903507153092419,-0.03780333484962257,0.09345933771593748,2.035,-9.68169245913245,"dB(S(ground_T1,ground_T1)) []",-9.68169245913245
