center_frequency,feed_center,feed_h,feed_r1,freq_step,ground_thickness,lumpedport_D,lumpedport_r,num_of_freq_points,patch_length,patch_name,patch_width,signal_layer_thickness,start_frequency,stop_frequency,sub_high,sub_length,sub_width,sweep_type,unit,Directivity,Directivity_Phi,Directivity_Theta,Directivity_Total,Directivity_dB,Gain,Gain_Phi,Gain_Theta,Gain_Total,Gain_dB,Phi(deg),RealizedGain,RealizedGain_Phi,RealizedGain_Theta,RealizedGain_Total,RealizedGain_dB,Theta(deg),_极值列,_极值数值,_极值类型,rEPhi_Imag,rEPhi_Real,rETheta_Imag,rETheta_Real,rETotal,Freq [GHz],_最小值,_最小值所在列名,"dB(S(ground_T1,ground_T1)) []"
2.5,1.6684583901159034,1.575,0.5,0.01GHz,0.035,1.15,1.5,201.0,13.005971247466729,Patch,11.604942000002923,0.035,2.0,3.0,1.575,50.0,60.0,Interpolating,GHz,1.416229908847819,0.0024863711350656898,1.413743537712754,1.416229908847819,1.5113376185580076,0.912681496813039,0.0016023280648201112,0.9110791687482191,0.912681496813039,-0.3968075402058676,15.0,0.004107066735658675,7.210476291690501e-06,0.004099856259366987,0.004107066735658675,-23.86468240245243,60.0,RealizedGain,0.004107066735658675,max,-0.0010847719517179852,-0.0017747274470052646,-0.03089739265131792,0.038798490129257145,0.049641697157310864,3.0,-0.0315621984069236,"dB(S(ground_T1,ground_T1)) []",-0.0315621984069236
