center_frequency,feed_center,feed_h,feed_r1,freq_step,ground_thickness,lumpedport_D,lumpedport_r,num_of_freq_points,patch_length,patch_name,patch_width,signal_layer_thickness,start_frequency,stop_frequency,sub_high,sub_length,sub_width,sweep_type,unit,Directivity,Directivity_Phi,Directivity_Theta,Directivity_Total,Directivity_dB,Gain,Gain_Phi,Gain_Theta,Gain_Total,Gain_dB,Phi(deg),RealizedGain,RealizedGain_Phi,RealizedGain_Theta,RealizedGain_Total,RealizedGain_dB,Theta(deg),_极值列,_极值数值,_极值类型,rEPhi_Imag,rEPhi_Real,rETheta_Imag,rETheta_Real,rETotal,Freq [GHz],_最小值,_最小值所在列名,"dB(S(ground_T1,ground_T1)) []"
2.5,2.1943527993446774,1.575,0.5,0.01GHz,0.035,1.15,1.5,201.0,10.529519119275367,Patch,14.992501262656523,0.035,2.0,3.0,1.575,50.0,60.0,Interpolating,GHz,1.521014996517043,0.0005666051591112654,1.5204483913579316,1.521014996517043,1.8213349602044895,1.0032226572771987,0.00037371829643508995,1.0028489389807635,1.0032226572771987,0.013973319190042507,-5.0,0.0047151464892028335,1.7564759932449224e-06,0.004713390013209588,0.0047151464892028335,-23.265048101452784,50.0,RealizedGain,0.0047151464892028335,max,0.0006791015624837723,0.000769890571684673,-0.023753504878428405,0.04758016014932561,0.05318979737007401,3.0,-0.0332299204490121,"dB(S(ground_T1,ground_T1)) []",-0.0332299204490121
