center_frequency,feed_center,feed_h,feed_r1,freq_step,ground_thickness,lumpedport_D,lumpedport_r,num_of_freq_points,patch_length,patch_name,patch_width,signal_layer_thickness,start_frequency,stop_frequency,sub_high,sub_length,sub_width,sweep_type,unit,Directivity,Directivity_Phi,Directivity_Theta,Directivity_Total,Directivity_dB,Gain,Gain_Phi,Gain_Theta,Gain_Total,Gain_dB,Phi(deg),RealizedGain,RealizedGain_Phi,RealizedGain_Theta,RealizedGain_Total,RealizedGain_dB,Theta(deg),_极值列,_极值数值,_极值类型,rEPhi_Imag,rEPhi_Real,rETheta_Imag,rETheta_Real,rETotal,Freq [GHz],_最小值,_最小值所在列名,"dB(S(ground_T1,ground_T1)) []"
2.5,3.592015156725128,1.575,0.5,0.01GHz,0.035,1.15,1.5,201.0,18.745534730502506,Patch,23.847163188022293,0.035,2.0,3.0,1.575,50.0,60.0,Interpolating,GHz,2.0206638916820716,0.007860223472092963,2.0128036682099792,2.0206638916820716,3.0549408089426144,1.7049351586067478,0.0066320635545784375,1.69830309505217,1.7049351586067478,2.3170786673334276,-5.0,0.010911585015083186,4.2445206749301996e-05,0.010869139808333886,0.010911585015083186,-19.621121592827702,30.0,RealizedGain,0.010911585015083186,max,0.0012405594319844053,0.0048917007602333005,-0.02515983026784945,0.076737347270711,0.0809141844751873,3.0,-0.0566650201382445,"dB(S(ground_T1,ground_T1)) []",-0.0566650201382445
