center_frequency,feed_center,feed_h,feed_r1,freq_step,ground_thickness,lumpedport_D,lumpedport_r,num_of_freq_points,patch_length,patch_name,patch_width,signal_layer_thickness,start_frequency,stop_frequency,sub_high,sub_length,sub_width,sweep_type,unit,Directivity,Directivity_Phi,Directivity_Theta,Directivity_Total,Directivity_dB,Gain,Gain_Phi,Gain_Theta,Gain_Total,Gain_dB,Phi(deg),RealizedGain,RealizedGain_Phi,RealizedGain_Theta,RealizedGain_Total,RealizedGain_dB,Theta(deg),_极值列,_极值数值,_极值类型,rEPhi_Imag,rEPhi_Real,rETheta_Imag,rETheta_Real,rETotal,Freq [GHz],_最小值,_最小值所在列名,"dB(S(ground_T1,ground_T1)) []"
2.5,5.817548202116026,1.575,0.5,0.01GHz,0.035,1.15,1.5,201.0,15.544958305043387,Patch,37.745743511766335,0.035,2.0,3.0,1.575,50.0,60.0,Interpolating,GHz,2.6120812604258603,0.0671446668242182,2.5449365936016424,2.6120812604258603,4.169866834780751,2.3482346684636526,0.06036237724601434,2.2878722912176377,2.3482346684636526,3.7074149552543805,20.0,0.023247523217790157,0.000597587534735542,0.022649935683054616,0.023247523217790157,-16.336233098770123,15.0,RealizedGain,0.023247523217790157,max,-0.00023574982190922392,-0.018934238564974417,-0.027065527156821947,0.11339196980710513,0.11810521811091161,3.0,-0.0933018547936596,"dB(S(ground_T1,ground_T1)) []",-0.0933018547936596
