center_frequency,feed_center,feed_h,feed_r1,freq_step,ground_thickness,lumpedport_D,lumpedport_r,num_of_freq_points,patch_length,patch_name,patch_width,signal_layer_thickness,start_frequency,stop_frequency,sub_high,sub_length,sub_width,sweep_type,unit,Directivity,Directivity_Phi,Directivity_Theta,Directivity_Total,Directivity_dB,Gain,Gain_Phi,Gain_Theta,Gain_Total,Gain_dB,Phi(deg),RealizedGain,RealizedGain_Phi,RealizedGain_Theta,RealizedGain_Total,RealizedGain_dB,Theta(deg),_极值列,_极值数值,_极值类型,rEPhi_Imag,rEPhi_Real,rETheta_Imag,rETheta_Real,rETotal,Freq [GHz],_最小值,_最小值所在列名,"dB(S(ground_T1,ground_T1)) []"
2.5,9.23120231170746,1.575,0.5,0.01GHz,0.035,1.15,1.5,201.0,11.688433434474446,Patch,58.88599766887354,0.035,2.0,3.0,1.575,50.0,60.0,Interpolating,GHz,4.637841950310039e-07,2.6484984820246424e-09,4.6113569654897917e-07,4.637841950310039e-07,-63.33684055456068,0.06625488500442912,0.0003783569260035204,0.0658765280784256,0.06625488500442912,-11.787820954703246,-10.0,4.637841950310039e-05,2.6484984820246424e-07,4.6113569654897916e-05,4.637841950310039e-05,-43.33684055456068,45.0,RealizedGain,4.637841950310039e-05,max,0.0003769192925869498,-0.0001297902136939674,0.00416941448924151,0.0032069886881928833,0.005275197369008019,3.0,-0.00377472477526899,"dB(S(ground_T1,ground_T1)) []",-0.00377472477526899
