center_frequency,feed_center,feed_h,feed_r1,freq_step,ground_thickness,lumpedport_D,lumpedport_r,num_of_freq_points,patch_length,patch_name,patch_width,signal_layer_thickness,start_frequency,stop_frequency,sub_high,sub_length,sub_width,sweep_type,unit,Directivity,Directivity_Phi,Directivity_Theta,Directivity_Total,Directivity_dB,Gain,Gain_Phi,Gain_Theta,Gain_Total,Gain_dB,Phi(deg),RealizedGain,RealizedGain_Phi,RealizedGain_Theta,RealizedGain_Total,RealizedGain_dB,Theta(deg),_极值列,_极值数值,_极值类型,rEPhi_Imag,rEPhi_Real,rETheta_Imag,rETheta_Real,rETotal,Freq [GHz],_最小值,_最小值所在列名,"dB(S(ground_T1,ground_T1)) []"
2.5,7.51223267029082,1.575,0.5,0.01GHz,0.035,1.15,1.5,201.0,10.069445346593904,Patch,48.256672429298774,0.035,2.0,3.0,1.575,50.0,60.0,Interpolating,GHz,4.1791631274611537e-07,6.628455516882522e-08,3.5163175757729017e-07,4.1791631274611537e-07,-63.78910676481755,0.059702330392302196,0.009469222166975032,0.05023310822532717,0.059702330392302196,-12.240087164960112,-90.0,4.179163127461154e-05,6.628455516882522e-06,3.516317575772902e-05,4.179163127461154e-05,-43.78910676481755,55.0,RealizedGain,4.179163127461154e-05,max,0.001988232118218347,0.00015524190947922988,0.001472827916327543,0.004350767797879252,0.005007551248719337,3.0,-0.00369448702735801,"dB(S(ground_T1,ground_T1)) []",-0.00369448702735801
