center_frequency,feed_center,feed_h,feed_r1,freq_step,ground_thickness,lumpedport_D,lumpedport_r,num_of_freq_points,patch_length,patch_name,patch_width,signal_layer_thickness,start_frequency,stop_frequency,sub_high,sub_length,sub_width,sweep_type,unit,Directivity,Directivity_Phi,Directivity_Theta,Directivity_Total,Directivity_dB,Gain,Gain_Phi,Gain_Theta,Gain_Total,Gain_dB,Phi(deg),RealizedGain,RealizedGain_Phi,RealizedGain_Theta,RealizedGain_Total,RealizedGain_dB,Theta(deg),_极值列,_极值数值,_极值类型,rEPhi_Imag,rEPhi_Real,rETheta_Imag,rETheta_Real,rETotal,Freq [GHz],_最小值,_最小值所在列名,"dB(S(ground_T1,ground_T1)) []"
2.5,3.6482107195492057,1.575,0.5,0.01GHz,0.035,1.15,1.5,201.0,11.063561188705542,Patch,24.200343850479307,0.035,2.0,3.0,1.575,50.0,60.0,Interpolating,GHz,1.8445053501612005,0.0055269384824378045,1.8389784116787633,1.8445053501612005,2.658799192766292,1.4068261145297292,0.004215461554401716,1.4026106529753282,1.4068261145297292,1.4824042140982863,-5.0,0.008300274075725403,2.4871223170970124e-05,0.008275402852554436,0.008300274075725403,-20.809075669480272,35.0,RealizedGain,0.008300274075725403,max,-5.9413584191797823e-05,0.0038625840437053844,-0.021825532523092803,0.06700003595680132,0.07057111146636366,3.0,-0.0450028686879602,"dB(S(ground_T1,ground_T1)) []",-0.0450028686879602
