center_frequency,feed_center,feed_h,feed_r1,freq_step,ground_thickness,lumpedport_D,lumpedport_r,num_of_freq_points,patch_length,patch_name,patch_width,signal_layer_thickness,start_frequency,stop_frequency,sub_high,sub_length,sub_width,sweep_type,unit,Directivity,Directivity_Phi,Directivity_Theta,Directivity_Total,Directivity_dB,Gain,Gain_Phi,Gain_Theta,Gain_Total,Gain_dB,Phi(deg),RealizedGain,RealizedGain_Phi,RealizedGain_Theta,RealizedGain_Total,RealizedGain_dB,Theta(deg),_极值列,_极值数值,_极值类型,rEPhi_Imag,rEPhi_Real,rETheta_Imag,rETheta_Real,rETotal,Freq [GHz],_最小值,_最小值所在列名,"dB(S(ground_T1,ground_T1)) []"
2.5,6.332065355464138,1.575,0.5,0.01GHz,0.035,1.15,1.5,201.0,11.419118979282636,Patch,40.94139806380166,0.035,2.0,3.0,1.575,50.0,60.0,Interpolating,GHz,1.0504323381450082,0.181635382954661,0.8687969551903469,1.0504323381450082,0.21368083284916253,0.13130404226812603,0.022704422869332625,0.10859961939879337,0.13130404226812603,-8.817219037070274,-45.0,0.00010504323381450082,1.8163538295466102e-05,8.687969551903469e-05,0.00010504323381450082,-39.786319167150836,35.0,RealizedGain,0.00010504323381450082,max,0.003294026613699711,-0.000218559821152343,0.00577888673991114,0.004328222896623049,0.007938981365563025,3.0,-0.00443239734362706,"dB(S(ground_T1,ground_T1)) []",-0.00443239734362706
