center_frequency,feed_center,feed_h,feed_r1,freq_step,ground_thickness,lumpedport_D,lumpedport_r,num_of_freq_points,patch_length,patch_name,patch_width,signal_layer_thickness,start_frequency,stop_frequency,sub_high,sub_length,sub_width,sweep_type,unit,Directivity,Directivity_Phi,Directivity_Theta,Directivity_Total,Directivity_dB,Gain,Gain_Phi,Gain_Theta,Gain_Total,Gain_dB,Phi(deg),RealizedGain,RealizedGain_Phi,RealizedGain_Theta,RealizedGain_Total,RealizedGain_dB,Theta(deg),_极值列,_极值数值,_极值类型,rEPhi_Imag,rEPhi_Real,rETheta_Imag,rETheta_Real,rETotal,Freq [GHz],_最小值,_最小值所在列名,"dB(S(ground_T1,ground_T1)) []"
2.5,7.376455305105337,1.575,0.5,0.01GHz,0.035,1.15,1.5,201.0,10.636686563371631,Patch,47.415928836886074,0.035,2.0,3.0,1.575,50.0,60.0,Interpolating,GHz,4.745901605499434e-07,1.009937654653365e-07,3.735963950846069e-07,4.745901605499434e-07,-63.23681270044431,0.06779859436427764,0.014427680780762356,0.05337091358351527,0.06779859436427764,-11.687793100586878,90.0,4.7459016054994344e-05,1.0099376546533648e-05,3.7359639508460685e-05,4.7459016054994344e-05,-43.23681270044431,50.0,RealizedGain,4.7459016054994344e-05,max,-0.002454640569617394,-0.00018576426245616815,0.001722194315502974,0.004410256062892805,0.005336298388194854,3.0,-0.00378021389392443,"dB(S(ground_T1,ground_T1)) []",-0.00378021389392443
