center_frequency,feed_center,feed_h,feed_r1,freq_step,ground_thickness,lumpedport_D,lumpedport_r,num_of_freq_points,patch_length,patch_name,patch_width,signal_layer_thickness,start_frequency,stop_frequency,sub_high,sub_length,sub_width,sweep_type,unit,Directivity,Directivity_Phi,Directivity_Theta,Directivity_Total,Directivity_dB,Gain,Gain_Phi,Gain_Theta,Gain_Total,Gain_dB,Phi(deg),RealizedGain,RealizedGain_Phi,RealizedGain_Theta,RealizedGain_Total,RealizedGain_dB,Theta(deg),_极值列,_极值数值,_极值类型,rEPhi_Imag,rEPhi_Real,rETheta_Imag,rETheta_Real,rETotal,Freq [GHz],_最小值,_最小值所在列名,"dB(S(ground_T1,ground_T1)) []"
2.5,2.8572865543714028,1.575,0.5,0.01GHz,0.035,1.15,1.5,201.0,44.857562238002316,Patch,19.212214733279133,0.035,2.0,3.0,1.575,50.0,60.0,Interpolating,GHz,2.1758793506496534,0.02291687303359515,2.152962477616058,2.1758793506496534,3.3763481069537375,1.8857621038963663,0.019861289962449128,1.8659008139339168,1.8857621038963663,2.754869039465293,-175.0,0.01980050209091185,0.00020854354460571588,0.019591958546306125,0.01980050209091185,-17.033237969835326,5.0,RealizedGain,0.01980050209091185,max,0.0001687677019973231,-0.011184837597586468,-0.004924718874773607,0.10831066066211967,0.10899807862380884,2.125,-15.431278163219,"dB(S(ground_T1,ground_T1)) []",-15.431278163219
