center_frequency,feed_center,feed_h,feed_r1,freq_step,ground_thickness,lumpedport_D,lumpedport_r,num_of_freq_points,patch_length,patch_name,patch_width,signal_layer_thickness,start_frequency,stop_frequency,sub_high,sub_length,sub_width,sweep_type,unit,Directivity,Directivity_Phi,Directivity_Theta,Directivity_Total,Directivity_dB,Gain,Gain_Phi,Gain_Theta,Gain_Total,Gain_dB,Phi(deg),RealizedGain,RealizedGain_Phi,RealizedGain_Theta,RealizedGain_Total,RealizedGain_dB,Theta(deg),_极值列,_极值数值,_极值类型,rEPhi_Imag,rEPhi_Real,rETheta_Imag,rETheta_Real,rETotal,Freq [GHz],_最小值,_最小值所在列名,"dB(S(ground_T1,ground_T1)) []"
2.5,4.9301855048289305,1.575,0.5,0.01GHz,0.035,1.15,1.5,201.0,21.105391737564247,Patch,32.22185097204964,0.035,2.0,3.0,1.575,50.0,60.0,Interpolating,GHz,2.9866568012001795,0.01521525960058142,2.9714415415995976,2.9866568012001795,4.751853203917709,2.7101145047927555,0.013806439267194251,2.696308065525561,2.7101145047927555,4.3298764059731605,15.0,0.029269236651761756,0.0001491095440856979,0.029120127107676055,0.029269236651761756,-15.335886039157343,15.0,RealizedGain,0.029269236651761756,max,-0.006797455928269845,-0.006577417964985495,-0.026965970846641048,0.12940372601742253,0.13252152928893077,2.73,-0.280022743555039,"dB(S(ground_T1,ground_T1)) []",-0.280022743555039
