center_frequency,feed_center,feed_h,feed_r1,freq_step,ground_thickness,lumpedport_D,lumpedport_r,num_of_freq_points,patch_length,patch_name,patch_width,signal_layer_thickness,start_frequency,stop_frequency,sub_high,sub_length,sub_width,sweep_type,unit,Directivity,Directivity_Phi,Directivity_Theta,Directivity_Total,Directivity_dB,Gain,Gain_Phi,Gain_Theta,Gain_Total,Gain_dB,Phi(deg),RealizedGain,RealizedGain_Phi,RealizedGain_Theta,RealizedGain_Total,RealizedGain_dB,Theta(deg),_极值列,_极值数值,_极值类型,rEPhi_Imag,rEPhi_Real,rETheta_Imag,rETheta_Real,rETotal,Freq [GHz],_最小值,_最小值所在列名,"dB(S(ground_T1,ground_T1)) []"
2.5,5.095226389593664,1.575,0.5,0.01GHz,0.035,1.15,1.5,201.0,13.340994215139093,Patch,33.250646055584966,0.035,2.0,3.0,1.575,50.0,60.0,Interpolating,GHz,2.2175086020157466,0.013192822412725898,2.204315779603021,2.2175086020157466,3.4586531319405767,1.9007216588706402,0.011308133496622198,1.8894135253740179,1.9007216588706402,2.789185235634445,-5.0,0.014635556773303929,8.707262792399093e-05,0.01454848414537994,0.014635556773303929,-18.345907512640736,25.0,RealizedGain,0.014635556773303929,max,-0.00040037589893764786,0.007216959658005858,-0.025962210295461467,0.08975109900868168,0.09370987644991152,3.0,-0.0645069821584845,"dB(S(ground_T1,ground_T1)) []",-0.0645069821584845
