center_frequency,feed_center,feed_h,feed_r1,freq_step,ground_thickness,lumpedport_D,lumpedport_r,num_of_freq_points,patch_length,patch_name,patch_width,signal_layer_thickness,start_frequency,stop_frequency,sub_high,sub_length,sub_width,sweep_type,unit,Directivity,Directivity_Phi,Directivity_Theta,Directivity_Total,Directivity_dB,Gain,Gain_Phi,Gain_Theta,Gain_Total,Gain_dB,Phi(deg),RealizedGain,RealizedGain_Phi,RealizedGain_Theta,RealizedGain_Total,RealizedGain_dB,Theta(deg),_极值列,_极值数值,_极值类型,rEPhi_Imag,rEPhi_Real,rETheta_Imag,rETheta_Real,rETotal,Freq [GHz],_最小值,_最小值所在列名,"dB(S(ground_T1,ground_T1)) []"
2.5,3.1007640570473924,1.575,0.5,0.01GHz,0.035,1.15,1.5,201.0,20.914204007301684,Patch,20.752118142757727,0.035,2.0,3.0,1.575,50.0,60.0,Interpolating,GHz,1.933855193941669,0.0007804618804573744,1.9330747320612116,1.933855193941669,2.864239512223974,1.5851272081489092,0.0006397228528339135,1.5844874852960753,1.5851272081489092,2.0006412054764917,0.0,0.009669275969708346,3.902309402286872e-06,0.009665373660306058,0.009669275969708346,-20.146060444415838,30.0,RealizedGain,0.009669275969708346,max,0.00056395534113643,0.0014224609574608397,-0.024219753493522855,0.07219947618483825,0.07616890613271492,3.0,-0.0541014016380765,"dB(S(ground_T1,ground_T1)) []",-0.0541014016380765
