center_frequency,feed_center,feed_h,feed_r1,freq_step,ground_thickness,lumpedport_D,lumpedport_r,num_of_freq_points,patch_length,patch_name,patch_width,signal_layer_thickness,start_frequency,stop_frequency,sub_high,sub_length,sub_width,sweep_type,unit,Directivity,Directivity_Phi,Directivity_Theta,Directivity_Total,Directivity_dB,Gain,Gain_Phi,Gain_Theta,Gain_Total,Gain_dB,Phi(deg),RealizedGain,RealizedGain_Phi,RealizedGain_Theta,RealizedGain_Total,RealizedGain_dB,Theta(deg),_极值列,_极值数值,_极值类型,rEPhi_Imag,rEPhi_Real,rETheta_Imag,rETheta_Real,rETotal,Freq [GHz],_最小值,_最小值所在列名,"dB(S(ground_T1,ground_T1)) []"
2.5,4.340756380179271,1.575,0.5,0.01GHz,0.035,1.15,1.5,201.0,16.697149414014454,Patch,28.541147926291902,0.035,2.0,3.0,1.575,50.0,60.0,Interpolating,GHz,2.3931588371632615,0.0006510989374680791,2.392507738225794,2.3931588371632615,3.7897152427756504,2.0640994970533133,0.0005615728335662181,2.063537924219747,2.0640994970533133,3.147306280228768,0.0,0.016512795976426506,4.492582668529746e-06,0.016508303393757976,0.016512795976426506,-17.821793849851797,20.0,RealizedGain,0.016512795976426506,max,0.00018747353329678327,0.0016310937373853489,-0.022886718134289795,0.09685769727646827,0.09953849005165902,3.0,-0.0783796493045799,"dB(S(ground_T1,ground_T1)) []",-0.0783796493045799
