center_frequency,feed_center,feed_h,feed_r1,freq_step,ground_thickness,lumpedport_D,lumpedport_r,num_of_freq_points,patch_length,patch_name,patch_width,signal_layer_thickness,start_frequency,stop_frequency,sub_high,sub_length,sub_width,sweep_type,unit,Directivity,Directivity_Phi,Directivity_Theta,Directivity_Total,Directivity_dB,Gain,Gain_Phi,Gain_Theta,Gain_Total,Gain_dB,Phi(deg),RealizedGain,RealizedGain_Phi,RealizedGain_Theta,RealizedGain_Total,RealizedGain_dB,Theta(deg),_极值列,_极值数值,_极值类型,rEPhi_Imag,rEPhi_Real,rETheta_Imag,rETheta_Real,rETotal,Freq [GHz],_最小值,_最小值所在列名,"dB(S(ground_T1,ground_T1)) []"
2.5,3.3646039234941205,1.575,0.5,0.01GHz,0.035,1.15,1.5,201.0,18.851950342837576,Patch,22.416186148835596,0.035,2.0,3.0,1.575,50.0,60.0,Interpolating,GHz,2.005823954020189,0.0009221945030016253,2.0049017595171885,2.005823954020189,3.0229281345376178,1.671519961683491,0.0007684954191680212,1.6707514662643237,1.671519961683491,2.2311156740613707,0.0,0.012034943724121134,5.533167018009752e-06,0.012029410557103132,0.012034943724121134,-19.195559361625946,30.0,RealizedGain,0.012034943724121134,max,-0.0007170327302224381,0.001675064920663374,-0.03087741551628435,0.07914797272517847,0.08497726963074018,3.0,-0.077341003899972,"dB(S(ground_T1,ground_T1)) []",-0.077341003899972
