center_frequency,feed_center,feed_h,feed_r1,freq_step,ground_thickness,lumpedport_D,lumpedport_r,num_of_freq_points,patch_length,patch_name,patch_width,signal_layer_thickness,start_frequency,stop_frequency,sub_high,sub_length,sub_width,sweep_type,unit,Directivity,Directivity_Phi,Directivity_Theta,Directivity_Total,Directivity_dB,Gain,Gain_Phi,Gain_Theta,Gain_Total,Gain_dB,Phi(deg),RealizedGain,RealizedGain_Phi,RealizedGain_Theta,RealizedGain_Total,RealizedGain_dB,Theta(deg),_极值列,_极值数值,_极值类型,rEPhi_Imag,rEPhi_Real,rETheta_Imag,rETheta_Real,rETotal,Freq [GHz],_最小值,_最小值所在列名,"dB(S(ground_T1,ground_T1)) []"
2.5,1.5841853018368908,1.575,0.5,0.01GHz,0.035,1.15,1.5,201.0,21.398130184332697,Patch,11.057448227088914,0.035,2.0,3.0,1.575,50.0,60.0,Interpolating,GHz,1.5215000242220413,0.00028187367477982216,1.5212181505472613,1.5215000242220413,1.8227196360808586,1.0867857315871723,0.00020133833912844436,1.0865843932480437,1.0867857315871723,0.3614392792984781,-5.0,0.005325250084777145,9.865578617293772e-07,0.005324263526915414,0.005325250084777145,-22.736599920416385,55.0,RealizedGain,0.005325250084777145,max,0.00020260465490727877,0.0007422263915364465,-0.03877585300169289,0.0411225801845597,0.0565263241835777,3.0,-0.0375272967714679,"dB(S(ground_T1,ground_T1)) []",-0.0375272967714679
