center_frequency,feed_center,feed_h,feed_r1,freq_step,ground_thickness,lumpedport_D,lumpedport_r,num_of_freq_points,patch_length,patch_name,patch_width,signal_layer_thickness,start_frequency,stop_frequency,sub_high,sub_length,sub_width,sweep_type,unit,Directivity,Directivity_Phi,Directivity_Theta,Directivity_Total,Directivity_dB,Gain,Gain_Phi,Gain_Theta,Gain_Total,Gain_dB,Phi(deg),RealizedGain,RealizedGain_Phi,RealizedGain_Theta,RealizedGain_Total,RealizedGain_dB,Theta(deg),_极值列,_极值数值,_极值类型,rEPhi_Imag,rEPhi_Real,rETheta_Imag,rETheta_Real,rETotal,Freq [GHz],_最小值,_最小值所在列名,"dB(S(ground_T1,ground_T1)) []"
2.5,5.3206057787626575,1.575,0.5,0.01GHz,0.035,1.15,1.5,201.0,10.964206299611753,Patch,34.65445948169207,0.035,2.0,3.0,1.575,50.0,60.0,Interpolating,GHz,2.2655927607618493,0.01203562134167601,2.2535571394201734,2.2655927607618493,3.551818483127272,1.9170400283369495,0.01018398728911047,1.906856041047839,1.9170400283369495,2.8263118116411547,-5.0,0.014952912221028207,7.943510085506166e-05,0.014873477120173145,0.014952912221028207,-18.25274216145404,25.0,RealizedGain,0.014952912221028207,max,0.00044814547902727715,0.006889219766713266,-0.02915362019520361,0.08985745903933479,0.09472042387392678,3.0,-0.0625108363292358,"dB(S(ground_T1,ground_T1)) []",-0.0625108363292358
