center_frequency,feed_center,feed_h,feed_r1,freq_step,ground_thickness,lumpedport_D,lumpedport_r,num_of_freq_points,patch_length,patch_name,patch_width,signal_layer_thickness,start_frequency,stop_frequency,sub_high,sub_length,sub_width,sweep_type,unit,Directivity,Directivity_Phi,Directivity_Theta,Directivity_Total,Directivity_dB,Gain,Gain_Phi,Gain_Theta,Gain_Total,Gain_dB,Phi(deg),RealizedGain,RealizedGain_Phi,RealizedGain_Theta,RealizedGain_Total,RealizedGain_dB,Theta(deg),_极值列,_极值数值,_极值类型,rEPhi_Imag,rEPhi_Real,rETheta_Imag,rETheta_Real,rETotal,Freq [GHz],_最小值,_最小值所在列名,"dB(S(ground_T1,ground_T1)) []"
2.5,3.732162044631452,1.575,0.5,0.01GHz,0.035,1.15,1.5,201.0,18.668361485861247,Patch,24.727670135453288,0.035,2.0,3.0,1.575,50.0,60.0,Interpolating,GHz,2.122864599601246,0.024537553745894374,2.0983270458553513,2.122864599601246,3.2692229490962035,1.774334590711489,0.020509000145822163,1.753825590565667,1.774334590711489,2.4903551921499427,-10.0,0.011888041757766974,0.0001374103009770085,0.011750631456789968,0.011888041757766974,-19.248896780841793,30.0,RealizedGain,0.011888041757766974,max,0.0021618489554586905,0.008818987018774429,-0.027035379438736983,0.07949612086898745,0.08445704883286341,3.0,-0.0589284011253444,"dB(S(ground_T1,ground_T1)) []",-0.0589284011253444
