center_frequency,feed_center,feed_h,feed_r1,freq_step,ground_thickness,lumpedport_D,lumpedport_r,num_of_freq_points,patch_length,patch_name,patch_width,signal_layer_thickness,start_frequency,stop_frequency,sub_high,sub_length,sub_width,sweep_type,unit,Directivity,Directivity_Phi,Directivity_Theta,Directivity_Total,Directivity_dB,Gain,Gain_Phi,Gain_Theta,Gain_Total,Gain_dB,Phi(deg),RealizedGain,RealizedGain_Phi,RealizedGain_Theta,RealizedGain_Total,RealizedGain_dB,Theta(deg),_极值列,_极值数值,_极值类型,rEPhi_Imag,rEPhi_Real,rETheta_Imag,rETheta_Real,rETotal,Freq [GHz],_最小值,_最小值所在列名,"dB(S(ground_T1,ground_T1)) []"
2.5,1.4942194868035448,1.575,0.5,0.01GHz,0.035,1.15,1.5,201.0,12.459124931423728,Patch,10.471216245875445,0.035,2.0,3.0,1.575,50.0,60.0,Interpolating,GHz,1.4385895907376285,0.002647454795615505,1.4359421359420128,1.4385895907376285,1.5793691353353996,0.8827708852253628,0.0016245745336731507,0.8811463106916896,0.8827708852253628,-0.5415199879366022,-20.0,0.003884191894991596,7.148127948161863e-06,0.0038770437670434346,0.003884191894991596,-24.106993223074728,60.0,RealizedGain,0.003884191894991596,max,0.0013199777174707759,0.001595818484768564,-0.029371267830951463,0.038257152141944424,0.048275977896054215,3.0,-0.0304803022102302,"dB(S(ground_T1,ground_T1)) []",-0.0304803022102302
