center_frequency,feed_center,feed_h,feed_r1,freq_step,ground_thickness,lumpedport_D,lumpedport_r,num_of_freq_points,patch_length,patch_name,patch_width,signal_layer_thickness,start_frequency,stop_frequency,sub_high,sub_length,sub_width,sweep_type,unit,Directivity,Directivity_Phi,Directivity_Theta,Directivity_Total,Directivity_dB,Gain,Gain_Phi,Gain_Theta,Gain_Total,Gain_dB,Phi(deg),RealizedGain,RealizedGain_Phi,RealizedGain_Theta,RealizedGain_Total,RealizedGain_dB,Theta(deg),_极值列,_极值数值,_极值类型,rEPhi_Imag,rEPhi_Real,rETheta_Imag,rETheta_Real,rETotal,Freq [GHz],_最小值,_最小值所在列名,"dB(S(ground_T1,ground_T1)) []"
2.5,7.6627377492152275,1.575,0.5,0.01GHz,0.035,1.15,1.5,201.0,14.287795275157311,Patch,49.18838157819191,0.035,2.0,3.0,1.575,50.0,60.0,Interpolating,GHz,2.2501305855275393,0.005985107249290561,2.2441454782782486,2.2501305855275393,3.5220772296840597,0.25001450950306,0.00066501191658784,0.2493494975864721,0.25001450950306,-6.020347864709188,5.0,0.00022501305855275394,5.98510724929056e-07,0.0002244145478278249,0.00022501305855275394,-36.47792277031594,25.0,RealizedGain,0.00022501305855275394,max,-0.0005912004259085887,9.796403209965021e-05,0.010906924065178632,0.003961175120489968,0.011619424073246539,3.0,-0.00543299202447277,"dB(S(ground_T1,ground_T1)) []",-0.00543299202447277
