center_frequency,feed_center,feed_h,feed_r1,freq_step,ground_thickness,lumpedport_D,lumpedport_r,num_of_freq_points,patch_length,patch_name,patch_width,signal_layer_thickness,start_frequency,stop_frequency,sub_high,sub_length,sub_width,sweep_type,unit,Directivity,Directivity_Phi,Directivity_Theta,Directivity_Total,Directivity_dB,Gain,Gain_Phi,Gain_Theta,Gain_Total,Gain_dB,Phi(deg),RealizedGain,RealizedGain_Phi,RealizedGain_Theta,RealizedGain_Total,RealizedGain_dB,Theta(deg),_极值列,_极值数值,_极值类型,rEPhi_Imag,rEPhi_Real,rETheta_Imag,rETheta_Real,rETotal,Freq [GHz],_最小值,_最小值所在列名,"dB(S(ground_T1,ground_T1)) []"
2.5,7.286398787535699,1.575,0.5,0.01GHz,0.035,1.15,1.5,201.0,11.981642538281676,Patch,46.858179509149096,0.035,2.0,3.0,1.575,50.0,60.0,Interpolating,GHz,6.148533303284009e-07,4.742925824437914e-09,6.101104045039628e-07,6.148533303284009e-07,-62.112284702828056,0.08783619004691441,0.0006775608320625592,0.08715862921485183,0.08783619004691441,-10.563265102970622,10.0,6.148533303284009e-05,4.742925824437914e-07,6.1011040450396283e-05,6.148533303284009e-05,-42.112284702828056,40.0,RealizedGain,6.148533303284009e-05,max,-0.0005334093946902789,7.528045202218297e-06,0.005114157239633704,0.0032330917737430406,0.006073884172665064,3.0,-0.00392151159960081,"dB(S(ground_T1,ground_T1)) []",-0.00392151159960081
