center_frequency,feed_center,feed_h,feed_r1,freq_step,ground_thickness,lumpedport_D,lumpedport_r,num_of_freq_points,patch_length,patch_name,patch_width,signal_layer_thickness,start_frequency,stop_frequency,sub_high,sub_length,sub_width,sweep_type,unit,Directivity,Directivity_Phi,Directivity_Theta,Directivity_Total,Directivity_dB,Gain,Gain_Phi,Gain_Theta,Gain_Total,Gain_dB,Phi(deg),RealizedGain,RealizedGain_Phi,RealizedGain_Theta,RealizedGain_Total,RealizedGain_dB,Theta(deg),_极值列,_极值数值,_极值类型,rEPhi_Imag,rEPhi_Real,rETheta_Imag,rETheta_Real,rETotal,Freq [GHz],_最小值,_最小值所在列名,"dB(S(ground_T1,ground_T1)) []"
2.5,2.4735790607454815,1.575,0.5,0.01GHz,0.035,1.15,1.5,201.0,44.47418822892448,Patch,16.77535473851052,0.035,2.0,3.0,1.575,50.0,60.0,Interpolating,GHz,1.8118407953188258,0.04229822554864245,1.7695425697701823,1.8118407953188258,2.5812003398530554,1.5361258916833522,0.035861539052109905,1.5002643526312416,1.5361258916833522,1.8642680933023061,170.0,0.014132358203486841,0.00032992615927941114,0.013802432044207422,0.014132358203486841,-18.49785363324214,10.0,RealizedGain,0.014132358203486841,max,0.00027714952567875733,0.014067108706657436,-0.01609259004177874,0.089569430476858,0.09208482333927757,2.095,-12.9192412915818,"dB(S(ground_T1,ground_T1)) []",-12.9192412915818
