center_frequency,feed_center,feed_h,feed_r1,freq_step,ground_thickness,lumpedport_D,lumpedport_r,num_of_freq_points,patch_length,patch_name,patch_width,signal_layer_thickness,start_frequency,stop_frequency,sub_high,sub_length,sub_width,sweep_type,unit,Directivity,Directivity_Phi,Directivity_Theta,Directivity_Total,Directivity_dB,Gain,Gain_Phi,Gain_Theta,Gain_Total,Gain_dB,Phi(deg),RealizedGain,RealizedGain_Phi,RealizedGain_Theta,RealizedGain_Total,RealizedGain_dB,Theta(deg),_极值列,_极值数值,_极值类型,rEPhi_Imag,rEPhi_Real,rETheta_Imag,rETheta_Real,rETotal,Freq [GHz],_最小值,_最小值所在列名,"dB(S(ground_T1,ground_T1)) []"
2.5,4.6410176707620545,1.575,0.5,0.01GHz,0.035,1.15,1.5,201.0,19.352184973225594,Patch,30.417481588958147,0.035,2.0,3.0,1.575,50.0,60.0,Interpolating,GHz,2.702482082655916,0.03972723188822259,2.6627548507676932,2.702482082655916,4.317628232804965,2.386234179366394,0.035078300497047604,2.351155878869346,2.386234179366394,3.777130620568717,15.0,0.022430601286044103,0.00032973602467224744,0.022100865261371852,0.022430601286044103,-16.491590843434295,20.0,RealizedGain,0.022430601286044103,max,-0.003738500648233299,-0.013559863151069149,-0.028667349395519286,0.1115303305889328,0.11601154183275897,2.825,-0.204118446913955,"dB(S(ground_T1,ground_T1)) []",-0.204118446913955
