center_frequency,feed_center,feed_h,feed_r1,freq_step,ground_thickness,lumpedport_D,lumpedport_r,num_of_freq_points,patch_length,patch_name,patch_width,signal_layer_thickness,start_frequency,stop_frequency,sub_high,sub_length,sub_width,sweep_type,unit,Directivity,Directivity_Phi,Directivity_Theta,Directivity_Total,Directivity_dB,Gain,Gain_Phi,Gain_Theta,Gain_Total,Gain_dB,Phi(deg),RealizedGain,RealizedGain_Phi,RealizedGain_Theta,RealizedGain_Total,RealizedGain_dB,Theta(deg),_极值列,_极值数值,_极值类型,rEPhi_Imag,rEPhi_Real,rETheta_Imag,rETheta_Real,rETotal,Freq [GHz],_最小值,_最小值所在列名,"dB(S(ground_T1,ground_T1)) []"
2.5,2.299061123959235,1.575,0.5,0.01GHz,0.035,1.15,1.5,201.0,10.354397021532261,Patch,15.662135893163416,0.035,2.0,3.0,1.575,50.0,60.0,Interpolating,GHz,1.5206905901259142,0.00433837903639073,1.516352211089523,1.5206905901259142,1.8204085858261523,1.0137937267506094,0.0028922526909271524,1.010901474059682,1.0137937267506094,0.05949599526933972,10.0,0.004866209888402926,1.3882812916450333e-05,0.004852327075486473,0.004866209888402926,-23.128091630974787,50.0,RealizedGain,0.004866209888402926,max,-0.0012151675904814492,-0.0026178716005203595,-0.024372911731116813,0.04813965110900895,0.05403512486466268,3.0,-0.0338347226838484,"dB(S(ground_T1,ground_T1)) []",-0.0338347226838484
