center_frequency,feed_center,feed_h,feed_r1,freq_step,ground_thickness,lumpedport_D,lumpedport_r,num_of_freq_points,patch_length,patch_name,patch_width,signal_layer_thickness,start_frequency,stop_frequency,sub_high,sub_length,sub_width,sweep_type,unit,Directivity,Directivity_Phi,Directivity_Theta,Directivity_Total,Directivity_dB,Gain,Gain_Phi,Gain_Theta,Gain_Total,Gain_dB,Phi(deg),RealizedGain,RealizedGain_Phi,RealizedGain_Theta,RealizedGain_Total,RealizedGain_dB,Theta(deg),_极值列,_极值数值,_极值类型,rEPhi_Imag,rEPhi_Real,rETheta_Imag,rETheta_Real,rETotal,Freq [GHz],_最小值,_最小值所在列名,"dB(S(ground_T1,ground_T1)) []"
2.5,2.0695868199441283,1.575,0.5,0.01GHz,0.035,1.15,1.5,201.0,27.191893454214725,Patch,14.19272495062894,0.035,2.0,3.0,1.575,50.0,60.0,Interpolating,GHz,1.965303054582236,0.0034473697506149695,1.9618556848316215,1.965303054582236,2.9342952915652702,1.5968087318480668,0.0028009879223746628,1.5940077439256923,1.5968087318480668,2.0325289880743904,-5.0,0.010219575883827627,1.792632270319784e-05,0.010201649561124432,0.010219575883827627,-19.90567127208674,35.0,RealizedGain,0.010219575883827627,max,0.0006267109905108885,0.0032192049256059116,-0.03486041302150579,0.07004202699535281,0.07830638536330466,3.0,-0.134074194971054,"dB(S(ground_T1,ground_T1)) []",-0.134074194971054
