center_frequency,feed_center,feed_h,feed_r1,freq_step,ground_thickness,lumpedport_D,lumpedport_r,num_of_freq_points,patch_length,patch_name,patch_width,signal_layer_thickness,start_frequency,stop_frequency,sub_high,sub_length,sub_width,sweep_type,unit,Directivity,Directivity_Phi,Directivity_Theta,Directivity_Total,Directivity_dB,Gain,Gain_Phi,Gain_Theta,Gain_Total,Gain_dB,Phi(deg),RealizedGain,RealizedGain_Phi,RealizedGain_Theta,RealizedGain_Total,RealizedGain_dB,Theta(deg),_极值列,_极值数值,_极值类型,rEPhi_Imag,rEPhi_Real,rETheta_Imag,rETheta_Real,rETotal,Freq [GHz],_最小值,_最小值所在列名,"dB(S(ground_T1,ground_T1)) []"
2.5,8.598908362782515,1.575,0.5,0.01GHz,0.035,1.15,1.5,201.0,13.982291011895338,Patch,54.97898395168482,0.035,2.0,3.0,1.575,50.0,60.0,Interpolating,GHz,6.35961414239322e-07,1.1390708337385214e-08,6.245707059019366e-07,6.35961414239322e-07,-61.965692335517424,0.09085163060561743,0.0016272440481978877,0.08922438655741952,0.09085163060561743,-10.416672735659995,-15.0,6.35961414239322e-05,1.1390708337385215e-06,6.245707059019366e-05,6.35961414239322e-05,-41.965692335517424,40.0,RealizedGain,6.35961414239322e-05,max,0.0008044846935373095,-0.00019042841015314048,0.0050885284051114055,0.0034032343268854725,0.006177263456810508,3.0,-0.00400111732998516,"dB(S(ground_T1,ground_T1)) []",-0.00400111732998516
