center_frequency,feed_center,feed_h,feed_r1,freq_step,ground_thickness,lumpedport_D,lumpedport_r,num_of_freq_points,patch_length,patch_name,patch_width,signal_layer_thickness,start_frequency,stop_frequency,sub_high,sub_length,sub_width,sweep_type,unit,Directivity,Directivity_Phi,Directivity_Theta,Directivity_Total,Directivity_dB,Gain,Gain_Phi,Gain_Theta,Gain_Total,Gain_dB,Phi(deg),RealizedGain,RealizedGain_Phi,RealizedGain_Theta,RealizedGain_Total,RealizedGain_dB,Theta(deg),_极值列,_极值数值,_极值类型,rEPhi_Imag,rEPhi_Real,rETheta_Imag,rETheta_Real,rETotal,Freq [GHz],_最小值,_最小值所在列名,"dB(S(ground_T1,ground_T1)) []"
2.5,3.3932203649700705,1.575,0.5,0.01GHz,0.035,1.15,1.5,201.0,16.5876416291375,Patch,22.596414236744145,0.035,2.0,3.0,1.575,50.0,60.0,Interpolating,GHz,2.1331715572438714,0.06480780907103025,2.0683637481728416,2.1331715572438714,3.2902578436092904,1.7425908495795006,0.05294159050872893,1.689649259070772,1.7425908495795006,2.4119542920479105,-25.0,0.012372395032014453,0.0003758852926119754,0.01199650973940248,0.012372395032014453,-19.075462220761338,30.0,RealizedGain,0.012372395032014453,max,0.004842442848504621,0.01421573902884876,-0.03000174906038747,0.07935975348436981,0.08616038479869838,3.0,-0.0746155893880603,"dB(S(ground_T1,ground_T1)) []",-0.0746155893880603
