center_frequency,feed_center,feed_h,feed_r1,freq_step,ground_thickness,lumpedport_D,lumpedport_r,num_of_freq_points,patch_length,patch_name,patch_width,signal_layer_thickness,start_frequency,stop_frequency,sub_high,sub_length,sub_width,sweep_type,unit,Directivity,Directivity_Phi,Directivity_Theta,Directivity_Total,Directivity_dB,Gain,Gain_Phi,Gain_Theta,Gain_Total,Gain_dB,Phi(deg),RealizedGain,RealizedGain_Phi,RealizedGain_Theta,RealizedGain_Total,RealizedGain_dB,Theta(deg),_极值列,_极值数值,_极值类型,rEPhi_Imag,rEPhi_Real,rETheta_Imag,rETheta_Real,rETotal,Freq [GHz],_最小值,_最小值所在列名,"dB(S(ground_T1,ground_T1)) []"
2.5,3.1848902830256023,1.575,0.5,0.01GHz,0.035,1.15,1.5,201.0,16.747804343877416,Patch,21.283199277087355,0.035,2.0,3.0,1.575,50.0,60.0,Interpolating,GHz,1.8532264258343252,0.004006346270071102,1.8492200795642533,1.8532264258343252,2.679284843393424,1.4698002687651543,0.003177447041780529,1.4666228217233732,1.4698002687651543,1.672583224579792,5.0,0.008524841558837896,1.8429192842327067e-05,0.008506412365995563,0.008524841558837896,-20.69313683979083,35.0,RealizedGain,0.008524841558837896,max,-0.0009203755169435086,-0.0031954162668203275,-0.02603468844484613,0.06652941198596783,0.07151940602262645,3.0,-0.0467029011112812,"dB(S(ground_T1,ground_T1)) []",-0.0467029011112812
