center_frequency,feed_center,feed_h,feed_r1,freq_step,ground_thickness,lumpedport_D,lumpedport_r,num_of_freq_points,patch_length,patch_name,patch_width,signal_layer_thickness,start_frequency,stop_frequency,sub_high,sub_length,sub_width,sweep_type,unit,Directivity,Directivity_Phi,Directivity_Theta,Directivity_Total,Directivity_dB,Gain,Gain_Phi,Gain_Theta,Gain_Total,Gain_dB,Phi(deg),RealizedGain,RealizedGain_Phi,RealizedGain_Theta,RealizedGain_Total,RealizedGain_dB,Theta(deg),_极值列,_极值数值,_极值类型,rEPhi_Imag,rEPhi_Real,rETheta_Imag,rETheta_Real,rETotal,Freq [GHz],_最小值,_最小值所在列名,"dB(S(ground_T1,ground_T1)) []"
2.5,2.0448816589461902,1.575,0.5,0.01GHz,0.035,1.15,1.5,201.0,16.409885868754913,Patch,14.034101779920245,0.035,2.0,3.0,1.575,50.0,60.0,Interpolating,GHz,1.515205248758311,0.000609277497082,1.5145959712612287,1.515205248758311,1.8047146608291988,1.0961059246336717,0.00044075393405931915,1.0956651706996121,1.0961059246336717,0.39852525189457544,-5.0,0.005151697845778257,2.0715434900788e-06,0.005149626302288177,0.005151697845778257,-22.88049616874825,50.0,RealizedGain,0.005151697845778257,max,0.000851247217673176,0.0007199538531487524,-0.031092491822487314,0.046077169248552714,0.05559758564063257,3.0,-0.0368265709761551,"dB(S(ground_T1,ground_T1)) []",-0.0368265709761551
