center_frequency,feed_center,feed_h,feed_r1,freq_step,ground_thickness,lumpedport_D,lumpedport_r,num_of_freq_points,patch_length,patch_name,patch_width,signal_layer_thickness,start_frequency,stop_frequency,sub_high,sub_length,sub_width,sweep_type,unit,Directivity,Directivity_Phi,Directivity_Theta,Directivity_Total,Directivity_dB,Gain,Gain_Phi,Gain_Theta,Gain_Total,Gain_dB,Phi(deg),RealizedGain,RealizedGain_Phi,RealizedGain_Theta,RealizedGain_Total,RealizedGain_dB,Theta(deg),_极值列,_极值数值,_极值类型,rEPhi_Imag,rEPhi_Real,rETheta_Imag,rETheta_Real,rETotal,Freq [GHz],_最小值,_最小值所在列名,"dB(S(ground_T1,ground_T1)) []"
2.5,1.6822263111742342,1.575,0.5,0.01GHz,0.035,1.15,1.5,201.0,12.505124905331435,Patch,11.694245659201849,0.035,2.0,3.0,1.575,50.0,60.0,Interpolating,GHz,1.43131493813941,0.002370749535555603,1.4289441886038539,1.43131493813941,1.5573520388367577,0.9224029601342864,0.0015278163673580552,0.9208751437669281,0.9224029601342864,-0.35079311992711837,15.0,0.0041508133206042885,6.875173653111249e-06,0.004143938146951177,0.0041508133206042885,-23.818667982173682,60.0,RealizedGain,0.0041508133206042885,max,-0.0009664892740021399,-0.001786364984773071,-0.030708448232581672,0.03928629114302783,0.04990537712515035,3.0,-0.0315779684335414,"dB(S(ground_T1,ground_T1)) []",-0.0315779684335414
