center_frequency,feed_center,feed_h,feed_r1,freq_step,ground_thickness,lumpedport_D,lumpedport_r,num_of_freq_points,patch_length,patch_name,patch_width,signal_layer_thickness,start_frequency,stop_frequency,sub_high,sub_length,sub_width,sweep_type,unit,Directivity,Directivity_Phi,Directivity_Theta,Directivity_Total,Directivity_dB,Gain,Gain_Phi,Gain_Theta,Gain_Total,Gain_dB,Phi(deg),RealizedGain,RealizedGain_Phi,RealizedGain_Theta,RealizedGain_Total,RealizedGain_dB,Theta(deg),_极值列,_极值数值,_极值类型,rEPhi_Imag,rEPhi_Real,rETheta_Imag,rETheta_Real,rETotal,Freq [GHz],_最小值,_最小值所在列名,"dB(S(ground_T1,ground_T1)) []"
2.5,3.991900717975939,1.575,0.5,0.01GHz,0.035,1.15,1.5,201.0,18.2403629625976,Patch,26.357087996502234,0.035,2.0,3.0,1.575,50.0,60.0,Interpolating,GHz,2.444579255540736,0.013657820064071954,2.4309214354766646,2.444579255540736,3.8820412206049166,2.0911461101613527,0.011683195476495286,2.0794629146848576,2.0911461101613527,3.2038437840349303,-10.0,0.017356512714339228,9.697052245491088e-05,0.017259542191884317,0.017356512714339228,-17.60537529220433,20.0,RealizedGain,0.017356512714339228,max,0.0018893402751441004,0.007390133795829517,-0.022028291094802595,0.09935151573116614,0.10204975732863383,3.0,-0.0915183907967313,"dB(S(ground_T1,ground_T1)) []",-0.0915183907967313
