center_frequency,feed_center,feed_h,feed_r1,freq_step,ground_thickness,lumpedport_D,lumpedport_r,num_of_freq_points,patch_length,patch_name,patch_width,signal_layer_thickness,start_frequency,stop_frequency,sub_high,sub_length,sub_width,sweep_type,unit,Directivity,Directivity_Phi,Directivity_Theta,Directivity_Total,Directivity_dB,Gain,Gain_Phi,Gain_Theta,Gain_Total,Gain_dB,Phi(deg),RealizedGain,RealizedGain_Phi,RealizedGain_Theta,RealizedGain_Total,RealizedGain_dB,Theta(deg),_极值列,_极值数值,_极值类型,rEPhi_Imag,rEPhi_Real,rETheta_Imag,rETheta_Real,rETotal,Freq [GHz],_最小值,_最小值所在列名,"dB(S(ground_T1,ground_T1)) []"
2.5,5.194261570003779,1.575,0.5,0.01GHz,0.035,1.15,1.5,201.0,12.900746085588448,Patch,33.867654926329784,0.035,2.0,3.0,1.575,50.0,60.0,Interpolating,GHz,2.3328232657421837,0.01500543568763293,2.3178178300545516,2.3328232657421837,3.678818379706404,1.9784703646167887,0.01272612900090388,1.965744235615886,1.9784703646167887,2.963295493810254,10.0,0.01562991588047263,0.00010053641910714064,0.015529379461365497,0.01562991588047263,-18.06043359328533,20.0,RealizedGain,0.01562991588047263,max,-0.0022669325083316213,-0.007428612898457366,-0.022609176867757777,0.0938438720058414,0.09684095447835463,2.82,-0.0969479501102381,"dB(S(ground_T1,ground_T1)) []",-0.0969479501102381
