center_frequency,feed_center,feed_h,feed_r1,freq_step,ground_thickness,lumpedport_D,lumpedport_r,num_of_freq_points,patch_length,patch_name,patch_width,signal_layer_thickness,start_frequency,stop_frequency,sub_high,sub_length,sub_width,sweep_type,unit,Directivity,Directivity_Phi,Directivity_Theta,Directivity_Total,Directivity_dB,Gain,Gain_Phi,Gain_Theta,Gain_Total,Gain_dB,Phi(deg),RealizedGain,RealizedGain_Phi,RealizedGain_Theta,RealizedGain_Total,RealizedGain_dB,Theta(deg),_极值列,_极值数值,_极值类型,rEPhi_Imag,rEPhi_Real,rETheta_Imag,rETheta_Real,rETotal,Freq [GHz],_最小值,_最小值所在列名,"dB(S(ground_T1,ground_T1)) []"
2.5,1.9653359530685368,1.575,0.5,0.01GHz,0.035,1.15,1.5,201.0,23.597660291369564,Patch,13.522749946559179,0.035,2.0,3.0,1.575,50.0,60.0,Interpolating,GHz,1.6159206372711896,0.00029773922392941553,1.61562289804726,1.6159206372711896,2.0842002745245267,1.2430158748239923,0.00022903017225339657,1.2427868446517387,1.2430158748239923,0.9447667514561602,0.0,0.0064636825490847595,1.1909568957176621e-06,0.006462491592189041,0.0064636825490847595,-21.895199812195848,45.0,RealizedGain,0.0064636825490847595,max,0.0008355686113930554,-0.00012812520362756992,-0.035983907917225534,0.05082071109878814,0.06227600578516581,3.0,-0.0450832638710814,"dB(S(ground_T1,ground_T1)) []",-0.0450832638710814
