center_frequency,feed_center,feed_h,feed_r1,freq_step,ground_thickness,lumpedport_D,lumpedport_r,num_of_freq_points,patch_length,patch_name,patch_width,signal_layer_thickness,start_frequency,stop_frequency,sub_high,sub_length,sub_width,sweep_type,unit,Directivity,Directivity_Phi,Directivity_Theta,Directivity_Total,Directivity_dB,Gain,Gain_Phi,Gain_Theta,Gain_Total,Gain_dB,Phi(deg),RealizedGain,RealizedGain_Phi,RealizedGain_Theta,RealizedGain_Total,RealizedGain_dB,Theta(deg),_极值列,_极值数值,_极值类型,rEPhi_Imag,rEPhi_Real,rETheta_Imag,rETheta_Real,rETotal,Freq [GHz],_最小值,_最小值所在列名,"dB(S(ground_T1,ground_T1)) []"
2.5,1.9412761765803637,1.575,0.5,0.01GHz,0.035,1.15,1.5,201.0,15.75879144302618,Patch,13.367891777609806,0.035,2.0,3.0,1.575,50.0,60.0,Interpolating,GHz,1.5022247918851575,0.0018186414592188261,1.5004061504259385,1.5022247918851575,1.7673492505869668,1.032779544421046,0.001250316003212943,1.0315292284178328,1.032779544421046,0.14007627560996994,5.0,0.0049573418132210206,6.001516815422126e-06,0.004951340296405597,0.0049573418132210206,-23.047511350634156,50.0,RealizedGain,0.0049573418132210206,max,0.00017329980101353715,-0.001889698944911992,-0.029589928442904027,0.045774559550500145,0.0545387491809438,2.0,-0.0208171388238011,"dB(S(ground_T1,ground_T1)) []",-0.0208171388238011
