center_frequency,feed_center,feed_h,feed_r1,freq_step,ground_thickness,lumpedport_D,lumpedport_r,num_of_freq_points,patch_length,patch_name,patch_width,signal_layer_thickness,start_frequency,stop_frequency,sub_high,sub_length,sub_width,sweep_type,unit,Directivity,Directivity_Phi,Directivity_Theta,Directivity_Total,Directivity_dB,Gain,Gain_Phi,Gain_Theta,Gain_Total,Gain_dB,Phi(deg),RealizedGain,RealizedGain_Phi,RealizedGain_Theta,RealizedGain_Total,RealizedGain_dB,Theta(deg),_极值列,_极值数值,_极值类型,rEPhi_Imag,rEPhi_Real,rETheta_Imag,rETheta_Real,rETotal,Freq [GHz],_最小值,_最小值所在列名,"dB(S(ground_T1,ground_T1)) []"
2.5,2.661810387938778,1.575,0.5,0.01GHz,0.035,1.15,1.5,201.0,23.267906258558845,Patch,17.972470508077073,0.035,2.0,3.0,1.575,50.0,60.0,Interpolating,GHz,1.9757414689239823,0.006119050699571913,1.9696224182244104,1.9757414689239823,2.9573011537034715,1.5994097605575097,0.004953517232986787,1.5944562433245226,1.5994097605575097,2.0395974201470186,-5.0,0.01007628149151231,3.1207158567816756e-05,0.010045074332944492,0.01007628149151231,-19.966997085317164,30.0,RealizedGain,0.01007628149151231,max,0.0009981097076499671,0.00421052410984852,-0.027096285403038003,0.07275285498751599,0.07775545850771855,3.0,-0.0666653354206619,"dB(S(ground_T1,ground_T1)) []",-0.0666653354206619
