center_frequency,feed_center,feed_h,feed_r1,freq_step,ground_thickness,lumpedport_D,lumpedport_r,num_of_freq_points,patch_length,patch_name,patch_width,signal_layer_thickness,start_frequency,stop_frequency,sub_high,sub_length,sub_width,sweep_type,unit,Directivity,Directivity_Phi,Directivity_Theta,Directivity_Total,Directivity_dB,Gain,Gain_Phi,Gain_Theta,Gain_Total,Gain_dB,Phi(deg),RealizedGain,RealizedGain_Phi,RealizedGain_Theta,RealizedGain_Total,RealizedGain_dB,Theta(deg),_极值列,_极值数值,_极值类型,rEPhi_Imag,rEPhi_Real,rETheta_Imag,rETheta_Real,rETotal,Freq [GHz],_最小值,_最小值所在列名,"dB(S(ground_T1,ground_T1)) []"
2.5,6.249827270475511,1.575,0.5,0.01GHz,0.035,1.15,1.5,201.0,17.954151096231023,Patch,40.430920055404286,0.035,2.0,3.0,1.575,50.0,60.0,Interpolating,GHz,2.8359794625192314,0.0010648680206295405,2.834914594498601,2.8359794625192314,4.5270308146629485,2.609101105517693,0.0009796785789791772,2.6081214269387125,2.609101105517693,4.1649090881185025,-5.0,0.03261376381897116,1.2245982237239714e-05,0.03260151783673391,0.03261376381897116,-14.865990781800935,10.0,RealizedGain,0.03261376381897116,max,0.0004951585299412126,0.0026650666924335742,-0.032491873521210614,0.13603547219184206,0.13988823861147398,3.0,-0.139024584264427,"dB(S(ground_T1,ground_T1)) []",-0.139024584264427
