center_frequency,feed_center,feed_h,feed_r1,freq_step,ground_thickness,lumpedport_D,lumpedport_r,num_of_freq_points,patch_length,patch_name,patch_width,signal_layer_thickness,start_frequency,stop_frequency,sub_high,sub_length,sub_width,sweep_type,unit,Directivity,Directivity_Phi,Directivity_Theta,Directivity_Total,Directivity_dB,Gain,Gain_Phi,Gain_Theta,Gain_Total,Gain_dB,Phi(deg),RealizedGain,RealizedGain_Phi,RealizedGain_Theta,RealizedGain_Total,RealizedGain_dB,Theta(deg),_极值列,_极值数值,_极值类型,rEPhi_Imag,rEPhi_Real,rETheta_Imag,rETheta_Real,rETotal,Freq [GHz],_最小值,_最小值所在列名,"dB(S(ground_T1,ground_T1)) []"
2.5,2.9589743503771793,1.575,0.5,0.01GHz,0.035,1.15,1.5,201.0,45.519574942836265,Patch,19.85589188811733,0.035,2.0,3.0,1.575,50.0,60.0,Interpolating,GHz,1.8045780727547596,0.025609810163258816,1.7789682625915004,1.8045780727547596,2.563756759954741,1.5717292891735002,0.022305318529289936,1.5494239706442101,1.5717292891735002,1.9637774632018876,170.0,0.014617082389313552,0.00020743946232239642,0.014409642926991154,0.014617082389313552,-18.35139305125876,10.0,RealizedGain,0.014617082389313552,max,0.0005306824004995907,0.011143831739340044,-0.01677736452686087,0.0914576923096549,0.09365071303903459,2.065,-11.6980403312294,"dB(S(ground_T1,ground_T1)) []",-11.6980403312294
