center_frequency,feed_center,feed_h,feed_r1,freq_step,ground_thickness,lumpedport_D,lumpedport_r,num_of_freq_points,patch_length,patch_name,patch_width,signal_layer_thickness,start_frequency,stop_frequency,sub_high,sub_length,sub_width,sweep_type,unit,Directivity,Directivity_Phi,Directivity_Theta,Directivity_Total,Directivity_dB,Gain,Gain_Phi,Gain_Theta,Gain_Total,Gain_dB,Phi(deg),RealizedGain,RealizedGain_Phi,RealizedGain_Theta,RealizedGain_Total,RealizedGain_dB,Theta(deg),_极值列,_极值数值,_极值类型,rEPhi_Imag,rEPhi_Real,rETheta_Imag,rETheta_Real,rETotal,Freq [GHz],_最小值,_最小值所在列名,"dB(S(ground_T1,ground_T1)) []"
2.5,2.4838306070571377,1.575,0.5,0.01GHz,0.035,1.15,1.5,201.0,22.51934919781459,Patch,16.840643998256525,0.035,2.0,3.0,1.575,50.0,60.0,Interpolating,GHz,1.8054055731935066,0.0005932577814140191,1.8048123154120934,1.8054055731935066,2.565747787703679,1.4569939713491455,0.00047876943763236636,1.4565152019115137,1.4569939713491455,1.634577547794506,0.0,0.008304865636690131,2.728985794504488e-06,0.008302136650895629,0.008304865636690131,-20.80667389548058,40.0,RealizedGain,0.008304865636690131,max,-0.0012791186375342726,-3.5854752474356485e-05,-0.03418731578335681,0.06174647183894358,0.07059062809665721,3.0,-0.0529594839758097,"dB(S(ground_T1,ground_T1)) []",-0.0529594839758097
