center_frequency,feed_center,feed_h,feed_r1,freq_step,ground_thickness,lumpedport_D,lumpedport_r,num_of_freq_points,patch_length,patch_name,patch_width,signal_layer_thickness,start_frequency,stop_frequency,sub_high,sub_length,sub_width,sweep_type,unit,Directivity,Directivity_Phi,Directivity_Theta,Directivity_Total,Directivity_dB,Gain,Gain_Phi,Gain_Theta,Gain_Total,Gain_dB,Phi(deg),RealizedGain,RealizedGain_Phi,RealizedGain_Theta,RealizedGain_Total,RealizedGain_dB,Theta(deg),_极值列,_极值数值,_极值类型,rEPhi_Imag,rEPhi_Real,rETheta_Imag,rETheta_Real,rETotal,Freq [GHz],_最小值,_最小值所在列名,"dB(S(ground_T1,ground_T1)) []"
2.5,3.173641969654399,1.575,0.5,0.01GHz,0.035,1.15,1.5,201.0,13.861905709830783,Patch,21.21221715261813,0.035,2.0,3.0,1.575,50.0,60.0,Interpolating,GHz,1.7573573266965274,0.0050906108292070465,1.7522667158673209,1.7573573266965274,2.4486007636976406,1.3807807566901285,0.003999765651519822,1.3767809910386093,1.3807807566901285,1.40124725849751,5.0,0.007732372237464719,2.2398687648511004e-05,0.007709973549816212,0.007732372237464719,-21.116872471440487,35.0,RealizedGain,0.007732372237464719,max,-0.001347251665778681,-0.003409463616734583,-0.02254065633499265,0.06417173775014037,0.06811411485947545,3.0,-0.0435311760815702,"dB(S(ground_T1,ground_T1)) []",-0.0435311760815702
