center_frequency,feed_center,feed_h,feed_r1,freq_step,ground_thickness,lumpedport_D,lumpedport_r,num_of_freq_points,patch_length,patch_name,patch_width,signal_layer_thickness,start_frequency,stop_frequency,sub_high,sub_length,sub_width,sweep_type,unit,Directivity,Directivity_Phi,Directivity_Theta,Directivity_Total,Directivity_dB,Gain,Gain_Phi,Gain_Theta,Gain_Total,Gain_dB,Phi(deg),RealizedGain,RealizedGain_Phi,RealizedGain_Theta,RealizedGain_Total,RealizedGain_dB,Theta(deg),_极值列,_极值数值,_极值类型,rEPhi_Imag,rEPhi_Real,rETheta_Imag,rETheta_Real,rETotal,Freq [GHz],_最小值,_最小值所在列名,"dB(S(ground_T1,ground_T1)) []"
2.5,2.5034864504340755,1.575,0.5,0.01GHz,0.035,1.15,1.5,201.0,30.602877880774205,Patch,16.965796072198188,0.035,2.0,3.0,1.575,50.0,60.0,Interpolating,GHz,2.4487899588743907,0.015687309491530493,2.4331026493828602,2.4487899588743907,3.8895153579281265,2.103447785186977,0.013474996614519784,2.089972788572457,2.103447785186977,3.2293173580315875,5.0,0.016406892724458416,0.00010510497359325432,0.016301787750865163,0.016406892724458416,-17.84973661506361,20.0,RealizedGain,0.016406892724458416,max,0.0007664207006920159,-0.007904243744488133,-0.02333510980713494,0.09610814603361564,0.09921878629368816,3.0,-7.55817950404647,"dB(S(ground_T1,ground_T1)) []",-7.55817950404647
