center_frequency,feed_center,feed_h,feed_r1,freq_step,ground_thickness,lumpedport_D,lumpedport_r,num_of_freq_points,patch_length,patch_name,patch_width,signal_layer_thickness,start_frequency,stop_frequency,sub_high,sub_length,sub_width,sweep_type,unit,Directivity,Directivity_Phi,Directivity_Theta,Directivity_Total,Directivity_dB,Gain,Gain_Phi,Gain_Theta,Gain_Total,Gain_dB,Phi(deg),RealizedGain,RealizedGain_Phi,RealizedGain_Theta,RealizedGain_Total,RealizedGain_dB,Theta(deg),_极值列,_极值数值,_极值类型,rEPhi_Imag,rEPhi_Real,rETheta_Imag,rETheta_Real,rETotal,Freq [GHz],_最小值,_最小值所在列名,"dB(S(ground_T1,ground_T1)) []"
2.5,4.895310189129075,1.575,0.5,0.01GHz,0.035,1.15,1.5,201.0,11.650724033806629,Patch,32.00435996785105,0.035,2.0,3.0,1.575,50.0,60.0,Interpolating,GHz,2.2063775767933667,0.059616227861970204,2.146761348931397,2.2063775767933667,3.436798351604584,1.883493053360191,0.0508919018333892,1.8326011515268017,1.883493053360191,2.749640227909986,-20.0,0.015444643037553565,0.00041731359503379144,0.015027329442519775,0.015444643037553565,-18.112221248252848,25.0,RealizedGain,0.015444643037553565,max,0.005471943625877614,0.014847622331324263,-0.030875748814894483,0.08979586972011705,0.0962652800318532,2.62,-0.0804612681581156,"dB(S(ground_T1,ground_T1)) []",-0.0804612681581156
