center_frequency,feed_center,feed_h,feed_r1,freq_step,ground_thickness,lumpedport_D,lumpedport_r,num_of_freq_points,patch_length,patch_name,patch_width,signal_layer_thickness,start_frequency,stop_frequency,sub_high,sub_length,sub_width,sweep_type,unit,Directivity,Directivity_Phi,Directivity_Theta,Directivity_Total,Directivity_dB,Gain,Gain_Phi,Gain_Theta,Gain_Total,Gain_dB,Phi(deg),RealizedGain,RealizedGain_Phi,RealizedGain_Theta,RealizedGain_Total,RealizedGain_dB,Theta(deg),_极值列,_极值数值,_极值类型,rEPhi_Imag,rEPhi_Real,rETheta_Imag,rETheta_Real,rETotal,Freq [GHz],_最小值,_最小值所在列名,"dB(S(ground_T1,ground_T1)) []"
2.5,3.844638256845527,1.575,0.5,0.01GHz,0.035,1.15,1.5,201.0,20.641377263551426,Patch,25.433640902118118,0.035,2.0,3.0,1.575,50.0,60.0,Interpolating,GHz,2.2725461438764323,0.0008643648349025297,2.2716817790415287,2.2725461438764323,3.5651271029992415,1.9524692222036952,0.0007426233088599198,1.9517265988948345,1.9524692222036952,2.9058419659161587,0.0,0.013862531477646234,5.2726254929054315e-06,0.013857258852153326,0.013862531477646234,-18.58157454689309,25.0,RealizedGain,0.013862531477646234,max,-0.000752229439263714,-0.0016117694305998811,-0.024122912830963298,0.08793540962843524,0.09120150678468897,3.0,-0.068360587140463,"dB(S(ground_T1,ground_T1)) []",-0.068360587140463
