center_frequency,feed_center,feed_h,feed_r1,freq_step,ground_thickness,lumpedport_D,lumpedport_r,num_of_freq_points,patch_length,patch_name,patch_width,signal_layer_thickness,start_frequency,stop_frequency,sub_high,sub_length,sub_width,sweep_type,unit,Directivity,Directivity_Phi,Directivity_Theta,Directivity_Total,Directivity_dB,Gain,Gain_Phi,Gain_Theta,Gain_Total,Gain_dB,Phi(deg),RealizedGain,RealizedGain_Phi,RealizedGain_Theta,RealizedGain_Total,RealizedGain_dB,Theta(deg),_极值列,_极值数值,_极值类型,rEPhi_Imag,rEPhi_Real,rETheta_Imag,rETheta_Real,rETotal,Freq [GHz],_最小值,_最小值所在列名,"dB(S(ground_T1,ground_T1)) []"
2.5,1.8662974649999216,1.575,0.5,0.01GHz,0.035,1.15,1.5,201.0,18.620941570361985,Patch,12.884696484641236,0.035,2.0,3.0,1.575,50.0,60.0,Interpolating,GHz,1.4901768872231955,0.002734060430509743,1.487442826792686,1.4901768872231955,1.732378231675455,1.0865873136002466,0.001993585730580021,1.084593727869667,1.0865873136002466,0.36064630142233867,10.0,0.005215619105281184,9.5692115067841e-06,0.005206049893774401,0.005215619105281184,-22.82694132482179,55.0,RealizedGain,0.005215619105281184,max,-0.0006425751854029578,-0.0023084105571469053,-0.036489459218523014,0.0423346535605987,0.0559414442817256,3.0,-0.0367146419261176,"dB(S(ground_T1,ground_T1)) []",-0.0367146419261176
