center_frequency,feed_center,feed_h,feed_r1,freq_step,ground_thickness,lumpedport_D,lumpedport_r,num_of_freq_points,patch_length,patch_name,patch_width,signal_layer_thickness,start_frequency,stop_frequency,sub_high,sub_length,sub_width,sweep_type,unit,Directivity,Directivity_Phi,Directivity_Theta,Directivity_Total,Directivity_dB,Gain,Gain_Phi,Gain_Theta,Gain_Total,Gain_dB,Phi(deg),RealizedGain,RealizedGain_Phi,RealizedGain_Theta,RealizedGain_Total,RealizedGain_dB,Theta(deg),_极值列,_极值数值,_极值类型,rEPhi_Imag,rEPhi_Real,rETheta_Imag,rETheta_Real,rETotal,Freq [GHz],_最小值,_最小值所在列名,"dB(S(ground_T1,ground_T1)) []"
2.5,3.876296232798372,1.575,0.5,0.01GHz,0.035,1.15,1.5,201.0,46.771033622018344,Patch,25.632240968420124,0.035,2.0,3.0,1.575,50.0,60.0,Interpolating,GHz,1.9092976312155971,1.491207566005774,0.41809006520982317,1.9092976312155971,2.8087363374684884,1.6755060845361365,1.3086107211887408,0.3668953633473959,1.6755060845361365,2.2414600929792177,-60.0,0.016419959628454137,0.012824385067649657,0.0035955745608044795,0.016419959628454137,-17.846279150095835,5.0,RealizedGain,0.016419959628454137,max,-0.00020069705857719388,-0.08771984974803045,-0.008139265728894889,-0.045729070786150086,0.09925828872540896,2.05,-9.61801822539933,"dB(S(ground_T1,ground_T1)) []",-9.61801822539933
