center_frequency,feed_center,feed_h,feed_r1,freq_step,ground_thickness,lumpedport_D,lumpedport_r,num_of_freq_points,patch_length,patch_name,patch_width,signal_layer_thickness,start_frequency,stop_frequency,sub_high,sub_length,sub_width,sweep_type,unit,Directivity,Directivity_Phi,Directivity_Theta,Directivity_Total,Directivity_dB,Gain,Gain_Phi,Gain_Theta,Gain_Total,Gain_dB,Phi(deg),RealizedGain,RealizedGain_Phi,RealizedGain_Theta,RealizedGain_Total,RealizedGain_dB,Theta(deg),_极值列,_极值数值,_极值类型,rEPhi_Imag,rEPhi_Real,rETheta_Imag,rETheta_Real,rETotal,Freq [GHz],_最小值,_最小值所在列名,"dB(S(ground_T1,ground_T1)) []"
2.5,4.193037744722818,1.575,0.5,0.01GHz,0.035,1.15,1.5,201.0,27.55186296168457,Patch,27.616906074497575,0.035,2.0,3.0,1.575,50.0,60.0,Interpolating,GHz,3.1884695750152283,0.004001020195533107,3.1844685548196936,3.1884695750152283,5.0358227722227324,2.9012200637525956,0.0036405679256652597,2.8975794958269288,2.9012200637525956,4.625806722182585,0.0,0.032203542707653805,4.041030397488438e-05,0.03216313240367891,0.032203542707653805,-14.920963489950843,15.0,RealizedGain,0.032203542707653805,max,-0.0006020420268264218,0.0048871565353441615,-0.026069493637646567,0.13645041437914834,0.13900568634544277,3.0,-0.381546026825606,"dB(S(ground_T1,ground_T1)) []",-0.381546026825606
