center_frequency,feed_center,feed_h,feed_r1,freq_step,ground_thickness,lumpedport_D,lumpedport_r,num_of_freq_points,patch_length,patch_name,patch_width,signal_layer_thickness,start_frequency,stop_frequency,sub_high,sub_length,sub_width,sweep_type,unit,Directivity,Directivity_Phi,Directivity_Theta,Directivity_Total,Directivity_dB,Gain,Gain_Phi,Gain_Theta,Gain_Total,Gain_dB,Phi(deg),RealizedGain,RealizedGain_Phi,RealizedGain_Theta,RealizedGain_Total,RealizedGain_dB,Theta(deg),_极值列,_极值数值,_极值类型,rEPhi_Imag,rEPhi_Real,rETheta_Imag,rETheta_Real,rETotal,Freq [GHz],_最小值,_最小值所在列名,"dB(S(ground_T1,ground_T1)) []"
2.5,3.3215062719536057,1.575,0.5,0.01GHz,0.035,1.15,1.5,201.0,49.718017577573136,Patch,22.14466295234018,0.035,2.0,3.0,1.575,50.0,60.0,Interpolating,GHz,1.4960886722837432,0.6127672854619877,0.8833213868217558,1.4960886722837432,1.7495733466632757,1.3191319476050207,0.5402894344933655,0.7788425131116556,1.3191319476050207,1.2028823849610908,45.0,0.012267927112726692,0.005024691740788298,0.0072432353719383965,0.012267927112726692,-19.112288129499557,70.0,RealizedGain,0.012267927112726692,max,-0.012749552180992456,0.05340725596740937,-0.06454576542256235,-0.013412224857074096,0.08579586050844991,2.0,-0.674566868854463,"dB(S(ground_T1,ground_T1)) []",-0.674566868854463
