center_frequency,feed_center,feed_h,feed_r1,freq_step,ground_thickness,lumpedport_D,lumpedport_r,num_of_freq_points,patch_length,patch_name,patch_width,signal_layer_thickness,start_frequency,stop_frequency,sub_high,sub_length,sub_width,sweep_type,unit,Directivity,Directivity_Phi,Directivity_Theta,Directivity_Total,Directivity_dB,Gain,Gain_Phi,Gain_Theta,Gain_Total,Gain_dB,Phi(deg),RealizedGain,RealizedGain_Phi,RealizedGain_Theta,RealizedGain_Total,RealizedGain_dB,Theta(deg),_极值列,_极值数值,_极值类型,rEPhi_Imag,rEPhi_Real,rETheta_Imag,rETheta_Real,rETotal,Freq [GHz],_最小值,_最小值所在列名,"dB(S(ground_T1,ground_T1)) []"
2.5,1.7055490539836844,1.575,0.5,0.01GHz,0.035,1.15,1.5,201.0,11.059194104853969,Patch,11.845437916281838,0.035,2.0,3.0,1.575,50.0,60.0,Interpolating,GHz,1.4191391269516023,0.0004474877689301357,1.4186916391826723,1.4191391269516023,1.5202497410828044,0.8830199012143303,0.0002784368340009733,0.8827414643803292,0.8830199012143303,-0.5402950832484403,-5.0,0.0039735895554644865,1.2529657530043799e-06,0.003972336589711482,0.0039735895554644865,-24.008169945495005,55.0,RealizedGain,0.0039735895554644865,max,0.00031627490224312826,0.0008073210942720107,-0.024885183856156724,0.04200221100207722,0.04882837189361105,3.0,-0.0310757420967299,"dB(S(ground_T1,ground_T1)) []",-0.0310757420967299
