center_frequency,feed_center,feed_h,feed_r1,freq_step,ground_thickness,lumpedport_D,lumpedport_r,num_of_freq_points,patch_length,patch_name,patch_width,signal_layer_thickness,start_frequency,stop_frequency,sub_high,sub_length,sub_width,sweep_type,unit,Directivity,Directivity_Phi,Directivity_Theta,Directivity_Total,Directivity_dB,Gain,Gain_Phi,Gain_Theta,Gain_Total,Gain_dB,Phi(deg),RealizedGain,RealizedGain_Phi,RealizedGain_Theta,RealizedGain_Total,RealizedGain_dB,Theta(deg),_极值列,_极值数值,_极值类型,rEPhi_Imag,rEPhi_Real,rETheta_Imag,rETheta_Real,rETotal,Freq [GHz],_最小值,_最小值所在列名,"dB(S(ground_T1,ground_T1)) []"
2.5,3.124933501826066,1.575,0.5,0.01GHz,0.035,1.15,1.5,201.0,12.88716009010518,Patch,20.904746621271787,0.035,2.0,3.0,1.575,50.0,60.0,Interpolating,GHz,1.7506007349435568,0.012415145523136276,1.7381855894204212,1.7506007349435568,2.431871064585962,1.3049932751397424,0.009254926662701588,1.2957383484770413,1.3049932751397424,1.1560827368408786,10.0,0.0071774630132685835,5.090209664485873e-05,0.007126560916623727,0.0071774630132685835,-21.44029036821668,40.0,RealizedGain,0.0071774630132685835,max,-0.0018668638289620072,-0.005201614841123732,-0.0251096026323247,0.06037834995105805,0.06562453249111161,3.0,-0.041169731485385,"dB(S(ground_T1,ground_T1)) []",-0.041169731485385
