center_frequency,feed_center,feed_h,feed_r1,freq_step,ground_thickness,lumpedport_D,lumpedport_r,num_of_freq_points,patch_length,patch_name,patch_width,signal_layer_thickness,start_frequency,stop_frequency,sub_high,sub_length,sub_width,sweep_type,unit,Directivity,Directivity_Phi,Directivity_Theta,Directivity_Total,Directivity_dB,Gain,Gain_Phi,Gain_Theta,Gain_Total,Gain_dB,Phi(deg),RealizedGain,RealizedGain_Phi,RealizedGain_Theta,RealizedGain_Total,RealizedGain_dB,Theta(deg),_极值列,_极值数值,_极值类型,rEPhi_Imag,rEPhi_Real,rETheta_Imag,rETheta_Real,rETotal,Freq [GHz],_最小值,_最小值所在列名,"dB(S(ground_T1,ground_T1)) []"
2.5,8.987218689714346,1.575,0.5,0.01GHz,0.035,1.15,1.5,201.0,17.139842526166937,Patch,57.378732066136514,0.035,2.0,3.0,1.575,50.0,60.0,Interpolating,GHz,2.8766943272453185,0.0005511264572973684,2.8761432007880217,2.8766943272453185,4.588937169325995,2.5857926537036575,0.0004953945683571851,2.5852972591353005,2.5857926537036575,4.125936972796303,0.0,0.046027109235925096,8.818023316757895e-06,0.04601829121260835,0.046027109235925096,-13.369863004114757,15.0,RealizedGain,0.046027109235925096,max,0.0008406192712940152,-0.0021410973535942695,-0.0796489260157639,0.14583440541124548,0.1661833811057922,3.0,-0.203167717146803,"dB(S(ground_T1,ground_T1)) []",-0.203167717146803
