center_frequency,feed_center,feed_h,feed_r1,freq_step,ground_thickness,lumpedport_D,lumpedport_r,num_of_freq_points,patch_length,patch_name,patch_width,signal_layer_thickness,start_frequency,stop_frequency,sub_high,sub_length,sub_width,sweep_type,unit,Directivity,Directivity_Phi,Directivity_Theta,Directivity_Total,Directivity_dB,Gain,Gain_Phi,Gain_Theta,Gain_Total,Gain_dB,Phi(deg),RealizedGain,RealizedGain_Phi,RealizedGain_Theta,RealizedGain_Total,RealizedGain_dB,Theta(deg),_极值列,_极值数值,_极值类型,rEPhi_Imag,rEPhi_Real,rETheta_Imag,rETheta_Real,rETotal,Freq [GHz],_最小值,_最小值所在列名,"dB(S(ground_T1,ground_T1)) []"
2.5,2.012806170159946,1.575,0.5,0.01GHz,0.035,1.15,1.5,201.0,19.23212444291631,Patch,13.828022673890285,0.035,2.0,3.0,1.575,50.0,60.0,Interpolating,GHz,1.5509703748377703,0.0007469501768093335,1.550223424660961,1.5509703748377703,1.906035024123422,1.1394884386563213,0.0005487797217374695,1.1389396589345835,1.1394884386563213,0.5670992315111589,5.0,0.005583493349415974,2.6890206365136004e-06,0.005580804328779459,0.005583493349415974,-22.530939968203704,50.0,RealizedGain,0.005583493349415974,max,-0.00030446892289964414,-0.0012331865501336685,-0.03509041193685456,0.04601330758146007,0.05788069570138768,3.0,-0.0384607095833584,"dB(S(ground_T1,ground_T1)) []",-0.0384607095833584
