center_frequency,feed_center,feed_h,feed_r1,freq_step,ground_thickness,lumpedport_D,lumpedport_r,num_of_freq_points,patch_length,patch_name,patch_width,signal_layer_thickness,start_frequency,stop_frequency,sub_high,sub_length,sub_width,sweep_type,unit,Directivity,Directivity_Phi,Directivity_Theta,Directivity_Total,Directivity_dB,Gain,Gain_Phi,Gain_Theta,Gain_Total,Gain_dB,Phi(deg),RealizedGain,RealizedGain_Phi,RealizedGain_Theta,RealizedGain_Total,RealizedGain_dB,Theta(deg),_极值列,_极值数值,_极值类型,rEPhi_Imag,rEPhi_Real,rETheta_Imag,rETheta_Real,rETotal,Freq [GHz],_最小值,_最小值所在列名,"dB(S(ground_T1,ground_T1)) []"
2.5,1.7075004107539056,1.575,0.5,0.01GHz,0.035,1.15,1.5,201.0,34.73386098658979,Patch,11.85808288161547,0.035,2.0,3.0,1.575,50.0,60.0,Interpolating,GHz,2.570613920039101,0.014855153911604533,2.5557587661274974,2.570613920039101,4.100368549441821,2.167987643406471,0.012528443057979724,2.1554592003484916,2.167987643406471,3.3605680258236506,-5.0,0.017994297440273706,0.00010398607738123172,0.01789031136289248,0.017994297440273706,-17.448651050415613,20.0,RealizedGain,0.017994297440273706,max,-0.00028764899644131736,0.007893692062289553,-0.022740371314458906,0.10108073613667981,0.10390780924344405,2.795,-8.03362923232649,"dB(S(ground_T1,ground_T1)) []",-8.03362923232649
