center_frequency,feed_center,feed_h,feed_r1,freq_step,ground_thickness,lumpedport_D,lumpedport_r,num_of_freq_points,patch_length,patch_name,patch_width,signal_layer_thickness,start_frequency,stop_frequency,sub_high,sub_length,sub_width,sweep_type,unit,Directivity,Directivity_Phi,Directivity_Theta,Directivity_Total,Directivity_dB,Gain,Gain_Phi,Gain_Theta,Gain_Total,Gain_dB,Phi(deg),RealizedGain,RealizedGain_Phi,RealizedGain_Theta,RealizedGain_Total,RealizedGain_dB,Theta(deg),_极值列,_极值数值,_极值类型,rEPhi_Imag,rEPhi_Real,rETheta_Imag,rETheta_Real,rETotal,Freq [GHz],_最小值,_最小值所在列名,"dB(S(ground_T1,ground_T1)) []"
2.5,7.899031973069209,1.575,0.5,0.01GHz,0.035,1.15,1.5,201.0,14.274325582458708,Patch,50.65071088129638,0.035,2.0,3.0,1.575,50.0,60.0,Interpolating,GHz,1.2173518812453379,0.07705459312977206,1.1402972881155655,1.2173518812453379,0.8541613122458249,0.15216898515566724,0.009631824141221507,0.1425371610144457,0.15216898515566724,-8.17673855767361,-20.0,0.00012173518812453377,7.705459312977204e-06,0.00011402972881155654,0.00012173518812453377,-39.14583868775418,25.0,RealizedGain,0.00012173518812453377,max,0.0021336964226298404,-0.00026594000080367016,0.00771360666705445,0.0029865902523064933,0.008546510027910216,3.0,-0.00451474495997032,"dB(S(ground_T1,ground_T1)) []",-0.00451474495997032
